sod,voltage
0.0,3.15192
5.3968912873050544e-05,3.128871
0.00010793782574610109,3.113648
0.00016190673861915165,3.09403
0.00021587565149220218,3.08448
0.00026984456436525265,3.074836
0.0003238134772383033,3.066692
0.0003777823901113537,3.059602
0.00043175130298440435,3.052649
0.0004857202158574548,3.046129
0.0005396891287305053,3.040614
0.0005936580416035558,3.034454
0.0006476269544766066,3.029112
0.0007015958673496569,3.024505
0.0007555647802227074,3.019158
0.0008095336930957582,3.014514
0.0008635026059688087,3.010348
0.0009174715188418592,3.005567
0.0009714404317149097,3.001686
0.00102540934458796,2.998115
0.0010793782574610106,2.993882
0.0011333471703340614,2.990545
0.0011873160832071117,2.987543
0.0012412849960801624,2.98371
0.0012952539089532132,2.980298
0.0013492228218262635,2.977344
0.0014031917346993138,2.973662
0.0014571606475723645,2.97094
0.0015111295604454148,2.968613
0.0015650984733184656,2.96527
0.0016190673861915163,2.962696
0.0016730362990645667,2.960453
0.0017270052119376174,2.957369
0.0017809741248106677,2.9551
0.0018349430376837185,2.952751
0.0018889119505567688,2.950235
0.0019428808634298193,2.947924
0.00199684977630287,2.946116
0.00205081868917592,2.943224
0.002104787602048971,2.941471
0.002158756514922021,2.939927
0.002212725427795072,2.937426
0.0022666943406681227,2.93563
0.002320663253541173,2.934204
0.0023746321664142233,2.931632
0.002428601079287274,2.929775
0.002482569992160325,2.928438
0.0025365389050333747,2.926074
0.0025905078179064263,2.924538
0.0026444767307794766,2.923165
0.002698445643652527,2.921229
0.0027524145565255777,2.919402
0.0028063834693986276,2.917889
0.0028603523822716788,2.915806
0.002914321295144729,2.914267
0.0029682902080177794,2.912808
0.0030222591208908297,2.910912
0.0030762280337638804,2.909155
0.003130196946636931,2.907996
0.0031841658595099815,2.905889
0.0032381347723830327,2.904113
0.0032921036852560826,2.90344
0.0033460725981291333,2.901686
0.0034000415110021836,2.899926
0.003454010423875235,2.898974
0.003507979336748285,2.897198
0.0035619482496213354,2.895841
0.0036159171624943857,2.894828
0.003669886075367437,2.893165
0.0037238549882404872,2.892037
0.0037778239011135376,2.891144
0.0038317928139865887,2.889286
0.0038857617268596386,2.888331
0.00393973063973269,2.887394
0.00399369955260574,2.8857
0.004047668465478791,2.88429
0.00410163737835184,2.883595
0.0041556062912248915,2.881711
0.004209575204097942,2.880523
0.004263544116970993,2.879802
0.004317513029844042,2.878395
0.004371481942717094,2.877356
0.004425450855590144,2.877059
0.004479419768463195,2.875527
0.004533388681336245,2.874
0.004587357594209296,2.87316
0.004641326507082346,2.871891
0.004695295419955397,2.870665
0.004749264332828447,2.870091
0.004803233245701498,2.868508
0.004857202158574548,2.867488
0.0049111710714475985,2.86672
0.00496513998432065,2.865495
0.005019108897193701,2.864309
0.005073077810066749,2.863726
0.005127046722939801,2.862193
0.005181015635812853,2.860977
0.005234984548685902,2.860572
0.005288953461558953,2.858872
0.005342922374432003,2.858117
0.005396891287305054,2.857559
0.005450860200178105,2.856338
0.005504829113051155,2.855181
0.005558798025924205,2.854718
0.005612766938797255,2.853232
0.005666735851670307,2.852232
0.0057207047645433575,2.851475
0.005774673677416408,2.84985
0.005828642590289458,2.848794
0.005882611503162509,2.848418
0.005936580416035559,2.847487
0.00599054932890861,2.846463
0.006044518241781659,2.846104
0.006098487154654711,2.845069
0.006152456067527761,2.844211
0.006206424980400811,2.843806
0.006260393893273862,2.842606
0.0063143628061469136,2.841871
0.006368331719019963,2.841135
0.006422300631893014,2.839979
0.006476269544766065,2.839281
0.006530238457639115,2.838662
0.006584207370512165,2.837648
0.0066381762833852154,2.836931
0.006692145196258267,2.836526
0.006746114109131318,2.835238
0.006800083022004367,2.834542
0.006854051934877418,2.83415
0.00690802084775047,2.832934
0.006961989760623519,2.832256
0.00701595867349657,2.832162
0.00706992758636962,2.831212
0.007123896499242671,2.830542
0.007177865412115722,2.830124
0.0072318343249887715,2.829062
0.007285803237861822,2.82805
0.007339772150734874,2.827813
0.007393741063607924,2.826903
0.0074477099764809745,2.826364
0.007501678889354024,2.825842
0.007555647802227075,2.825035
0.007609616715100126,2.824458
0.0076635856279731775,2.824057
0.007717554540846226,2.82316
0.007771523453719277,2.822146
0.00782549236659233,2.821826
0.00787946127946538,2.820737
0.007933430192338428,2.820038
0.00798739910521148,2.819493
0.00804136801808453,2.818517
0.008095336930957582,2.818519
0.00814930584383063,2.818551
0.00820327475670368,2.817518
0.008257243669576732,2.816586
0.008311212582449783,2.816094
0.008365181495322832,2.815229
0.008419150408195884,2.814322
0.008473119321068935,2.814036
0.008527088233941986,2.812961
0.008581057146815035,2.812158
0.008635026059688085,2.812092
0.008688994972561136,2.811286
0.008742963885434187,2.810841
0.008796932798307238,2.810628
0.008850901711180288,2.809658
0.008904870624053337,2.809323
0.00895883953692639,2.809036
0.009012808449799441,2.808337
0.00906677736267249,2.807651
0.00912074627554554,2.807552
0.009174715188418591,2.806659
0.009228684101291643,2.805548
0.009282653014164692,2.805254
0.009336621927037743,2.804568
0.009390590839910794,2.804208
0.009444559752783846,2.803426
0.009498528665656893,2.802684
0.009552497578529945,2.802162
0.009606466491402996,2.801944
0.009660435404276047,2.80097
0.009714404317149096,2.800329
0.009768373230022146,2.800197
0.009822342142895197,2.799464
0.009876311055768248,2.798947
0.0099302799686413,2.798949
0.00998424888151435,2.79823
0.010038217794387402,2.797396
0.010092186707260451,2.797309
0.010146155620133499,2.796118
0.01020012453300655,2.795694
0.010254093445879601,2.795671
0.010308062358752654,2.794586
0.010362031271625705,2.794043
0.010416000184498753,2.79385
0.010469969097371804,2.792898
0.010523938010244855,2.792435
0.010577906923117907,2.792203
0.010631875835990954,2.79136
0.010685844748864005,2.791051
0.010739813661737057,2.791206
0.010793782574610108,2.790038
0.010847751487483159,2.789541
0.01090172040035621,2.789446
0.010955689313229261,2.788532
0.01100965822610231,2.787987
0.01106362713897536,2.787591
0.01111759605184841,2.786911
0.01117156496472146,2.786728
0.01122553387759451,2.786729
0.011279502790467561,2.785553
0.011333471703340614,2.78515
0.011387440616213662,2.785109
0.011441409529086715,2.784189
0.011495378441959766,2.783926
0.011549347354832816,2.78357
0.011603316267705865,2.7829
0.011657285180578916,2.782238
0.011711254093451967,2.782336
0.011765223006325019,2.781676
0.011819191919198066,2.781332
0.011873160832071118,2.780967
0.011927129744944169,2.780235
0.01198109865781722,2.780143
0.01203506757069027,2.78031
0.012089036483563319,2.77897
0.01214300539643637,2.778462
0.012196974309309421,2.778202
0.012250943222182472,2.777564
0.012304912135055522,2.777052
0.012358881047928571,2.776867
0.012412849960801622,2.776319
0.012466818873674675,2.775962
0.012520787786547725,2.775768
0.012574756699420776,2.7751
0.012628725612293827,2.774651
0.012682694525166878,2.774767
0.012736663438039926,2.77394
0.012790632350912977,2.773816
0.012844601263786028,2.773757
0.01289857017665908,2.77304
0.01295253908953213,2.772965
0.013006508002405178,2.773009
0.01306047691527823,2.771952
0.01311444582815128,2.771568
0.01316841474102433,2.771622
0.013222383653897381,2.771137
0.013276352566770431,2.770843
0.013330321479643482,2.77047
0.013384290392516533,2.769502
0.013438259305389583,2.769301
0.013492228218262636,2.769335
0.013546197131135687,2.768463
0.013600166044008734,2.768185
0.013654134956881786,2.768465
0.013708103869754837,2.767984
0.013762072782627888,2.767611
0.01381604169550094,2.767078
0.01387001060837399,2.766602
0.013923979521247038,2.7662
0.01397794843412009,2.766124
0.01403191734699314,2.765936
0.01408588625986619,2.76572
0.01413985517273924,2.765995
0.01419382408561229,2.765299
0.014247792998485342,2.764672
0.014301761911358393,2.764295
0.014355730824231444,2.763245
0.014409699737104492,2.762817
0.014463668649977543,2.763203
0.014517637562850592,2.762473
0.014571606475723644,2.762331
0.014625575388596697,2.762374
0.014679544301469748,2.762177
0.014733513214342799,2.761507
0.014787482127215848,2.761779
0.0148414510400889,2.76095
0.014895419952961949,2.760946
0.014949388865834998,2.761569
0.015003357778708048,2.761008
0.015057326691581099,2.760571
0.01511129560445415,2.760354
0.015165264517327201,2.759969
0.015219233430200253,2.759737
0.015273202343073304,2.759963
0.015327171255946355,2.759674
0.015381140168819401,2.759101
0.015435109081692452,2.758888
0.015489077994565503,2.758065
0.015543046907438554,2.75793
0.015597015820311604,2.757862
0.01565098473318466,2.757375
0.015704953646057708,2.757395
0.01575892255893076,2.75743
0.01581289147180381,2.757236
0.015866860384676856,2.756795
0.01592082929754991,2.756696
0.01597479821042296,2.75568
0.01602876712329601,2.75585
0.01608273603616906,2.755689
0.01613670494904211,2.755057
0.016190673861915163,2.754861
0.016244642774788213,2.755193
0.01629861168766126,2.754572
0.016352580600534312,2.754603
0.01640654951340736,2.754457
0.016460518426280414,2.75386
0.016514487339153464,2.753305
0.016568456252026516,2.754143
0.016622425164899566,2.753631
0.01667639407777262,2.753014
0.016730362990645665,2.75283
0.016784331903518714,2.752523
0.016838300816391767,2.752028
0.01689226972926482,2.752058
0.01694623864213787,2.751696
0.01700020755501092,2.751684
0.017054176467883972,2.751668
0.01710814538075702,2.751178
0.01716211429363007,2.750637
0.01721608320650312,2.751017
0.01727005211937617,2.750295
0.017324021032249223,2.750157
0.017377989945122272,2.750353
0.017431958857995325,2.749502
0.017485927770868374,2.749758
0.017539896683741424,2.749746
0.017593865596614477,2.749233
0.017647834509487526,2.74885
0.017701803422360576,2.748962
0.017755772335233625,2.748614
0.017809741248106675,2.748499
0.017863710160979727,2.748755
0.01791767907385278,2.74849
0.01797164798672583,2.748116
0.018025616899598883,2.748087
0.01807958581247193,2.747626
0.01813355472534498,2.747546
0.01818752363821803,2.747388
0.01824149255109108,2.747095
0.018295461463964133,2.746647
0.018349430376837183,2.746945
0.018403399289710232,2.746512
0.018457368202583285,2.746324
0.018511337115456335,2.746549
0.018565306028329384,2.746171
0.018619274941202434,2.745912
0.018673243854075487,2.746211
0.018727212766948536,2.745693
0.01878118167982159,2.745507
0.01883515059269464,2.74561
0.01888911950556769,2.744934
0.018943088418440734,2.744899
0.018997057331313787,2.745088
0.01905102624418684,2.744725
0.01910499515705989,2.744509
0.019158964069932942,2.744646
0.01921293298280599,2.74399
0.019266901895679044,2.743691
0.019320870808552094,2.744031
0.019374839721425143,2.743804
0.019428808634298193,2.743597
0.019482777547171246,2.743545
0.01953674646004429,2.743091
0.019590715372917344,2.743242
0.019644684285790394,2.743294
0.019698653198663447,2.743078
0.019752622111536496,2.743297
0.01980659102440955,2.743155
0.0198605599372826,2.742631
0.019914528850155648,2.742579
0.0199684977630287,2.743018
0.02002246667590175,2.742555
0.020076435588774803,2.742238
0.02013040450164785,2.742425
0.020184373414520902,2.741841
0.02023834232739395,2.74139
0.020292311240266998,2.741592
0.02034628015314005,2.741244
0.0204002490660131,2.741272
0.020454217978886153,2.741653
0.020508186891759202,2.740981
0.020562155804632255,2.741063
0.020616124717505308,2.741158
0.020670093630378358,2.74089
0.02072406254325141,2.740927
0.020778031456124457,2.74105
0.020832000368997506,2.740511
0.02088596928187056,2.740757
0.02093993819474361,2.740796
0.02099390710761666,2.740278
0.02104787602048971,2.740432
0.021101844933362764,2.740477
0.021155813846235813,2.740094
0.021209782759108856,2.740059
0.02126375167198191,2.739937
0.021317720584854958,2.73949
0.02137168949772801,2.73973
0.02142565841060106,2.739724
0.021479627323474113,2.739427
0.021533596236347163,2.739284
0.021587565149220216,2.739151
0.021641534062093265,2.73877
0.021695502974966318,2.738791
0.021749471887839367,2.738752
0.02180344080071242,2.73854
0.02185740971358547,2.73841
0.021911378626458523,2.738478
0.02196534753933157,2.738193
0.02201931645220462,2.738488
0.02207328536507767,2.738645
0.02212725427795072,2.738034
0.02218122319082377,2.738033
0.02223519210369682,2.738212
0.02228916101656987,2.737994
0.02234312992944292,2.737946
0.022397098842315968,2.737987
0.02245106775518902,2.737545
0.02250503666806207,2.737785
0.022559005580935123,2.737509
0.022612974493808172,2.737223
0.02266694340668123,2.737087
0.022720912319554278,2.73688
0.022774881232427324,2.736727
0.02282885014530038,2.736785
0.02288281905817343,2.736653
0.022936787971046483,2.736377
0.022990756883919532,2.736389
0.023044725796792585,2.736213
0.02309869470966563,2.73611
0.02315266362253868,2.736484
0.02320663253541173,2.73609
0.02326060144828478,2.73575
0.023314570361157833,2.735744
0.023368539274030882,2.736029
0.023422508186903935,2.735735
0.023476477099776984,2.735832
0.023530446012650037,2.735876
0.023584414925523087,2.73555
0.023638383838396133,2.735576
0.023692352751269186,2.735968
0.023746321664142235,2.73588
0.023800290577015288,2.736126
0.023854259489888337,2.736316
0.02390822840276139,2.736183
0.02396219731563444,2.736336
0.024016166228507493,2.736435
0.02407013514138054,2.736256
0.024124104054253585,2.736179
0.024178072967126638,2.736146
0.024232041879999687,2.735922
0.02428601079287274,2.735987
0.02433997970574579,2.735995
0.024393948618618842,2.735385
0.02444791753149189,2.735445
0.024501886444364945,2.735851
0.024555855357237994,2.735765
0.024609824270111044,2.735743
0.024663793182984096,2.735703
0.024717762095857142,2.735623
0.024771731008730202,2.735604
0.024825699921603245,2.735613
0.024879668834476305,2.734768
0.02493363774734935,2.735103
0.0249876066602224,2.735123
0.02504157557309545,2.734751
0.0250955444859685,2.734863
0.025149513398841552,2.734631
0.0252034823117146,2.734895
0.025257451224587654,2.734888
0.025311420137460704,2.734551
0.025365389050333757,2.734287
0.025419357963206803,2.734425
0.025473326876079852,2.734061
0.025527295788952905,2.734036
0.025581264701825954,2.734081
0.025635233614699007,2.734035
0.025689202527572057,2.733876
0.02574317144044511,2.734068
0.02579714035331816,2.733942
0.02585110926619121,2.733404
0.02590507817906426,2.733757
0.025959047091937304,2.733607
0.026013016004810357,2.733477
0.026066984917683406,2.733632
0.02612095383055646,2.733426
0.02617492274342951,2.733155
0.02622889165630256,2.733391
0.02628286056917561,2.73323
0.02633682948204866,2.733171
0.026390798394921713,2.732955
0.026444767307794763,2.732611
0.026498736220667816,2.732781
0.026552705133540862,2.732866
0.026606674046413915,2.732663
0.026660642959286964,2.732497
0.026714611872160017,2.732912
0.026768580785033066,2.732615
0.026822549697906116,2.732904
0.026876518610779165,2.732906
0.026930487523652215,2.732642
0.02698445643652527,2.732238
0.027038425349398314,2.732502
0.027092394262271374,2.732498
0.02714636317514442,2.732612
0.02720033208801747,2.732549
0.027254301000890522,2.73187
0.02730826991376357,2.731816
0.027362238826636624,2.731693
0.027416207739509674,2.731708
0.027470176652382727,2.731511
0.027524145565255776,2.731682
0.02757811447812883,2.731265
0.02763208339100188,2.731115
0.027686052303874928,2.731068
0.02774002121674798,2.730988
0.027793990129621027,2.731115
0.027847959042494076,2.731181
0.027901927955367126,2.730784
0.02795589686824018,2.730721
0.028009865781113228,2.731357
0.02806383469398628,2.730755
0.02811780360685933,2.730749
0.02817177251973238,2.73089
0.028225741432605433,2.730578
0.02827971034547848,2.730413
0.02833367925835153,2.730797
0.02838764817122458,2.730407
0.028441617084097634,2.730513
0.028495585996970683,2.730776
0.028549554909843733,2.730457
0.028603523822716786,2.73039
0.028657492735589835,2.730827
0.028711461648462888,2.730448
0.02876543056133593,2.730399
0.028819399474208984,2.730701
0.028873368387082033,2.73033
0.028927337299955086,2.7299
0.028981306212828135,2.730528
0.029035275125701185,2.729929
0.029089244038574238,2.729922
0.029143212951447287,2.730055
0.029197181864320344,2.729759
0.029251150777193393,2.729503
0.029305119690066446,2.729846
0.029359088602939495,2.729393
0.02941305751581255,2.729087
0.029467026428685598,2.729414
0.029520995341558644,2.72896
0.029574964254431697,2.72924
0.029628933167304746,2.729562
0.0296829020801778,2.728858
0.029736870993050845,2.728783
0.029790839905923898,2.7291
0.029844808818796947,2.728726
0.029898777731669997,2.72847
0.02995274664454305,2.728585
0.030006715557416096,2.72833
0.03006068447028915,2.728426
0.030114653383162198,2.728261
0.03016862229603525,2.728058
0.0302225912089083,2.727956
0.030276560121781353,2.728207
0.030330529034654403,2.727721
0.030384497947527452,2.727902
0.030438466860400505,2.728171
0.030492435773273555,2.727596
0.030546404686146608,2.727626
0.030600373599019657,2.727815
0.03065434251189271,2.727962
0.030708311424765752,2.7279
0.030762280337638802,2.72807
0.030816249250511855,2.727818
0.030870218163384904,2.727828
0.030924187076257957,2.727883
0.030978155989131007,2.727395
0.03103212490200406,2.727231
0.03108609381487711,2.727013
0.031140062727750162,2.726897
0.031194031640623208,2.726832
0.031248000553496257,2.727259
0.03130196946636932,2.726596
0.03135593837924236,2.726549
0.031409907292115416,2.726691
0.031463876204988465,2.726454
0.03151784511786152,2.726638
0.031571814030734564,2.726807
0.03162578294360762,2.726593
0.03167975185648066,2.726485
0.03173372076935371,2.726488
0.03178768968222677,2.725911
0.03184165859509982,2.725932
0.03189562750797287,2.726358
0.03194959642084592,2.725798
0.032003565333718974,2.726095
0.03205753424659202,2.726349
0.032111503159465066,2.725917
0.03216547207233812,2.725713
0.03221944098521117,2.725895
0.03227340989808422,2.725635
0.03232737881095727,2.725782
0.03238134772383033,2.725705
0.032435316636703376,2.725366
0.032489285549576426,2.725129
0.032543254462449475,2.725628
0.03259722337532252,2.72538
0.032651192288195574,2.725442
0.032705161201068624,2.725593
0.03275913011394167,2.725524
0.03281309902681472,2.725168
0.03286706793968778,2.725177
0.03292103685256083,2.72469
0.03297500576543388,2.724516
0.03302897467830693,2.724507
0.03308294359117998,2.72419
0.03313691250405303,2.724264
0.033190881416926075,2.724329
0.03324485032979913,2.723773
0.03329881924267218,2.723662
0.03335278815554524,2.723762
0.03340675706841828,2.723488
0.03346072598129133,2.723453
0.033514694894164386,2.723657
0.03356866380703743,2.723089
0.033622632719910485,2.723217
0.033676601632783534,2.723773
0.03373057054565659,2.723197
0.03378453945852964,2.723352
0.03383850837140269,2.723721
0.03389247728427574,2.72331
0.03394644619714879,2.723293
0.03400041511002184,2.723514
0.03405438402289489,2.722736
0.034108352935767944,2.722354
0.03416232184864099,2.722621
0.03421629076151404,2.722188
0.03427025967438709,2.722461
0.03432422858726014,2.722799
0.0343781975001332,2.722478
0.03443216641300624,2.722507
0.03448613532587929,2.722873
0.03454010423875234,2.722488
0.034594073151625396,2.722359
0.034648042064498445,2.722882
0.034702010977371495,2.722511
0.034755979890244544,2.722034
0.034809948803117594,2.722253
0.03486391771599065,2.721902
0.03491788662886369,2.721708
0.03497185554173675,2.721989
0.0350258244546098,2.721844
0.03507979336748285,2.721804
0.0351337622803559,2.722085
0.035187731193228954,2.72203
0.035241700106102,2.721696
0.03529566901897505,2.721755
0.0353496379318481,2.721364
0.03540360684472115,2.721361
0.0354575757575942,2.721731
0.03551154467046725,2.721165
0.03556551358334031,2.720883
0.03561948249621335,2.721409
0.0356734514090864,2.720546
0.035727420321959455,2.720646
0.035781389234832504,2.721015
0.03583535814770556,2.720664
0.03588932706057861,2.720707
0.03594329597345166,2.721093
0.03599726488632471,2.720781
0.036051233799197765,2.720844
0.036105202712070815,2.720765
0.03615917162494386,2.720142
0.036213140537816914,2.719961
0.03626710945068996,2.720202
0.03632107836356301,2.719921
0.03637504727643606,2.719718
0.03642901618930911,2.720141
0.03648298510218216,2.719558
0.03653695401505522,2.719532
0.03659092292792827,2.719775
0.036644891840801316,2.719313
0.036698860753674366,2.719801
0.036752829666547415,2.719913
0.036806798579420465,2.719175
0.036860767492293514,2.718756
0.03691473640516657,2.719053
0.03696870531803962,2.718639
0.03702267423091267,2.718838
0.03707664314378572,2.719111
0.03713061205665877,2.71846
0.037184580969531825,2.718323
0.03723854988240487,2.718552
0.03729251879527792,2.718235
0.03734648770815097,2.718288
0.03740045662102402,2.718248
0.03745442553389707,2.717833
0.03750839444677012,2.717726
0.03756236335964318,2.718003
0.03761633227251622,2.717735
0.03767030118538928,2.717279
0.03772427009826232,2.717935
0.03777823901113538,2.717198
0.037832207924008425,2.717052
0.03788617683688147,2.71746
0.03794014574975453,2.716862
0.03799411466262757,2.716767
0.03804808357550063,2.71703
0.03810205248837368,2.716831
0.038156021401246736,2.716905
0.03820999031411978,2.717136
0.038263959226992834,2.716692
0.038317928139865884,2.716709
0.03837189705273893,2.716916
0.03842586596561198,2.716311
0.03847983487848504,2.716278
0.03853380379135809,2.716608
0.03858777270423113,2.716053
0.03864174161710419,2.716165
0.03869571052997723,2.716528
0.038749679442850286,2.715964
0.038803648355723336,2.716042
0.038857617268596385,2.716128
0.03891158618146944,2.715658
0.03896555509434249,2.715493
0.03901952400721554,2.715845
0.03907349292008858,2.71519
0.039127461832961646,2.715066
0.03918143074583469,2.715296
0.039235399658707745,2.714841
0.03928936857158079,2.714956
0.039343337484453844,2.715075
0.039397306397326894,2.714342
0.03945127531019995,2.714496
0.03950524422307299,2.714898
0.03955921313594605,2.714479
0.0396131820488191,2.714553
0.03966715096169214,2.714592
0.0397211198745652,2.714124
0.03977508878743824,2.713901
0.039829057700311296,2.71408
0.039883026613184346,2.713709
0.0399369955260574,2.713706
0.039990964438930444,2.71412
0.0400449333518035,2.713484
0.04009890226467655,2.713546
0.04015287117754961,2.714006
0.04020684009042265,2.71338
0.0402608090032957,2.713159
0.04031477791616875,2.713312
0.040368746829041804,2.713049
0.040422715741914854,2.71314
0.0404766846547879,2.713304
0.04053065356766095,2.712751
0.040584622480533995,2.712441
0.04063859139340706,2.712984
0.0406925603062801,2.712212
0.04074652921915315,2.711938
0.0408004981320262,2.712022
0.04085446704489926,2.712232
0.040908435957772306,2.711879
0.04096240487064537,2.712173
0.041016373783518405,2.711834
0.041070342696391454,2.711652
0.04112431160926451,2.711878
0.04117828052213756,2.71136
0.041232249435010616,2.711281
0.041286218347883666,2.711494
0.041340187260756715,2.711088
0.041394156173629765,2.711527
0.04144812508650282,2.71181
0.04150209399937587,2.711308
0.04155606291224891,2.711308
0.04161003182512196,2.711401
0.04166400073799501,2.7111
0.04171796965086807,2.711183
0.04177193856374112,2.711597
0.04182590747661417,2.710598
0.04187987638948722,2.710306
0.04193384530236026,2.710623
0.04198781421523332,2.710613
0.042041783128106365,2.710534
0.04209575204097942,2.710967
0.042149720953852464,2.710621
0.04220368986672553,2.710359
0.04225765877959857,2.710664
0.042311627692471626,2.710291
0.04236559660534467,2.710267
0.04241956551821771,2.710287
0.042473534431090774,2.710054
0.04252750334396382,2.709883
0.04258147225683687,2.710321
0.042635441169709916,2.709802
0.04268941008258298,2.709759
0.04274337899545602,2.710037
0.04279734790832908,2.709723
0.04285131682120212,2.709375
0.04290528573407518,2.709705
0.042959254646948226,2.709275
0.04301322355982128,2.708818
0.043067192472694325,2.708832
0.043121161385567375,2.708468
0.04317513029844043,2.709011
0.04322909921131348,2.709147
0.04328306812418653,2.708659
0.04333703703705959,2.708462
0.043391005949932636,2.708695
0.04344497486280568,2.708281
0.043498943775678735,2.708069
0.043552912688551784,2.7082
0.04360688160142484,2.707645
0.04366085051429788,2.708081
0.04371481942717094,2.708678
0.04376878834004398,2.708197
0.043822757252917045,2.707968
0.04387672616579009,2.707879
0.04393069507866314,2.707411
0.04398466399153619,2.707634
0.04403863290440924,2.708394
0.04409260181728229,2.707811
0.04414657073015534,2.707629
0.04420053964302839,2.70771
0.04425450855590144,2.706779
0.0443084774687745,2.706826
0.04436244638164754,2.707591
0.04441641529452059,2.707062
0.04447038420739364,2.706729
0.044524353120266695,2.706861
0.04457832203313974,2.70637
0.044632290946012794,2.706571
0.04468625985888584,2.70693
0.0447402287717589,2.706375
0.044794197684631935,2.70568
0.044848166597505,2.705437
0.04490213551037804,2.705341
0.044956104423251105,2.704935
0.04501007333612414,2.705531
0.0450640422489972,2.705335
0.045118011161870246,2.705006
0.0451719800747433,2.705081
0.045225948987616345,2.704802
0.04527991790048941,2.704815
0.04533388681336246,2.705029
0.04538785572623549,2.704466
0.045441824639108556,2.704665
0.0454957935519816,2.704819
0.04554976246485465,2.704845
0.0456037313777277,2.704313
0.04565770029060076,2.704561
0.045711669203473804,2.704118
0.04576563811634686,2.704258
0.0458196070292199,2.704631
0.045873575942092966,2.703609
0.045927544854966,2.703328
0.045981513767839065,2.703545
0.04603548268071211,2.703073
0.04608945159358517,2.702804
0.046143420506458206,2.703178
0.04619738941933126,2.702923
0.04625135833220431,2.702654
0.04630532724507736,2.703023
0.04635929615795041,2.702412
0.04641326507082346,2.702608
0.04646723398369652,2.703092
0.04652120289656956,2.702769
0.04657517180944261,2.702765
0.046629140722315665,2.702899
0.04668310963518872,2.702452
0.046737078548061764,2.702366
0.04679104746093481,2.70265
0.04684501637380787,2.7022
0.04689898528668091,2.702075
0.04695295419955397,2.702597
0.04700692311242702,2.701675
0.047060892025300075,2.701569
0.04711486093817311,2.702087
0.04716882985104617,2.702013
0.047222798763919216,2.701553
0.047276767676792265,2.70173
0.047330736589665315,2.700897
0.04738470550253837,2.700652
0.04743867441541143,2.700949
0.04749264332828447,2.700664
0.04754661224115752,2.700441
0.047600581154030576,2.700885
0.04765455006690363,2.700309
0.047708518979776675,2.699995
0.04776248789264973,2.700716
0.04781645680552278,2.699985
0.04787042571839582,2.700006
0.04792439463126888,2.700397
0.04797836354414193,2.699737
0.048032332457014985,2.699554
0.04808630136988803,2.699727
0.04814027028276108,2.699551
0.048194239195634134,2.699288
0.04824820810850717,2.699608
0.04830217702138023,2.699186
0.048356145934253275,2.699243
0.04841011484712634,2.699317
0.048464083759999374,2.698472
0.04851805267287244,2.698482
0.04857202158574548,2.69899
0.048625990498618536,2.698487
0.04867995941149158,2.698439
0.04873392832436464,2.698969
0.048787897237237685,2.698195
0.04884186615011074,2.698148
0.04889583506298378,2.698559
0.04894980397585685,2.697994
0.04900377288872989,2.698049
0.04905774180160293,2.698262
0.04911171071447599,2.697471
0.04916567962734904,2.697431
0.04921964854022209,2.697961
0.049273617453095137,2.696984
0.04932758636596819,2.69662
0.04938155527884124,2.696888
0.049435524191714285,2.696186
0.04948949310458734,2.696346
0.049543462017460405,2.696698
0.04959743093033344,2.696038
0.04965139984320649,2.696284
0.049705368756079546,2.696477
0.04975933766895261,2.6963
0.049813306581825645,2.695956
0.0498672754946987,2.696335
0.04992124440757175,2.69578
0.0499752133204448,2.695618
0.05002918223331785,2.695713
0.0500831511461909,2.695267
0.050137120059063955,2.695116
0.050191088971937,2.695696
0.05024505788481005,2.694839
0.050299026797683104,2.694647
0.05035299571055615,2.695511
0.0504069646234292,2.69501
0.05046093353630225,2.694854
0.05051490244917531,2.695088
0.05056887136204835,2.694418
0.05062284027492141,2.693979
0.05067680918779446,2.694302
0.05073077810066751,2.693944
0.050784747013540556,2.693964
0.050838715926413605,2.694417
0.05089268483928666,2.694038
0.050946653752159704,2.6938
0.051000622665032753,2.693888
0.05105459157790581,2.693529
0.05110856049077886,2.69356
0.05116252940365191,2.693745
0.05121649831652495,2.693254
0.051270467229398015,2.693462
0.05132443614227105,2.693778
0.051378405055144113,2.693139
0.051432373968017156,2.692923
0.05148634288089022,2.693264
0.051540311793763255,2.692928
0.05159428070663632,2.69301
0.05164824961950936,2.693119
0.05170221853238242,2.692523
0.05175618744525546,2.692404
0.05181015635812852,2.692974
0.05186412527100157,2.69233
0.05191809418387461,2.69218
0.05197206309674767,2.692596
0.052026032009620714,2.692081
0.05208000092249378,2.692092
0.05213396983536681,2.69223
0.052187938748239876,2.691925
0.05224190766111292,2.691522
0.052295876573985975,2.691824
0.05234984548685902,2.691566
0.05240381439973208,2.691586
0.05245778331260512,2.691787
0.05251175222547818,2.69142
0.05256572113835122,2.690996
0.052619690051224285,2.691511
0.05267365896409732,2.69106
0.05272762787697038,2.691233
0.05278159678984343,2.691551
0.05283556570271648,2.69121
0.052889534615589526,2.691105
0.052943503528462575,2.691639
0.05299747244133563,2.691157
0.053051441354208674,2.690874
0.053105410267081724,2.691264
0.05315937917995478,2.6907
0.05321334809282783,2.690512
0.05326731700570088,2.691178
0.05332128591857393,2.690987
0.053375254831446985,2.690476
0.053429223744320034,2.690989
0.053483192657193084,2.690619
0.05353716157006613,2.690642
0.05359113048293919,2.690834
0.05364509939581223,2.69038
0.05369906830868528,2.689981
0.05375303722155833,2.690604
0.05380700613443139,2.690063
0.05386097504730443,2.689905
0.053914943960177486,2.690389
0.05396891287305054,2.690172
0.054022881785923585,2.69019
0.05407685069879663,2.690788
0.05413081961166969,2.690395
0.05418478852454275,2.69034
0.05423875743741579,2.690543
0.05429272635028884,2.689857
0.054346695263161895,2.689776
0.05440066417603494,2.690251
0.054454633088907994,2.689762
0.054508602001781044,2.689857
0.0545625709146541,2.690143
0.05461653982752714,2.689526
0.0546705087404002,2.689339
0.05472447765327325,2.68984
0.05477844656614629,2.689972
0.05483241547901935,2.68963
0.05488638439189239,2.69034
0.05494035330476545,2.68967
0.05499432221763849,2.689723
0.05504829113051155,2.690112
0.055102260043384595,2.68949
0.05515622895625766,2.689266
0.055210197869130694,2.689129
0.05526416678200376,2.689079
0.0553181356948768,2.689032
0.055372104607749856,2.689559
0.0554260735206229,2.689327
0.05548004243349596,2.689746
0.055534011346369004,2.689749
0.055587980259242054,2.689247
0.0556419491721151,2.689094
0.05569591808498815,2.689693
0.0557498869978612,2.688888
0.05580385591073425,2.688957
0.05585782482360731,2.689303
0.05591179373648036,2.688678
0.0559657626493534,2.688898
0.056019731562226456,2.689431
0.05607370047509952,2.688927
0.05612766938797256,2.689081
0.056181638300845604,2.689435
0.05623560721371866,2.688802
0.05628957612659172,2.68862
0.05634354503946476,2.689173
0.056397513952337816,2.688909
0.056451482865210866,2.688666
0.05650545177808392,2.689068
0.05655942069095696,2.6884
0.05661338960383002,2.688393
0.05666735851670306,2.688929
0.05672132742957611,2.688545
0.05677529634244916,2.688545
0.05682926525532222,2.688639
0.05688323416819527,2.688228
0.05693720308106832,2.688238
0.05699117199394137,2.688827
0.05704514090681442,2.688608
0.057099109819687466,2.688266
0.057153078732560515,2.688401
0.05720704764543357,2.688175
0.05726101655830662,2.68803
0.05731498547117967,2.688585
0.05736895438405272,2.688171
0.057422923296925776,2.688143
0.057476892209798826,2.688834
0.05753086112267186,2.688334
0.057584830035544925,2.688486
0.05763879894841797,2.688769
0.057692767861291024,2.688188
0.057746736774164066,2.688488
0.05780070568703713,2.688901
0.05785467459991017,2.688457
0.05790864351278323,2.688735
0.05796261242565627,2.688646
0.058016581338529334,2.688264
0.05807055025140237,2.688587
0.05812451916427543,2.688672
0.058178488077148476,2.688355
0.05823245699002154,2.688376
0.058286425902894574,2.688447
0.05834039481576764,2.688116
0.05839436372864069,2.688118
0.05844833264151372,2.68866
0.058502301554386786,2.688125
0.05855627046725983,2.688355
0.05861023938013289,2.688804
0.05866420829300593,2.688459
0.05871817720587899,2.688499
0.05877214611875203,2.689078
0.0588261150316251,2.688297
0.05888008394449813,2.688294
0.058934052857371196,2.688552
0.05898802177024424,2.688108
0.05904199068311729,2.688581
0.05909595959599034,2.688413
0.05914992850886339,2.688239
0.05920389742173644,2.688446
0.05925786633460949,2.688869
0.05931183524748254,2.688588
0.0593658041603556,2.688993
0.059419773073228634,2.689116
0.05947374198610169,2.688693
0.05952771089897474,2.688668
0.059581679811847796,2.689196
0.05963564872472084,2.688906
0.059689617637593895,2.688752
0.059743586550466944,2.688967
0.059797555463339994,2.688716
0.05985152437621304,2.688794
0.0599054932890861,2.689168
0.05995946220195915,2.688559
0.06001343111483219,2.688531
0.06006740002770525,2.688597
0.0601213689405783,2.6881
0.06017533785345135,2.68845
0.060229306766324396,2.688695
0.06028327567919745,2.688287
0.0603372445920705,2.688381
0.06039121350494354,2.68835
0.0604451824178166,2.688093
0.06049915133068966,2.688454
0.06055312024356271,2.688628
0.06060708915643574,2.688234
0.060661058069308806,2.688351
0.060715026982181855,2.688522
0.060768995895054904,2.688315
0.060822964807927954,2.688562
0.06087693372080101,2.688478
0.06093090263367406,2.688287
0.06098487154654711,2.688265
0.06103884045942016,2.688534
0.061092809372293215,2.687994
0.06114677828516626,2.687802
0.061200747198039314,2.688222
0.06125471611091236,2.688168
0.06130868502378542,2.688436
0.06136265393665846,2.688672
0.061416622849531505,2.688578
0.06147059176240457,2.688471
0.061524560675277604,2.688553
0.06157852958815067,2.688031
0.06163249850102371,2.68804
0.06168646741389677,2.688076
0.06174043632676981,2.68786
0.06179440523964287,2.688173
0.061848374152515914,2.688164
0.06190234306538898,2.687614
0.06195631197826201,2.687719
0.06201028089113507,2.688346
0.06206424980400812,2.687788
0.06211821871688117,2.687842
0.06217218762975422,2.687788
0.062226156542627274,2.687732
0.062280125455500324,2.687902
0.062334094368373366,2.687889
0.062388063281246416,2.687451
0.06244203219411947,2.687917
0.062496001106992514,2.688076
0.06254997001986556,2.687872
0.06260393893273863,2.687865
0.06265790784561168,2.688121
0.06271187675848472,2.688051
0.06276584567135778,2.688323
0.06281981458423083,2.688105
0.06287378349710387,2.687707
0.06292775240997693,2.687956
0.06298172132284997,2.687839
0.06303569023572304,2.687532
0.06308965914859607,2.687642
0.06314362806146913,2.687543
0.06319759697434219,2.687474
0.06325156588721524,2.688046
0.06330553480008828,2.688159
0.06335950371296133,2.688089
0.06341347262583438,2.688251
0.06346744153870743,2.688413
0.06352141045158048,2.687798
0.06357537936445354,2.687864
0.06362934827732658,2.687751
0.06368331719019964,2.687109
0.06373728610307268,2.687471
0.06379125501594574,2.687461
0.06384522392881878,2.687273
0.06389919284169183,2.687563
0.06395316175456489,2.687374
0.06400713066743795,2.687073
0.06406109958031099,2.687074
0.06411506849318405,2.687175
0.06416903740605709,2.687002
0.06422300631893013,2.686864
0.06427697523180319,2.686889
0.06433094414467624,2.686946
0.06438491305754929,2.68758
0.06443888197042234,2.687653
0.06449285088329539,2.68723
0.06454681979616844,2.687516
0.0646007887090415,2.687335
0.06465475762191454,2.687254
0.06470872653478758,2.687808
0.06476269544766065,2.6875
0.06481666436053368,2.687413
0.06487063327340675,2.687729
0.0649246021862798,2.68773
0.06497857109915285,2.687524
0.0650325400120259,2.687792
0.06508650892489895,2.687467
0.065140477837772,2.687204
0.06519444675064504,2.687296
0.0652484156635181,2.687325
0.06530238457639115,2.686862
0.0653563534892642,2.686897
0.06541032240213725,2.686914
0.0654642913150103,2.686875
0.06551826022788335,2.687118
0.0655722291407564,2.687127
0.06562619805362944,2.686856
0.06568016696650252,2.686948
0.06573413587937556,2.686862
0.06578810479224861,2.687078
0.06584207370512166,2.687265
0.06589604261799471,2.68669
0.06595001153086776,2.686293
0.06600398044374081,2.686747
0.06605794935661385,2.68648
0.06611191826948691,2.685832
0.06616588718235995,2.686496
0.06621985609523301,2.68635
0.06627382500810607,2.68622
0.06632779392097911,2.686208
0.06638176283385215,2.685869
0.06643573174672521,2.68594
0.06648970065959826,2.686111
0.0665436695724713,2.685586
0.06659763848534436,2.685222
0.06665160739821742,2.685518
0.06670557631109048,2.685537
0.06675954522396352,2.685025
0.06681351413683656,2.685616
0.06686748304970962,2.685436
0.06692145196258266,2.685134
0.06697542087545572,2.685413
0.06702938978832877,2.684932
0.06708335870120183,2.684727
0.06713732761407486,2.68513
0.06719129652694791,2.684546
0.06724526543982097,2.68441
0.06729923435269401,2.684729
0.06735320326556707,2.684431
0.06740717217844013,2.684291
0.06746114109131318,2.684824
0.06751511000418622,2.684541
0.06756907891705928,2.684437
0.06762304782993232,2.68487
0.06767701674280538,2.68441
0.06773098565567842,2.684112
0.06778495456855148,2.684173
0.06783892348142453,2.684002
0.06789289239429758,2.68388
0.06794686130717062,2.684685
0.06800083022004368,2.684557
0.06805479913291673,2.684024
0.06810876804578977,2.684082
0.06816273695866282,2.684059
0.06821670587153589,2.684262
0.06827067478440892,2.684679
0.06832464369728199,2.684096
0.06837861261015503,2.683904
0.06843258152302809,2.684623
0.06848655043590113,2.684479
0.06854051934877418,2.684533
0.06859448826164723,2.68512
0.06864845717452028,2.684863
0.06870242608739333,2.684838
0.0687563950002664,2.68522
0.06881036391313944,2.684873
0.06886433282601248,2.684803
0.06891830173888554,2.68536
0.06897227065175858,2.684967
0.06902623956463165,2.684631
0.06908020847750468,2.68523
0.06913417739037775,2.684882
0.06918814630325079,2.685011
0.06924211521612383,2.685199
0.06929608412899689,2.684834
0.06935005304186995,2.685261
0.06940402195474299,2.685664
0.06945799086761605,2.685573
0.06951195978048909,2.68561
0.06956592869336216,2.685718
0.06961989760623519,2.685317
0.06967386651910824,2.685246
0.0697278354319813,2.68597
0.06978180434485436,2.685838
0.06983577325772738,2.686252
0.06988974217060044,2.686328
0.0699437110834735,2.685692
0.06999767999634654,2.685519
0.0700516489092196,2.68595
0.07010561782209265,2.685735
0.0701595867349657,2.685435
0.07021355564783875,2.685862
0.0702675245607118,2.685493
0.07032149347358485,2.68564
0.07037546238645791,2.686376
0.07042943129933095,2.686003
0.070483400212204,2.685701
0.07053736912507706,2.686079
0.0705913380379501,2.685597
0.07064530695082315,2.685681
0.0706992758636962,2.685741
0.07075324477656926,2.6852
0.0708072136894423,2.68533
0.07086118260231536,2.685791
0.0709151515151884,2.685788
0.07096912042806146,2.685498
0.0710230893409345,2.685824
0.07107705825380756,2.685096
0.07113102716668061,2.685036
0.07118499607955366,2.685243
0.0712389649924267,2.684937
0.07129293390529977,2.68498
0.0713469028181728,2.685468
0.07140087173104587,2.684968
0.07145484064391891,2.684913
0.07150880955679197,2.68543
0.07156277846966501,2.684994
0.07161674738253807,2.684871
0.07167071629541112,2.685222
0.07172468520828418,2.684732
0.07177865412115722,2.685084
0.07183262303403026,2.68509
0.07188659194690332,2.684931
0.07194056085977636,2.684847
0.07199452977264942,2.685352
0.07204849868552246,2.684772
0.07210246759839553,2.68493
0.07215643651126856,2.685371
0.07221040542414163,2.685067
0.07226437433701467,2.685156
0.07231834324988771,2.6856
0.07237231216276077,2.685305
0.07242628107563383,2.68517
0.07248024998850687,2.685091
0.07253421890137993,2.685065
0.07258818781425297,2.685066
0.07264215672712603,2.685244
0.07269612563999907,2.685025
0.07275009455287212,2.68517
0.07280406346574518,2.685474
0.07285803237861822,2.684879
0.07291200129149127,2.684731
0.07296597020436432,2.685127
0.07301993911723738,2.685022
0.07307390803011043,2.68504
0.07312787694298348,2.685583
0.07318184585585653,2.685525
0.07323581476872959,2.685355
0.07328978368160263,2.68552
0.07334375259447568,2.685238
0.07339772150734873,2.685082
0.07345169042022179,2.685468
0.07350565933309483,2.685292
0.07355962824596789,2.685442
0.07361359715884093,2.685682
0.07366756607171397,2.68524
0.07372153498458703,2.685114
0.07377550389746008,2.685772
0.07382947281033314,2.685805
0.07388344172320618,2.685475
0.07393741063607924,2.686027
0.0739913795489523,2.685504
0.07404534846182534,2.685849
0.07409931737469838,2.686017
0.07415328628757144,2.68551
0.0742072552004445,2.685488
0.07426122411331754,2.686034
0.07431519302619059,2.68551
0.07436916193906365,2.685686
0.07442313085193669,2.686312
0.07447709976480973,2.685803
0.0745310686776828,2.685561
0.07458503759055583,2.68613
0.07463900650342889,2.685628
0.07469297541630195,2.685456
0.074746944329175,2.685638
0.07480091324204804,2.685211
0.07485488215492109,2.685679
0.07490885106779414,2.686256
0.0749628199806672,2.685806
0.07501678889354024,2.685903
0.0750707578064133,2.686219
0.07512472671928636,2.685666
0.07517869563215941,2.685837
0.07523266454503244,2.686139
0.0752866334579055,2.685888
0.07534060237077855,2.685691
0.0753945712836516,2.685928
0.07544854019652464,2.686018
0.07550250910939771,2.685967
0.07555647802227076,2.686361
0.0756104469351438,2.686075
0.07566441584801685,2.686372
0.0757183847608899,2.686749
0.07577235367376293,2.686237
0.075826322586636,2.685719
0.07588029149950906,2.685751
0.07593426041238212,2.685486
0.07598822932525515,2.685615
0.0760421982381282,2.685942
0.07609616715100126,2.68571
0.07615013606387432,2.685565
0.07620410497674736,2.685857
0.07625807388962041,2.685663
0.07631204280249347,2.685552
0.0763660117153665,2.685468
0.07641998062823956,2.684936
0.07647394954111261,2.684891
0.07652791845398567,2.685493
0.0765818873668587,2.685542
0.07663585627973177,2.685712
0.07668982519260481,2.686057
0.07674379410547787,2.685268
0.07679776301835091,2.685514
0.07685173193122397,2.685958
0.07690570084409702,2.685311
0.07695966975697008,2.685577
0.0770136386698431,2.68578
0.07706760758271618,2.685141
0.07712157649558922,2.684879
0.07717554540846226,2.684867
0.07722951432133532,2.684619
0.07728348323420837,2.684515
0.0773374521470814,2.684794
0.07739142105995446,2.684554
0.07744538997282752,2.684455
0.07749935888570057,2.685075
0.07755332779857362,2.684471
0.07760729671144667,2.684505
0.07766126562431973,2.68471
0.07771523453719277,2.68373
0.07776920345006581,2.683582
0.07782317236293888,2.684084
0.07787714127581194,2.683637
0.07793111018868498,2.683971
0.07798507910155802,2.68446
0.07803904801443108,2.684079
0.07809301692730414,2.684139
0.07814698584017717,2.684725
0.07820095475305022,2.684649
0.07825492366592329,2.684382
0.07830889257879631,2.684152
0.07836286149166938,2.683434
0.07841683040454243,2.683589
0.07847079931741549,2.683801
0.07852476823028852,2.68304
0.07857873714316158,2.682986
0.07863270605603463,2.684022
0.07868667496890769,2.683246
0.07874064388178072,2.683483
0.07879461279465379,2.683933
0.07884858170752684,2.683516
0.0789025506203999,2.683564
0.07895651953327293,2.684303
0.07901048844614598,2.683681
0.07906445735901904,2.683498
0.0791184262718921,2.683615
0.07917239518476513,2.68319
0.0792263640976382,2.683589
0.07928033301051124,2.684168
0.07933430192338428,2.684157
0.07938827083625734,2.684316
0.0794422397491304,2.684838
0.07949620866200345,2.684245
0.07955017757487648,2.684391
0.07960414648774954,2.684894
0.07965811540062259,2.684743
0.07971208431349565,2.684718
0.07976605322636869,2.685033
0.07982002213924173,2.684649
0.0798739910521148,2.684688
0.07992795996498786,2.684827
0.07998192887786089,2.684786
0.08003589779073395,2.6846
0.080089866703607,2.68504
0.08014383561648007,2.684736
0.0801978045293531,2.684774
0.08025177344222616,2.685407
0.08030574235509921,2.685102
0.08035971126797224,2.685313
0.0804136801808453,2.685517
0.08046764909371835,2.684794
0.0805216180065914,2.685196
0.08057558691946445,2.685681
0.0806295558323375,2.685544
0.08068352474521057,2.685254
0.08073749365808361,2.685743
0.08079146257095665,2.685454
0.08084543148382971,2.685627
0.08089940039670276,2.686335
0.0809533693095758,2.685837
0.08100733822244885,2.685858
0.0810613071353219,2.685973
0.08111527604819498,2.685554
0.08116924496106799,2.685477
0.08122321387394106,2.685893
0.08127718278681412,2.68531
0.08133115169968716,2.685542
0.0813851206125602,2.686307
0.08143908952543326,2.68569
0.0814930584383063,2.685061
0.08154702735117937,2.685405
0.0816009962640524,2.685353
0.08165496517692547,2.685529
0.08170893408979853,2.685863
0.08176290300267157,2.68542
0.08181687191554461,2.685639
0.08187084082841767,2.685988
0.08192480974129074,2.685515
0.08197877865416377,2.685456
0.08203274756703681,2.686018
0.08208671647990988,2.685582
0.08214068539278291,2.685987
0.08219465430565596,2.686181
0.08224862321852902,2.686041
0.08230259213140206,2.686418
0.08235656104427512,2.687023
0.08241052995714816,2.687085
0.08246449887002123,2.687062
0.08251846778289426,2.687448
0.08257243669576733,2.686652
0.08262640560864037,2.68695
0.08268037452151343,2.687442
0.08273434343438647,2.686754
0.08278831234725953,2.686446
0.08284228126013257,2.686821
0.08289625017300564,2.686418
0.08295021908587867,2.68641
0.08300418799875174,2.686929
0.08305815691162478,2.686496
0.08311212582449783,2.686158
0.08316609473737088,2.686839
0.08322006365024393,2.686508
0.08327403256311697,2.686362
0.08332800147599002,2.686839
0.08338197038886308,2.686918
0.08343593930173614,2.687022
0.08348990821460917,2.687298
0.08354387712748224,2.686879
0.08359784604035529,2.686435
0.08365181495322833,2.687311
0.08370578386610138,2.686695
0.08375975277897443,2.686528
0.08381372169184749,2.686962
0.08386769060472052,2.686527
0.08392165951759357,2.686231
0.08397562843046665,2.686776
0.08402959734333969,2.686249
0.08408356625621273,2.686217
0.08413753516908579,2.686709
0.08419150408195884,2.686293
0.08424547299483187,2.686342
0.08429944190770493,2.6869
0.084353410820578,2.685972
0.08440737973345105,2.685981
0.0844613486463241,2.686227
0.08451531755919714,2.68588
0.0845692864720702,2.686127
0.08462325538494325,2.686469
0.08467722429781628,2.686473
0.08473119321068934,2.686567
0.08478516212356241,2.687038
0.08483913103643542,2.686756
0.08489309994930849,2.686471
0.08494706886218155,2.686667
0.0850010377750546,2.686774
0.08505500668792763,2.686683
0.08510897560080069,2.687313
0.08516294451367375,2.686468
0.0852169134265468,2.686611
0.08527088233941983,2.687169
0.0853248512522929,2.686793
0.08537882016516596,2.687009
0.08543278907803901,2.687733
0.08548675799091204,2.687412
0.0855407269037851,2.687096
0.08559469581665816,2.68781
0.08564866472953121,2.687349
0.08570263364240424,2.687525
0.08575660255527731,2.68792
0.08581057146815035,2.687471
0.08586454038102342,2.687666
0.08591850929389645,2.687943
0.08597247820676951,2.687525
0.08602644711964257,2.687328
0.0860804160325156,2.68745
0.08613438494538865,2.687074
0.08618835385826171,2.687025
0.08624232277113475,2.687203
0.0862962916840078,2.68656
0.08635026059688086,2.68649
0.08640422950975392,2.68687
0.08645819842262696,2.686114
0.0865121673355,2.686235
0.08656613624837306,2.686857
0.08662010516124612,2.686814
0.08667407407411919,2.686687
0.08672804298699222,2.686778
0.08678201189986527,2.686548
0.08683598081273833,2.685978
0.08688994972561136,2.686225
0.08694391863848441,2.686081
0.08699788755135747,2.686063
0.08705185646423051,2.686506
0.08710582537710357,2.685715
0.08715979428997661,2.685709
0.08721376320284968,2.686091
0.08726773211572272,2.68553
0.08732170102859577,2.685445
0.08737566994146882,2.685013
0.08742963885434188,2.68597
0.08748360776721492,2.686405
0.08753757668008796,2.686901
0.08759154559296102,2.68647
0.08764551450583409,2.686506
0.08769948341870713,2.687002
0.08775345233158018,2.686657
0.08780742124445323,2.686647
0.08786139015732627,2.687308
0.08791535907019932,2.686734
0.08796932798307237,2.6868
0.08802329689594542,2.68749
0.08807726580881849,2.686768
0.08813123472169151,2.686761
0.08818520363456459,2.687211
0.08823917254743763,2.686982
0.08829314146031068,2.686914
0.08834711037318373,2.687629
0.08840107928605678,2.687116
0.08845504819892983,2.687269
0.08850901711180288,2.687671
0.08856298602467592,2.687237
0.088616954937549,2.687425
0.08867092385042204,2.688082
0.08872489276329508,2.687708
0.08877886167616811,2.687549
0.08883283058904118,2.687809
0.08888679950191423,2.686854
0.08894076841478728,2.687347
0.08899473732766035,2.68759
0.08904870624053339,2.687145
0.08910267515340645,2.686892
0.08915664406627948,2.687265
0.08921061297915253,2.687063
0.08926458189202559,2.6869
0.08931855080489864,2.687266
0.08937251971777169,2.687184
0.08942648863064474,2.686921
0.0894804575435178,2.687652
0.08953442645639086,2.686945
0.08958839536926387,2.686363
0.08964236428213694,2.68681
0.08969633319501,2.686252
0.08975030210788304,2.686489
0.08980427102075608,2.686869
0.08985823993362915,2.68651
0.08991220884650221,2.68654
0.08996617775937522,2.687048
0.09002014667224828,2.686766
0.09007411558512135,2.686867
0.0901280844979944,2.687126
0.09018205341086744,2.687114
0.09023602232374049,2.687261
0.09028999123661356,2.687458
0.0903439601494866,2.687088
0.09039792906235963,2.687074
0.09045189797523269,2.687595
0.09050586688810576,2.687181
0.09055983580097882,2.687115
0.09061380471385184,2.687638
0.09066777362672492,2.687292
0.09072174253959796,2.687367
0.09077571145247099,2.687519
0.09082968036534404,2.687095
0.09088364927821711,2.687126
0.09093761819109017,2.687682
0.0909915871039632,2.687126
0.09104555601683625,2.687213
0.0910995249297093,2.687559
0.09115349384258237,2.687208
0.0912074627554554,2.687364
0.09126143166832845,2.688199
0.09131540058120152,2.687538
0.09136936949407458,2.68757
0.09142333840694761,2.687877
0.09147730731982065,2.687543
0.09153127623269372,2.687556
0.09158524514556675,2.68781
0.0916392140584398,2.687405
0.09169318297131286,2.687693
0.09174715188418593,2.687809
0.09180112079705896,2.687348
0.091855089709932,2.687724
0.09190905862280506,2.687926
0.09196302753567813,2.687571
0.09201699644855116,2.687204
0.09207096536142421,2.687394
0.09212493427429727,2.686984
0.09217890318717034,2.68716
0.09223287210004337,2.687411
0.09228684101291641,2.687507
0.09234080992578947,2.687342
0.09239477883866253,2.687713
0.09244874775153557,2.687652
0.09250271666440862,2.688063
0.0925566855772817,2.688429
0.09261065449015472,2.687904
0.09266462340302777,2.687777
0.09271859231590082,2.688162
0.09277256122877386,2.687595
0.09282653014164692,2.687117
0.09288049905451998,2.687765
0.09293446796739303,2.687032
0.0929884368802661,2.687276
0.09304240579313912,2.687668
0.09309637470601217,2.68741
0.09315034361888522,2.68692
0.09320431253175829,2.687043
0.09325828144463133,2.686644
0.09331225035750439,2.68679
0.09336621927037744,2.687129
0.09342018818325047,2.686565
0.09347415709612353,2.686958
0.09352812600899658,2.687254
0.09358209492186963,2.686921
0.09363606383474268,2.686799
0.09369003274761574,2.686876
0.0937440016604888,2.686523
0.09379797057336182,2.686606
0.09385193948623488,2.68681
0.09390590839910794,2.686259
0.09395987731198098,2.68621
0.09401384622485404,2.686671
0.09406781513772709,2.685608
0.09412178405060015,2.685655
0.09417575296347318,2.685698
0.09422972187634622,2.685318
0.09428369078921929,2.685136
0.09433765970209235,2.685652
0.09439162861496539,2.684906
0.09444559752783843,2.684641
0.0944995664407115,2.685156
0.09455353535358453,2.684604
0.09460750426645759,2.684782
0.09466147317933063,2.685394
0.0947154420922037,2.684796
0.09476941100507674,2.6844
0.0948233799179498,2.684733
0.09487734883082286,2.684353
0.09493131774369588,2.684161
0.09498528665656894,2.684172
0.095039255569442,2.68358
0.09509322448231504,2.68383
0.0951471933951881,2.684306
0.09520116230806115,2.683695
0.09525513122093421,2.683782
0.09530910013380726,2.683948
0.0953630690466803,2.683771
0.09541703795955335,2.683996
0.09547100687242639,2.684262
0.09552497578529946,2.683736
0.0955789446981725,2.683623
0.09563291361104556,2.683847
0.0956868825239186,2.6835
0.09574085143679165,2.683675
0.0957948203496647,2.684012
0.09584878926253776,2.683517
0.09590275817541079,2.683543
0.09595672708828386,2.683883
0.09601069600115691,2.683281
0.09606466491402997,2.683589
0.09611863382690299,2.683928
0.09617260273977606,2.683668
0.09622657165264911,2.683591
0.09628054056552215,2.683971
0.0963345094783952,2.683402
0.09638847839126827,2.683594
0.09644244730414132,2.684085
0.09649641621701434,2.683448
0.0965503851298874,2.683573
0.09660435404276047,2.683508
0.09665832295563352,2.682986
0.09671229186850655,2.683092
0.0967662607813796,2.683439
0.09682022969425268,2.683189
0.09687419860712572,2.682901
0.09692816751999875,2.683291
0.0969821364328718,2.682845
0.09703610534574487,2.682663
0.09709007425861793,2.683
0.09714404317149096,2.682633
0.09719801208436403,2.682449
0.09725198099723707,2.682608
0.0973059499101101,2.682465
0.09735991882298316,2.682365
0.09741388773585623,2.682341
0.09746785664872928,2.68214
0.09752182556160231,2.681967
0.09757579447447537,2.682516
0.09762976338734841,2.682517
0.09768373230022148,2.682679
0.09773770121309451,2.682928
0.09779167012596757,2.682973
0.09784563903884064,2.683044
0.0978996079517137,2.683593
0.09795357686458672,2.683337
0.09800754577745978,2.683573
0.09806151469033283,2.684029
0.09811548360320586,2.683648
0.09816945251607892,2.683701
0.09822342142895198,2.684127
0.09827739034182505,2.683569
0.09833135925469808,2.683712
0.09838532816757113,2.684036
0.09843929708044417,2.683707
0.09849326599331724,2.683726
0.09854723490619027,2.684089
0.09860120381906333,2.683616
0.09865517273193639,2.683851
0.09870914164480946,2.684028
0.09876311055768248,2.683709
0.09881707947055553,2.683792
0.09887104838342857,2.683913
0.09892501729630164,2.683173
0.09897898620917468,2.683089
0.09903295512204774,2.683438
0.09908692403492081,2.682999
0.09914089294779385,2.682982
0.09919486186066688,2.683267
0.09924883077353994,2.682854
0.09930279968641298,2.682548
0.09935676859928604,2.68276
0.09941073751215909,2.682558
0.09946470642503215,2.682415
0.09951867533790522,2.682388
0.09957264425077823,2.682179
0.09962661316365129,2.682291
0.09968058207652433,2.682372
0.0997345509893974,2.681844
0.09978851990227044,2.681963
0.0998424888151435,2.682053
0.09989645772801654,2.681582
0.0999504266408896,2.681544
0.10000439555376264,2.682222
0.1000583644666357,2.681965
0.10011233337950874,2.681899
0.1001663022923818,2.681922
0.10022027120525485,2.681917
0.10027424011812791,2.682225
0.10032820903100094,2.682239
0.100382177943874,2.681766
0.10043614685674705,2.681993
0.1004901157696201,2.682199
0.10054408468249315,2.681923
0.10059805359536621,2.682236
0.10065202250823926,2.68258
0.1007059914211123,2.682427
0.10075996033398535,2.682033
0.1008139292468584,2.682371
0.10086789815973145,2.681896
0.1009218670726045,2.682335
0.10097583598547755,2.682546
0.10102980489835062,2.682109
0.10108377381122366,2.682576
0.1011377427240967,2.682643
0.10119171163696974,2.682398
0.10124568054984281,2.682818
0.10129964946271586,2.683371
0.10135361837558891,2.683149
0.10140758728846197,2.68335
0.10146155620133503,2.683358
0.10151552511420806,2.683252
0.10156949402708111,2.683867
0.10162346293995414,2.683863
0.10167743185282721,2.68352
0.10173140076570027,2.68393
0.10178536967857332,2.683833
0.10183933859144638,2.68334
0.10189330750431941,2.684022
0.10194727641719246,2.684158
0.10200124533006551,2.683725
0.10205521424293858,2.683986
0.10210918315581162,2.684482
0.10216315206868468,2.684318
0.10221712098155772,2.684487
0.10227108989443076,2.684502
0.10232505880730382,2.684449
0.10237902772017687,2.68451
0.1024329966330499,2.684457
0.10248696554592297,2.684247
0.10254093445879603,2.684429
0.10259490337166909,2.684753
0.1026488722845421,2.684709
0.10270284119741517,2.685005
0.10275681011028823,2.684628
0.10281077902316127,2.68425
0.10286474793603431,2.68423
0.10291871684890738,2.684338
0.10297268576178044,2.684283
0.10302665467465345,2.684552
0.10308062358752651,2.684693
0.10313459250039958,2.684404
0.10318856141327264,2.684535
0.10324253032614567,2.684752
0.10329649923901872,2.684316
0.10335046815189179,2.684599
0.10340443706476483,2.684669
0.10345840597763786,2.684314
0.10351237489051092,2.684402
0.10356634380338399,2.684304
0.10362031271625705,2.683739
0.10367428162913007,2.683766
0.10372825054200314,2.683514
0.1037822194548762,2.683273
0.10383618836774922,2.683559
0.10389015728062227,2.683063
0.10394412619349534,2.682847
0.1039980951063684,2.68282
0.10405206401924143,2.682599
0.10410603293211448,2.682494
0.10416000184498755,2.68278
0.1042139707578606,2.682651
0.10426793967073363,2.682457
0.10432190858360668,2.682701
0.10437587749647975,2.682477
0.10442984640935281,2.682257
0.10448381532222584,2.682594
0.1045377842350989,2.682414
0.10459175314797195,2.682054
0.10464572206084499,2.682408
0.10469969097371803,2.682431
0.10475365988659109,2.682376
0.10480762879946416,2.682836
0.10486159771233719,2.682529
0.10491556662521025,2.682467
0.10496953553808329,2.682524
0.10502350445095636,2.682232
0.10507747336382939,2.682415
0.10513144227670244,2.682379
0.1051854111895755,2.682219
0.10523938010244857,2.681747
0.1052933490153216,2.682636
0.10534731792819464,2.682758
0.10540128684106768,2.682408
0.10545525575394075,2.68256
0.1055092246668138,2.68237
0.10556319357968685,2.682062
0.10561716249255992,2.682594
0.10567113140543297,2.682456
0.105725100318306,2.682732
0.10577906923117905,2.68329
0.1058330381440521,2.682852
0.10588700705692515,2.682826
0.1059409759697982,2.683435
0.10599494488267126,2.683246
0.10604891379554432,2.683176
0.10610288270841735,2.68324
0.1061568516212904,2.683049
0.10621082053416345,2.682907
0.10626478944703652,2.683515
0.10631875835990956,2.68288
0.10637272727278262,2.682761
0.10642669618565566,2.683684
0.10648066509852873,2.683109
0.10653463401140176,2.683064
0.1065886029242748,2.683243
0.10664257183714786,2.683261
0.10669654075002091,2.683147
0.10675050966289397,2.683192
0.10680447857576701,2.682893
0.10685844748864007,2.683031
0.10691241640151311,2.683527
0.10696638531438617,2.683601
0.10702035422725921,2.683492
0.10707432314013227,2.683688
0.10712829205300532,2.683597
0.10718226096587838,2.683235
0.10723622987875142,2.68372
0.10729019879162446,2.683776
0.10734416770449752,2.683401
0.10739813661737056,2.683823
0.10745210553024362,2.683339
0.10750607444311666,2.683479
0.10756004335598973,2.684288
0.10761401226886277,2.683823
0.10766798118173582,2.683655
0.10772195009460886,2.684243
0.10777591900748193,2.684086
0.10782988792035497,2.684191
0.10788385683322803,2.684787
0.10793782574610108,2.68464
0.10799179465897414,2.684298
0.10804576357184717,2.684987
0.10809973248472023,2.68433
0.10815370139759325,2.684296
0.10820767031046633,2.68488
0.10826163922333938,2.684564
0.10831560813621244,2.684775
0.1083695770490855,2.685285
0.10842354596195852,2.68518
0.10847751487483158,2.685146
0.10853148378770462,2.685928
0.10858545270057768,2.685269
0.10863942161345073,2.685651
0.10869339052632379,2.686251
0.10874735943919683,2.685748
0.10880132835206988,2.685845
0.10885529726494293,2.686274
0.10890926617781599,2.685698
0.10896323509068902,2.68601
0.10901720400356209,2.686289
0.10907117291643514,2.685823
0.1091251418293082,2.686124
0.10917911074218123,2.686747
0.10923307965505429,2.686218
0.10928704856792734,2.686353
0.1093410174808004,2.686981
0.10939498639367343,2.686534
0.1094489553065465,2.686426
0.10950292421941955,2.686585
0.10955689313229258,2.68615
0.10961086204516562,2.686277
0.1096648309580387,2.686726
0.10971879987091175,2.686207
0.10977276878378478,2.6863
0.10982673769665784,2.686983
0.1098807066095309,2.686904
0.10993467552240396,2.687147
0.10998864443527698,2.687543
0.11004261334815003,2.687008
0.1100965822610231,2.687052
0.11015055117389616,2.687317
0.11020452008676919,2.686764
0.11025848899964226,2.686573
0.11031245791251532,2.687047
0.11036642682538833,2.68626
0.11042039573826139,2.686274
0.11047436465113446,2.686973
0.11052833356400751,2.686364
0.11058230247688054,2.686395
0.1106362713897536,2.687033
0.11069024030262667,2.686869
0.11074420921549971,2.686666
0.11079817812837274,2.687093
0.1108521470412458,2.686623
0.11090611595411887,2.686567
0.11096008486699192,2.686958
0.11101405377986495,2.686471
0.11106802269273801,2.686573
0.11112199160561106,2.686857
0.11117596051848411,2.686181
0.11122992943135715,2.686038
0.1112838983442302,2.686501
0.11133786725710328,2.685984
0.1113918361699763,2.685637
0.11144580508284936,2.686343
0.1114997739957224,2.685853
0.11155374290859546,2.68559
0.1116077118214685,2.685936
0.11166168073434156,2.685241
0.11171564964721462,2.685449
0.11176961856008767,2.685716
0.11182358747296071,2.685305
0.11187755638583376,2.685432
0.1119315252987068,2.685954
0.11198549421157987,2.685404
0.11203946312445291,2.684998
0.11209343203732597,2.685246
0.11214740095019904,2.684482
0.11220136986307208,2.684536
0.11225533877594512,2.68507
0.11230930768881815,2.684497
0.11236327660169121,2.684638
0.11241724551456427,2.684906
0.11247121442743732,2.684451
0.11252518334031036,2.684419
0.11257915225318343,2.684782
0.11263312116605648,2.684215
0.11268709007892952,2.68415
0.11274105899180256,2.684656
0.11279502790467563,2.684256
0.11284899681754867,2.684182
0.11290296573042173,2.684045
0.11295693464329477,2.683692
0.11301090355616784,2.684085
0.11306487246904087,2.684855
0.11311884138191391,2.684423
0.11317281029478697,2.68417
0.11322677920766004,2.684597
0.11328074812053308,2.68476
0.11333471703340613,2.684754
0.11338868594627918,2.684905
0.11344265485915223,2.684553
0.11349662377202527,2.685024
0.11355059268489832,2.685373
0.11360456159777138,2.685128
0.11365853051064444,2.685006
0.1137124994235175,2.685426
0.11376646833639054,2.685046
0.11382043724926358,2.68491
0.11387440616213663,2.6854
0.11392837507500968,2.684979
0.11398234398788273,2.685042
0.11403631290075579,2.685351
0.11409028181362885,2.684684
0.11414425072650189,2.684453
0.11419821963937493,2.684298
0.11425218855224796,2.68406
0.11430615746512103,2.684329
0.11436012637799409,2.684776
0.11441409529086714,2.684447
0.1144680642037402,2.684724
0.11452203311661324,2.685279
0.11457600202948628,2.684975
0.11462997094235934,2.685105
0.11468393985523237,2.685447
0.11473790876810544,2.685029
0.1147918776809785,2.684799
0.11484584659385155,2.685232
0.11489981550672461,2.684499
0.11495378441959765,2.684487
0.1150077533324707,2.684718
0.11506172224534372,2.684324
0.11511569115821679,2.684354
0.11516966007108985,2.684975
0.1152236289839629,2.684605
0.11527759789683593,2.684652
0.115331566809709,2.684985
0.11538553572258205,2.68448
0.1154395046354551,2.684732
0.11549347354832813,2.685564
0.1155474424612012,2.684911
0.11560141137407426,2.684748
0.11565538028694732,2.685231
0.11570934919982034,2.68456
0.1157633181126934,2.684443
0.11581728702556646,2.684997
0.11587125593843951,2.684222
0.11592522485131254,2.683976
0.11597919376418561,2.684763
0.11603316267705867,2.684617
0.1160871315899317,2.684654
0.11614110050280474,2.685041
0.11619506941567781,2.684597
0.11624903832855087,2.68456
0.1163030072414239,2.685035
0.11635697615429695,2.684963
0.11641094506717002,2.685137
0.11646491398004308,2.685386
0.11651888289291609,2.684979
0.11657285180578915,2.684504
0.11662682071866222,2.684967
0.11668078963153528,2.684597
0.1167347585444083,2.684308
0.11678872745728137,2.685053
0.11684269637015443,2.684533
0.11689666528302745,2.684451
0.1169506341959005,2.684687
0.11700460310877357,2.684382
0.11705857202164663,2.684591
0.11711254093451966,2.684819
0.11716650984739271,2.684464
0.11722047876026578,2.684525
0.11727444767313881,2.685037
0.11732841658601185,2.684612
0.11738238549888491,2.684853
0.11743635441175798,2.685263
0.11749032332463102,2.6848
0.11754429223750407,2.683994
0.11759826115037712,2.684652
0.1176522300632502,2.684541
0.11770619897612322,2.684163
0.11776016788899626,2.684583
0.11781413680186932,2.684388
0.11786810571474239,2.684397
0.11792207462761543,2.684874
0.11797604354048848,2.684452
0.11803001245336153,2.68433
0.11808398136623457,2.684572
0.11813795027910762,2.684547
0.11819191919198067,2.683915
0.11824588810485372,2.684495
0.11829985701772679,2.68446
0.11835382593059983,2.684557
0.11840779484347289,2.684865
0.11846176375634591,2.684116
0.11851573266921898,2.68401
0.11856970158209203,2.684561
0.11862367049496508,2.684231
0.11867763940783815,2.684053
0.1187316083207112,2.684349
0.11878557723358424,2.683562
0.11883954614645727,2.683679
0.11889351505933032,2.684063
0.11894748397220338,2.683568
0.11900145288507644,2.683928
0.11905542179794948,2.684169
0.11910939071082255,2.683759
0.11916335962369559,2.683587
0.11921732853656862,2.683742
0.11927129744944168,2.683217
0.11932526636231475,2.683324
0.11937923527518779,2.68395
0.11943320418806085,2.683062
0.11948717310093389,2.682704
0.11954114201380696,2.683165
0.11959511092667999,2.682655
0.11964907983955303,2.682394
0.11970304875242609,2.683187
0.11975701766529916,2.682812
0.1198109865781722,2.683252
0.11986495549104524,2.683479
0.1199189244039183,2.683048
0.11997289331679134,2.682638
0.12002686222966438,2.682927
0.12008083114253744,2.682684
0.1201348000554105,2.682768
0.12018876896828355,2.683402
0.1202427378811566,2.683017
0.12029670679402965,2.683165
0.1203506757069027,2.683193
0.12040464461977575,2.682819
0.12045861353264879,2.683214
0.12051258244552185,2.683575
0.1205665513583949,2.683202
0.12062052027126796,2.682927
0.120674489184141,2.683763
0.12072845809701406,2.683566
0.12078242700988708,2.683501
0.12083639592276015,2.683964
0.1208903648356332,2.683003
0.12094433374850626,2.68345
0.12099830266137931,2.684181
0.12105227157425236,2.683671
0.12110624048712541,2.683466
0.12116020939999846,2.684011
0.12121417831287148,2.683684
0.12126814722574455,2.683491
0.12132211613861761,2.683617
0.12137608505149067,2.683487
0.12143005396436371,2.683419
0.12148402287723677,2.684175
0.12153799179010981,2.683899
0.12159196070298284,2.683943
0.12164592961585591,2.684415
0.12169989852872896,2.684174
0.12175386744160202,2.684376
0.12180783635447505,2.684517
0.12186180526734812,2.683846
0.12191577418022116,2.683928
0.12196974309309422,2.684336
0.12202371200596725,2.683708
0.12207768091884032,2.683439
0.12213164983171337,2.68379
0.12218561874458643,2.683125
0.12223958765745946,2.683185
0.12229355657033252,2.683706
0.12234752548320557,2.683479
0.12240149439607863,2.68363
0.12245546330895166,2.684131
0.12250943222182473,2.683637
0.12256340113469778,2.68332
0.12261737004757084,2.684061
0.12267133896044385,2.683698
0.12272530787331692,2.683441
0.12277927678618998,2.683546
0.12283324569906301,2.683188
0.12288721461193607,2.683334
0.12294118352480914,2.684152
0.12299515243768219,2.683741
0.12304912135055521,2.684071
0.12310309026342826,2.684424
0.12315705917630133,2.684072
0.12321102808917438,2.684274
0.12326499700204742,2.68488
0.12331896591492049,2.684308
0.12337293482779355,2.684438
0.12342690374066659,2.684729
0.12348087265353962,2.684685
0.12353484156641269,2.684547
0.12358881047928574,2.684817
0.12364277939215877,2.68415
0.12369674830503183,2.68387
0.1237507172179049,2.684222
0.12380468613077796,2.683947
0.12385865504365097,2.683819
0.12391262395652403,2.683986
0.1239665928693971,2.683412
0.12402056178227014,2.683381
0.12407453069514318,2.683947
0.12412849960801624,2.683421
0.12418246852088931,2.683267
0.12423643743376234,2.683462
0.12429040634663538,2.682642
0.12434437525950844,2.682391
0.12439834417238149,2.682956
0.12445231308525455,2.682503
0.12450628199812759,2.682788
0.12456025091100065,2.683404
0.12461421982387369,2.68274
0.12466818873674673,2.682444
0.12472215764961979,2.682897
0.12477612656249283,2.682318
0.1248300954753659,2.68202
0.12488406438823894,2.682878
0.124938033301112,2.682564
0.12499200221398503,2.682758
0.1250459711268581,2.683326
0.12509994003973113,2.682715
0.1251539089526042,2.682818
0.12520787786547727,2.683956
0.1252618467783503,2.683505
0.12531581569122335,2.683242
0.1253697846040964,2.684103
0.12542375351696944,2.683526
0.12547772242984248,2.683674
0.12553169134271555,2.684289
0.1255856602555886,2.683871
0.12563962916846166,2.684034
0.1256935980813347,2.684484
0.12574756699420775,2.683941
0.1258015359070808,2.684139
0.12585550481995386,2.684877
0.1259094737328269,2.68449
0.12596344264569995,2.684056
0.12601741155857302,2.684603
0.1260713804714461,2.684327
0.1261253493843191,2.684684
0.12617931829719214,2.685036
0.12623328721006521,2.684455
0.12628725612293826,2.684619
0.1263412250358113,2.685109
0.12639519394868437,2.684511
0.1264491628615574,2.684352
0.12650313177443048,2.684583
0.1265571006873035,2.68439
0.12661106960017657,2.68418
0.1266650385130496,2.6845
0.12671900742592265,2.684155
0.12677297633879572,2.684134
0.12682694525166877,2.684596
0.12688091416454184,2.683897
0.12693488307741485,2.683605
0.12698885199028792,2.683877
0.12704282090316096,2.683629
0.127096789816034,2.68351
0.12715075872890708,2.683887
0.12720472764178012,2.683624
0.12725869655465316,2.683832
0.1273126654675262,2.683828
0.12736663438039927,2.683283
0.12742060329327232,2.683535
0.12747457220614536,2.683608
0.12752854111901843,2.683535
0.12758251003189147,2.683491
0.12763647894476454,2.683902
0.12769044785763756,2.683572
0.1277444167705106,2.683329
0.12779838568338367,2.683964
0.1278523545962567,2.683512
0.12790632350912978,2.68331
0.12796029242200282,2.683645
0.1280142613348759,2.683457
0.1280682302477489,2.683352
0.12812219916062198,2.683334
0.12817616807349502,2.682827
0.1282301369863681,2.683014
0.12828410589924114,2.683745
0.12833807481211418,2.68298
0.12839204372498725,2.683128
0.12844601263786026,2.683686
0.12849998155073333,2.682936
0.12855395046360638,2.682353
0.12860791937647945,2.682894
0.1286618882893525,2.68253
0.12871585720222553,2.682559
0.12876982611509857,2.683344
0.12882379502797162,2.68277
0.1288777639408447,2.682817
0.12893173285371773,2.683242
0.12898570176659077,2.682978
0.12903967067946384,2.6834
0.12909363959233688,2.684079
0.12914760850520995,2.683765
0.129201577418083,2.683775
0.12925554633095604,2.684516
0.12930951524382908,2.683599
0.12936348415670212,2.683602
0.12941745306957517,2.684177
0.12947142198244824,2.683664
0.1295253908953213,2.683962
0.12957935980819435,2.683965
0.12963332872106736,2.683665
0.12968729763394043,2.683997
0.1297412665468135,2.684778
0.12979523545968652,2.684332
0.1298492043725596,2.684342
0.12990317328543266,2.684715
0.1299571421983057,2.684111
0.13001111111117872,2.684273
0.1300650800240518,2.684988
0.13011904893692486,2.684456
0.1301730178497979,2.684418
0.13022698676267094,2.684823
0.130280955675544,2.684746
0.13033492458841706,2.684897
0.13038889350129007,2.685224
0.13044286241416314,2.68475
0.1304968313270362,2.684859
0.13055080023990925,2.685491
0.1306047691527823,2.684209
0.13065873806565534,2.684058
0.1307127069785284,2.684781
0.13076667589140145,2.684353
0.1308206448042745,2.684354
0.13087461371714754,2.684844
0.1309285826300206,2.684264
0.13098255154289368,2.684379
0.1310365204557667,2.684928
0.13109048936863976,2.684353
0.1311444582815128,2.684515
0.13119842719438585,2.684716
0.1312523961072589,2.684158
0.13130636502013196,2.684592
0.13136033393300503,2.685461
0.13141430284587804,2.684884
0.13146827175875112,2.685095
0.13152224067162416,2.685509
0.13157620958449723,2.684854
0.13163017849737024,2.68489
0.1316841474102433,2.685319
0.13173811632311638,2.685254
0.13179208523598943,2.685232
0.13184605414886247,2.685768
0.1319000230617355,2.685068
0.13195399197460855,2.684975
0.13200796088748162,2.68545
0.13206192980035467,2.685104
0.1321158987132277,2.685297
0.13216986762610078,2.68562
0.13222383653897382,2.685186
0.13227780545184686,2.685089
0.1323317743647199,2.685516
0.13238574327759298,2.684853
0.13243971219046602,2.684796
0.13249368110333906,2.684991
0.13254765001621213,2.684689
0.1326016189290852,2.68485
0.13265558784195822,2.685485
0.13270955675483126,2.684923
0.1327635256677043,2.685161
0.13281749458057737,2.684981
0.13287146349345041,2.685142
0.13292543240632348,2.685182
0.13297940131919653,2.686117
0.1330333702320696,2.685411
0.1330873391449426,2.685173
0.13314130805781568,2.685613
0.13319527697068873,2.685069
0.13324924588356177,2.685098
0.13330321479643484,2.685928
0.13335718370930788,2.686089
0.13341115262218095,2.686255
0.13346512153505397,2.687016
0.13351909044792704,2.686639
0.13357305936080008,2.686368
0.13362702827367312,2.686646
0.1336809971865462,2.685796
0.13373496609941923,2.685886
0.13378893501229228,2.686129
0.13384290392516532,2.685798
0.1338968728380384,2.685713
0.13395084175091143,2.686212
0.13400481066378447,2.68558
0.13405877957665754,2.685664
0.1341127484895306,2.686225
0.13416671740240366,2.686018
0.13422068631527667,2.685941
0.13427465522814971,2.686471
0.13432862414102278,2.686373
0.13438259305389583,2.686344
0.1344365619667689,2.686793
0.13449053087964194,2.686199
0.134544499792515,2.686023
0.13459846870538802,2.687116
0.1346524376182611,2.686667
0.13470640653113414,2.686804
0.13476037544400718,2.687302
0.13481434435688025,2.686944
0.1348683132697533,2.687011
0.13492228218262636,2.687417
0.1349762510954994,2.687126
0.13503022000837245,2.687444
0.1350841889212455,2.687895
0.13513815783411856,2.687339
0.1351921267469916,2.687683
0.13524609565986465,2.687893
0.1353000645727377,2.688093
0.13535403348561076,2.688106
0.1354080023984838,2.688185
0.13546197131135684,2.688009
0.13551594022422989,2.688507
0.13556990913710296,2.689037
0.135623878049976,2.688457
0.13567784696284907,2.688952
0.1357318158757221,2.689097
0.13578578478859515,2.688689
0.1358397537014682,2.688852
0.13589372261434124,2.689595
0.13594769152721428,2.689087
0.13600166044008735,2.689251
0.13605562935296042,2.689706
0.13610959826583346,2.689454
0.13616356717870648,2.68942
0.13621753609157955,2.689777
0.13627150500445262,2.688827
0.13632547391732563,2.688828
0.1363794428301987,2.689292
0.13643341174307178,2.688963
0.13648738065594482,2.689088
0.13654134956881783,2.689705
0.1365953184816909,2.689083
0.13664928739456397,2.689355
0.13670325630743702,2.68923
0.13675722522031006,2.688714
0.13681119413318313,2.688836
0.13686516304605617,2.689616
0.13691913195892919,2.689383
0.13697310087180226,2.689102
0.13702706978467533,2.689572
0.13708103869754837,2.689155
0.1371350076104214,2.689097
0.13718897652329445,2.689707
0.13724294543616752,2.689378
0.13729691434904057,2.689733
0.1373508832619136,2.689709
0.13740485217478665,2.689573
0.13745882108765972,2.689276
0.1375127900005328,2.689698
0.1375667589134058,2.689283
0.13762072782627888,2.689045
0.13767469673915195,2.689121
0.13772866565202496,2.688608
0.137782634564898,2.688877
0.13783660347777107,2.689207
0.13789057239064414,2.688802
0.13794454130351716,2.688816
0.13799851021639023,2.689096
0.1380524791292633,2.688803
0.13810644804213634,2.689022
0.13816041695500936,2.689402
0.13821438586788243,2.689015
0.1382683547807555,2.689322
0.13832232369362854,2.689775
0.13837629260650158,2.689514
0.13843026151937463,2.689372
0.13848423043224767,2.69027
0.13853819934512074,2.689252
0.13859216825799378,2.689707
0.13864613717086682,2.690264
0.1387001060837399,2.690111
0.13875407499661294,2.690251
0.13880804390948598,2.69064
0.13886201282235902,2.690593
0.1389159817352321,2.690388
0.13896995064810513,2.69063
0.13902391956097818,2.690364
0.13907788847385125,2.690425
0.13913185738672432,2.690993
0.13918582629959733,2.690768
0.13923979521247037,2.690909
0.13929376412534342,2.690783
0.1393477330382165,2.690187
0.13940170195108953,2.690221
0.1394556708639626,2.690733
0.13950963977683564,2.690548
0.1395636086897087,2.690873
0.13961757760258173,2.690489
0.13967154651545477,2.69045
0.13972551542832784,2.691143
0.13977948434120088,2.69106
0.13983345325407395,2.690836
0.139887422166947,2.690967
0.13994139107982007,2.691048
0.13999535999269308,2.690772
0.14004932890556615,2.69082
0.1401032978184392,2.691259
0.14015726673131224,2.691062
0.1402112356441853,2.69102
0.14026520455705835,2.690989
0.1403191734699314,2.690738
0.14037314238280446,2.691528
0.1404271112956775,2.691655
0.14048108020855055,2.69112
0.1405350491214236,2.691405
0.14058901803429666,2.691502
0.1406429869471697,2.691184
0.14069695586004274,2.691555
0.14075092477291581,2.691948
0.14080489368578883,2.69151
0.1408588625986619,2.691746
0.14091283151153494,2.691838
0.140966800424408,2.691586
0.14102076933728105,2.691686
0.14107473825015412,2.691365
0.14112870716302717,2.69105
0.1411826760759002,2.691322
0.14123664498877325,2.691684
0.1412906139016463,2.69147
0.14134458281451937,2.691372
0.1413985517273924,2.691741
0.14145252064026548,2.69155
0.14150648955313852,2.691542
0.14156045846601156,2.691705
0.1416144273788846,2.691438
0.14166839629175765,2.691452
0.14172236520463072,2.69176
0.14177633411750376,2.691593
0.1418303030303768,2.691648
0.14188427194324987,2.691605
0.14193824085612292,2.691959
0.14199220976899596,2.692096
0.142046178681869,2.691713
0.14210014759474207,2.691729
0.1421541165076151,2.691941
0.14220808542048818,2.691769
0.14226205433336123,2.691746
0.14231602324623427,2.692158
0.1423699921591073,2.692153
0.14242396107198035,2.691954
0.1424779299848534,2.69181
0.14253189889772647,2.692019
0.14258586781059954,2.69177
0.14263983672347255,2.692019
0.1426938056363456,2.692109
0.14274777454921866,2.692012
0.14280174346209173,2.692467
0.14285571237496475,2.692328
0.14290968128783782,2.691296
0.1429636502007109,2.691532
0.14301761911358393,2.691868
0.14307158802645695,2.691785
0.14312555693933002,2.692097
0.1431795258522031,2.69247
0.14323349476507613,2.692087
0.14328746367794917,2.692281
0.14334143259082224,2.692092
0.14339540150369529,2.692017
0.14344937041656836,2.692272
0.14350333932944137,2.692405
0.14355730824231444,2.692223
0.14361127715518748,2.692297
0.14366524606806053,2.692083
0.14371921498093357,2.692048
0.14377318389380664,2.691894
0.1438271528066797,2.691921
0.14388112171955272,2.691826
0.14393509063242577,2.692086
0.14398905954529884,2.692086
0.1440430284581719,2.691602
0.14409699737104492,2.692012
0.144150966283918,2.691967
0.14420493519679106,2.691945
0.14425890410966408,2.69208
0.14431287302253712,2.69162
0.1443668419354102,2.691662
0.14442081084828326,2.692028
0.14447477976115627,2.691914
0.14452874867402934,2.691781
0.14458271758690242,2.692244
0.14463668649977543,2.691989
0.14469065541264847,2.691907
0.14474462432552154,2.692079
0.1447985932383946,2.692234
0.14485256215126766,2.692015
0.1449065310641407,2.692344
0.14496049997701374,2.691678
0.14501446888988678,2.691425
0.14506843780275985,2.691547
0.1451224067156329,2.691458
0.14517637562850594,2.691662
0.145230344541379,2.692324
0.14528431345425205,2.691857
0.1453382823671251,2.691553
0.14539225127999814,2.69167
0.1454462201928712,2.691448
0.14550018910574425,2.691709
0.1455541580186173,2.692124
0.14560812693149036,2.691606
0.1456620958443634,2.692206
0.14571606475723645,2.692472
0.1457700336701095,2.691998
0.14582400258298253,2.692307
0.1458779714958556,2.692719
0.14593194040872864,2.692639
0.14598590932160171,2.692486
0.14603987823447476,2.692797
0.14609384714734783,2.692945
0.14614781606022087,2.692857
0.14620178497309388,2.693027
0.14625575388596695,2.692604
0.14630972279884,2.692637
0.14636369171171307,2.693011
0.1464176606245861,2.692882
0.14647162953745918,2.693105
0.14652559845033222,2.693493
0.14657956736320527,2.693049
0.1466335362760783,2.692522
0.14668750518895135,2.692741
0.14674147410182442,2.692854
0.14679544301469746,2.692791
0.1468494119275705,2.693152
0.14690338084044358,2.692778
0.14695734975331662,2.692664
0.14701131866618966,2.69295
0.1470652875790627,2.692256
0.14711925649193577,2.692324
0.14717322540480882,2.692705
0.14722719431768186,2.692502
0.14728116323055493,2.692486
0.14733513214342794,2.692507
0.14738910105630101,2.692408
0.14744306996917406,2.692702
0.14749703888204713,2.692819
0.14755100779492017,2.692238
0.1476049767077932,2.692219
0.14765894562066628,2.69242
0.14771291453353932,2.692393
0.14776688344641237,2.692268
0.1478208523592854,2.692555
0.14787482127215848,2.691958
0.14792879018503152,2.692174
0.1479827590979046,2.692846
0.14803672801077764,2.692488
0.14809069692365068,2.692582
0.1481446658365237,2.69279
0.14819863474939676,2.692496
0.14825260366226983,2.692524
0.14830657257514288,2.693088
0.14836054148801592,2.692905
0.148414510400889,2.692796
0.14846847931376203,2.693209
0.14852244822663507,2.692812
0.14857641713950812,2.692808
0.14863038605238119,2.69301
0.14868435496525423,2.692926
0.1487383238781273,2.693171
0.14879229279100037,2.69345
0.14884626170387338,2.692509
0.14890023061674643,2.69275
0.14895419952961947,2.692942
0.14900816844249254,2.692399
0.1490621373553656,2.692371
0.14911610626823865,2.692855
0.14917007518111167,2.692732
0.14922404409398474,2.692622
0.14927801300685778,2.69341
0.14933198191973082,2.692738
0.1493859508326039,2.692465
0.14943991974547696,2.692689
0.14949388865835,2.692383
0.14954785757122305,2.692269
0.1496018264840961,2.692843
0.14965579539696913,2.692276
0.14970976430984217,2.692346
0.14976373322271525,2.69303
0.1498177021355883,2.692086
0.14987167104846136,2.692172
0.1499256399613344,2.692743
0.14997960887420747,2.692144
0.15003357778708049,2.692296
0.15008754669995353,2.692828
0.1501415156128266,2.692207
0.15019548452569964,2.69252
0.1502494534385727,2.692695
0.15030342235144575,2.692459
0.15035739126431882,2.692551
0.15041136017719184,2.692667
0.15046532909006488,2.692392
0.15051929800293795,2.692154
0.150573266915811,2.692347
0.15062723582868406,2.691763
0.1506812047415571,2.692332
0.15073517365443018,2.692917
0.1507891425673032,2.692539
0.15084311148017623,2.692413
0.15089708039304928,2.693091
0.15095104930592235,2.6925
0.15100501821879542,2.692324
0.15105898713166846,2.692891
0.15111295604454153,2.69246
0.15116692495741454,2.692174
0.1512208938702876,2.692331
0.15127486278316066,2.692263
0.1513288316960337,2.692062
0.15138280060890677,2.692156
0.1514367695217798,2.692198
0.15149073843465288,2.692034
0.15154470734752587,2.692776
0.15159867626039894,2.69246
0.151652645173272,2.692493
0.15170661408614505,2.692826
0.15176058299901812,2.69258
0.15181455191189117,2.692248
0.15186852082476424,2.692549
0.15192248973763728,2.692262
0.1519764586505103,2.692441
0.15203042756338336,2.692855
0.1520843964762564,2.692233
0.15213836538912945,2.69241
0.15219233430200252,2.692909
0.1522463032148756,2.692554
0.15230027212774863,2.692916
0.15235424104062165,2.693105
0.15240820995349472,2.692636
0.15246217886636776,2.692868
0.15251614777924083,2.693423
0.15257011669211387,2.692933
0.15262408560498694,2.692984
0.15267805451785998,2.69356
0.152732023430733,2.69327
0.15278599234360604,2.693388
0.1528399612564791,2.693669
0.15289393016935218,2.692993
0.15294789908222522,2.692804
0.1530018679950983,2.693067
0.15305583690797134,2.692725
0.15310980582084435,2.692916
0.1531637747337174,2.693255
0.15321774364659047,2.69327
0.15327171255946354,2.693446
0.15332568147233658,2.693579
0.15337965038520962,2.693474
0.1534336192980827,2.69352
0.15348758821095573,2.693515
0.15354155712382878,2.693135
0.15359552603670182,2.693151
0.1536494949495749,2.693534
0.15370346386244793,2.693246
0.153757432775321,2.693249
0.15381140168819404,2.693649
0.1538653706010671,2.69315
0.15391933951394016,2.693263
0.15397330842681317,2.693609
0.1540272773396862,2.693372
0.15408124625255928,2.693574
0.15413521516543235,2.694301
0.1541891840783054,2.693915
0.15424315299117844,2.694081
0.1542971219040515,2.694598
0.15435109081692452,2.694295
0.15440505972979757,2.694198
0.15445902864267064,2.694736
0.1545129975555437,2.694151
0.15456696646841675,2.694123
0.1546209353812898,2.694866
0.1546749042941628,2.694554
0.15472887320703588,2.694335
0.15478284211990892,2.694715
0.154836811032782,2.69421
0.15489077994565503,2.69423
0.1549447488585281,2.694587
0.15499871777140115,2.693994
0.15505268668427416,2.694104
0.15510665559714723,2.694828
0.1551606245100203,2.694697
0.15521459342289334,2.694647
0.15526856233576639,2.695094
0.15532253124863946,2.694717
0.15537650016151253,2.695025
0.15543046907438554,2.695534
0.1554844379872586,2.694896
0.15553840690013163,2.69469
0.15559237581300467,2.695101
0.15564634472587777,2.69465
0.1557003136387508,2.694839
0.15575428255162388,2.695513
0.1558082514644969,2.694864
0.15586222037736996,2.694514
0.15591618929024303,2.694899
0.15597015820311605,2.694269
0.1560241271159891,2.694619
0.15607809602886216,2.695002
0.1561320649417352,2.694694
0.15618603385460827,2.694733
0.15624000276748132,2.695016
0.15629397168035433,2.694854
0.1563479405932274,2.694793
0.15640190950610044,2.695242
0.1564558784189735,2.694957
0.15650984733184659,2.695105
0.1565638162447196,2.695842
0.15661778515759261,2.695464
0.15667175407046569,2.695239
0.15672572298333876,2.69552
0.15677969189621183,2.695365
0.15683366080908487,2.695406
0.1568876297219579,2.695792
0.15694159863483098,2.695609
0.15699556754770402,2.695681
0.15704953646057704,2.695901
0.1571035053734501,2.69558
0.15715747428632315,2.69546
0.15721144319919622,2.69582
0.15726541211206926,2.695784
0.15731938102494233,2.695704
0.15737334993781538,2.695536
0.15742731885068842,2.695775
0.15748128776356143,2.695824
0.1575352566764345,2.696104
0.15758922558930757,2.69572
0.15764319450218064,2.695769
0.1576971634150537,2.696201
0.1577511323279267,2.695954
0.1578051012407998,2.69601
0.15785907015367284,2.696516
0.15791303906654586,2.696072
0.15796700797941893,2.695914
0.15802097689229197,2.69661
0.158074945805165,2.696379
0.15812891471803808,2.696375
0.15818288363091113,2.69652
0.1582368525437842,2.696099
0.1582908214566572,2.696103
0.15834479036953025,2.696547
0.15839875928240335,2.696113
0.1584527281952764,2.696151
0.1585066971081494,2.696881
0.15856066602102248,2.696411
0.15861463493389555,2.696206
0.15866860384676856,2.696807
0.15872257275964163,2.696428
0.15877654167251468,2.696378
0.15883051058538775,2.696769
0.1588844794982608,2.696526
0.15893844841113383,2.696696
0.1589924173240069,2.696967
0.15904638623687992,2.696599
0.15910035514975296,2.696291
0.15915432406262603,2.696473
0.15920829297549907,2.695883
0.15926226188837214,2.696153
0.15931623080124518,2.6968
0.15937019971411823,2.69629
0.1594241686269913,2.69644
0.15947813753986437,2.697027
0.15953210645273738,2.696187
0.15958607536561045,2.69618
0.15964004427848347,2.696645
0.15969401319135654,2.696325
0.1597479821042296,2.696269
0.15980195101710265,2.696433
0.15985591992997572,2.696316
0.15990988884284874,2.696691
0.15996385775572178,2.697205
0.16001782666859485,2.69688
0.1600717955814679,2.696659
0.16012576449434093,2.696915
0.160179733407214,2.696787
0.16023370232008702,2.696739
0.16028767123296014,2.6975
0.16034164014583316,2.697154
0.1603956090587062,2.696995
0.16044957797157924,2.697203
0.16050354688445231,2.696892
0.16055751579732536,2.697155
0.16061148471019843,2.697338
0.16066545362307144,2.696977
0.16071942253594448,2.697041
0.16077339144881755,2.697441
0.1608273603616906,2.697019
0.16088132927456367,2.69708
0.1609352981874367,2.69714
0.16098926710030975,2.69694
0.1610432360131828,2.696587
0.16109720492605584,2.697341
0.1611511738389289,2.697263
0.16120514275180195,2.697185
0.161259111664675,2.697348
0.16131308057754803,2.696824
0.16136704949042113,2.697086
0.16142101840329418,2.697222
0.16147498731616722,2.697117
0.16152895622904026,2.696773
0.1615829251419133,2.69718
0.16163689405478637,2.696796
0.16169086296765942,2.696831
0.16174483188053246,2.697578
0.16179880079340553,2.697837
0.16185276970627854,2.697801
0.1619067386191516,2.697608
0.16196070753202466,2.697264
0.1620146764448977,2.697313
0.16206864535777077,2.697792
0.1621226142706438,2.697239
0.16217658318351688,2.697696
0.16223055209638995,2.6981
0.16228452100926297,2.697585
0.16233848992213598,2.697635
0.16239245883500908,2.697839
0.16244642774788212,2.697715
0.1625003966607552,2.697537
0.16255436557362823,2.69812
0.16260833448650125,2.697871
0.16266230339937432,2.697724
0.16271627231224736,2.698232
0.1627702412251204,2.698204
0.16282421013799347,2.698283
0.16287817905086652,2.698565
0.1629321479637396,2.698038
0.1629861168766126,2.697928
0.16304008578948567,2.698464
0.16309405470235874,2.698135
0.16314802361523176,2.698363
0.1632019925281048,2.698575
0.1632559614409779,2.698157
0.16330993035385094,2.698265
0.16336389926672398,2.698573
0.16341786817959705,2.698256
0.16347183709247007,2.698237
0.16352580600534314,2.698589
0.16357977491821618,2.69837
0.16363374383108922,2.698805
0.1636877127439623,2.699219
0.16374168165683534,2.698438
0.16379565056970835,2.698294
0.16384961948258148,2.698868
0.16390358839545446,2.698779
0.16395755730832753,2.699049
0.16401152622120058,2.699416
0.16406549513407362,2.69902
0.16411946404694672,2.698928
0.16417343295981976,2.69909
0.16422740187269277,2.69833
0.16428137078556582,2.69839
0.1643353396984389,2.698983
0.16438930861131193,2.698681
0.164443277524185,2.698774
0.16449724643705804,2.698945
0.1645512153499311,2.698448
0.16460518426280413,2.698601
0.16465915317567717,2.698907
0.16471312208855024,2.698679
0.16476709100142328,2.698478
0.16482105991429633,2.698862
0.1648750288271694,2.699023
0.16492899774004247,2.69888
0.16498296665291554,2.699426
0.16503693556578852,2.698915
0.16509090447866157,2.69905
0.16514487339153466,2.699409
0.1651988423044077,2.698908
0.16525281121728075,2.699042
0.16530678013015382,2.699188
0.16536074904302686,2.698834
0.16541471795589988,2.69874
0.16546868686877295,2.699566
0.165522655781646,2.699263
0.16557662469451906,2.699271
0.1656305936073921,2.699502
0.16568456252026514,2.699095
0.16573853143313821,2.699283
0.16579250034601128,2.699558
0.16584646925888427,2.699113
0.16590043817175734,2.698962
0.16595440708463038,2.699582
0.16600837599750348,2.698826
0.16606234491037652,2.69882
0.16611631382324957,2.698925
0.16617028273612264,2.698523
0.16622425164899565,2.698711
0.1662782205618687,2.698982
0.16633218947474177,2.698617
0.1663861583876148,2.698811
0.16644012730048785,2.699121
0.16649409621336092,2.698869
0.16654806512623394,2.698984
0.166602034039107,2.699029
0.16665600295198005,2.699006
0.1667099718648531,2.699197
0.16676394077772616,2.699169
0.16681790969059923,2.69879
0.16687187860347227,2.698818
0.16692584751634534,2.699343
0.16697981642921833,2.699065
0.16703378534209143,2.69894
0.16708775425496447,2.699546
0.1671417231678375,2.699104
0.16719569208071058,2.698907
0.16724966099358363,2.69941
0.16730362990645667,2.699276
0.16735759881932974,2.699108
0.16741156773220275,2.699589
0.1674655366450758,2.699311
0.16751950555794887,2.699102
0.1675734744708219,2.699302
0.16762744338369498,2.698688
0.16768141229656805,2.699232
0.16773538120944104,2.699757
0.1677893501223141,2.699207
0.16784331903518715,2.699126
0.16789728794806022,2.699358
0.1679512568609333,2.699161
0.16800522577380633,2.699015
0.16805919468667938,2.699288
0.16811316359955245,2.698776
0.16816713251242546,2.698993
0.16822110142529853,2.699535
0.16827507033817157,2.69933
0.16832903925104462,2.699351
0.16838300816391769,2.699607
0.16843697707679073,2.699096
0.16849094598966374,2.699342
0.1685449149025368,2.699859
0.16859888381540986,2.699375
0.16865285272828293,2.69935
0.168706821641156,2.699744
0.16876079055402904,2.699454
0.1688147594669021,2.699468
0.16886872837977515,2.699581
0.1689226972926482,2.699164
0.16897666620552124,2.699186
0.16903063511839428,2.699572
0.16908460403126732,2.699207
0.1691385729441404,2.699051
0.16919254185701343,2.699259
0.1692465107698865,2.69897
0.16930047968275955,2.699687
0.16935444859563256,2.699851
0.16940841750850563,2.699549
0.16946238642137867,2.699518
0.16951635533425172,2.699869
0.16957032424712482,2.699223
0.16962429315999786,2.699313
0.16967826207287084,2.69992
0.16973223098574391,2.699707
0.16978619989861699,2.699672
0.16984016881149006,2.700076
0.1698941377243631,2.699928
0.16994810663723614,2.700122
0.1700020755501092,2.700526
0.17005604446298225,2.700322
0.17011001337585527,2.700308
0.17016398228872834,2.700208
0.17021795120160138,2.70018
0.17027192011447445,2.700003
0.1703258890273475,2.700518
0.17037985794022056,2.700596
0.1704338268530936,2.700687
0.17048779576596662,2.700682
0.17054176467883966,2.700383
0.17059573359171273,2.70087
0.1706497025045858,2.700953
0.17070367141745887,2.70026
0.17075764033033192,2.700101
0.17081160924320493,2.700899
0.17086557815607803,2.700436
0.17091954706895104,2.700679
0.1709735159818241,2.700757
0.17102748489469716,2.70028
0.1710814538075702,2.700193
0.17113542272044324,2.700669
0.1711893916333163,2.700184
0.17124336054618935,2.700311
0.17129732945906243,2.700576
0.17135129837193544,2.700515
0.17140526728480848,2.700636
0.17145923619768158,2.700984
0.17151320511055462,2.70061
0.17156717402342767,2.700694
0.1716211429363007,2.701136
0.17167511184917378,2.700667
0.17172908076204685,2.700438
0.17178304967491986,2.700573
0.1718370185877929,2.699996
0.17189098750066598,2.700116
0.17194495641353902,2.700547
0.17199892532641206,2.700098
0.17205289423928513,2.700312
0.17210686315215815,2.700644
0.1721608320650312,2.70036
0.17221480097790426,2.700132
0.1722687698907773,2.700465
0.1723227388036504,2.700655
0.17237670771652341,2.700617
0.17243067662939643,2.7009
0.1724846455422695,2.700419
0.17253861445514257,2.700738
0.1725925833680156,2.700994
0.17264655228088868,2.700705
0.17270052119376172,2.70071
0.17275449010663477,2.701112
0.17280845901950784,2.701149
0.17286242793238088,2.701321
0.17291639684525392,2.701492
0.17297036575812696,2.700839
0.173024334671,2.701027
0.17307830358387308,2.701237
0.17313227249674612,2.700898
0.17318624140961916,2.700738
0.17324021032249223,2.70121
0.17329417923536525,2.701082
0.17334814814823837,2.701072
0.1734021170611114,2.701533
0.17345608597398443,2.701334
0.17351005488685747,2.701021
0.17356402379973054,2.701612
0.17361799271260359,2.701534
0.17367196162547666,2.701496
0.17372593053834967,2.701548
0.1737798994512227,2.701273
0.17383386836409578,2.701207
0.17388783727696883,2.701699
0.1739418061898419,2.701295
0.17399577510271494,2.701565
0.17404974401558795,2.701935
0.17410371292846102,2.701558
0.17415768184133407,2.701578
0.17421165075420714,2.702029
0.17426561966708018,2.701463
0.17431958857995322,2.701456
0.17437355749282626,2.701795
0.17442752640569936,2.701588
0.17448149531857238,2.701642
0.17453546423144545,2.702203
0.1745894331443185,2.701687
0.17464340205719153,2.70157
0.1746973709700646,2.70194
0.17475133988293765,2.701815
0.1748053087958107,2.702143
0.17485927770868376,2.702255
0.17491324662155677,2.701824
0.17496721553442984,2.701862
0.1750211844473029,2.702161
0.17507515336017593,2.701554
0.175129122273049,2.701313
0.17518309118592204,2.701694
0.1752370600987951,2.70143
0.17529102901166818,2.701707
0.1753449979245412,2.701818
0.17539896683741427,2.701672
0.1754529357502873,2.701741
0.17550690466316035,2.701916
0.17556087357603342,2.701647
0.17561484248890646,2.701811
0.17566881140177948,2.702139
0.17572278031465255,2.701862
0.1757767492275256,2.701845
0.17583071814039863,2.702292
0.1758846870532717,2.702035
0.17593865596614475,2.701974
0.17599262487901782,2.702246
0.17604659379189083,2.701855
0.1761005627047639,2.702103
0.17615453161763697,2.702483
0.17620850053051,2.702232
0.17626246944338303,2.702329
0.17631643835625613,2.702347
0.17637040726912917,2.701682
0.17642437618200224,2.701748
0.17647834509487526,2.702031
0.1765323140077483,2.701699
0.17658628292062137,2.701655
0.1766402518334944,2.702039
0.17669422074636745,2.70169
0.17674818965924052,2.701423
0.17680215857211357,2.701582
0.17685612748498658,2.701268
0.17691009639785965,2.701248
0.17696406531073272,2.701864
0.17701803422360576,2.701366
0.17707200313647883,2.701284
0.17712597204935185,2.70178
0.17717994096222492,2.701617
0.177233909875098,2.701558
0.17728787878797098,2.701599
0.17734184770084407,2.701359
0.17739581661371712,2.701252
0.17744978552659016,2.701772
0.17750375443946323,2.701485
0.17755772335233622,2.701572
0.17761169226520934,2.702213
0.17766566117808236,2.70167
0.1777196300909554,2.70193
0.17777359900382847,2.70203
0.17782756791670154,2.701708
0.17788153682957455,2.702075
0.17793550574244762,2.702108
0.1779894746553207,2.701265
0.1780434435681937,2.701294
0.17809741248106678,2.701624
0.1781513813939398,2.701421
0.1782053503068129,2.702013
0.17825931921968594,2.70165
0.17831328813255895,2.701407
0.17836725704543205,2.701877
0.17842122595830506,2.701788
0.1784751948711781,2.701584
0.17852916378405118,2.701739
0.17858313269692425,2.701786
0.1786371016097973,2.701874
0.17869107052267036,2.702149
0.17874503943554337,2.702112
0.17879900834841644,2.70185
0.1788529772612895,2.701869
0.1789069461741625,2.701873
0.1789609150870356,2.701597
0.17901488399990861,2.701394
0.1790688529127817,2.701985
0.17912282182565475,2.701769
0.17917679073852774,2.701936
0.17923075965140087,2.702138
0.17928472856427388,2.701924
0.17933869747714692,2.701794
0.17939266639002,2.701605
0.17944663530289306,2.701422
0.17950060421576608,2.701554
0.17955457312863915,2.701612
0.17960854204151216,2.701341
0.17966251095438523,2.701443
0.1797164798672583,2.701736
0.17977044878013132,2.701815
0.17982441769300442,2.701952
0.17987838660587746,2.701689
0.17993235551875045,2.701144
0.17998632443162357,2.701045
0.18004029334449656,2.701507
0.18009426225736966,2.701228
0.1801482311702427,2.701391
0.18020220008311574,2.701628
0.1802561689959888,2.701616
0.18031013790886186,2.701705
0.18036410682173487,2.701582
0.18041807573460794,2.701632
0.18047204464748098,2.702012
0.18052601356035403,2.701677
0.18057998247322712,2.701594
0.18063395138610014,2.701498
0.1806879202989732,2.701816
0.18074188921184628,2.70154
0.18079585812471927,2.702056
0.18084982703759236,2.702115
0.18090379595046538,2.701984
0.18095776486333845,2.702084
0.18101173377621152,2.702013
0.18106570268908453,2.701976
0.18111967160195763,2.702107
0.18117364051483067,2.702385
0.1812276094277037,2.702166
0.18128157834057676,2.702167
0.18133554725344983,2.702297
0.18138951616632285,2.701845
0.18144348507919592,2.701919
0.18149745399206896,2.702412
0.18155142290494197,2.702375
0.1816053918178151,2.702414
0.18165936073068809,2.702434
0.18171332964356118,2.702265
0.18176729855643423,2.702258
0.18182126746930724,2.702437
0.18187523638218034,2.702388
0.18192920529505333,2.702849
0.1819831742079264,2.702862
0.18203714312079947,2.702837
0.1820911120336725,2.702731
0.18214508094654555,2.702734
0.1821990498594186,2.702493
0.18225301877229166,2.702465
0.18230698768516473,2.702245
0.18236095659803775,2.70231
0.1824149255109108,2.702255
0.1824688944237839,2.702545
0.1825228633366569,2.702341
0.18257683224952995,2.702582
0.18263080116240304,2.70273
0.18268477007527606,2.702635
0.18273873898814916,2.702514
0.18279270790102214,2.702356
0.18284667681389521,2.702404
0.18290064572676829,2.702713
0.1829546146396413,2.702925
0.18300858355251437,2.702796
0.18306255246538744,2.703125
0.18311652137826048,2.703148
0.1831704902911335,2.702961
0.18322445920400662,2.703194
0.1832784281168796,2.703158
0.18333239702975268,2.702705
0.18338636594262572,2.703243
0.18344033485549877,2.70311
0.18349430376837186,2.702852
0.18354827268124485,2.703284
0.18360224159411792,2.703494
0.18365621050699096,2.703213
0.183710179419864,2.703566
0.1837641483327371,2.703178
0.18381811724561012,2.702977
0.1838720861584832,2.702938
0.18392605507135626,2.702668
0.18398002398422927,2.702582
0.18403399289710232,2.7025
0.18408796180997536,2.702465
0.18414193072284843,2.702488
0.18419589963572147,2.702926
0.18424986854859454,2.70278
0.18430383746146758,2.70218
0.18435780637434068,2.702435
0.18441177528721367,2.702277
0.18446574420008674,2.702242
0.1845197131129598,2.702742
0.18457368202583282,2.702578
0.1846276509387059,2.702479
0.18468161985157894,2.702557
0.184735588764452,2.702296
0.18478955767732505,2.702254
0.1848435265901981,2.702706
0.18489749550307114,2.7028
0.1849514644159442,2.702487
0.18500543332881725,2.70291
0.1850594022416903,2.702786
0.1851133711545634,2.702555
0.18516734006743638,2.702943
0.18522130898030945,2.702698
0.1852752778931825,2.702592
0.18532924680605553,2.702663
0.18538321571892863,2.702304
0.18543718463180164,2.70226
0.18549115354467471,2.702861
0.18554512245754773,2.702761
0.1855990913704208,2.702665
0.18565306028329384,2.702796
0.18570702919616688,2.702771
0.18576099810903995,2.702608
0.18581496702191302,2.702667
0.18586893593478607,2.702478
0.18592290484765908,2.702244
0.1859768737605322,2.702396
0.1860308426734052,2.702101
0.18608481158627824,2.702421
0.1861387804991513,2.702621
0.18619274941202435,2.702989
0.18624671832489742,2.702566
0.18630068723777043,2.702586
0.1863546561506435,2.702403
0.18640862506351658,2.702737
0.1864625939763896,2.703073
0.18651656288926266,2.702821
0.1865705318021357,2.702581
0.18662450071500877,2.702514
0.18667846962788182,2.702141
0.18673243854075489,2.702105
0.1867864074536279,2.702482
0.18684037636650094,2.702471
0.186894345279374,2.702274
0.18694831419224706,2.702607
0.18700228310512013,2.702549
0.18705625201799317,2.702111
0.18711022093086624,2.702647
0.18716418984373925,2.70221
0.1872181587566123,2.702088
0.18727212766948537,2.702904
0.1873260965823584,2.702604
0.18738006549523148,2.702656
0.18743403440810452,2.702916
0.1874880033209776,2.702492
0.1875419722338506,2.702472
0.18759594114672365,2.702684
0.18764991005959672,2.702198
0.18770387897246976,2.702084
0.18775784788534283,2.702628
0.18781181679821587,2.702421
0.18786578571108897,2.702425
0.18791975462396196,2.702586
0.187973723536835,2.702133
0.18802769244970807,2.702454
0.18808166136258112,2.702832
0.18813563027545419,2.702607
0.18818959918832723,2.702406
0.1882435681012003,2.702736
0.1882975370140733,2.702573
0.18835150592694636,2.702517
0.18840547483981943,2.702831
0.18845944375269244,2.702664
0.18851341266556554,2.702615
0.18856738157843858,2.703082
0.18862135049131165,2.702941
0.1886753194041847,2.702893
0.18872928831705768,2.703127
0.18878325722993078,2.702823
0.18883722614280382,2.70281
0.18889119505567686,2.703366
0.18894516396854993,2.702904
0.188999132881423,2.702731
0.18905310179429605,2.703032
0.18910707070716906,2.702635
0.18916103962004213,2.702386
0.18921500853291517,2.702694
0.18926897744578824,2.702439
0.18932294635866126,2.702391
0.18937691527153436,2.702642
0.1894308841844074,2.702443
0.1894848530972804,2.702252
0.18953882201015348,2.702683
0.18959279092302653,2.702811
0.1896467598358996,2.702635
0.18970072874877264,2.702904
0.1897546976616457,2.702637
0.18980866657451875,2.702463
0.18986263548739177,2.702923
0.1899166044002648,2.702256
0.18997057331313788,2.702564
0.19002454222601095,2.703017
0.190078511138884,2.702516
0.19013248005175706,2.702526
0.19018644896463008,2.702827
0.19024041787750318,2.70259
0.1902943867903762,2.702612
0.1903483557032492,2.702718
0.1904023246161223,2.702247
0.19045629352899535,2.702412
0.19051026244186842,2.702787
0.19056423135474146,2.702814
0.19061820026761453,2.702847
0.19067216918048757,2.702929
0.1907261380933606,2.702649
0.19078010700623363,2.702567
0.1908340759191067,2.702534
0.19088804483197977,2.702009
0.19094201374485278,2.702144
0.19099598265772588,2.702477
0.19104995157059892,2.702072
0.19110392048347194,2.702116
0.191157889396345,2.702656
0.19121185830921802,2.702541
0.19126582722209112,2.702398
0.19131979613496417,2.702441
0.1913737650478372,2.701875
0.19142773396071028,2.701916
0.1914817028735833,2.702384
0.19153567178645634,2.702095
0.1915896406993294,2.702315
0.19164360961220248,2.702465
0.19169757852507552,2.70182
0.1917515474379486,2.701643
0.19180551635082158,2.702246
0.19185948526369465,2.702024
0.19191345417656772,2.702173
0.19196742308944073,2.70229
0.19202139200231383,2.701731
0.19207536091518684,2.701868
0.19212932982805994,2.702225
0.19218329874093298,2.701828
0.19223726765380597,2.701638
0.19229123656667907,2.702184
0.1923452054795521,2.702459
0.19239917439242515,2.702566
0.19245314330529822,2.702573
0.1925071122181713,2.702015
0.1925610811310443,2.701774
0.19261505004391738,2.702072
0.1926690189567904,2.701883
0.19272298786966346,2.702063
0.19277695678253653,2.702569
0.19283092569540955,2.702247
0.19288489460828265,2.702162
0.1929388635211557,2.702569
0.19299283243402868,2.70251
0.1930468013469018,2.702376
0.1931007702597748,2.70278
0.1931547391726479,2.702353
0.19320870808552093,2.702136
0.19326267699839397,2.703033
0.19331664591126704,2.702574
0.19337061482414009,2.702609
0.1934245837370131,2.703102
0.19347855264988617,2.702884
0.1935325215627592,2.702605
0.19358649047563226,2.702816
0.19364045938850535,2.702009
0.19369442830137837,2.701899
0.19374839721425144,2.702493
0.1938023661271245,2.701992
0.1938563350399975,2.702058
0.1939103039528706,2.702234
0.1939642728657436,2.701764
0.19401824177861668,2.701595
0.19407221069148975,2.702267
0.19412617960436276,2.70194
0.19418014851723586,2.701796
0.19423411743010888,2.702455
0.19428808634298192,2.702085
0.194342055255855,2.701944
0.19439602416872806,2.702549
0.19444999308160107,2.702199
0.19450396199447414,2.702363
0.1945579309073472,2.702491
0.1946118998202202,2.702124
0.19466586873309333,2.702268
0.19471983764596631,2.702892
0.1947738065588394,2.702129
0.19482777547171246,2.702097
0.19488174438458547,2.702382
0.19493571329745857,2.702021
0.19498968221033156,2.70192
0.19504365112320463,2.702414
0.1950976200360777,2.702347
0.19515158894895074,2.702317
0.1952055578618238,2.702659
0.19525952677469682,2.702319
0.1953134956875699,2.702185
0.19536746460044296,2.702498
0.19542143351331598,2.70211
0.19547540242618902,2.702223
0.19552937133906212,2.702677
0.19558334025193513,2.702626
0.1956373091648082,2.702868
0.19569127807768127,2.703171
0.19574524699055426,2.702737
0.1957992159034274,2.702996
0.19585318481630037,2.703212
0.19590715372917344,2.702831
0.19596112264204651,2.702952
0.19601509155491956,2.703047
0.1960690604677926,2.702385
0.19612302938066567,2.702287
0.1961769982935387,2.70243
0.19623096720641173,2.702193
0.19628493611928483,2.702488
0.19633890503215784,2.702832
0.19639287394503094,2.702442
0.19644684285790395,2.702389
0.196500811770777,2.702624
0.1965547806836501,2.702323
0.19660874959652308,2.702662
0.19666271850939615,2.702733
0.1967166874222692,2.702698
0.19677065633514226,2.702518
0.19682462524801533,2.702765
0.19687859416088835,2.70273
0.19693256307376142,2.702564
0.1969865319866345,2.702867
0.1970405008995075,2.702764
0.19709446981238055,2.702655
0.19714843872525364,2.703206
0.19720240763812666,2.702865
0.1972563765509997,2.703001
0.19731034546387277,2.703274
0.1973643143767458,2.703064
0.1974182832896189,2.703208
0.1974722522024919,2.703709
0.19752622111536497,2.703248
0.19758019002823804,2.703116
0.19763415894111105,2.7035
0.19768812785398412,2.703288
0.19774209676685714,2.703317
0.1977960656797302,2.703567
0.19785003459260328,2.703457
0.19790400350547632,2.7034
0.19795797241834936,2.703205
0.19801194133122244,2.70288
0.19806591024409548,2.702993
0.19811987915696852,2.703489
0.19817384806984162,2.703037
0.1982278169827146,2.702663
0.1982817858955877,2.703178
0.19833575480846072,2.702998
0.19838972372133376,2.702969
0.19844369263420686,2.703401
0.19849766154707987,2.703076
0.19855163045995294,2.703015
0.19860559937282596,2.70335
0.19865956828569903,2.702958
0.19871353719857207,2.703033
0.1987675061114451,2.70316
0.19882147502431818,2.702677
0.19887544393719125,2.702826
0.1989294128500643,2.703142
0.1989833817629373,2.702956
0.19903735067581044,2.703272
0.19909131958868342,2.703281
0.19914528850155647,2.703198
0.19919925741442954,2.703198
0.19925322632730258,2.703629
0.19930719524017565,2.703184
0.19936116415304866,2.702995
0.19941513306592173,2.703189
0.1994691019787948,2.702898
0.19952307089166782,2.703035
0.1995770398045409,2.703648
0.19963100871741393,2.702668
0.199684977630287,2.702558
0.19973894654316002,2.702931
0.1997929154560331,2.7026
0.19984688436890613,2.703181
0.1999008532817792,2.703837
0.19995482219465224,2.70339
0.20000879110752529,2.703383
0.20006276002039836,2.703517
0.2001167289332714,2.703293
0.20017069784614447,2.703121
0.20022466675901748,2.703638
0.20027863567189053,2.703395
0.2003326045847636,2.703196
0.20038657349763664,2.703263
0.2004405424105097,2.702885
0.20049451132338275,2.702732
0.20054848023625582,2.703016
0.20060244914912884,2.703081
0.20065641806200188,2.702874
0.20071038697487495,2.702639
0.200764355887748,2.702254
0.20081832480062106,2.703196
0.2008722937134941,2.703357
0.2009262626263672,2.703186
0.2009802315392402,2.702815
0.20103420045211323,2.702796
0.2010881693649863,2.70243
0.20114213827785934,2.702805
0.20119610719073242,2.703062
0.20125007610360546,2.702901
0.20130404501647853,2.702987
0.20135801392935154,2.703408
0.2014119828422246,2.703179
0.20146595175509766,2.702956
0.2015199206679707,2.703016
0.20157388958084377,2.702672
0.2016278584937168,2.702717
0.20168182740658988,2.703084
0.2017357963194629,2.703006
0.20178976523233597,2.703035
0.201843734145209,2.703311
0.20189770305808205,2.703234
0.2019516719709551,2.70308
0.20200564088382816,2.703616
0.20205960979670123,2.703086
0.20211357870957428,2.702535
0.20216754762244732,2.702774
0.20222151653532036,2.702786
0.2022754854481934,2.702923
0.20232945436106647,2.70337
0.2023834232739395,2.702955
0.2024373921868126,2.703315
0.20249136109968563,2.703514
0.2025453300125587,2.703109
0.20259929892543171,2.703118
0.20265326783830476,2.703451
0.20270723675117783,2.703284
0.20276120566405087,2.703061
0.20281517457692394,2.703382
0.20286914348979698,2.703245
0.20292311240267005,2.703244
0.20297708131554304,2.703524
0.2030310502284161,2.703461
0.20308501914128918,2.703528
0.20313898805416222,2.703573
0.2031929569670353,2.703596
0.20324692587990828,2.703362
0.2033008947927814,2.703631
0.20335486370565442,2.703739
0.20340883261852744,2.703417
0.20346280153140053,2.70343
0.20351677044427358,2.703129
0.20357073935714665,2.703249
0.2036247082700197,2.70328
0.20367867718289276,2.703016
0.20373264609576577,2.703088
0.20378661500863882,2.703462
0.20384058392151186,2.702976
0.20389455283438493,2.703129
0.203948521747258,2.703508
0.20400249066013101,2.703047
0.2040564595730041,2.70312
0.20411042848587715,2.703253
0.20416439739875017,2.702995
0.20421836631162324,2.703176
0.20427233522449625,2.703374
0.20432630413736935,2.703001
0.2043802730502424,2.703302
0.20443424196311544,2.703549
0.2044882108759885,2.703146
0.20454217978886152,2.703315
0.2045961487017346,2.703543
0.20465011761460764,2.703402
0.2047040865274807,2.703423
0.20475805544035375,2.703887
0.20481202435322682,2.703398
0.2048659932660998,2.703689
0.20491996217897288,2.704087
0.20497393109184595,2.703901
0.20502790000471896,2.703721
0.20508186891759206,2.70391
0.20513583783046507,2.703299
0.20518980674333817,2.70313
0.2052437756562112,2.703474
0.2052977445690842,2.703332
0.2053517134819573,2.70321
0.20540568239483034,2.703276
0.20545965130770338,2.703114
0.20551362022057645,2.703324
0.20556758913344952,2.703688
0.20562155804632254,2.703089
0.20567552695919558,2.702698
0.20572949587206862,2.702714
0.2057834647849417,2.702204
0.20583743369781476,2.702201
0.20589140261068778,2.702898
0.20594537152356088,2.702502
0.20599934043643392,2.702505
0.2060533093493069,2.702873
0.20610727826218003,2.702713
0.20616124717505302,2.702622
0.20621521608792612,2.702709
0.20626918500079916,2.702541
0.2063231539136722,2.702542
0.20637712282654527,2.702531
0.20643109173941832,2.702091
0.20648506065229133,2.702288
0.2065390295651644,2.702867
0.20659299847803744,2.702483
0.20664696739091049,2.702506
0.20670093630378358,2.70298
0.2067549052166566,2.702293
0.20680887412952967,2.702254
0.20686284304240274,2.702584
0.20691681195527573,2.702112
0.20697078086814882,2.702184
0.20702474978102184,2.702883
0.2070787186938949,2.702745
0.20713268760676798,2.702777
0.20718665651964102,2.703268
0.2072406254325141,2.702837
0.2072945943453871,2.702447
0.20734856325826015,2.702708
0.20740253217113322,2.702495
0.2074565010840063,2.70264
0.2075104699968793,2.702824
0.2075644389097524,2.702873
0.20761840782262542,2.70313
0.20767237673549843,2.703214
0.20772634564837153,2.703051
0.20778031456124454,2.703298
0.20783428347411764,2.703547
0.20788825238699069,2.70303
0.20794222129986373,2.702984
0.2079961902127368,2.703472
0.20805015912560978,2.703176
0.20810412803848286,2.703462
0.20815809695135593,2.70382
0.20821206586422897,2.703235
0.20826603477710204,2.702829
0.2083200036899751,2.702913
0.20837397260284812,2.702647
0.2084279415157212,2.702659
0.2084819104285942,2.703015
0.20853587934146725,2.702687
0.20858984825434035,2.70294
0.20864381716721336,2.703077
0.20869778608008643,2.702467
0.2087517549929595,2.702427
0.2088057239058325,2.7029
0.20885969281870562,2.702603
0.2089136617315786,2.702468
0.20896763064445167,2.703136
0.20902159955732474,2.702906
0.2090755684701978,2.702762
0.20912953738307083,2.702661
0.2091835062959439,2.702223
0.20923747520881691,2.702478
0.20929144412168998,2.702684
0.20934541303456305,2.702122
0.20939938194743607,2.702084
0.20945335086030917,2.70196
0.20950731977318218,2.701798
0.20956128868605522,2.702368
0.20961525759892832,2.702759
0.2096692265118013,2.702223
0.20972319542467438,2.702193
0.20977716433754742,2.702497
0.2098311332504205,2.702155
0.20988510216329356,2.701645
0.20993907107616658,2.701666
0.20999303998903965,2.701681
0.21004700890191272,2.70186
0.21010097781478573,2.702135
0.21015494672765878,2.701547
0.21020891564053187,2.701593
0.2102628845534049,2.701804
0.21031685346627793,2.701437
0.210370822379151,2.701595
0.21042479129202402,2.701821
0.21047876020489714,2.701332
0.21053272911777013,2.701351
0.2105866980306432,2.70153
0.21064066694351627,2.701198
0.21069463585638928,2.701354
0.21074860476926235,2.701634
0.21080257368213537,2.700547
0.21085654259500844,2.70057
0.2109105115078815,2.700694
0.21096448042075455,2.700243
0.2110184493336276,2.700064
0.21107241824650066,2.700339
0.2111263871593737,2.700193
0.21118035607224672,2.700179
0.21123432498511985,2.700379
0.21128829389799283,2.699877
0.21134226281086593,2.699942
0.21139623172373895,2.700125
0.211450200636612,2.699876
0.2115041695494851,2.699861
0.2115581384623581,2.70017
0.21161210737523115,2.699666
0.2116660762881042,2.699951
0.21172004520097726,2.700268
0.2117740141138503,2.699984
0.21182798302672334,2.699994
0.2118819519395964,2.70049
0.21193592085246948,2.700296
0.21198988976534253,2.700459
0.21204385867821554,2.700923
0.21209782759108864,2.700434
0.21215179650396165,2.70039
0.2122057654168347,2.701032
0.21225973432970777,2.700811
0.2123137032425808,2.700872
0.2123676721554539,2.701028
0.2124216410683269,2.700943
0.21247560998119996,2.70091
0.21252957889407303,2.701606
0.21258354780694608,2.701456
0.21263751671981912,2.70147
0.21269148563269216,2.702079
0.21274545454556523,2.701402
0.21279942345843825,2.701106
0.21285339237131132,2.701139
0.21290736128418436,2.700963
0.21296133019705746,2.701115
0.21301529910993047,2.701628
0.21306926802280352,2.701267
0.21312323693567659,2.700902
0.2131772058485496,2.701549
0.21323117476142267,2.701247
0.2132851436742957,2.701303
0.21333911258716878,2.70141
0.21339308150004183,2.701272
0.21344705041291487,2.701177
0.21350101932578794,2.701497
0.21355498823866098,2.701382
0.21360895715153402,2.701413
0.21366292606440707,2.701726
0.21371689497728014,2.701371
0.21377086389015318,2.701164
0.21382483280302622,2.701288
0.2138788017158993,2.701035
0.21393277062877233,2.701136
0.21398673954164543,2.701442
0.21404070845451842,2.701248
0.2140946773673915,2.7011
0.21414864628026453,2.701274
0.21420261519313757,2.70066
0.21425658410601064,2.700991
0.2143105530188837,2.701423
0.21436452193175676,2.700671
0.21441849084462977,2.701028
0.21447245975750284,2.701102
0.21452642867037588,2.700639
0.21458039758324893,2.700939
0.214634366496122,2.70117
0.21468833540899504,2.700749
0.2147423043218681,2.700522
0.21479627323474113,2.700561
0.2148502421476142,2.700892
0.21490421106048724,2.701389
0.21495817997336028,2.701642
0.21501214888623332,2.701737
0.2150661177991064,2.701887
0.21512008671197946,2.702158
0.21517405562485248,2.701664
0.21522802453772555,2.701518
0.2152819934505986,2.701718
0.21533596236347163,2.701262
0.2153899312763447,2.701073
0.21544390018921772,2.701323
0.21549786910209082,2.700983
0.21555183801496386,2.700874
0.2156058069278369,2.701371
0.21565977584070994,2.701169
0.215713744753583,2.701377
0.21576771366645606,2.701545
0.2158216825793291,2.700917
0.21587565149220217,2.701174
0.2159296204050752,2.701781
0.21598358931794828,2.701336
0.21603755823082127,2.701165
0.21609152714369434,2.701651
0.2161454960565674,2.701321
0.21619946496944045,2.701571
0.21625343388231352,2.701509
0.2163074027951865,2.701367
0.21636137170805964,2.701421
0.21641534062093265,2.701592
0.21646930953380566,2.701132
0.21652327844667876,2.701171
0.2165772473595518,2.701384
0.21663121627242488,2.7012
0.21668518518529792,2.701228
0.216739154098171,2.701787
0.216793123011044,2.70145
0.21684709192391705,2.701398
0.2169010608367901,2.70193
0.21695502974966316,2.701419
0.21700899866253623,2.701525
0.21706296757540924,2.70187
0.21711693648828234,2.701533
0.21717090540115536,2.701249
0.2172248743140284,2.701336
0.21727884322690147,2.700988
0.21733281213977448,2.701634
0.21738678105264758,2.70181
0.21744074996552062,2.701634
0.21749471887839367,2.701377
0.2175486877912667,2.701634
0.21760265670413975,2.701381
0.21765662561701282,2.701795
0.21771059452988586,2.701863
0.21776456344275893,2.701421
0.21781853235563198,2.701458
0.21787250126850505,2.701697
0.21792647018137803,2.701341
0.2179804390942511,2.701314
0.21803440800712418,2.701524
0.2180883769199972,2.7013
0.2181423458328703,2.701065
0.2181963147457433,2.701425
0.2182502836586164,2.701109
0.21830425257148944,2.70118
0.21835822148436246,2.701323
0.21841219039723553,2.701404
0.21846615931010857,2.701348
0.2185201282229816,2.701408
0.21857409713585468,2.701015
0.21862806604872775,2.701178
0.2186820349616008,2.701697
0.21873600387447387,2.701111
0.21878997278734685,2.701198
0.21884394170021992,2.701622
0.218897910613093,2.701446
0.218951879525966,2.701463
0.2190058484388391,2.701912
0.21905981735171215,2.701897
0.21911378626458516,2.701853
0.21916775517745823,2.70162
0.21922172409033125,2.701287
0.21927569300320435,2.701569
0.2193296619160774,2.70154
0.21938363082895043,2.700998
0.2194375997418235,2.701105
0.21949156865469657,2.701434
0.21954553756756956,2.701426
0.21959950648044263,2.70134
0.21965347539331567,2.701162
0.21970744430618872,2.700999
0.2197614132190618,2.701312
0.21981538213193483,2.701675
0.21986935104480793,2.701395
0.21992331995768097,2.701357
0.21997728887055396,2.701129
0.22003125778342705,2.700717
0.22008522669630007,2.70093
0.22013919560917314,2.701227
0.2201931645220462,2.701209
0.22024713343491925,2.701588
0.22030110234779232,2.701655
0.22035507126066534,2.701152
0.22040904017353838,2.700895
0.22046300908641145,2.701039
0.22051697799928452,2.700952
0.22057094691215753,2.700844
0.22062491582503063,2.700484
0.22067888473790362,2.700254
0.22073285365077666,2.700673
0.22078682256364976,2.700668
0.22084079147652277,2.70027
0.22089476038939587,2.700363
0.22094872930226891,2.700105
0.22100269821514196,2.69946
0.22105666712801503,2.699483
0.22111063604088801,2.699316
0.22116460495376108,2.699251
0.22121857386663416,2.699674
0.2212725427795072,2.699868
0.22132651169238027,2.699747
0.22138048060525334,2.700218
0.22143444951812635,2.700208
0.22148841843099942,2.699948
0.22154238734387244,2.700267
0.22159635625674548,2.700389
0.22165032516961858,2.700514
0.2217042940824916,2.700785
0.2217582629953647,2.700524
0.22181223190823773,2.700705
0.22186620082111072,2.700565
0.22192016973398385,2.700886
0.22197413864685683,2.70107
0.2220281075597299,2.701132
0.22208207647260297,2.700963
0.22213604538547602,2.700536
0.22219001429834906,2.699978
0.22224398321122213,2.699164
0.22229795212409514,2.698786
0.22235192103696821,2.698778
0.22240588994984128,2.698254
0.2224598588627143,2.697907
0.2225138277755874,2.698191
0.2225677966884604,2.698533
0.22262176560133343,2.698866
0.22267573451420655,2.699196
0.22272970342707954,2.699307
0.2227836723399526,2.699394
0.22283764125282565,2.699662
0.22289161016569872,2.699622
0.2229455790785718,2.699652
0.2229995479914448,2.700173
0.22305351690431785,2.6998
0.22310748581719092,2.698908
0.22316145473006396,2.699399
0.223215423642937,2.699612
0.2232693925558101,2.699728
0.22332336146868312,2.70007
0.2233773303815562,2.699615
0.22343129929442923,2.699141
0.22348526820730225,2.699246
0.22353923712017534,2.69871
0.22359320603304836,2.69858
0.22364717494592143,2.698757
0.2237011438587945,2.698523
0.2237551127716675,2.698876
0.22380908168454058,2.699376
0.2238630505974136,2.699954
0.22391701951028667,2.699712
0.22397098842315974,2.700186
0.22402495733603278,2.699753
0.22407892624890582,2.699439
0.22413289516177892,2.699725
0.22418686407465194,2.699491
0.22424083298752495,2.699522
0.22429480190039808,2.699761
0.22434877081327106,2.699717
0.22440273972614416,2.700166
0.22445670863901718,2.700298
0.22451067755189025,2.699958
0.22456464646476332,2.699646
0.2246186153776363,2.70032
0.22467258429050938,2.700536
0.22472655320338242,2.700401
0.2247805221162555,2.700804
0.22483449102912853,2.700747
0.2248884599420016,2.700887
0.22494242885487464,2.701107
0.2249963977677477,2.700451
0.22505036668062073,2.700451
0.22510433559349377,2.70056
0.22515830450636687,2.700299
0.22521227341923988,2.700358
0.22526624233211295,2.700732
0.225320211244986,2.701082
0.22537418015785904,2.700714
0.22542814907073214,2.701206
0.22548211798360512,2.70074
0.2255360868964782,2.700274
0.22559005580935126,2.700319
0.2256440247222243,2.699966
0.22569799363509735,2.699654
0.2257519625479704,2.700079
0.22580593146084346,2.700075
0.22585990037371648,2.69991
0.22591386928658955,2.700472
0.2259678381994626,2.700377
0.2260218071123357,2.700703
0.2260757760252087,2.701688
0.22612974493808174,2.701563
0.22618371385095482,2.701007
0.22623768276382783,2.701216
0.2262916516767009,2.700719
0.22634562058957394,2.700272
0.226399589502447,2.700267
0.22645355841532008,2.699851
0.2265075273281931,2.70017
0.22656149624106617,2.700362
0.22661546515393918,2.699632
0.22666943406681225,2.69958
0.2267234029796853,2.699954
0.22677737189255837,2.6992
0.2268313408054314,2.699317
0.22688530971830445,2.699674
0.22693927863117752,2.69887
0.22699324754405054,2.698493
0.22704721645692366,2.698628
0.22710118536979665,2.698195
0.22715515428266972,2.698369
0.22720912319554276,2.698876
0.2272630921084158,2.69861
0.22731706102128887,2.698372
0.22737102993416192,2.698397
0.227424998847035,2.698114
0.227478967759908,2.697572
0.22753293667278107,2.697778
0.22758690558565411,2.697696
0.22764087449852716,2.697594
0.22769484341140023,2.697764
0.22774881232427327,2.697294
0.22780278123714634,2.697573
0.22785675015001935,2.697746
0.22791071906289243,2.697804
0.22796468797576547,2.697868
0.2280186568886385,2.69829
0.22807262580151158,2.698034
0.22812659471438462,2.69742
0.2281805636272577,2.698249
0.2282345325401307,2.697894
0.22828850145300378,2.698161
0.22834247036587682,2.698406
0.22839643927874986,2.698224
0.22845040819162293,2.698442
0.22850437710449592,2.69885
0.22855834601736905,2.698764
0.22861231493024206,2.698591
0.22866628384311513,2.698827
0.22872025275598817,2.698831
0.22877422166886122,2.69829
0.2288281905817343,2.698358
0.22888215949460733,2.697564
0.2289361284074804,2.697596
0.22899009732035341,2.697923
0.22904406623322648,2.697528
0.2290980351460995,2.697757
0.22915200405897257,2.697861
0.22920597297184564,2.697704
0.22925994188471868,2.697578
0.22931391079759175,2.697891
0.22936787971046474,2.697822
0.22942184862333787,2.697874
0.22947581753621088,2.698259
0.2295297864490839,2.697656
0.229583755361957,2.697349
0.22963772427483004,2.697874
0.2296916931877031,2.697492
0.22974566210057615,2.697793
0.22979963101344922,2.698325
0.22985359992632223,2.69779
0.2299075688391953,2.697573
0.22996153775206832,2.697821
0.2300155066649414,2.697505
0.23006947557781446,2.69776
0.23012344449068745,2.698145
0.23017741340356057,2.697987
0.23023138231643359,2.69748
0.23028535122930666,2.697897
0.2303393201421797,2.697624
0.2303932890550527,2.697893
0.2304472579679258,2.698226
0.23050122688079885,2.698222
0.23055519579367187,2.698407
0.23060916470654494,2.698982
0.230663133619418,2.69885
0.23071710253229105,2.699068
0.2307710714451641,2.699292
0.23082504035803716,2.69898
0.2308790092709102,2.698984
0.23093297818378328,2.699497
0.23098694709665626,2.699118
0.23104091600952936,2.698884
0.2310948849224024,2.699743
0.23114885383527542,2.699515
0.23120282274814852,2.699184
0.23125679166102153,2.699451
0.23131076057389463,2.698813
0.23136472948676767,2.699101
0.2314186983996407,2.699516
0.23147266731251376,2.698945
0.2315266362253868,2.698585
0.23158060513825984,2.698868
0.2316345740511329,2.698679
0.23168854296400598,2.698514
0.23174251187687903,2.699105
0.2317964807897521,2.698554
0.23185044970262508,2.698384
0.23190441861549815,2.698954
0.23195838752837122,2.69844
0.23201235644124424,2.698352
0.23206632535411734,2.698524
0.23212029426699038,2.698503
0.2321742631798634,2.698734
0.23222823209273646,2.699273
0.23228220100560948,2.698911
0.23233616991848258,2.69882
0.23239013883135562,2.699198
0.23244410774422866,2.698705
0.23249807665710173,2.698674
0.2325520455699748,2.698914
0.2326060144828478,2.698981
0.23265998339572086,2.69881
0.2327139523085939,2.699259
0.23276792122146697,2.698791
0.23282189013434004,2.698998
0.23287585904721306,2.699242
0.23292982796008616,2.698725
0.23298379687295917,2.698783
0.23303776578583218,2.69893
0.23309173469870528,2.698885
0.2331457036115783,2.698507
0.23319967252445137,2.698659
0.23325364143732444,2.69858
0.23330761035019748,2.698251
0.23336157926307055,2.698902
0.23341554817594357,2.698575
0.2334695170888166,2.698306
0.23352348600168968,2.69846
0.23357745491456275,2.697935
0.23363142382743576,2.697603
0.23368539274030886,2.697115
0.23373936165318185,2.69673
0.2337933305660549,2.696841
0.233847299478928,2.697127
0.233901268391801,2.696593
0.2339552373046741,2.69682
0.23400920621754714,2.697157
0.2340631751304202,2.696772
0.23411714404329326,2.697011
0.23417111295616624,2.69718
0.23422508186903931,2.697002
0.23427905078191238,2.697089
0.23433301969478543,2.69742
0.2343869886076585,2.697064
0.23444095752053157,2.697062
0.23449492643340455,2.697091
0.23454889534627762,2.696377
0.23460286425915067,2.696245
0.2346568331720237,2.696284
0.2347108020848968,2.69605
0.23476477099776982,2.696179
0.23481873991064292,2.696519
0.23487270882351596,2.696346
0.23492667773638895,2.696553
0.23498064664926205,2.696675
0.23503461556213506,2.696069
0.23508858447500813,2.695922
0.2351425533878812,2.696538
0.23519652230075425,2.696578
0.2352504912136273,2.696649
0.2353044601265004,2.696667
0.23535842903937337,2.696359
0.23541239795224644,2.696555
0.23546636686511951,2.696846
0.23552033577799253,2.696641
0.23557430469086563,2.696568
0.23562827360373864,2.69701
0.2356822425166117,2.696592
0.23573621142948478,2.696802
0.23579018034235777,2.696966
0.23584414925523087,2.69641
0.23589811816810388,2.696617
0.23595208708097695,2.696807
0.23600605599385002,2.696544
0.23606002490672306,2.696963
0.23611399381959608,2.697392
0.23616796273246915,2.697005
0.2362219316453422,2.697091
0.23627590055821523,2.697552
0.23632986947108833,2.697072
0.23638383838396135,2.697366
0.23643780729683445,2.697599
0.23649177620970743,2.697283
0.23654574512258048,2.697122
0.23659971403545357,2.697346
0.2366536829483266,2.696887
0.23670765186119966,2.696994
0.23676162077407273,2.697242
0.23681558968694577,2.69702
0.2368695585998188,2.696984
0.23692352751269183,2.697305
0.2369774964255649,2.697528
0.23703146533843797,2.697548
0.237085434251311,2.697577
0.23713940316418405,2.696867
0.23719337207705715,2.697049
0.23724734098993017,2.697351
0.23730130990280318,2.696986
0.2373552788156763,2.696888
0.2374092477285493,2.697427
0.2374632166414224,2.696849
0.2375171855542954,2.696403
0.23757115446716848,2.69677
0.23762512338004155,2.696157
0.23767909229291453,2.696317
0.2377330612057876,2.696631
0.23778703011866065,2.696364
0.23784099903153372,2.695844
0.23789496794440676,2.6961
0.23794893685727983,2.696206
0.23800290577015287,2.696225
0.23805687468302594,2.696644
0.23811084359589896,2.69634
0.238164812508772,2.696496
0.2382187814216451,2.696725
0.2382727503345181,2.696269
0.23832671924739118,2.696286
0.23838068816026423,2.696674
0.23843465707313724,2.696191
0.23848862598601037,2.695989
0.23854259489888335,2.696136
0.23859656381175642,2.695534
0.2386505327246295,2.695508
0.23870450163750254,2.696067
0.23875847055037558,2.695437
0.23881243946324862,2.695324
0.2388664083761217,2.695591
0.2389203772889947,2.695485
0.23897434620186778,2.695266
0.23902831511474082,2.695443
0.23908228402761392,2.695152
0.23913625294048693,2.69539
0.23919022185335997,2.69554
0.23924419076623304,2.695092
0.23929815967910606,2.695313
0.23935212859197913,2.695643
0.23940609750485217,2.695205
0.23946006641772524,2.69525
0.2395140353305983,2.69547
0.23956800424347133,2.694502
0.2396219731563444,2.69485
0.2396759420692174,2.695157
0.23972991098209048,2.694843
0.23978387989496353,2.694923
0.2398378488078366,2.695453
0.23989181772070964,2.695196
0.23994578663358268,2.6949
0.23999975554645575,2.69563
0.24005372445932877,2.695132
0.2401076933722019,2.694902
0.24016166228507488,2.695359
0.24021563119794795,2.69481
0.240269600110821,2.695297
0.24032356902369403,2.696029
0.2403775379365671,2.695789
0.24043150684944012,2.695985
0.2404854757623132,2.696182
0.24053944467518626,2.696099
0.2405934135880593,2.696009
0.24064738250093234,2.69624
0.2407013514138054,2.696023
0.24075532032667846,2.695834
0.2408092892395515,2.696539
0.24086325815242454,2.696757
0.24091722706529758,2.696625
0.24097119597817065,2.696874
0.2410251648910437,2.696567
0.24107913380391677,2.696524
0.2411331027167898,2.696898
0.24118707162966285,2.696837
0.24124104054253592,2.696656
0.24129500945540894,2.696864
0.241348978368282,2.696504
0.24140294728115505,2.696548
0.24145691619402812,2.697255
0.24151088510690116,2.697235
0.24156485401977415,2.69724
0.24161882293264728,2.69698
0.2416727918455203,2.696305
0.24172676075839336,2.696513
0.2417807296712664,2.696675
0.24183469858413947,2.696258
0.24188866749701252,2.696212
0.24194263640988556,2.696537
0.24199660532275863,2.696313
0.24205057423563164,2.696091
0.24210454314850471,2.696635
0.24215851206137776,2.696429
0.24221248097425083,2.696354
0.24226644988712387,2.69646
0.2423204187999969,2.69587
0.24237438771286998,2.696049
0.24242835662574297,2.696298
0.24248232553861607,2.696154
0.2425362944514891,2.695872
0.24259026336436215,2.696094
0.24264423227723522,2.695881
0.24269820119010826,2.696161
0.24275217010298134,2.696113
0.24280613901585438,2.695819
0.24286010792872742,2.695698
0.24291407684160046,2.69587
0.24296804575447353,2.695501
0.24302201466734655,2.695501
0.24307598358021962,2.695853
0.2431299524930927,2.695645
0.24318392140596568,2.695647
0.2432378903188388,2.695741
0.24329185923171182,2.695531
0.24334582814458489,2.695654
0.24339979705745793,2.696005
0.24345376597033094,2.695685
0.24350773488320404,2.695801
0.24356170379607708,2.696006
0.2436156727089501,2.695798
0.24366964162182317,2.695541
0.24372361053469624,2.695677
0.24377757944756928,2.695142
0.24383154836044232,2.695168
0.2438855172733154,2.695518
0.24393948618618844,2.695404
0.2439934550990615,2.695285
0.2440474240119345,2.695564
0.2441013929248076,2.695219
0.24415536183768063,2.695774
0.24420933075055365,2.696007
0.24426329966342675,2.695621
0.24431726857629976,2.695595
0.24437123748917286,2.695846
0.24442520640204587,2.695483
0.24447917531491892,2.695792
0.244533144227792,2.696124
0.24458711314066503,2.696013
0.24464108205353807,2.69623
0.24469505096641114,2.696445
0.2447490198792842,2.69611
0.24480298879215726,2.696306
0.2448569577050303,2.696754
0.2449109266179033,2.695943
0.24496489553077638,2.695757
0.24501886444364945,2.696322
0.24507283335652247,2.696222
0.24512680226939557,2.695962
0.2451807711822686,2.696277
0.24523474009514168,2.695767
0.2452887090080147,2.695683
0.2453426779208877,2.695758
0.2453966468337608,2.695421
0.24545061574663385,2.695568
0.2455045846595069,2.695477
0.24555855357237996,2.695313
0.24561252248525303,2.695296
0.24566649139812602,2.695868
0.2457204603109991,2.695301
0.24577442922387213,2.695153
0.2458283981367452,2.695212
0.24588236704961827,2.694977
0.24593633596249126,2.694856
0.24599030487536439,2.695302
0.2460442737882374,2.694842
0.24609824270111041,2.694911
0.2461522116139835,2.695139
0.24620618052685653,2.694825
0.2462601494397296,2.694452
0.24631411835260267,2.694819
0.24636808726547568,2.694218
0.24642205617834875,2.694439
0.2464760250912218,2.694439
0.24652999400409484,2.69426
0.2465839629169679,2.694273
0.24663793182984098,2.694375
0.246691900742714,2.694353
0.2467458696555871,2.694341
0.24679983856846008,2.694476
0.24685380748133318,2.694319
0.24690777639420622,2.694374
0.24696174530707923,2.694761
0.24701571421995233,2.694476
0.24706968313282537,2.694308
0.24712365204569842,2.694401
0.2471776209585715,2.694217
0.24723158987144456,2.694049
0.24728555878431754,2.694611
0.24733952769719061,2.694095
0.24739349661006366,2.694141
0.24744746552293673,2.694542
0.2475014344358098,2.694257
0.24755540334868278,2.693821
0.2476093722615559,2.693875
0.2476633411744289,2.693826
0.24771731008730194,2.694183
0.24777127900017504,2.694701
0.24782524791304805,2.694152
0.24787921682592115,2.693979
0.2479331857387942,2.694368
0.2479871546516672,2.69411
0.24804112356454028,2.694125
0.2480950924774133,2.694375
0.24814906139028636,2.693913
0.24820303030315943,2.694049
0.24825699921603248,2.694503
0.24831096812890552,2.694152
0.24836493704177862,2.694397
0.2484189059546516,2.694699
0.24847287486752467,2.694497
0.24852684378039774,2.694587
0.24858081269327076,2.694693
0.24863478160614386,2.694309
0.24868875051901687,2.694503
0.24874271943188994,2.694724
0.24879668834476298,2.694516
0.248850657257636,2.694523
0.2489046261705091,2.695117
0.2489585950833821,2.694844
0.24901256399625518,2.694757
0.24906653290912825,2.694884
0.2491205018220013,2.694548
0.2491744707348743,2.694462
0.24922843964774738,2.694564
0.24928240856062042,2.694014
0.24933637747349346,2.693855
0.24939034638636656,2.693979
0.24944431529923958,2.693515
0.24949828421211268,2.693352
0.24955225312498566,2.693526
0.2496062220378587,2.693319
0.2496601909507318,2.69346
0.24971415986360482,2.693607
0.2497681287764779,2.693372
0.24982209768935096,2.693846
0.249876066602224,2.694213
0.24993003551509707,2.693685
0.24998400442797006,2.693891
0.25003797334084316,2.694253
0.2500919422537162,2.694557
0.25014591116658924,2.69482
0.25019988007946226,2.69493
0.2502538489923354,2.694522
0.2503078179052084,2.694441
0.2503617868180814,2.694834
0.25041575573095454,2.694941
0.25046972464382755,2.694866
0.2505236935567006,2.695259
0.25057766246957364,2.69488
0.2506316313824467,2.69473
0.2506856002953198,2.695117
0.2507395692081928,2.694713
0.25079353812106586,2.694883
0.2508475070339389,2.694933
0.25090147594681195,2.694522
0.25095544485968496,2.694522
0.25100941377255803,2.694591
0.2510633826854311,2.694216
0.2511173515983042,2.693756
0.2511713205111772,2.694111
0.25122528942405026,2.693979
0.25127925833692333,2.693981
0.25133322724979634,2.694128
0.2513871961626694,2.693871
0.2514411650755424,2.694091
0.2514951339884155,2.69446
0.25154910290128857,2.694113
0.2516030718141616,2.694318
0.25165704072703465,2.694857
0.2517110096399077,2.694674
0.25176497855278074,2.69468
0.2518189474656538,2.695076
0.2518729163785268,2.694607
0.2519268852913999,2.694602
0.25198085420427296,2.695423
0.25203482311714603,2.695266
0.25208879203001905,2.695212
0.2521427609428922,2.695324
0.25219672985576513,2.6951
0.2522506987686382,2.694561
0.2523046676815113,2.694669
0.2523586365943843,2.694563
0.25241260550725736,2.694356
0.25246657442013043,2.694956
0.25252054333300344,2.694914
0.2525745122458765,2.694841
0.2526284811587496,2.694956
0.2526824500716226,2.694932
0.25273641898449567,2.695028
0.25279038789736874,2.695323
0.25284435681024175,2.694861
0.2528983257231148,2.695597
0.25295229463598784,2.69575
0.25300626354886097,2.695326
0.253060232461734,2.695464
0.253114201374607,2.695742
0.2531681702874801,2.695726
0.25322213920035314,2.695496
0.2532761081132262,2.695914
0.2533300770260992,2.69596
0.2533840459389723,2.695746
0.2534380148518453,2.696148
0.2534919837647184,2.695416
0.25354595267759145,2.695509
0.2535999215904645,2.695883
0.25365389050333753,2.695559
0.25370785941621055,2.695684
0.25376182832908367,2.695836
0.2538157972419567,2.695576
0.2538697661548297,2.695507
0.25392373506770277,2.696119
0.25397770398057584,2.695807
0.2540316728934489,2.695709
0.2540856418063219,2.69614
0.254139610719195,2.695904
0.254193579632068,2.695591
0.2542475485449411,2.696018
0.25430151745781415,2.695786
0.25435548637068717,2.695781
0.25440945528356024,2.696372
0.2544634241964333,2.695857
0.2545173931093063,2.695696
0.2545713620221794,2.69615
0.2546253309350524,2.695376
0.2546792998479255,2.69524
0.25473326876079855,2.695347
0.2547872376736716,2.695101
0.25484120658654463,2.695138
0.2548951754994177,2.695072
0.2549491444122907,2.694737
0.2550031133251638,2.694552
0.25505708223803686,2.694981
0.2551110511509099,2.694874
0.25516502006378294,2.69479
0.255218988976656,2.694913
0.2552729578895291,2.694462
0.2553269268024021,2.694612
0.2553808957152751,2.69502
0.2554348646281482,2.69479
0.2554888335410212,2.694774
0.2555428024538943,2.694899
0.25559677136676734,2.694826
0.25565074027964035,2.694964
0.2557047091925134,2.694931
0.2557586781053865,2.694647
0.25581264701825956,2.694865
0.2558666159311326,2.694972
0.25592058484400565,2.694411
0.2559745537568787,2.694385
0.2560285226697518,2.694499
0.25608249158262475,2.694484
0.2561364604954978,2.694808
0.2561904294083709,2.694875
0.25624439832124396,2.694652
0.25629836723411703,2.694522
0.25635233614699005,2.694924
0.2564063050598631,2.694466
0.2564602739727362,2.694706
0.25651424288560914,2.694868
0.25656821179848227,2.693983
0.2566221807113553,2.693924
0.25667614962422836,2.694357
0.2567301185371014,2.69414
0.2567840874499745,2.694363
0.2568380563628475,2.694803
0.2568920252757205,2.694333
0.2569459941885936,2.694367
0.25699996310146667,2.694493
0.25705393201433974,2.694132
0.25710790092721275,2.694376
0.2571618698400858,2.694538
0.2572158387529589,2.694107
0.2572698076658319,2.693792
0.257323776578705,2.694235
0.257377745491578,2.694234
0.25743171440445106,2.694296
0.25748568331732413,2.694412
0.25753965223019715,2.694144
0.2575936211430702,2.693884
0.25764759005594323,2.69404
0.2577015589688163,2.69323
0.2577555278816894,2.69301
0.25780949679456244,2.693072
0.25786346570743546,2.692494
0.2579174346203085,2.692773
0.25797140353318154,2.693187
0.25802537244605467,2.692839
0.2580793413589277,2.693284
0.2581333102718007,2.693376
0.25818727918467377,2.693109
0.25824124809754684,2.693023
0.2582952170104199,2.693302
0.2583491859232929,2.693337
0.258403154836166,2.69363
0.25845712374903906,2.693737
0.2585110926619121,2.693773
0.2585650615747851,2.693996
0.25861903048765816,2.69428
0.25867299940053123,2.694078
0.25872696831340425,2.694351
0.2587809372262774,2.693772
0.25883490613915033,2.693682
0.2588888750520234,2.693487
0.2589428439648965,2.693671
0.2589968128777695,2.693658
0.2590507817906426,2.693668
0.25910475070351563,2.693664
0.2591587196163887,2.69363
0.25921268852926177,2.693433
0.25926665744213473,2.693802
0.25932062635500785,2.693537
0.25937459526788087,2.693986
0.25942856418075394,2.694238
0.259482533093627,2.693998
0.2595365020065001,2.693914
0.25959047091937304,2.694091
0.2596444398322461,2.694126
0.2596984087451192,2.694302
0.2597523776579922,2.694095
0.2598063465708653,2.693802
0.25986031548373834,2.694237
0.2599142843966114,2.694388
0.2599682533094845,2.693692
0.26002222222235744,2.694252
0.26007619113523056,2.6943
0.2601301600481036,2.693984
0.26018412896097665,2.694115
0.2602380978738497,2.694001
0.2602920667867228,2.69401
0.2603460356995958,2.694287
0.26040000461246887,2.694493
0.2604539735253419,2.694201
0.26050794243821496,2.694358
0.260561911351088,2.694512
0.26061588026396104,2.694307
0.2606698491768341,2.694458
0.2607238180897071,2.694406
0.26077778700258014,2.694463
0.26083175591545327,2.694338
0.2608857248283263,2.694227
0.26093969374119935,2.694088
0.2609936626540724,2.694207
0.26104763156694544,2.693818
0.2611016004798185,2.693536
0.2611555693926915,2.694089
0.2612095383055646,2.693758
0.26126350721843766,2.6938
0.2613174761313107,2.693918
0.26137144504418375,2.693848
0.2614254139570568,2.693688
0.26147938286992983,2.693642
0.2615333517828029,2.693205
0.261587320695676,2.693294
0.261641289608549,2.693007
0.26169525852142206,2.692369
0.2617492274342951,2.692567
0.26180319634716814,2.692512
0.2618571652600412,2.692642
0.26191113417291423,2.692372
0.26196510308578735,2.692467
0.2620190719986603,2.691987
0.2620730409115334,2.691814
0.26212700982440645,2.691919
0.2621809787372795,2.69161
0.26223494765015254,2.69154
0.2622889165630256,2.691822
0.2623428854758987,2.691987
0.2623968543887717,2.691935
0.26245082330164476,2.692462
0.2625047922145178,2.692357
0.2625587611273909,2.692176
0.2626127300402639,2.692295
0.26266669895313693,2.692232
0.26272066786601006,2.692287
0.262774636778883,2.692484
0.2628286056917561,2.692241
0.26288257460462916,2.691911
0.26293654351750223,2.692034
0.2629905124303753,2.69227
0.2630444813432483,2.692344
0.2630984502561214,2.692366
0.26315241916899446,2.692494
0.26320638808186747,2.692557
0.2632603569947405,2.692737
0.2633143259076136,2.692467
0.2633682948204866,2.692321
0.26342226373335964,2.692701
0.26347623264623277,2.692489
0.2635302015591057,2.692894
0.26358417047197885,2.693069
0.26363813938485187,2.692811
0.26369210829772494,2.692601
0.263746077210598,2.692998
0.263800046123471,2.692671
0.2638540150363441,2.692458
0.2639079839492171,2.692695
0.2639619528620902,2.692481
0.26401592177496325,2.692702
0.26406989068783626,2.692359
0.26412385960070933,2.692043
0.2641778285135824,2.691892
0.2642317974264554,2.69228
0.2642857663393285,2.69239
0.26433973525220156,2.692358
0.2643937041650746,2.692602
0.26444767307794764,2.692397
0.26450164199082066,2.692101
0.2645556109036937,2.692357
0.2646095798165668,2.692089
0.2646635487294398,2.691813
0.2647175176423129,2.691651
0.26477148655518595,2.691652
0.26482545546805897,2.691546
0.26487942438093204,2.691582
0.2649333932938051,2.691702
0.2649873622066781,2.691462
0.2650413311195512,2.691662
0.26509530003242426,2.691315
0.2651492689452973,2.691005
0.2652032378581704,2.691321
0.26525720677104336,2.690679
0.26531117568391643,2.690671
0.2653651445967895,2.691311
0.2654191135096625,2.691302
0.2654730824225356,2.690938
0.2655270513354086,2.691192
0.2655810202482817,2.69083
0.26563498916115474,2.690796
0.2656889580740278,2.691323
0.26574292698690083,2.691304
0.2657968958997739,2.691081
0.26585086481264697,2.691058
0.26590483372552,2.690814
0.26595880263839305,2.691108
0.26601277155126607,2.691397
0.2660667404641392,2.691381
0.2661207093770122,2.691277
0.2661746782898852,2.69141
0.26622864720275835,2.691417
0.26628261611563137,2.691786
0.26633658502850444,2.691654
0.26639055394137745,2.691194
0.2664445228542505,2.690997
0.26649849176712354,2.691374
0.2665524606799966,2.691442
0.2666064295928697,2.691537
0.26666039850574275,2.691521
0.26671436741861576,2.691125
0.2667683363314888,2.691195
0.2668223052443619,2.691409
0.2668762741572349,2.690953
0.26693024307010793,2.691105
0.266984211982981,2.691611
0.26703818089585407,2.691466
0.26709214980872714,2.691401
0.26714611872160016,2.691782
0.2672000876344732,2.691383
0.26725405654734624,2.691263
0.2673080254602193,2.69124
0.2673619943730924,2.690657
0.2674159632859654,2.690855
0.26746993219883847,2.690995
0.2675239011117115,2.690532
0.26757787002458455,2.690196
0.2676318389374576,2.69052
0.26768580785033064,2.690593
0.2677397767632037,2.690464
0.2677937456760768,2.691191
0.26784771458894985,2.690749
0.26790168350182286,2.690257
0.26795565241469593,2.690266
0.26800962132756895,2.69012
0.268063590240442,2.689686
0.2681175591533151,2.690489
0.2681715280661881,2.68966
0.2682254969790612,2.689705
0.26827946589193424,2.689856
0.2683334348048073,2.68949
0.26838740371768033,2.689758
0.26844137263055334,2.690278
0.2684953415434264,2.689967
0.26854931045629943,2.689901
0.26860327936917255,2.690452
0.26865724828204557,2.690334
0.26871121719491864,2.690997
0.26876518610779165,2.691795
0.2688191550206647,2.691642
0.2688731239335378,2.69189
0.2689270928464108,2.691886
0.2689810617592839,2.69121
0.26903503067215695,2.691214
0.26908899958503,2.691302
0.269142968497903,2.690886
0.26919693741077605,2.690763
0.2692509063236491,2.691106
0.2693048752365222,2.690906
0.26935884414939526,2.690861
0.2694128130622683,2.69068
0.26946678197514135,2.690294
0.26952075088801436,2.690384
0.26957471980088743,2.690943
0.2696286887137605,2.690858
0.2696826576266335,2.690713
0.2697366265395066,2.690868
0.26979059545237966,2.690899
0.2698445643652527,2.690892
0.26989853327812574,2.691203
0.2699525021909988,2.691166
0.2700064711038718,2.691335
0.2700604400167449,2.691698
0.27011440892961797,2.691282
0.270168377842491,2.69149
0.27022234675536405,2.691986
0.2702763156682371,2.691791
0.2703302845811102,2.691947
0.2703842534939832,2.692606
0.2704382224068562,2.691624
0.2704921913197293,2.692009
0.27054616023260236,2.692053
0.2706001291454754,2.69167
0.27065409805834845,2.691689
0.2707080669712215,2.691706
0.27076203588409453,2.69139
0.2708160047969676,2.691108
0.2708699737098407,2.691294
0.2709239426227137,2.690513
0.27097791153558676,2.690026
0.27103188044845977,2.690431
0.2710858493613329,2.689874
0.2711398182742059,2.689665
0.2711937871870789,2.689792
0.271247756099952,2.689363
0.27130172501282507,2.689492
0.27135569392569814,2.689721
0.27140966283857115,2.689374
0.2714636317514442,2.689556
0.27151760066431724,2.689794
0.2715715695771903,2.689495
0.2716255384900633,2.689234
0.2716795074029364,2.689881
0.27173347631580946,2.689348
0.2717874452286825,2.68892
0.2718414141415556,2.689807
0.27189538305442856,2.689502
0.27194935196730163,2.689197
0.2720033208801747,2.689662
0.2720572897930477,2.689244
0.27211125870592084,2.689159
0.27216522761879386,2.689905
0.27221919653166693,2.689209
0.27227316544454,2.689355
0.27232713435741296,2.689816
0.2723811032702861,2.689288
0.2724350721831591,2.689098
0.27248904109603217,2.689524
0.27254301000890524,2.68929
0.2725969789217783,2.689061
0.27265094783465127,2.689136
0.27270491674752434,2.689175
0.2727588856603974,2.689367
0.2728128545732704,2.689615
0.27286682348614355,2.689286
0.27292079239901657,2.689348
0.27297476131188964,2.689713
0.2730287302247627,2.689281
0.27308269913763566,2.689276
0.2731366680505088,2.689506
0.2731906369633818,2.689334
0.2732446058762549,2.689289
0.27329857478912795,2.689339
0.273352543702001,2.689193
0.27340651261487403,2.68906
0.27346048152774705,2.689697
0.2735144504406201,2.689042
0.2735684193534932,2.689293
0.27362238826636626,2.689816
0.27367635717923927,2.689049
0.27373032609211234,2.688918
0.27378429500498536,2.689574
0.27383826391785837,2.689029
0.2738922328307315,2.688941
0.2739462017436045,2.688678
0.2740001706564776,2.688368
0.27405413956935065,2.688588
0.27410810848222367,2.688664
0.27416207739509674,2.688153
0.27421604630796975,2.687687
0.2742700152208428,2.688092
0.2743239841337159,2.687657
0.2743779530465889,2.687664
0.274431921959462,2.687691
0.27448589087233505,2.687299
0.27453985978520806,2.687167
0.27459382869808113,2.687389
0.2746477976109542,2.687372
0.2747017665238272,2.687461
0.2747557354367003,2.687812
0.2748097043495733,2.687565
0.2748636732624464,2.687627
0.27491764217531944,2.688101
0.2749716110881925,2.687825
0.2750255800010656,2.688029
0.27507954891393854,2.688543
0.2751335178268116,2.688332
0.2751874867396847,2.688763
0.27524145565255775,2.689504
0.27529542456543077,2.689497
0.2753493934783039,2.68957
0.27540336239117685,2.690149
0.2754573313040499,2.689922
0.275511300216923,2.68983
0.275565269129796,2.690197
0.27561923804266913,2.68961
0.27567320695554215,2.689574
0.2757271758684152,2.689937
0.2757811447812883,2.689776
0.27583511369416125,2.689999
0.2758890826070343,2.690338
0.2759430515199074,2.689946
0.27599702043278046,2.689832
0.27605098934565353,2.690087
0.2761049582585266,2.689546
0.2761589271713996,2.6889
0.2762128960842727,2.689164
0.2762668649971457,2.688933
0.2763208339100187,2.689415
0.27637480282289184,2.68956
0.27642877173576486,2.688784
0.2764827406486379,2.688711
0.276536709561511,2.689263
0.27659067847438396,2.688837
0.2766446473872571,2.688732
0.2766986163001301,2.689284
0.27675258521300317,2.688724
0.27680655412587624,2.68869
0.27686052303874925,2.68952
0.2769144919516223,2.6891
0.27696846086449534,2.68931
0.2770224297773684,2.689186
0.2770763986902415,2.689
0.2771303676031145,2.689393
0.27718433651598756,2.689621
0.27723830542886063,2.689014
0.27729227434173365,2.689282
0.2773462432546067,2.68944
0.2774002121674798,2.689107
0.2774541810803528,2.689152
0.27750814999322587,2.689482
0.2775621189060989,2.68884
0.27761608781897196,2.689117
0.277670056731845,2.68928
0.27772402564471804,2.688749
0.2777779945575911,2.688958
0.2778319634704642,2.689358
0.2778859323833372,2.68884
0.27793990129621027,2.688655
0.27799387020908334,2.68914
0.27804783912195635,2.688835
0.2781018080348294,2.688873
0.2781557769477025,2.689423
0.2782097458605755,2.68925
0.27826371477344863,2.689067
0.2783176836863216,2.689485
0.27837165259919466,2.689529
0.27842562151206773,2.689448
0.27847959042494075,2.689645
0.2785335593378138,2.689188
0.27858752825068683,2.689411
0.2786414971635599,2.689887
0.278695466076433,2.689662
0.27874943498930604,2.689631
0.27880340390217906,2.689854
0.27885737281505213,2.689319
0.2789113417279252,2.688921
0.2789653106407982,2.689308
0.2790192795536713,2.689144
0.2790732484665443,2.689233
0.2791272173794174,2.689442
0.27918118629229044,2.688997
0.27923515520516345,2.689243
0.2792891241180366,2.689474
0.27934309303090954,2.688931
0.2793970619437826,2.689296
0.2794510308566557,2.689303
0.27950499976952875,2.688915
0.27955896868240177,2.688904
0.27961293759527484,2.689183
0.2796669065081479,2.688795
0.279720875421021,2.688985
0.279774844333894,2.688972
0.279828813246767,2.688163
0.27988278215964013,2.688076
0.27993675107251315,2.68796
0.27999071998538616,2.687365
0.28004468889825923,2.687497
0.2800986578111323,2.687947
0.28015262672400537,2.687847
0.2802065956368784,2.687806
0.28026056454975146,2.68834
0.28031453346262447,2.688021
0.28036850237549754,2.687991
0.2804224712883706,2.688371
0.2804764402012436,2.687979
0.2805304091141167,2.688176
0.2805843780269897,2.688565
0.2806383469398628,2.688294
0.28069231585273585,2.688257
0.2807462847656089,2.688629
0.28080025367848194,2.688404
0.280854222591355,2.688504
0.2809081915042281,2.688841
0.2809621604171011,2.688624
0.28101612932997416,2.688744
0.2810700982428472,2.689312
0.28112406715572025,2.689214
0.2811780360685933,2.688975
0.28123200498146633,2.689481
0.2812859738943394,2.688967
0.2813399428072124,2.688657
0.2813939117200855,2.689141
0.28144788063295856,2.689061
0.28150184954583163,2.689276
0.28155581845870464,2.689551
0.28160978737157766,2.689038
0.2816637562844508,2.689292
0.2817177251973238,2.689352
0.28177169411019687,2.688705
0.2818256630230699,2.68888
0.28187963193594295,2.689201
0.281933600848816,2.688697
0.28198756976168904,2.688735
0.2820415386745621,2.689046
0.2820955075874352,2.688728
0.28214947650030825,2.68832
0.2822034454131812,2.688653
0.28225741432605433,2.688066
0.28231138323892735,2.688017
0.2823653521518004,2.688355
0.2824193210646735,2.688204
0.2824732899775465,2.688038
0.2825272588904196,2.688137
0.2825812278032926,2.687685
0.28263519671616566,2.687556
0.28268916562903873,2.68762
0.28274313454191174,2.687052
0.2827971034547848,2.687134
0.2828510723676579,2.687534
0.28290504128053096,2.687322
0.28295901019340397,2.687172
0.28301297910627704,2.687429
0.28306694801915006,2.686869
0.2831209169320231,2.687063
0.2831748858448962,2.6876
0.2832288547577692,2.687192
0.2832828236706423,2.6874
0.2833367925835153,2.687597
0.28339076149638837,2.687273
0.28344473040926144,2.687029
0.28349869932213445,2.687431
0.2835526682350075,2.686908
0.2836066371478806,2.686983
0.2836606060607536,2.687235
0.2837145749736267,2.686816
0.28376854388649975,2.687288
0.28382251279937276,2.687684
0.28387648171224583,2.687096
0.2839304506251189,2.687096
0.2839844195379919,2.687394
0.284038388450865,2.687144
0.284092357363738,2.687428
0.2841463262766111,2.687585
0.28420029518948414,2.687477
0.28425426410235716,2.687477
0.2843082330152302,2.68784
0.2843622019281033,2.686963
0.28441617084097637,2.686995
0.2844701397538494,2.687017
0.28452410866672245,2.686742
0.28457807757959547,2.68704
0.28463204649246854,2.687229
0.28468601540534155,2.686595
0.2847399843182146,2.687028
0.2847939532310877,2.687877
0.2848479221439607,2.687841
0.28490189105683383,2.687841
0.2849558599697068,2.688469
0.28500982888257986,2.68835
0.28506379779545293,2.688505
0.28511776670832595,2.688845
0.2851717356211991,2.688359
0.2852257045340721,2.68881
0.2852796734469451,2.689174
0.2853336423598182,2.688803
0.2853876112726912,2.688945
0.2854415801855643,2.689109
0.28549554909843733,2.688842
0.2855495180113104,2.688671
0.28560348692418347,2.689037
0.28565745583705654,2.688596
0.2857114247499295,2.688534
0.28576539366280257,2.689043
0.28581936257567564,2.688632
0.28587333148854865,2.688689
0.2859273004014218,2.689088
0.2859812693142948,2.688774
0.28603523822716787,2.688715
0.28608920714004094,2.689091
0.2861431760529139,2.688637
0.286197144965787,2.688776
0.28625111387866004,2.688966
0.2863050827915331,2.688409
0.2863590517044062,2.688492
0.28641302061727925,2.688847
0.28646698953015226,2.688462
0.28652095844302533,2.688496
0.28657492735589835,2.688762
0.2866288962687714,2.688391
0.2866828651816445,2.688535
0.2867368340945175,2.688757
0.28679080300739057,2.688631
0.2868447719202636,2.68859
0.2868987408331367,2.689029
0.2869527097460097,2.688495
0.28700667865888274,2.688706
0.2870606475717558,2.689056
0.2871146164846289,2.688744
0.2871685853975019,2.688608
0.28722255431037497,2.688925
0.28727652322324804,2.68838
0.28733049213612105,2.68858
0.2873844610489941,2.689216
0.28743842996186714,2.688593
0.2874923988747402,2.688705
0.2875463677876133,2.688916
0.2876003367004863,2.688719
0.2876543056133594,2.688506
0.28770827452623243,2.688938
0.28776224343910545,2.688272
0.2878162123519785,2.688383
0.28787018126485153,2.688769
0.2879241501777246,2.688672
0.2879781190905977,2.688919
0.28803208800347074,2.689269
0.2880860569163438,2.688842
0.2881400258292168,2.688495
0.28819399474208984,2.688601
0.2882479636549629,2.688249
0.288301932567836,2.68831
0.288355901480709,2.688311
0.2884098703935821,2.68786
0.2884638393064551,2.687683
0.28851780821932815,2.687958
0.2885717771322012,2.687746
0.28862574604507424,2.68779
0.28867971495794736,2.688215
0.2887336838708204,2.687615
0.28878765278369345,2.68768
0.2888416216965665,2.687805
0.2888955906094395,2.687649
0.28894955952231255,2.687559
0.2890035284351856,2.687854
0.2890574973480587,2.687202
0.28911146626093176,2.687329
0.28916543517380483,2.687486
0.28921940408667784,2.687139
0.28927337299955086,2.687015
0.28932734191242393,2.687397
0.28938131082529694,2.68684
0.28943527973817007,2.686817
0.2894892486510431,2.687147
0.28954321756391616,2.686661
0.2895971864767892,2.686814
0.2896511553896622,2.686788
0.2897051243025353,2.686749
0.2897590932154083,2.686953
0.2898130621282814,2.687026
0.28986703104115447,2.686735
0.2899209999540275,2.686663
0.28997496886690055,2.686867
0.29002893777977357,2.686527
0.29008290669264664,2.686451
0.2901368756055197,2.686767
0.2901908445183927,2.686494
0.2902448134312658,2.686199
0.29029878234413886,2.686424
0.2903527512570119,2.686013
0.2904067201698849,2.686041
0.290460689082758,2.685897
0.29051465799563103,2.685538
0.2905686269085041,2.68575
0.2906225958213771,2.685899
0.2906765647342502,2.685832
0.29073053364712326,2.685926
0.29078450255999627,2.686498
0.29083847147286934,2.686104
0.2908924403857424,2.68584
0.2909464092986154,2.68629
0.2910003782114885,2.686136
0.29105434712436157,2.686637
0.2911083160372346,2.686773
0.29116228495010765,2.686823
0.2912162538629807,2.686535
0.29127022277585374,2.68693
0.2913241916887268,2.686848
0.2913781606015998,2.687141
0.2914321295144729,2.687503
0.29148609842734596,2.687091
0.291540067340219,2.68732
0.2915940362530921,2.687523
0.29164800516596506,2.687241
0.29170197407883813,2.687145
0.2917559429917112,2.68753
0.2918099119045843,2.687271
0.2918638808174573,2.687243
0.2919178497303304,2.687618
0.29197181864320343,2.687359
0.29202578755607644,2.687468
0.2920797564689495,2.688091
0.29213372538182253,2.68781
0.29218769429469565,2.687972
0.29224166320756867,2.688082
0.29229563212044174,2.687768
0.2923496010333148,2.687999
0.29240356994618777,2.688428
0.29245753885906084,2.687856
0.2925115077719339,2.68766
0.292565476684807,2.687745
0.29261944559768,2.687331
0.29267341451055306,2.687851
0.29272738342342614,2.68803
0.2927813523362992,2.687484
0.2928353212491722,2.68726
0.29288929016204523,2.687637
0.29294325907491836,2.687466
0.2929972279877914,2.687114
0.29305119690066445,2.687547
0.29310516581353746,2.68717
0.29315913472641053,2.687351
0.2932131036392836,2.687618
0.2932670725521566,2.687302
0.2933210414650297,2.68749
0.2933750103779027,2.687874
0.29342897929077577,2.687402
0.29348294820364884,2.687491
0.29353691711652186,2.687301
0.2935908860293949,2.68734
0.29364485494226794,2.687304
0.293698823855141,2.68782
0.2937527927680141,2.687784
0.29380676168088715,2.688
0.29386073059376017,2.687744
0.29391469950663324,2.687366
0.2939686684195063,2.687513
0.2940226373323793,2.688075
0.2940766062452524,2.687499
0.2941305751581254,2.687633
0.2941845440709985,2.687639
0.29423851298387155,2.687423
0.29429248189674456,2.687312
0.29434645080961763,2.687394
0.29440041972249065,2.687031
0.2944543886353637,2.687113
0.2945083575482368,2.687423
0.29456232646110986,2.6868
0.2946162953739829,2.687326
0.2946702642868559,2.687458
0.294724233199729,2.687037
0.29477820211260203,2.687156
0.2948321710254751,2.687603
0.2948861399383481,2.687329
0.2949401088512212,2.687198
0.29499407776409425,2.687249
0.29504804667696727,2.686391
0.29510201558984034,2.686408
0.2951559845027134,2.686967
0.2952099534155864,2.687068
0.29526392232845944,2.686744
0.29531789124133256,2.686882
0.2953718601542056,2.686559
0.29542582906707865,2.686778
0.2954797979799517,2.68705
0.29553376689282473,2.686774
0.2955877358056978,2.686688
0.2956417047185708,2.687042
0.2956956736314439,2.687032
0.29574964254431696,2.687217
0.29580361145719,2.687712
0.29585758037006304,2.687551
0.2959115492829361,2.687453
0.2959655181958092,2.687763
0.2960194871086822,2.687401
0.29607345602155527,2.687367
0.2961274249344283,2.687612
0.29618139384730136,2.687696
0.2962353627601744,2.687624
0.2962893316730474,2.687391
0.2963433005859205,2.686762
0.2963972694987935,2.687018
0.2964512384116666,2.687248
0.29650520732453967,2.686995
0.2965591762374127,2.686826
0.29661314515028575,2.687258
0.2966671140631588,2.687388
0.29672108297603184,2.687376
0.2967750518889049,2.687699
0.296829020801778,2.687511
0.296882989714651,2.687023
0.29693695862752406,2.687305
0.29699092754039713,2.686811
0.29704489645327015,2.686792
0.2970988653661432,2.686903
0.29715283427901623,2.686985
0.2972068031918893,2.687041
0.29726077210476237,2.687172
0.2973147410176354,2.687201
0.29736870993050846,2.686958
0.2974226788433815,2.687128
0.2974766477562546,2.686692
0.29753061666912756,2.6866
0.29758458558200074,2.686869
0.2976385544948737,2.686541
0.29769252340774677,2.687007
0.2977464923206198,2.68699
0.29780046123349285,2.686915
0.2978544301463659,2.687061
0.29790839905923894,2.687122
0.297962367972112,2.686771
0.2980163368849851,2.686598
0.29807030579785815,2.687157
0.2981242747107312,2.687063
0.29817824362360423,2.68702
0.2982322125364773,2.687149
0.2982861814493504,2.687132
0.29834015036222333,2.687218
0.2983941192750964,2.6872
0.2984480881879695,2.687223
0.2985020571008425,2.687398
0.29855602601371556,2.687312
0.29860999492658863,2.687033
0.29866396383946164,2.687237
0.29871793275233477,2.687187
0.2987719016652078,2.686925
0.29882587057808085,2.687036
0.2988798394909539,2.687191
0.29893380840382694,2.687033
0.2989877773167,2.687158
0.299041746229573,2.687224
0.2990957151424461,2.687147
0.29914968405531916,2.686942
0.2992036529681922,2.686678
0.2992576218810652,2.686456
0.29931159079393826,2.686407
0.29936555970681133,2.686492
0.29941952861968435,2.686579
0.2994734975325575,2.686839
0.2995274664454305,2.686758
0.29958143535830356,2.686382
0.2996354042711766,2.685952
0.29968937318404965,2.685911
0.2997433420969227,2.685643
0.29979731100979573,2.685702
0.2998512799226688,2.68544
0.29990524883554187,2.68529
0.29995921774841494,2.685721
0.3000131866612879,2.685681
0.30006715557416097,2.685768
0.30012112448703404,2.685967
0.30017509339990706,2.685856
0.3002290623127801,2.685338
0.3002830312256532,2.68533
0.30033700013852627,2.685606
0.3003909690513993,2.685314
0.30044493796427235,2.68541
0.3004989068771454,2.68543
0.30055287579001844,2.685063
0.3006068447028915,2.685632
0.3006608136157646,2.685607
0.30071478252863765,2.685183
0.3007687514415107,2.68542
0.3008227203543837,2.685094
0.30087668926725675,2.684811
0.30093065818012976,2.685073
0.30098462709300283,2.685356
0.3010385960058759,2.684788
0.301092564918749,2.684473
0.301146533831622,2.684612
0.301200502744495,2.684491
0.30125447165736813,2.684682
0.30130844057024114,2.684699
0.3013624094831142,2.684051
0.3014163783959873,2.684406
0.30147034730886035,2.684121
0.3015243162217333,2.684064
0.3015782851346064,2.684394
0.30163225404747945,2.68429
0.30168622296035247,2.684368
0.30174019187322554,2.68453
0.30179416078609855,2.68435
0.3018481296989717,2.684111
0.3019020986118447,2.684155
0.30195606752471776,2.684052
0.30201003643759083,2.684216
0.30206400535046385,2.684619
0.3021179742633369,2.684377
0.30217194317621,2.684482
0.30222591208908306,2.684877
0.302279881001956,2.684717
0.3023338499148291,2.684771
0.30238781882770216,2.684577
0.3024417877405752,2.684507
0.30249575665344824,2.684573
0.3025497255663213,2.684552
0.3026036944791944,2.684153
0.3026576633920674,2.684069
0.30271163230494047,2.684414
0.30276560121781354,2.683976
0.30281957013068656,2.684254
0.3028735390435596,2.684472
0.3029275079564327,2.684289
0.30298147686930577,2.684521
0.3030354457821788,2.684684
0.30308941469505174,2.684425
0.30314338360792487,2.684448
0.3031973525207979,2.684563
0.30325132143367095,2.684234
0.303305290346544,2.683763
0.3033592592594171,2.68417
0.3034132281722901,2.68437
0.3034671970851632,2.68424
0.30352116599803625,2.684608
0.30357513491090926,2.684739
0.30362910382378233,2.684867
0.30368307273665535,2.684864
0.30373704164952847,2.684739
0.3037910105624015,2.68521
0.30384497947527456,2.685124
0.3038989483881476,2.685053
0.3039529173010206,2.684958
0.30400688621389366,2.685642
0.3040608551267667,2.685484
0.3041148240396398,2.685177
0.3041687929525128,2.685696
0.3042227618653859,2.685045
0.3042767307782589,2.685073
0.30433069969113197,2.685661
0.30438466860400504,2.685061
0.3044386375168781,2.685566
0.3044926064297512,2.685659
0.3045465753426242,2.685895
0.30460054425549726,2.685546
0.30465451316837033,2.68581
0.3047084820812433,2.685707
0.30476245099411636,2.685654
0.30481641990698943,2.686229
0.30487038881986245,2.685915
0.3049243577327355,2.685568
0.3049783266456086,2.685919
0.30503229555848166,2.685794
0.3050862644713547,2.685479
0.30514023338422774,2.685607
0.3051942022971008,2.68545
0.3052481712099739,2.685614
0.3053021401228469,2.685995
0.30535610903571997,2.685781
0.30541007794859304,2.685532
0.305464046861466,2.685807
0.30551801577433907,2.685456
0.3055719846872121,2.685272
0.3056259536000852,2.685645
0.3056799225129582,2.685467
0.3057338914258313,2.685502
0.30578786033870436,2.685956
0.3058418292515774,2.6855
0.30589579816445045,2.685277
0.3059497670773235,2.685573
0.3060037359901966,2.68516
0.3060577049030696,2.685346
0.3061116738159427,2.68592
0.30616564272881563,2.685999
0.3062196116416887,2.685951
0.3062735805545618,2.686224
0.3063275494674348,2.685894
0.3063815183803079,2.68584
0.30643548729318093,2.685714
0.306489456206054,2.685726
0.30654342511892707,2.685843
0.3065973940318001,2.686259
0.30665136294467316,2.686087
0.3067053318575462,2.686238
0.30675930077041924,2.686537
0.3068132696832923,2.686004
0.3068672385961654,2.685715
0.3069212075090384,2.686296
0.30697517642191147,2.68543
0.30702914533478454,2.685258
0.30708311424765755,2.686244
0.3071370831605306,2.686096
0.30719105207340364,2.685726
0.3072450209862767,2.685886
0.3072989898991498,2.685398
0.3073529588120228,2.68543
0.30740692772489586,2.685788
0.3074608966377689,2.685674
0.307514865550642,2.685845
0.307568834463515,2.685575
0.3076228033763881,2.68534
0.30767677228926116,2.685266
0.3077307412021342,2.685867
0.30778471011500724,2.685621
0.3078386790278803,2.685702
0.3078926479407533,2.686145
0.30794661685362634,2.685921
0.3080005857664994,2.685674
0.3080545546793724,2.68597
0.3081085235922455,2.685657
0.30816249250511857,2.685601
0.3082164614179916,2.686191
0.3082704303308647,2.685829
0.3083243992437377,2.685992
0.3083783681566108,2.685989
0.30843233706948386,2.685615
0.3084863059823569,2.685788
0.30854027489522995,2.686505
0.308594243808103,2.68614
0.308648212720976,2.685997
0.30870218163384905,2.686316
0.3087561505467221,2.685593
0.30881011945959513,2.685333
0.3088640883724682,2.685654
0.3089180572853413,2.68526
0.3089720261982143,2.685425
0.3090259951110874,2.685702
0.30907996402396043,2.685401
0.3091339329368335,2.685166
0.30918790184970657,2.685335
0.3092418707625796,2.685076
0.30929583967545266,2.685316
0.3093498085883256,2.685416
0.3094037775011987,2.68517
0.30945774641407175,2.685426
0.3095117153269448,2.685825
0.30956568423981784,2.685526
0.30961965315269097,2.685593
0.309673622065564,2.685559
0.30972759097843705,2.684865
0.30978155989131007,2.684946
0.30983552880418314,2.685537
0.3098894977170562,2.685039
0.3099434666299292,2.684936
0.3099974355428023,2.685219
0.31005140445567536,2.684827
0.3101053733685483,2.684917
0.3101593422814215,2.685068
0.31021331119429446,2.684784
0.31026728010716753,2.684938
0.3103212490200406,2.684924
0.3103752179329136,2.684691
0.3104291868457867,2.684343
0.31048315575865976,2.684648
0.31053712467153277,2.684409
0.31059109358440584,2.68441
0.3106450624972789,2.684745
0.3106990314101519,2.684484
0.31075300032302505,2.684362
0.31080696923589807,2.684953
0.3108609381487711,2.684435
0.3109149070616442,2.684192
0.3109688759745172,2.684524
0.3110228448873903,2.684489
0.31107681380026325,2.684509
0.3111307827131363,2.684826
0.31118475162600934,2.684729
0.31123872053888246,2.684473
0.31129268945175553,2.68468
0.31134665836462855,2.684174
0.3114006272775016,2.684401
0.31145459619037463,2.684504
0.31150856510324776,2.684457
0.3115625340161208,2.684056
0.3116165029289938,2.684184
0.31167047184186686,2.683874
0.31172444075473993,2.684142
0.311778409667613,2.684588
0.31183237858048607,2.684006
0.31188634749335903,2.68369
0.3119403164062321,2.6839
0.3119942853191051,2.683538
0.3120482542319782,2.683591
0.31210222314485125,2.683882
0.3121561920577243,2.683506
0.31221016097059734,2.683764
0.3122641298834704,2.684286
0.3123180987963434,2.683428
0.31237206770921655,2.683695
0.3124260366220896,2.684072
0.31248000553496263,2.683944
0.3125339744478357,2.684519
0.31258794336070866,2.685144
0.31264191227358173,2.684907
0.3126958811864548,2.685058
0.3127498500993278,2.685383
0.3128038190122009,2.685028
0.31285778792507396,2.685309
0.312911756837947,2.685545
0.3129657257508201,2.685296
0.31301969466369317,2.685174
0.3130736635765662,2.684877
0.3131276324894392,2.684337
0.31318160140231227,2.684641
0.31323557031518523,2.68478
0.3132895392280584,2.684437
0.31334350814093137,2.684766
0.31339747705380444,2.684784
0.3134514459666775,2.684416
0.3135054148795505,2.684265
0.31355938379242365,2.684329
0.31361335270529667,2.684085
0.31366732161816974,2.68382
0.31372129053104275,2.684526
0.3137752594439158,2.684357
0.3138292283567889,2.684438
0.31388319726966196,2.684849
0.313937166182535,2.684262
0.31399113509540805,2.684333
0.3140451040082811,2.684685
0.3140990729211541,2.684524
0.31415304183402726,2.684779
0.3142070107469002,2.684663
0.31426097965977323,2.684332
0.3143149485726463,2.684483
0.3143689174855193,2.685049
0.31442288639839244,2.684483
0.3144768553112655,2.68461
0.3145308242241385,2.685087
0.3145847931370116,2.684812
0.31463876204988467,2.684955
0.3146927309627577,2.685408
0.31474669987563075,2.684775
0.3148006687885038,2.684602
0.31485463770137684,2.684856
0.3149086066142499,2.684879
0.31496257552712287,2.68485
0.315016544439996,2.68495
0.315070513352869,2.684202
0.3151244822657421,2.684871
0.31517845117861515,2.685259
0.31523242009148816,2.684721
0.3152863890043613,2.684953
0.3153403579172343,2.68545
0.3153943268301074,2.684913
0.3154482957429804,2.684963
0.3155022646558534,2.685222
0.3155562335687265,2.685142
0.3156102024815996,2.685325
0.3156641713944726,2.68545
0.3157181403073457,2.684759
0.31577210922021876,2.684762
0.3158260781330917,2.68519
0.31588004704596473,2.685144
0.31593401595883785,2.685086
0.31598798487171087,2.68539
0.31604195378458394,2.684938
0.31609592269745695,2.68516
0.31614989161033,2.685596
0.31620386052320315,2.685577
0.31625782943607617,2.685516
0.31631179834894924,2.685752
0.31636576726182225,2.685228
0.3164197361746953,2.685503
0.3164737050875684,2.685852
0.31652767400044146,2.685318
0.3165816429133144,2.68515
0.3166356118261875,2.685485
0.3166895807390605,2.685246
0.3167435496519336,2.685331
0.3167975185648067,2.685577
0.3168514874776797,2.685095
0.3169054563905528,2.685423
0.3169594253034258,2.685532
0.3170133942162988,2.685276
0.31706736312917194,2.685412
0.31712133204204496,2.685578
0.317175300954918,2.685008
0.3172292698677911,2.684624
0.31728323878066406,2.685071
0.3173372076935371,2.684962
0.3173911766064102,2.685073
0.31744514551928327,2.685733
0.3174991144321563,2.685596
0.31755308334502935,2.685227
0.31760705225790237,2.68551
0.3176610211707755,2.685126
0.3177149900836485,2.685069
0.3177689589965216,2.685475
0.31782292790939465,2.68539
0.31787689682226766,2.685101
0.3179308657351408,2.685617
0.3179848346480138,2.685179
0.3180388035608869,2.685432
0.31809277247375983,2.685975
0.31814674138663285,2.685484
0.3182007102995059,2.685297
0.31825467921237904,2.685364
0.31830864812525206,2.685006
0.31836261703812513,2.685208
0.31841658595099814,2.685665
0.3184705548638712,2.685491
0.3185245237767443,2.685356
0.31857849268961735,2.685862
0.31863246160249037,2.685558
0.31868643051536344,2.685527
0.31874039942823645,2.686067
0.3187943683411095,2.685654
0.3188483372539826,2.685279
0.31890230616685566,2.685714
0.31895627507972873,2.685327
0.3190102439926017,2.685226
0.31906421290547476,2.685656
0.31911818181834783,2.68545
0.3191721507312209,2.685566
0.3192261196440939,2.685791
0.31928008855696693,2.685361
0.31933405746984,2.68561
0.3193880263827131,2.685964
0.31944199529558615,2.685552
0.3194959642084592,2.685427
0.3195499331213323,2.685909
0.3196039020342053,2.685677
0.31965787094707826,2.685734
0.31971183985995144,2.686319
0.3197658087728244,2.685657
0.31981977768569747,2.685754
0.3198737465985705,2.685971
0.31992771551144356,2.685479
0.3199816844243167,2.685767
0.3200356533371897,2.685875
0.32008962225006277,2.685865
0.3201435911629358,2.685867
0.32019756007580885,2.685738
0.32025152898868187,2.685468
0.320305497901555,2.685286
0.320359466814428,2.685461
0.3204134357273011,2.68533
0.32046740464017404,2.685344
0.3205213735530471,2.68563
0.3205753424659203,2.685164
0.32062931137879325,2.685128
0.3206832802916663,2.685558
0.32073724920453933,2.685368
0.3207912181174124,2.684979
0.3208451870302854,2.685742
0.3208991559431585,2.685698
0.32095312485603156,2.685552
0.32100709376890463,2.685575
0.32106106268177764,2.68524
0.3211150315946507,2.685577
0.32116900050752384,2.685712
0.32122296942039685,2.685239
0.3212769383332698,2.685528
0.3213309072461429,2.685543
0.3213848761590159,2.685063
0.32143884507188897,2.685352
0.32149281398476204,2.685623
0.3215467828976351,2.685528
0.3216007518105081,2.685463
0.3216547207233812,2.685603
0.32170868963625426,2.685056
0.32176265854912733,2.685145
0.3218166274620004,2.685522
0.3218705963748734,2.684923
0.3219245652877465,2.685236
0.3219785342006195,2.685625
0.32203250311349246,2.685194
0.3220864720263656,2.685022
0.32214044093923866,2.685217
0.3221944098521117,2.685035
0.32224837876498474,2.684962
0.3223023476778578,2.685451
0.3223563165907309,2.684907
0.3224102855036039,2.68519
0.32246425441647697,2.685584
0.32251822332935,2.685184
0.32257219224222305,2.685069
0.32262616115509607,2.685332
0.3226801300679692,2.6855
0.32273409898084227,2.684988
0.3227880678937153,2.685138
0.32284203680658835,2.6847
0.3228960057194613,2.684623
0.32294997463233444,2.68479
0.32300394354520745,2.68455
0.3230579124580805,2.684563
0.32311188137095354,2.684889
0.3231658502838266,2.684953
0.3232198191966997,2.684572
0.32327378810957275,2.685032
0.3233277570224458,2.684885
0.32338172593531883,2.684886
0.3234356948481919,2.685117
0.3234896637610649,2.684678
0.323543632673938,2.684683
0.32359760158681106,2.685117
0.323651570499684,2.684873
0.3237055394125571,2.684879
0.32375950832543016,2.685184
0.3238134772383032,2.684859
0.3238674461511763,2.68492
0.3239214150640493,2.685228
0.3239753839769224,2.684801
0.3240293528897954,2.684617
0.32408332180266847,2.684871
0.32413729071554154,2.684386
0.3241912596284146,2.684287
0.3242452285412876,2.685008
0.3242991974541607,2.684697
0.32435316636703376,2.684958
0.32440713527990683,2.685164
0.3244611041927799,2.685056
0.32451507310565286,2.685179
0.32456904201852593,2.685203
0.32462301093139895,2.684727
0.32467697984427196,2.684541
0.3247309487571451,2.685155
0.32478491767001816,2.685083
0.3248388865828912,2.685279
0.32489285549576424,2.685426
0.32494682440863726,2.685085
0.3250007933215104,2.684901
0.3250547622343834,2.685093
0.32510873114725647,2.684397
0.32516270006012943,2.684659
0.3252166689730025,2.684917
0.3252706378858755,2.684752
0.32532460679874864,2.68503
0.32537857571162165,2.685402
0.3254325446244947,2.685061
0.3254865135373678,2.684975
0.3255404824502408,2.685178
0.32559445136311393,2.684703
0.32564842027598695,2.684618
0.32570238918886,2.684747
0.32575635810173303,2.684643
0.32581032701460605,2.684271
0.3258642959274792,2.684481
0.32591826484035225,2.684322
0.3259722337532252,2.684062
0.3260262026660983,2.684672
0.32608017157897135,2.684308
0.32613414049184436,2.683726
0.3261881094047175,2.684206
0.3262420783175905,2.684124
0.3262960472304635,2.684166
0.3263500161433366,2.684421
0.3264039850562096,2.684031
0.3264579539690827,2.684108
0.3265119228819558,2.684552
0.3265658917948288,2.684299
0.3266198607077019,2.68441
0.3266738296205749,2.684661
0.32672779853344797,2.684563
0.32678176744632104,2.684713
0.3268357363591941,2.684964
0.32688970527206707,2.684393
0.32694367418494014,2.683944
0.32699764309781315,2.684448
0.3270516120106863,2.68396
0.32710558092355935,2.683965
0.32715954983643236,2.684345
0.32721351874930543,2.683946
0.32726748766217845,2.684305
0.3273214565750516,2.684497
0.3273754254879246,2.684063
0.3274293944007976,2.684115
0.3274833633136707,2.684392
0.32753733222654374,2.684215
0.3275913011394167,2.684083
0.3276452700522899,2.684495
0.32769923896516295,2.684253
0.3277532078780359,2.684196
0.3278071767909089,2.684258
0.327861145703782,2.683942
0.32791511461665507,2.684147
0.32796908352952814,2.684311
0.32802305244240115,2.68392
0.3280770213552742,2.683966
0.32813099026814724,2.684144
0.3281849591810203,2.683759
0.32823892809389343,2.683858
0.32829289700676645,2.684228
0.3283468659196395,2.683923
0.3284008348325125,2.683916
0.32845480374538555,2.68407
0.3285087726582586,2.683706
0.32856274157113163,2.684
0.3286167104840047,2.684098
0.3286706793968778,2.683635
0.3287246483097508,2.683249
0.32877861722262386,2.683518
0.328832586135497,2.683669
0.32888655504837,2.683795
0.328940523961243,2.683805
0.3289944928741161,2.683788
0.32904846178698904,2.68366
0.3291024306998622,2.683704
0.3291563996127352,2.683595
0.32921036852560825,2.683691
0.3292643374384813,2.684085
0.32931830635135434,2.684057
0.32937227526422747,2.683926
0.3294262441771005,2.68392
0.32948021308997355,2.683591
0.32953418200284657,2.683575
0.32958815091571964,2.68396
0.32964211982859265,2.683325
0.3296960887414658,2.683462
0.3297500576543388,2.684085
0.32980402656721186,2.683903
0.32985799548008493,2.683836
0.32991196439295795,2.68386
0.32996593330583107,2.683553
0.33001990221870403,2.683525
0.33007387113157705,2.683749
0.3301278400444501,2.68344
0.33018180895732313,2.683015
0.3302357778701962,2.683558
0.3302897467830693,2.683358
0.33034371569594234,2.683581
0.3303976846088154,2.684007
0.3304516535216884,2.68356
0.3305056224345615,2.683108
0.33055959134743457,2.683548
0.33061356026030764,2.683264
0.33066752917318065,2.68343
0.3307214980860537,2.683614
0.3307754669989267,2.682808
0.33082943591179975,2.683152
0.3308834048246729,2.683591
0.3309373737375459,2.683255
0.33099134265041896,2.683427
0.331045311563292,2.683461
0.33109928047616505,2.683095
0.3311532493890381,2.682866
0.33120721830191113,2.683295
0.3312611872147842,2.682954
0.3313151561276573,2.682784
0.3313691250405303,2.683009
0.33142309395340336,2.68293
0.33147706286627643,2.68302
0.3315310317791495,2.683423
0.33158500069202257,2.683389
0.33163896960489553,2.683168
0.33169293851776854,2.68329
0.33174690743064167,2.682837
0.3318008763435147,2.683009
0.33185484525638775,2.683278
0.33190881416926077,2.68342
0.33196278308213384,2.683622
0.33201675199500696,2.68366
0.33207072090788,2.682975
0.33212468982075305,2.683257
0.33217865873362606,2.683324
0.33223262764649913,2.683112
0.3322865965593721,2.682882
0.3323405654722453,2.683084
0.33239453438511823,2.682865
0.3324485032979913,2.682944
0.3325024722108643,2.68317
0.3325564411237374,2.682814
0.3326104100366105,2.682719
0.33266437894948353,2.683354
0.3327183478623566,2.682662
0.3327723167752296,2.682776
0.33282628568810263,2.683409
0.3328802546009757,2.683224
0.33293422351384877,2.682835
0.33298819242672184,2.683201
0.3330421613395949,2.683066
0.33309613025246787,2.683
0.33315009916534094,2.683069
0.333204068078214,2.68284
0.3332580369910871,2.682966
0.3333120059039601,2.682806
0.33336597481683317,2.682189
0.3334199437297062,2.682251
0.33347391264257925,2.682206
0.3335278815554523,2.681573
0.3335818504683254,2.681709
0.33363581938119846,2.682173
0.3336897882940715,2.681555
0.33374375720694455,2.681667
0.3337977261198176,2.681838
0.3338516950326907,2.68162
0.33390566394556365,2.681409
0.33395963285843666,2.681679
0.33401360177130973,2.681552
0.33406757068418286,2.681226
0.33412153959705587,2.681271
0.33417550850992894,2.68073
0.334229477422802,2.680672
0.334283446335675,2.681083
0.33433741524854804,2.680924
0.33439138416142117,2.680867
0.3344453530742942,2.681291
0.33449932198716725,2.680971
0.33455329090004027,2.681129
0.33460725981291334,2.681527
0.3346612287257863,2.681117
0.3347151976386595,2.681082
0.33476916655153255,2.681005
0.3348231354644055,2.680629
0.3348771043772786,2.680841
0.3349310732901516,2.68115
0.3349850422030247,2.680822
0.33503901111589773,2.680996
0.33509298002877075,2.681213
0.3351469489416438,2.681206
0.3352009178545169,2.680944
0.33525488676738996,2.681098
0.33530885568026303,2.68089
0.3353628245931361,2.681162
0.3354167935060091,2.681047
0.3354707624188821,2.680859
0.33552473133175514,2.68082
0.3355787002446282,2.681054
0.3356326691575013,2.680522
0.3356866380703743,2.680553
0.33574060698324737,2.680871
0.33579457589612044,2.680486
0.3358485448089935,2.680513
0.3359025137218666,2.680861
0.3359564826347396,2.680938
0.33601045154761267,2.681004
0.3360644204604857,2.681393
0.33611838937335875,2.680759
0.3361723582862318,2.680722
0.3362263271991049,2.680842
0.33628029611197785,2.68045
0.3363342650248509,2.680726
0.336388233937724,2.680979
0.33644220285059706,2.680823
0.33649617176347013,2.680842
0.33655014067634315,2.680989
0.33660410958921616,2.680876
0.33665807850208923,2.681173
0.33671204741496225,2.681279
0.33676601632783537,2.681002
0.33681998524070844,2.681008
0.33687395415358146,2.681099
0.3369279230664545,2.680763
0.3369818919793275,2.680797
0.33703586089220067,2.680987
0.3370898298050736,2.680919
0.3371437987179467,2.681085
0.3371977676308197,2.681232
0.3372517365436928,2.680815
0.33730570545656585,2.680804
0.3373596743694389,2.680736
0.337413643282312,2.680412
0.337467612195185,2.680909
0.3375215811080581,2.681177
0.3375755500209311,2.680927
0.3376295189338042,2.680845
0.33768348784667723,2.680882
0.3377374567595503,2.68094
0.3377914256724233,2.681404
0.3378453945852964,2.680683
0.3378993634981694,2.680443
0.3379533324110425,2.680743
0.3380073013239155,2.681213
0.33806127023678856,2.681149
0.33811523914966163,2.680878
0.33816920806253464,2.680541
0.3382231769754077,2.68097
0.3382771458882808,2.681333
0.3383311148011538,2.681095
0.33838508371402687,2.68067
0.3384390526268999,2.680616
0.338493021539773,2.680665
0.3385469904526461,2.680499
0.3386009593655191,2.680646
0.33865492827839216,2.680496
0.3387088971912651,2.680227
0.3387628661041383,2.680478
0.33881683501701126,2.680984
0.33887080392988433,2.680594
0.33892477284275735,2.680736
0.3389787417556304,2.680743
0.33903271066850343,2.680439
0.33908667958137656,2.680566
0.33914064849424963,2.680858
0.33919461740712264,2.680612
0.3392485863199957,2.680794
0.33930255523286873,2.680708
0.3393565241457417,2.680371
0.33941049305861487,2.68079
0.33946446197148783,2.681029
0.3395184308843609,2.680461
0.33957239979723397,2.680661
0.339626368710107,2.680767
0.3396803376229801,2.680936
0.3397343065358531,2.680794
0.3397882754487262,2.6807
0.3398422443615992,2.680535
0.3398962132744723,2.680595
0.33995018218734535,2.680399
0.3400041511002184,2.680099
0.34005812001309144,2.680701
0.3401120889259645,2.680824
0.3401660578388376,2.680297
0.34022002675171054,2.68047
0.3402739956645837,2.680711
0.3403279645774567,2.680395
0.34038193349032975,2.68023
0.34043590240320276,2.680243
0.3404898713160758,2.679689
0.3405438402289489,2.680046
0.34059780914182197,2.680205
0.340651778054695,2.68003
0.34070574696756806,2.680437
0.3407597158804411,2.680244
0.34081368479331414,2.680028
0.3408676537061872,2.680097
0.3409216226190603,2.679892
0.34097559153193324,2.67952
0.3410295604448063,2.680079
0.3410835293576793,2.680151
0.34113749827055245,2.680008
0.34119146718342547,2.679983
0.34124543609629854,2.680145
0.3412994050091716,2.680009
0.3413533739220446,2.680162
0.34140734283491775,2.680125
0.34146131174779076,2.679968
0.34151528066066383,2.680387
0.34156924957353685,2.680154
0.34162321848640986,2.680311
0.34167718739928293,2.680104
0.34173115631215606,2.679807
0.3417851252250291,2.67954
0.3418390941379021,2.679922
0.34189306305077516,2.68014
0.3419470319636482,2.679641
0.34200100087652124,2.679467
0.3420549697893943,2.679371
0.34210893870226733,2.679209
0.3421629076151404,2.679331
0.3422168765280134,2.679047
0.3422708454408865,2.679216
0.3423248143537596,2.679661
0.3423787832666326,2.679493
0.3424327521795057,2.679212
0.3424867210923787,2.67938
0.3425406900052518,2.679621
0.34259465891812485,2.679426
0.3426486278309979,2.679651
0.3427025967438709,2.678978
0.34275656565674395,2.679094
0.34281053456961696,2.679469
0.34286450348249004,2.679299
0.34291847239536316,2.678916
0.3429724413082362,2.679288
0.34302641022110925,2.679148
0.34308037913398226,2.679175
0.34313434804685533,2.679507
0.3431883169597284,2.679473
0.3432422858726014,2.679136
0.3432962547854745,2.679013
0.34335022369834756,2.678885
0.3434041926112205,2.67874
0.3434581615240937,2.678633
0.34351213043696677,2.678893
0.3435660993498397,2.679034
0.34362006826271274,2.679652
0.3436740371755858,2.67935
0.3437280060884588,2.679223
0.34378197500133195,2.679666
0.34383594391420497,2.679009
0.34388991282707804,2.679302
0.3439438817399511,2.679728
0.3439978506528241,2.679727
0.34405181956569725,2.679967
0.34410578847857026,2.680219
0.34415975739144333,2.679564
0.3442137263043163,2.679031
0.34426769521718936,2.678485
0.3443216641300624,2.677556
0.3443756330429355,2.676684
0.3444296019558085,2.677025
0.3444835708686816,2.676564
0.3445375397815546,2.676998
0.3445915086944277,2.677506
0.3446454776073008,2.677451
0.3446994465201738,2.677712
0.34475341543304683,2.67784
0.3448073843459199,2.677446
0.34486135325879286,2.677856
0.34491532217166593,2.678834
0.344969291084539,2.678697
0.34502325999741207,2.678555
0.34507722891028514,2.679039
0.34513119782315815,2.678908
0.3451851667360312,2.679178
0.3452391356489043,2.679367
0.34529310456177736,2.67925
0.3453470734746504,2.679335
0.34540104238752345,2.679876
0.34545501130039646,2.679531
0.34550898021326953,2.67926
0.3455629491261426,2.679773
0.3456169180390157,2.67961
0.34567088695188875,2.679671
0.34572485586476176,2.679932
0.34577882477763483,2.679477
0.34583279369050784,2.679287
0.34588676260338086,2.679753
0.34594073151625393,2.679514
0.34599470042912694,2.679567
0.346048669342,2.679636
0.34610263825487314,2.679184
0.34615660716774616,2.67915
0.3462105760806192,2.679234
0.34626454499349224,2.678643
0.3463185139063653,2.678734
0.3463724828192383,2.679202
0.34642645173211145,2.679083
0.34648042064498447,2.678798
0.34653438955785754,2.678926
0.3465883584707305,2.678146
0.34664232738360357,2.678063
0.34669629629647675,2.678237
0.3467502652093497,2.67766
0.3468042341222228,2.677616
0.3468582030350958,2.678087
0.34691217194796886,2.677685
0.3469661408608419,2.677526
0.34702010977371495,2.677745
0.347074078686588,2.677208
0.3471280475994611,2.677389
0.3471820165123341,2.677735
0.34723598542520717,2.677455
0.3472899543380803,2.677487
0.3473439232509533,2.677826
0.34739789216382627,2.677076
0.34745186107669934,2.677207
0.34750582998957236,2.677457
0.3475597989024454,2.677317
0.3476137678153185,2.677553
0.34766773672819157,2.677673
0.3477217056410646,2.677286
0.34777567455393765,2.677213
0.3478296434668107,2.677315
0.3478836123796838,2.676729
0.34793758129255686,2.67697
0.3479915502054299,2.677454
0.34804551911830295,2.677048
0.3480994880311759,2.676817
0.3481534569440489,2.677299
0.34820742585692205,2.677039
0.3482613947697951,2.677675
0.34831536368266813,2.678025
0.3483693325955412,2.677565
0.3484233015084143,2.677705
0.34847727042128734,2.678411
0.34853123933416036,2.677951
0.34858520824703343,2.67788
0.34863917715990644,2.678375
0.3486931460727795,2.677707
0.34874711498565253,2.677785
0.34880108389852565,2.677916
0.3488550528113987,2.677701
0.3489090217242717,2.678053
0.34896299063714475,2.678489
0.34901695955001777,2.678151
0.3490709284628909,2.677901
0.3491248973757639,2.678337
0.349178866288637,2.677899
0.34923283520151,2.677744
0.34928680411438306,2.677912
0.34934077302725614,2.677556
0.3493947419401292,2.677445
0.3494487108530023,2.677647
0.3495026797658753,2.677078
0.34955664867874836,2.677224
0.3496106175916214,2.677562
0.3496645865044945,2.677309
0.3497185554173675,2.677145
0.3497725243302405,2.677536
0.34982649324311355,2.677504
0.3498804621559866,2.677116
0.3499344310688597,2.677361
0.34998839998173276,2.677251
0.3500423688946058,2.677473
0.35009633780747884,2.677549
0.35015030672035186,2.677457
0.3502042756332249,2.67737
0.350258244546098,2.677875
0.35031221345897107,2.67744
0.3503661823718441,2.677438
0.35042015128471715,2.677665
0.3504741201975902,2.677132
0.3505280891104633,2.677103
0.35058205802333636,2.677833
0.3506360269362093,2.677428
0.3506899958490824,2.67785
0.3507439647619554,2.678114
0.35079793367482853,2.677739
0.35085190258770155,2.677338
0.3509058715005746,2.677556
0.35095984041344763,2.677523
0.3510138093263207,2.677616
0.3510677782391937,2.678052
0.35112174715206684,2.677616
0.3511757160649399,2.677793
0.35122968497781293,2.678072
0.3512836538906859,2.677911
0.35133762280355896,2.677861
0.35139159171643203,2.678064
0.3514455606293051,2.67768
0.3514995295421781,2.677368
0.3515534984550512,2.677644
0.35160746736792425,2.677822
0.35166143628079727,2.677911
0.3517154051936704,2.677986
0.3517693741065434,2.677693
0.3518233430194165,2.677405
0.3518773119322895,2.677489
0.35193128084516256,2.676928
0.35198524975803563,2.676979
0.3520392186709087,2.676989
0.35209318758378166,2.676262
0.35214715649665473,2.676569
0.3522011254095278,2.677397
0.3522550943224008,2.676724
0.35230906323527394,2.676486
0.35236303214814696,2.676438
0.35241700106102,2.676072
0.35247096997389304,2.676204
0.35252493888676606,2.676313
0.3525789077996392,2.676352
0.35263287671251226,2.676282
0.35268684562538527,2.676827
0.35274081453825834,2.676235
0.3527947834511313,2.676447
0.3528487523640045,2.676689
0.35290272127687744,2.676464
0.3529566901897505,2.676371
0.3530106591026235,2.676543
0.3530646280154966,2.676137
0.3531185969283696,2.676246
0.35317256584124274,2.676435
0.3532265347541158,2.676221
0.3532805036669888,2.676203
0.3533344725798619,2.676622
0.3533884414927349,2.67634
0.35344241040560803,2.67608
0.35349637931848105,2.67605
0.35355034823135406,2.675819
0.35360431714422713,2.675862
0.3536582860571002,2.675999
0.35371225496997316,2.675511
0.3537662238828463,2.67571
0.3538201927957193,2.67588
0.35387416170859237,2.675315
0.35392813062146544,2.675375
0.35398209953433846,2.675876
0.3540360684472115,2.675052
0.3540900373600846,2.675273
0.35414400627295767,2.675758
0.3541979751858307,2.675321
0.3542519440987037,2.675269
0.35430591301157677,2.675355
0.35435988192444984,2.675111
0.3544138508373229,2.675236
0.354467819750196,2.675715
0.35452178866306894,2.675557
0.35457575757594195,2.675539
0.3546297264888152,2.675873
0.35468369540168815,2.675318
0.35473766431456116,2.67523
0.35479163322743423,2.675879
0.35484560214030725,2.675334
0.3548995710531803,2.675385
0.35495353996605344,2.67567
0.35500750887892646,2.675448
0.3550614777917995,2.675569
0.35511544670467243,2.675977
0.3551694156175456,2.675574
0.3552233845304187,2.675699
0.35527735344329164,2.676205
0.3553313223561647,2.675784
0.3553852912690378,2.675791
0.3554392601819108,2.676179
0.3554932290947839,2.675942
0.35554719800765694,2.675826
0.35560116692052995,2.676219
0.3556551358334031,2.675889
0.3557091047462761,2.676059
0.3557630736591491,2.676223
0.35581704257202224,2.676096
0.35587101148489525,2.675774
0.3559249803977683,2.676535
0.3559789493106414,2.675992
0.35603291822351435,2.676044
0.3560868871363874,2.676461
0.3561408560492606,2.67599
0.35619482496213356,2.675997
0.3562487938750066,2.676348
0.3563027627878796,2.675908
0.35635673170075266,2.67617
0.3564107006136258,2.676455
0.3564646695264988,2.676282
0.35651863843937187,2.676739
0.3565726073522449,2.677149
0.3566265762651179,2.676413
0.3566805451779911,2.676165
0.3567345140908641,2.676256
0.35678848300373706,2.675996
0.3568424519166101,2.6763
0.3568964208294832,2.676493
0.3569503897423562,2.675992
0.35700435865522934,2.67607
0.35705832756810235,2.676115
0.35711229648097537,2.675917
0.3571662653938485,2.676071
0.3572202343067215,2.676405
0.3572742032195946,2.675998
0.3573281721324676,2.675719
0.3573821410453407,2.676196
0.35743610995821373,2.675954
0.35749007887108675,2.676035
0.3575440477839599,2.676567
0.3575980166968329,2.676276
0.35765198560970596,2.676395
0.357705954522579,2.676694
0.357759923435452,2.676378
0.357813892348325,2.676505
0.3578678612611981,2.676793
0.3579218301740712,2.676522
0.3579757990869442,2.676059
0.35802976799981723,2.67662
0.3580837369126903,2.676241
0.3581377058255634,2.676095
0.35819167473843644,2.67638
0.3582456436513095,2.675937
0.3582996125641825,2.676105
0.3583535814770555,2.676431
0.35840755038992866,2.676034
0.35846151930280173,2.675952
0.3585154882156747,2.676071
0.35856945712854776,2.676116
0.3586234260414208,2.67595
0.35867739495429385,2.676239
0.358731363867167,2.675783
0.35878533278004,2.675866
0.358839301692913,2.675976
0.35889327060578613,2.675534
0.35894723951865914,2.67562
0.35900120843153216,2.675836
0.35905517734440523,2.675449
0.3591091462572783,2.67574
0.35916311517015137,2.675831
0.35921708408302433,2.675837
0.3592710529958974,2.675675
0.35932502190877047,2.676033
0.3593789908216435,2.675617
0.3594329597345166,2.675286
0.3594869286473896,2.675585
0.35954089756026264,2.675603
0.3595948664731357,2.675343
0.35964883538600884,2.675899
0.35970280429888185,2.675832
0.3597567732117549,2.675486
0.35981074212462794,2.675798
0.3598647110375009,2.675466
0.35991867995037413,2.675448
0.35997264886324715,2.675751
0.3600266177761201,2.675238
0.3600805866889931,2.675283
0.3601345556018662,2.676018
0.3601885245147393,2.675649
0.36024249342761233,2.675623
0.3602964623404854,2.675698
0.3603504312533584,2.675375
0.3604044001662315,2.675656
0.36045836907910456,2.675867
0.3605123379919776,2.675563
0.36056630690485064,2.675424
0.3606202758177237,2.675529
0.3606742447305968,2.675633
0.36072821364346974,2.675433
0.3607821825563428,2.675688
0.3608361514692159,2.675277
0.3608901203820889,2.67532
0.36094408929496197,2.675888
0.36099805820783504,2.675297
0.36105202712070805,2.675448
0.3611059960335811,2.675879
0.36115996494645425,2.675331
0.36121393385932726,2.674899
0.3612679027722003,2.675102
0.36132187168507335,2.674889
0.3613758405979464,2.675123
0.3614298095108195,2.675449
0.36148377842369256,2.674789
0.3615377473365656,2.675066
0.36159171624943853,2.675613
0.36164568516231155,2.675297
0.36169965407518473,2.674931
0.36175362298805774,2.675089
0.36180759190093076,2.674432
0.36186156081380383,2.674428
0.3619155297266769,2.674954
0.36196949863954997,2.674997
0.36202346755242304,2.674873
0.36207743646529605,2.67517
0.36213140537816907,2.674691
0.3621853742910422,2.674561
0.36223934320391526,2.674868
0.3622933121167883,2.674039
0.36234728102966135,2.674094
0.3624012499425343,2.674562
0.3624552188554074,2.674134
0.36250918776828045,2.674282
0.3625631566811535,2.6749
0.36261712559402653,2.674177
0.36267109450689966,2.674292
0.3627250634197727,2.675016
0.3627790323326457,2.67463
0.3628330012455187,2.674484
0.36288697015839183,2.675146
0.3629409390712649,2.674819
0.3629949079841379,2.674648
0.363048876897011,2.67478
0.36310284580988395,2.674342
0.3631568147227571,2.674238
0.3632107836356302,2.675097
0.36326475254850316,2.6749
0.36331872146137617,2.67514
0.36337269037424924,2.675228
0.36342665928712237,2.674826
0.3634806281999954,2.675229
0.36353459711286845,2.675333
0.36358856602574147,2.674955
0.3636425349386145,2.675286
0.36369650385148766,2.675842
0.3637504727643607,2.675533
0.3638044416772337,2.675527
0.36385841059010665,2.675889
0.36391237950297983,2.675536
0.3639663484158528,2.675768
0.36402031732872586,2.676164
0.36407428624159893,2.675901
0.36412825515447195,2.675691
0.364182224067345,2.675963
0.3642361929802181,2.675642
0.3642901618930911,2.675859
0.3643441308059642,2.675973
0.3643980997188372,2.675256
0.3644520686317103,2.675363
0.36450603754458333,2.675788
0.36456000645745634,2.675499
0.36461397537032947,2.675239
0.36466794428320254,2.675495
0.3647219131960755,2.675318
0.36477588210894857,2.675467
0.3648298510218216,2.675653
0.3648838199346946,2.675222
0.3649377888475678,2.675259
0.3649917577604408,2.675603
0.3650457266733138,2.675068
0.3650996955861869,2.675016
0.3651536644990599,2.675546
0.365207633411933,2.674871
0.3652616023248061,2.675279
0.3653155712376791,2.67577
0.3653695401505521,2.675181
0.36542350906342524,2.675144
0.3654774779762983,2.675215
0.36553144688917133,2.675031
0.3655854158020443,2.674974
0.36563938471491736,2.675207
0.36569335362779043,2.675095
0.36574732254066344,2.674811
0.36580129145353657,2.675133
0.3658552603664096,2.675036
0.3659092292792826,2.674953
0.3659631981921557,2.675742
0.36601716710502874,2.675452
0.3660711360179018,2.675032
0.3661251049307749,2.675294
0.36617907384364795,2.674986
0.36623304275652097,2.675023
0.36628701166939404,2.675659
0.366340980582267,2.675207
0.36639494949514007,2.674787
0.36644891840801325,2.675182
0.3665028873208862,2.674736
0.3665568562337592,2.674288
0.36661082514663224,2.674395
0.36666479405950536,2.674358
0.36671876297237843,2.674096
0.36677273188525145,2.674543
0.3668267007981245,2.673975
0.36688066971099753,2.673634
0.36693463862387066,2.673647
0.3669886075367437,2.673442
0.36704257644961674,2.673709
0.3670965453624897,2.673489
0.36715051427536277,2.673219
0.36720448318823584,2.67294
0.3672584521011089,2.672932
0.3673124210139819,2.67262
0.367366389926855,2.672357
0.367420358839728,2.67274
0.3674743277526011,2.671996
0.3675282966654742,2.672121
0.3675822655783472,2.672686
0.36763623449122024,2.672429
0.36769020340409336,2.672217
0.3677441723169664,2.673003
0.36779814122983934,2.672418
0.3678521101427125,2.672544
0.3679060790555855,2.673197
0.36796004796845855,2.673059
0.3680140168813316,2.673023
0.36806798579420463,2.673611
0.3681219547070777,2.673313
0.3681759236199507,2.673354
0.36822989253282384,2.6735
0.36828386144569686,2.673241
0.3683378303585699,2.672894
0.36839179927144294,2.673722
0.36844576818431607,2.673622
0.3684997370971891,2.673315
0.36855370601006215,2.673456
0.36860767492293517,2.67321
0.36866164383580813,2.672939
0.36871561274868137,2.673508
0.3687695816615543,2.673188
0.36882355057442734,2.673293
0.3688775194873004,2.673917
0.3689314884001735,2.673384
0.3689854573130465,2.673213
0.3690394262259196,2.673378
0.36909339513879263,2.673162
0.36914736405166565,2.673689
0.3692013329645388,2.674032
0.3692553018774118,2.673654
0.36930927079028486,2.67362
0.3693632397031579,2.673769
0.36941720861603095,2.673633
0.369471177528904,2.673609
0.369525146441777,2.673579
0.3695791153546501,2.673211
0.3696330842675231,2.673599
0.3696870531803962,2.6733
0.36974102209326926,2.673127
0.36979499100614227,2.673193
0.3698489599190153,2.673305
0.3699029288318884,2.673335
0.3699568977447615,2.673426
0.3700108666576345,2.673722
0.37006483557050757,2.673383
0.3701188044833806,2.673487
0.37017277339625365,2.673815
0.3702267423091268,2.67297
0.3702807112219998,2.673209
0.37033468013487275,2.673437
0.37038864904774577,2.672887
0.3704426179606189,2.672568
0.37049658687349196,2.672827
0.370550555786365,2.67239
0.37060452469923805,2.672156
0.37065849361211106,2.672653
0.37071246252498413,2.672283
0.37076643143785726,2.672164
0.3708204003507303,2.672462
0.3708743692636033,2.672139
0.37092833817647625,2.671956
0.37098230708934943,2.672259
0.3710362760022224,2.67163
0.37109024491509546,2.671753
0.3711442138279685,2.672253
0.3711981827408416,2.672024
0.3712521516537146,2.671557
0.3713061205665877,2.671963
0.37136008947946075,2.671434
0.37141405839233377,2.671405
0.3714680273052069,2.67172
0.3715219962180799,2.671359
0.3715759651309529,2.671418
0.37162993404382605,2.671355
0.37168390295669906,2.670459
0.37173787186957213,2.670284
0.3717918407824452,2.67069
0.37184580969531816,2.670253
0.3718997786081912,2.670681
0.3719537475210644,2.670949
0.3720077164339374,2.670692
0.3720616853468104,2.67069
0.3721156542596834,2.670776
0.3721696231725565,2.670793
0.3722235920854296,2.670712
0.3722775609983026,2.671419
0.3723315299111757,2.671028
0.3723854988240487,2.671032
0.3724394677369217,2.67138
0.37249343664979484,2.671074
0.3725474055626679,2.671304
0.37260137447554087,2.671373
0.37265534338841394,2.671261
0.372709312301287,2.671097
0.37276328121416,2.671481
0.37281725012703315,2.671241
0.37287121903990617,2.671385
0.3729251879527792,2.672014
0.3729791568656523,2.671432
0.3730331257785253,2.671189
0.37308709469139834,2.671353
0.3731410636042714,2.671085
0.3731950325171445,2.671407
0.37324900143001755,2.671385
0.37330297034289056,2.670864
0.37335693925576363,2.670767
0.3734109081686367,2.670719
0.37346487708150977,2.669994
0.37351884599438284,2.670077
0.3735728149072558,2.670336
0.3736267838201288,2.669941
0.3736807527330019,2.669823
0.373734721645875,2.670146
0.373788690558748,2.670044
0.37384265947162104,2.670028
0.3738966283844941,2.670465
0.3739505972973671,2.670184
0.37400456621024025,2.670547
0.3740585351231133,2.67093
0.37411250403598634,2.670831
0.3741664729488593,2.67069
0.3742204418617325,2.671313
0.37427441077460555,2.670978
0.3743283796874785,2.670904
0.3743823486003516,2.671238
0.3744363175132246,2.671102
0.37449028642609766,2.671136
0.37454425533897073,2.671578
0.3745982242518438,2.671269
0.3746521931647168,2.671219
0.37470616207758994,2.671423
0.37476013099046296,2.67095
0.374814099903336,2.671
0.37486806881620904,2.671357
0.3749220377290821,2.670905
0.3749760066419552,2.670673
0.37502997555482814,2.670998
0.3750839444677012,2.670965
0.37513791338057423,2.671042
0.3751918822934473,2.671278
0.3752458512063204,2.670765
0.37529982011919344,2.670955
0.37535378903206645,2.671067
0.3754077579449395,2.670922
0.37546172685781265,2.67104
0.37551569577068566,2.671189
0.37556966468355873,2.670495
0.37562363359643175,2.670795
0.3756776025093047,2.671029
0.37573157142217795,2.670739
0.37578554033505096,2.670926
0.3758395092479239,2.671255
0.37589347816079693,2.67093
0.37594744707367,2.671065
0.3760014159865431,2.671324
0.37605538489941615,2.670911
0.3761093538122892,2.671119
0.37616332272516223,2.671539
0.3762172916380353,2.671101
0.37627126055090837,2.670995
0.37632522946378144,2.670868
0.37637919837665446,2.670652
0.3764331672895275,2.670742
0.3764871362024006,2.670766
0.3765411051152736,2.670575
0.3765950740281466,2.671058
0.3766490429410197,2.670813
0.3767030118538927,2.670213
0.37675698076676584,2.670481
0.37681094967963885,2.670635
0.37686491859251187,2.670596
0.3769188875053849,2.670467
0.37697285641825806,2.670614
0.3770268253311311,2.670195
0.3770807942440041,2.670635
0.37713476315687716,2.670884
0.3771887320697502,2.671139
0.3772427009826233,2.670902
0.3772966698954964,2.670888
0.3773506388083694,2.670789
0.37740460772124235,2.670978
0.37745857663411536,2.671023
0.37751254554698854,2.670836
0.37756651445986156,2.67078
0.37762048337273457,2.670838
0.37767445228560764,2.670335
0.3777284211984807,2.670859
0.3777823901113537,2.671126
0.37783635902422685,2.670971
0.37789032793709987,2.671091
0.3779442968499729,2.671273
0.377998265762846,2.670979
0.378052234675719,2.671327
0.3781062035885921,2.671656
0.37816017250146516,2.67117
0.3782141414143381,2.670874
0.3782681103272112,2.671277
0.37832207924008426,2.671099
0.3783760481529573,2.670941
0.37843001706583035,2.671144
0.3784839859787035,2.671024
0.3785379548915765,2.671486
0.3785919238044495,2.671654
0.3786458927173225,2.671198
0.37869986163019564,2.671472
0.3787538305430687,2.671448
0.37880779945594173,2.671094
0.3788617683688148,2.671296
0.37891573728168776,2.671327
0.3789697061945608,2.671247
0.379023675107434,2.671186
0.37907764402030697,2.671197
0.37913161293318,2.670894
0.37918558184605305,2.670788
0.3792395507589261,2.670563
0.3792935196717992,2.670708
0.37934748858467227,2.671034
0.3794014574975453,2.670944
0.3794554264104183,2.670868
0.3795093953232914,2.671144
0.3795633642361645,2.671345
0.3796173331490375,2.671123
0.37967130206191047,2.671343
0.37972527097478354,2.67135
0.3797792398876566,2.670987
0.3798332088005296,2.671036
0.37988717771340275,2.670936
0.37994114662627576,2.670708
0.37999511553914883,2.671115
0.3800490844520219,2.671086
0.3801030533648949,2.670928
0.380157022277768,2.671046
0.38021099119064106,2.671022
0.3802649601035141,2.670466
0.38031892901638714,2.670955
0.38037289792926016,2.671037
0.3804268668421332,2.670774
0.38048083575500635,2.67131
0.3805348046678793,2.670924
0.3805887735807524,2.67065
0.3806427424936254,2.67053
0.3806967114064984,2.670288
0.3807506803193716,2.67051
0.3808046492322446,2.670663
0.3808586181451176,2.670561
0.3809125870579907,2.670403
0.3809665559708637,2.670231
0.38102052488373683,2.670283
0.3810744937966099,2.670743
0.3811284627094829,2.670559
0.38118243162235593,2.670511
0.38123640053522906,2.670472
0.3812903694481021,2.670686
0.38134433836097514,2.670355
0.3813983072738481,2.670203
0.3814522761867212,2.670432
0.38150624509959424,2.670687
0.38156021401246726,2.670616
0.3816141829253404,2.670787
0.3816681518382134,2.670465
0.3817221207510864,2.670168
0.38177608966395954,2.670482
0.38183005857683255,2.670452
0.38188402748970557,2.670762
0.3819379964025787,2.67122
0.38199196531545176,2.671203
0.3820459342283248,2.670774
0.38209990314119785,2.67094
0.3821538720540708,2.670707
0.3822078409669439,2.670574
0.38226180987981706,2.670488
0.38231577879269,2.670836
0.38236974770556303,2.670811
0.38242371661843605,2.67071
0.3824776855313091,2.670496
0.38253165444418225,2.670386
0.38258562335705526,2.670578
0.38263959226992833,2.670731
0.38269356118280135,2.670508
0.3827475300956744,2.670637
0.38280149900854754,2.67057
0.38285546792142056,2.670152
0.3829094368342935,2.670301
0.3829634057471666,2.670229
0.38301737466003966,2.670321
0.38307134357291267,2.670249
0.3831253124857858,2.669649
0.3831792813986588,2.669875
0.3832332503115318,2.670117
0.38328721922440495,2.669801
0.38334118813727797,2.669577
0.38339515705015104,2.669872
0.38344912596302405,2.669698
0.3835030948758972,2.669852
0.3835570637887702,2.669713
0.38361103270164315,2.669603
0.38366500161451633,2.669689
0.3837189705273893,2.669604
0.38377293944026236,2.66966
0.38382690835313543,2.669569
0.38388087726600845,2.669867
0.38393484617888146,2.669878
0.38398881509175453,2.669764
0.38404278400462766,2.669771
0.3840967529175007,2.669643
0.3841507218303737,2.669842
0.38420469074324676,2.670062
0.3842586596561199,2.670022
0.3843126285689929,2.670144
0.38436659748186597,2.670284
0.384420566394739,2.669936
0.38447453530761194,2.669844
0.38452850422048507,2.669616
0.38458247313335814,2.669224
0.38463644204623115,2.669097
0.3846904109591042,2.669395
0.38474437987197724,2.668868
0.3847983487848503,2.668843
0.38485231769772343,2.669134
0.38490628661059645,2.668872
0.38496025552346946,2.668975
0.3850142244363426,2.66959
0.3850681933492156,2.66921
0.3851221622620886,2.669104
0.3851761311749617,2.669375
0.38523010008783476,2.669353
0.38528406900070783,2.66912
0.3853380379135808,2.669327
0.38539200682645386,2.66923
0.38544597573932693,2.669204
0.3854999446522,2.669678
0.38555391356507307,2.669031
0.3856078824779461,2.668897
0.3856618513908191,2.669152
0.3857158203036922,2.668653
0.3857697892165653,2.66877
0.3858237581294383,2.66921
0.3858777270423114,2.668794
0.3859316959551844,2.668621
0.38598566486805735,2.668917
0.3860396337809306,2.6685
0.3860936026938036,2.668397
0.38614757160667657,2.668851
0.3862015405195496,2.669373
0.3862555094324227,2.669218
0.3863094783452958,2.669179
0.3863634472581688,2.66868
0.38641741617104186,2.668583
0.3864713850839149,2.669189
0.38652535399678795,2.668579
0.386579322909661,2.668515
0.3866332918225341,2.668509
0.3866872607354071,2.668488
0.38674122964828017,2.668818
0.38679519856115324,2.668806
0.3868491674740262,2.668313
0.38690313638689927,2.668554
0.38695710529977234,2.668463
0.3870110742126454,2.668249
0.3870650431255184,2.668448
0.3871190120383915,2.668842
0.3871729809512645,2.668526
0.3872269498641376,2.668365
0.3872809187770107,2.668806
0.3873348876898837,2.668355
0.38738885660275674,2.668189
0.3874428255156298,2.668689
0.3874967944285029,2.668392
0.38755076334137595,2.668401
0.387604732254249,2.668458
0.387658701167122,2.667979
0.387712670079995,2.668349
0.38776663899286823,2.668868
0.3878206079057412,2.668504
0.3878745768186142,2.668564
0.3879285457314872,2.668753
0.3879825146443603,2.668376
0.38803648355723336,2.668469
0.38809045247010643,2.668818
0.3881444213829795,2.668412
0.3881983902958525,2.668234
0.38825235920872553,2.668485
0.38830632812159865,2.66856
0.3883602970344717,2.668608
0.38841426594734474,2.668777
0.38846823486021775,2.668783
0.3885222037730908,2.668442
0.38857617268596384,2.668809
0.3886301415988369,2.668444
0.38868411051171,2.668603
0.388738079424583,2.668878
0.3887920483374561,2.66881
0.38884601725032913,2.668848
0.38889998616320215,2.668895
0.3889539550760752,2.668674
0.3890079239889483,2.668756
0.38906189290182136,2.668741
0.3891158618146944,2.668116
0.38916983072756745,2.668134
0.3892237996404404,2.668711
0.3892777685533136,2.668336
0.38933173746618666,2.668374
0.3893857063790596,2.668817
0.38943967529193263,2.668207
0.3894936442048057,2.668519
0.3895476131176788,2.6685
0.38960158203055184,2.668409
0.3896555509434249,2.668631
0.3897095198562979,2.669167
0.38976348876917094,2.668545
0.3898174576820441,2.668536
0.38987142659491714,2.668778
0.38992539550779015,2.668485
0.3899793644206631,2.668246
0.3900333333335363,2.669014
0.39008730224640925,2.668614
0.3901412711592823,2.668462
0.3901952400721554,2.668823
0.3902492089850284,2.668465
0.3903031778979015,2.668167
0.39035714681077455,2.668635
0.3904111157236476,2.668741
0.39046508463652063,2.668503
0.39051905354939365,2.668754
0.3905730224622668,2.668111
0.3906269913751398,2.668458
0.39068096028801275,2.668345
0.3907349292008859,2.667863
0.390788898113759,2.667775
0.39084286702663196,2.668233
0.390896835939505,2.667974
0.39095080485237804,2.668073
0.39100477376525106,2.668427
0.39105874267812424,2.668306
0.39111271159099725,2.668288
0.39116668050387027,2.668605
0.39122064941674334,2.668377
0.3912746183296164,2.66837
0.3913285872424895,2.668729
0.39138255615536255,2.668358
0.39143652506823556,2.66808
0.3914904939811085,2.668508
0.3915444628939817,2.668058
0.3915984318068548,2.668033
0.39165240071972773,2.668427
0.39170636963260075,2.667959
0.3917603385454738,2.667826
0.3918143074583469,2.668035
0.3918682763712199,2.667815
0.39192224528409303,2.6679
0.39197621419696604,2.668576
0.3920301831098391,2.66844
0.3920841520227122,2.668168
0.3921381209355852,2.668135
0.39219208984845827,2.667661
0.39224605876133134,2.66748
0.3923000276742044,2.668082
0.3923539965870774,2.667758
0.3924079654999505,2.667896
0.39246193441282345,2.668181
0.3925159033256965,2.667661
0.39256987223856965,2.667835
0.39262384115144267,2.668376
0.3926778100643157,2.667749
0.3927317789771887,2.668069
0.3927857478900619,2.66846
0.3928397168029349,2.66784
0.3928936857158079,2.667601
0.392947654628681,2.668239
0.393001623541554,2.668169
0.3930555924544271,2.667974
0.3931095613673002,2.6685
0.3931635302801732,2.668039
0.39321749919304616,2.66744
0.39327146810591923,2.668035
0.3933254370187923,2.667578
0.39337940593166537,2.667593
0.3934333748445384,2.66791
0.39348734375741146,2.667594
0.3935413126702845,2.6675
0.39359528158315754,2.667807
0.39364925049603067,2.667792
0.3937032194089037,2.667878
0.3937571883217767,2.667934
0.3938111572346498,2.667922
0.39386512614752284,2.667829
0.3939190950603958,2.668187
0.393973063973269,2.667948
0.39402703288614194,2.668064
0.394081001799015,2.668178
0.3941349707118881,2.668009
0.3941889396247611,2.667921
0.39424290853763416,2.668157
0.3942968774505073,2.667688
0.3943508463633803,2.667776
0.3944048152762533,2.668403
0.39445878418912633,2.667734
0.3945127531019994,2.6675
0.39456672201487253,2.667716
0.39462069092774554,2.667511
0.3946746598406186,2.667627
0.3947286287534916,2.668198
0.3947825976663646,2.667667
0.3948365665792378,2.667435
0.3948905354921108,2.668107
0.3949445044049838,2.667596
0.39499847331785687,2.667364
0.39505244223072994,2.667463
0.395106411143603,2.66713
0.3951603800564761,2.667321
0.3952143489693491,2.667463
0.3952683178822221,2.667255
0.39532228679509523,2.667053
0.39537625570796825,2.667292
0.3954302246208413,2.66727
0.3954841935337143,2.666949
0.39553816244658735,2.667214
0.3955921313594604,2.6672
0.39564610027233343,2.667154
0.39570006918520656,2.667406
0.3957540380980796,2.667035
0.39580800701095264,2.666713
0.3958619759238257,2.667111
0.39591594483669873,2.666722
0.39596991374957174,2.666368
0.39602388266244487,2.666675
0.39607785157531794,2.666404
0.39613182048819096,2.666476
0.396185789401064,2.666892
0.39623975831393704,2.666313
0.3962937272268101,2.666307
0.39634769613968324,2.666472
0.3964016650525562,2.666094
0.3964556339654292,2.666219
0.3965096028783022,2.66653
0.3965635717911754,2.666317
0.3966175407040484,2.666021
0.39667150961692144,2.666085
0.3967254785297945,2.665673
0.3967794474426675,2.665521
0.3968334163555406,2.666061
0.3968873852684137,2.665947
0.39694135418128673,2.665734
0.39699532309415975,2.666267
0.3970492920070329,2.666163
0.3971032609199059,2.666141
0.39715722983277885,2.666236
0.3972111987456519,2.665524
0.397265167658525,2.665584
0.39731913657139806,2.666087
0.39737310548427107,2.665906
0.39742707439714414,2.665686
0.3974810433100172,2.666052
0.3975350122228902,2.665546
0.39758898113576335,2.66548
0.39764295004863637,2.665757
0.3976969189615094,2.665239
0.3977508878743825,2.664828
0.3978048567872556,2.664961
0.3978588257001286,2.664827
0.39791279461300166,2.665203
0.3979667635258746,2.665567
0.39802073243874764,2.665145
0.3980747013516209,2.664816
0.39812867026449383,2.665107
0.39818263917736685,2.664745
0.39823660809023986,2.664477
0.39829057700311293,2.665416
0.39834454591598606,2.665023
0.3983985148288591,2.664658
0.39845248374173214,2.664908
0.39850645265460516,2.664705
0.39856042156747823,2.664687
0.3986143904803513,2.664588
0.39866835939322437,2.664307
0.39872232830609733,2.664086
0.3987762972189704,2.664266
0.39883026613184347,2.664041
0.3988842350447165,2.664065
0.3989382039575896,2.664629
0.3989921728704626,2.664948
0.39904614178333564,2.664859
0.39910011069620877,2.665185
0.3991540796090818,2.664655
0.3992080485219548,2.66472
0.39926201743482786,2.665446
0.399315986347701,2.664844
0.399369955260574,2.664995
0.39942392417344696,2.665042
0.39947789308632004,2.66495
0.3995318619991931,2.665058
0.3995858309120662,2.665401
0.39963979982493925,2.665634
0.39969376873781226,2.665514
0.3997477376506853,2.666157
0.3998017065635584,2.66583
0.39985567547643147,2.666061
0.3999096443893045,2.666318
0.3999636133021775,2.665977
0.40001758221505057,2.665754
0.40007155112792364,2.666171
0.4001255200407967,2.665839
0.4001794889536698,2.666507
0.4002334578665428,2.666574
0.40028742677941576,2.66584
0.40034139569228894,2.665982
0.40039536460516195,2.666255
0.40044933351803497,2.665978
0.40050330243090804,2.665681
0.40055727134378105,2.666076
0.4006112402566541,2.665757
0.4006652091695272,2.665228
0.40071917808240026,2.665573
0.4007731469952733,2.665217
0.4008271159081464,2.665699
0.4008810848210194,2.665962
0.40093505373389243,2.665445
0.4009890226467655,2.665557
0.4010429915596386,2.665979
0.40109696047251164,2.665776
0.4011509293853846,2.665663
0.4012048982982577,2.665831
0.4012588672111307,2.665334
0.40131283612400376,2.66566
0.4013668050368769,2.666157
0.4014207739497499,2.665624
0.4014747428626229,2.665508
0.401528711775496,2.665971
0.4015826806883691,2.66553
0.4016366496012421,2.665544
0.4016906185141152,2.666142
0.4017445874269882,2.665488
0.40179855633986117,2.666023
0.4018525252527344,2.666697
0.4019064941656074,2.666219
0.4019604630784804,2.665843
0.4020144319913534,2.666147
0.40206840090422646,2.665773
0.40212236981709953,2.666003
0.4021763387299726,2.666009
0.4022303076428457,2.665662
0.4022842765557187,2.665763
0.40233824546859176,2.665926
0.40239221438146483,2.665633
0.4024461832943379,2.665785
0.4025001522072109,2.666258
0.402554121120084,2.665682
0.40260809003295706,2.665918
0.40266205894583,2.666348
0.4027160278587031,2.665874
0.40276999677157616,2.66608
0.4028239656844492,2.666196
0.4028779345973223,2.665902
0.4029319035101953,2.665651
0.4029858724230683,2.665773
0.4030398413359414,2.665282
0.4030938102488145,2.665557
0.40314777916168754,2.665801
0.40320174807456055,2.665497
0.4032557169874336,2.665559
0.40330968590030664,2.665931
0.40336365481317976,2.665736
0.40341762372605283,2.665545
0.4034715926389258,2.665756
0.4035255615517988,2.66528
0.40357953046467193,2.664919
0.403633499377545,2.665116
0.403687468290418,2.664639
0.40374143720329103,2.664754
0.4037954061161641,2.665019
0.40384937502903717,2.66401
0.4039033439419102,2.663681
0.4039573128547833,2.664017
0.4040112817676563,2.663508
0.40406525068052934,2.66356
0.40411921959340247,2.66434
0.4041731885062755,2.664232
0.40422715741914855,2.664216
0.4042811263320216,2.664444
0.40433509524489464,2.664078
0.40438906415776765,2.664122
0.4044430330706407,2.66476
0.4044970019835138,2.664552
0.4045509708963868,2.664356
0.40460493980925993,2.664999
0.40465890872213295,2.665044
0.40471287763500596,2.665159
0.404766846547879,2.665372
0.4048208154607521,2.66472
0.4048747843736252,2.664895
0.4049287532864982,2.665329
0.40498272219937126,2.66472
0.4050366911122442,2.664689
0.4050906600251174,2.665304
0.40514462893799047,2.664642
0.40519859785086343,2.66449
0.40525256676373644,2.664959
0.4053065356766095,2.664683
0.4053605045894826,2.664376
0.40541447350235565,2.664678
0.4054684424152287,2.664442
0.40552241132810174,2.664043
0.40557638024097475,2.664489
0.4056303491538479,2.664703
0.40568431806672095,2.665176
0.40573828697959397,2.665695
0.4057922558924669,2.665188
0.4058462248053401,2.66568
0.40590019371821306,2.666035
0.4059541626310861,2.665613
0.4060081315439592,2.665498
0.4060621004568322,2.665814
0.4061160693697053,2.665281
0.40617003828257836,2.665225
0.4062240071954514,2.66549
0.40627797610832445,2.665378
0.4063319450211975,2.66532
0.4063859139340706,2.665534
0.4064398828469436,2.665145
0.40649385175981656,2.665987
0.40654782067268963,2.665821
0.4066017895855628,2.665234
0.40665575849843577,2.66524
0.40670972741130884,2.665562
0.40676369632418186,2.66488
0.40681766523705487,2.664549
0.40687163414992805,2.664934
0.40692560306280107,2.664791
0.4069795719756741,2.664979
0.40703354088854715,2.665312
0.40708750980142017,2.66512
0.4071414787142933,2.664919
0.40719544762716636,2.665143
0.4072494165400394,2.664847
0.4073033854529124,2.664707
0.4073573543657855,2.664949
0.4074113232786585,2.664501
0.40746529219153155,2.664256
0.40751926110440456,2.664987
0.40757323001727763,2.664512
0.4076271989301507,2.664448
0.4076811678430237,2.664723
0.40773513675589684,2.664024
0.40778910566876986,2.664012
0.4078430745816429,2.66433
0.407897043494516,2.663766
0.407951012407389,2.663541
0.40800498132026203,2.663267
0.40805895023313515,2.662788
0.4081129191460082,2.662923
0.40816688805888124,2.663303
0.4082208569717543,2.663686
0.40827482588462727,2.663363
0.40832879479750034,2.663613
0.40838276371037346,2.663372
0.4084367326232465,2.663475
0.4084907015361195,2.663989
0.4085446704489925,2.663341
0.4085986393618657,2.663725
0.4086526082747387,2.6642
0.4087065771876117,2.663608
0.4087605461004848,2.663777
0.4088145150133578,2.66388
0.4088684839262309,2.663853
0.408922452839104,2.66403
0.408976421751977,2.664257
0.40903039066485,2.664221
0.40908435957772304,2.664067
0.4091383284905961,2.66392
0.4091922974034692,2.663702
0.40924626631634226,2.663699
0.40930023522921527,2.664063
0.40935420414208834,2.663772
0.4094081730549614,2.663628
0.4094621419678344,2.663963
0.4095161108807075,2.663499
0.4095700797935805,2.663731
0.40962404870645364,2.663698
0.40967801761932665,2.66361
0.4097319865321996,2.663206
0.4097859554450728,2.663458
0.40983992435794575,2.663197
0.4098938932708188,2.663167
0.4099478621836919,2.663624
0.4100018310965649,2.66333
0.4100558000094379,2.663348
0.4101097689223111,2.66348
0.4101637378351841,2.663392
0.41021770674805713,2.663684
0.41027167566093015,2.66392
0.4103256445738032,2.663642
0.41037961348667634,2.663414
0.41043358239954936,2.663897
0.4104875513124224,2.663537
0.4105415202252954,2.663061
0.4105954891381684,2.663278
0.41064945805104164,2.662991
0.4107034269639146,2.663109
0.4107573958767876,2.663294
0.4108113647896607,2.663396
0.41086533370253375,2.663415
0.41091930261540677,2.663783
0.4109732715282799,2.663668
0.4110272404411529,2.663593
0.4110812093540259,2.663716
0.41113517826689905,2.663921
0.41118914717977206,2.664054
0.4112431160926451,2.663829
0.41129708500551815,2.663707
0.41135105391839116,2.663759
0.41140502283126423,2.664239
0.41145899174413725,2.664267
0.4115129606570103,2.664589
0.4115669295698834,2.664857
0.41162089848275646,2.664605
0.41167486739562953,2.664807
0.41172883630850254,2.665185
0.41178280522137556,2.664838
0.4118367741342487,2.66496
0.41189074304712175,2.665403
0.41194471195999477,2.664813
0.41199868087286784,2.664855
0.41205264978574085,2.665058
0.4121066186986138,2.664763
0.41216058761148705,2.664953
0.41221455652436007,2.665036
0.412268525437233,2.664733
0.41232249435010604,2.664827
0.41237646326297916,2.665042
0.41243043217585224,2.664708
0.41248440108872525,2.665318
0.4125383700015983,2.665378
0.41259233891447133,2.664871
0.4126463078273444,2.664858
0.4127002767402175,2.665078
0.41275424565309055,2.664636
0.41280821456596356,2.664778
0.41286218347883663,2.665136
0.4129161523917097,2.664683
0.41297012130458266,2.66476
0.41302409021745573,2.664952
0.4130780591303288,2.664378
0.41313202804320187,2.664489
0.4131859969560749,2.664915
0.41323996586894796,2.664431
0.41329393478182097,2.664356
0.41334790369469404,2.664535
0.41340187260756717,2.663981
0.4134558415204402,2.664059
0.4135098104333132,2.664509
0.41356377934618627,2.664102
0.41361774825905934,2.664183
0.4136717171719324,2.664601
0.4137256860848055,2.664106
0.41377965499767844,2.664413
0.41383362391055145,2.664742
0.4138875928234247,2.664411
0.41394156173629765,2.664249
0.41399553064917066,2.664796
0.4140494995620437,2.664648
0.41410346847491675,2.665042
0.4141574373877898,2.66505
0.4142114063006629,2.664493
0.41426537521353596,2.66465
0.414319344126409,2.664844
0.41437331303928204,2.664546
0.4144272819521551,2.664712
0.4144812508650282,2.664749
0.41453521977790114,2.664603
0.4145891886907742,2.664892
0.4146431576036473,2.665203
0.4146971265165203,2.66498
0.41475109542939337,2.664899
0.41480506434226644,2.665023
0.41485903325513945,2.664679
0.4149130021680126,2.665132
0.4149669710808856,2.665443
0.4150209399937586,2.665135
0.4150749089066317,2.664878
0.4151288778195048,2.66505
0.4151828467323778,2.664855
0.41523681564525083,2.664838
0.41529078455812385,2.665337
0.41534475347099686,2.665104
0.41539872238387,2.664984
0.41545269129674306,2.66518
0.4155066602096161,2.664767
0.4155606291224891,2.664816
0.41561459803536216,2.664939
0.4156685669482353,2.664938
0.4157225358611083,2.664816
0.41577650477398137,2.665039
0.4158304736868544,2.664762
0.41588444259972746,2.664718
0.4159384115126006,2.664799
0.4159923804254736,2.664693
0.4160463493383466,2.664813
0.41610031825121957,2.665226
0.41615428716409275,2.665198
0.4162082560769657,2.665403
0.4162622249898388,2.66507
0.41631619390271185,2.664747
0.41637016281558487,2.664987
0.41642413172845794,2.665074
0.416478100641331,2.6645
0.4165320695542041,2.664942
0.4165860384670771,2.665115
0.4166400073799502,2.664906
0.41669397629282323,2.665247
0.41674794520569625,2.665394
0.4168019141185692,2.665146
0.4168558830314424,2.665106
0.41690985194431546,2.665107
0.4169638208571884,2.664828
0.4170177897700615,2.665118
0.4170717586829345,2.66513
0.41712572759580757,2.665046
0.4171796965086807,2.665434
0.4172336654215537,2.665375
0.4172876343344267,2.665409
0.4173416032472998,2.665282
0.41739557216017287,2.664682
0.41744954107304594,2.664736
0.417503509985919,2.664797
0.417557478898792,2.664766
0.417611447811665,2.664422
0.41766541672453816,2.664563
0.41771938563741123,2.664596
0.4177733545502842,2.664942
0.4178273234631572,2.664731
0.4178812923760303,2.665091
0.41793526128890335,2.664603
0.41798923020177636,2.664809
0.4180431991146495,2.664519
0.4180971680275225,2.664283
0.4181511369403956,2.664382
0.41820510585326864,2.66477
0.41825907476614166,2.664286
0.41831304367901473,2.664475
0.4183670125918878,2.66466
0.41842098150476087,2.664483
0.41847495041763383,2.66447
0.4185289193305069,2.664588
0.41858288824337997,2.664298
0.418636857156253,2.664496
0.4186908260691261,2.66449
0.4187447949819991,2.664277
0.41879876389487214,2.664766
0.41885273280774515,2.664757
0.41890670172061834,2.664874
0.41896067063349135,2.664805
0.41901463954636436,2.66464
0.41906860845923743,2.664326
0.41912257737211045,2.664579
0.4191765462849836,2.664783
0.41923051519785665,2.664628
0.4192844841107296,2.665065
0.4193384530236026,2.664883
0.4193924219364757,2.664729
0.41944639084934876,2.664631
0.41950035976222183,2.664716
0.41955432867509485,2.66454
0.4196082975879679,2.665023
0.419662266500841,2.664716
0.419716235413714,2.664899
0.4197702043265871,2.665256
0.41982417323946014,2.665513
0.41987814215233316,2.66548
0.4199321110652063,2.665546
0.4199860799780793,2.665363
0.42004004889095226,2.66535
0.42009401780382544,2.665252
0.4201479867166985,2.665144
0.42020195562957147,2.66467
0.42025592454244454,2.664997
0.42030989345531755,2.664863
0.4203638623681906,2.664467
0.42041783128106375,2.664775
0.42047180019393676,2.664563
0.4205257691068098,2.66463
0.4205797380196828,2.66476
0.42063370693255586,2.664446
0.420687675845429,2.664285
0.420741644758302,2.664168
0.4207956136711751,2.664194
0.42084958258404803,2.66418
0.4209035514969211,2.664418
0.4209575204097943,2.664485
0.42101148932266724,2.664335
0.42106545823554026,2.664397
0.42111942714841333,2.664689
0.4211733960612864,2.664439
0.42122736497415947,2.664288
0.42128133388703254,2.664229
0.42133530279990555,2.664263
0.42138927171277857,2.664273
0.4214432406256517,2.664162
0.4214972095385247,2.664196
0.4215511784513978,2.664263
0.42160514736427074,2.664144
0.4216591162771439,2.66415
0.4217130851900169,2.664387
0.4217670541028899,2.664121
0.421821023015763,2.664029
0.42187499192863603,2.664762
0.4219289608415091,2.664347
0.4219829297543822,2.664176
0.4220368986672552,2.66471
0.4220908675801282,2.664154
0.42214483649300133,2.664129
0.4221988054058744,2.664395
0.4222527743187474,2.664007
0.4223067432316205,2.663944
0.42236071214449344,2.664313
0.4224146810573666,2.66396
0.4224686499702397,2.66405
0.42252261888311266,2.664373
0.42257658779598567,2.664246
0.4226305567088587,2.664266
0.42268452562173187,2.664176
0.4227384945346049,2.66368
0.4227924634474779,2.663776
0.42284643236035097,2.663991
0.422900401273224,2.663986
0.42295437018609705,2.663861
0.4230083390989702,2.664104
0.4230623080118432,2.663713
0.4231162769247162,2.663772
0.42317024583758933,2.664089
0.4232242147504623,2.663776
0.42327818366333536,2.663849
0.4233321525762084,2.664049
0.42338612148908145,2.663853
0.4234400904019545,2.663512
0.42349405931482753,2.663597
0.4235480282277006,2.663605
0.42360199714057367,2.663799
0.4236559660534467,2.663748
0.4237099349663198,2.663459
0.4237639038791928,2.663532
0.42381787279206584,2.663813
0.42387184170493897,2.663421
0.42392581061781204,2.6633
0.42397977953068505,2.663661
0.4240337484435581,2.663526
0.4240877173564311,2.663584
0.4241416862693041,2.663757
0.4241956551821773,2.663198
0.4242496240950503,2.663094
0.4243035930079233,2.663536
0.4243575619207963,2.663441
0.4244115308336694,2.663206
0.4244654997465425,2.66355
0.42451946865941553,2.663033
0.4245734375722886,2.663197
0.4246274064851616,2.663386
0.4246813753980347,2.663176
0.4247353443109078,2.663163
0.42478931322378083,2.66381
0.4248432821366538,2.66336
0.42489725104952686,2.663197
0.42495121996239993,2.663457
0.42500518887527294,2.662969
0.42505915778814607,2.662687
0.4251131267010191,2.663031
0.42516709561389215,2.662467
0.4252210645267652,2.662384
0.42527503343963824,2.662956
0.42532900235251125,2.662972
0.4253829712653843,2.662917
0.42543694017825745,2.663175
0.42549090909113046,2.66286
0.4255448780040034,2.662651
0.4255988469168765,2.662772
0.42565281582974956,2.662165
0.42570678474262263,2.662425
0.4257607536554957,2.662797
0.4258147225683687,2.662714
0.42586869148124173,2.662595
0.4259226603941149,2.662504
0.42597662930698793,2.662238
0.42603059821986095,2.66254
0.42608456713273396,2.663218
0.42613853604560703,2.6624
0.4261925049584801,2.662023
0.42624647387135317,2.662091
0.42630044278422624,2.661529
0.4263544116970992,2.661345
0.4264083806099722,2.661354
0.42646234952284534,2.661082
0.4265163184357184,2.661207
0.4265702873485914,2.661134
0.4266242562614645,2.661019
0.42667822517433757,2.66115
0.4267321940872106,2.66163
0.42678616300008365,2.661327
0.4268401319129567,2.661546
0.42689410082582974,2.661959
0.42694806973870286,2.661378
0.4270020386515759,2.660995
0.4270560075644489,2.661475
0.42710997647732196,2.660879
0.427163945390195,2.660971
0.42721791430306805,2.661237
0.42727188321594106,2.66091
0.42732585212881413,2.66119
0.42737982104168715,2.661351
0.4274337899545603,2.66066
0.42748775886743334,2.66061
0.42754172778030636,2.660942
0.4275956966931794,2.660479
0.42764966560605244,2.660723
0.42770363451892557,2.661109
0.4277576034317986,2.660728
0.42781157234467165,2.66088
0.42786554125754467,2.661176
0.4279195101704176,2.660693
0.42797347908329086,2.660654
0.4280274479961639,2.661097
0.42808141690903684,2.660719
0.42813538582190985,2.660852
0.428189354734783,2.6615
0.428243323647656,2.661366
0.42829729256052906,2.661143
0.42835126147340213,2.661672
0.42840523038627515,2.661171
0.4284591992991482,2.660988
0.4285131682120213,2.661172
0.42856713712489436,2.660842
0.4286211060377674,2.660614
0.42867507495064044,2.660989
0.4287290438635135,2.660728
0.4287830127763865,2.66054
0.42883698168925954,2.6611
0.4288909506021326,2.660564
0.4289449195150057,2.660563
0.42899888842787876,2.66064
0.42905285734075177,2.66065
0.4291068262536248,2.660506
0.42916079516649785,2.660546
0.429214764079371,2.660457
0.429268732992244,2.660197
0.429322701905117,2.660563
0.4293766708179901,2.660223
0.42943063973086304,2.660261
0.4294846086437362,2.660543
0.4295385775566093,2.659965
0.42959254646948225,2.660065
0.42964651538235527,2.66057
0.4297004842952284,2.66001
0.42975445320810146,2.660182
0.4298084221209745,2.660598
0.4298623910338475,2.660044
0.42991635994672056,2.660011
0.42997032885959363,2.659979
0.43002429777246665,2.659688
0.43007826668533977,2.659605
0.4301322355982128,2.659849
0.43018620451108575,2.659436
0.4302401734239589,2.659597
0.4302941423368319,2.660091
0.43034811124970496,2.659704
0.430402080162578,2.659671
0.4304560490754511,2.660284
0.4305100179883241,2.659562
0.4305639869011972,2.659475
0.43061795581407025,2.660066
0.43067192472694327,2.65958
0.4307258936398164,2.659351
0.4307798625526894,2.659658
0.4308338314655624,2.659272
0.43088780037843544,2.659283
0.4309417692913086,2.659403
0.43099573820418163,2.659194
0.43104970711705465,2.659702
0.4311036760299277,2.659995
0.4311576449428007,2.659872
0.4312116138556738,2.659595
0.4312655827685469,2.659925
0.4313195516814199,2.659436
0.4313735205942929,2.659299
0.431427489507166,2.659917
0.43148145842003904,2.659701
0.4315354273329121,2.659521
0.4315893962457852,2.660092
0.4316433651586582,2.659837
0.43169733407153127,2.659666
0.43175130298440434,2.660031
0.4318052718972774,2.659685
0.4318592408101504,2.659549
0.4319132097230234,2.659944
0.43196717863589656,2.659423
0.4320211475487695,2.659299
0.43207511646164254,2.659451
0.43212908537451566,2.659158
0.4321830542873887,2.65927
0.43223702320026175,2.659902
0.4322909921131348,2.659411
0.43234496102600783,2.659619
0.4323989299388809,2.660019
0.43245289885175403,2.659335
0.43250686776462705,2.659483
0.43256083667750006,2.659955
0.432614805590373,2.659447
0.4326687745032462,2.659408
0.43272274341611927,2.659642
0.43277671232899223,2.65939
0.4328306812418653,2.659423
0.4328846501547383,2.659724
0.43293861906761133,2.659369
0.4329925879804845,2.659534
0.4330465568933575,2.659656
0.43310052580623054,2.659391
0.4331544947191036,2.659651
0.4332084636319767,2.660142
0.43326243254484975,2.659465
0.4333164014577228,2.659382
0.43337037037059584,2.659867
0.4334243392834688,2.659583
0.433478308196342,2.659609
0.43353227710921494,2.659774
0.433586246022088,2.659615
0.433640214934961,2.659589
0.4336941838478341,2.659648
0.43374815276070716,2.659413
0.4338021216735802,2.659605
0.4338560905864533,2.660011
0.4339100594993263,2.659893
0.4339640284121994,2.659813
0.43401799732507246,2.66001
0.4340719662379455,2.659331
0.4341259351508185,2.659406
0.4341799040636916,2.659668
0.4342338729765647,2.65888
0.43428784188943764,2.65858
0.4343418108023107,2.659095
0.4343957797151837,2.659048
0.4344497486280568,2.659188
0.4345037175409299,2.659437
0.43455768645380294,2.659312
0.43461165536667595,2.659226
0.43466562427954897,2.659846
0.43471959319242215,2.659499
0.43477356210529516,2.659616
0.4348275310181682,2.660012
0.43488149993104125,2.659553
0.43493546884391426,2.659158
0.43498943775678733,2.659861
0.43504340666966046,2.65992
0.4350973755825334,2.659493
0.43515134449540643,2.659781
0.4352053134082795,2.659546
0.4352592823211526,2.659413
0.43531325123402564,2.659885
0.4353672201468987,2.65965
0.43542118905977173,2.659685
0.4354751579726448,2.660115
0.43552912688551787,2.659903
0.4355830957983909,2.659621
0.43563706471126395,2.659717
0.43569103362413697,2.659214
0.4357450025370101,2.658895
0.4357989714498831,2.659156
0.43585294036275607,2.658721
0.43590690927562925,2.658974
0.4359608781885022,2.659302
0.4360148471013753,2.659042
0.43606881601424835,2.659142
0.43612278492712137,2.659338
0.4361767538399944,2.658873
0.43623072275286756,2.659259
0.4362846916657406,2.659728
0.4363386605786136,2.659227
0.4363926294914866,2.65899
0.4364465984043597,2.659113
0.4365005673172328,2.658709
0.4365545362301058,2.658685
0.4366085051429789,2.659066
0.43666247405585185,2.658924
0.4367164429687249,2.658871
0.4367704118815981,2.658972
0.43682438079447106,2.658635
0.43687834970734407,2.658164
0.43693231862021714,2.658522
0.4369862875330902,2.658135
0.4370402564459632,2.658088
0.43709422535883635,2.658676
0.43714819427170937,2.658763
0.4372021631845824,2.658701
0.4372561320974555,2.658847
0.4373101010103285,2.658861
0.4373640699232016,2.658927
0.43741803883607455,2.658734
0.43747200774894773,2.659035
0.4375259766618207,2.658598
0.4375799455746937,2.659101
0.4376339144875668,2.659133
0.43768788340043985,2.658778
0.4377418523133129,2.658777
0.437795821226186,2.658088
0.437849790139059,2.658246
0.437903759051932,2.658902
0.43795772796480514,2.658382
0.4380116968776782,2.658274
0.43806566579055123,2.658832
0.4381196347034243,2.65861
0.43817360361629726,2.65851
0.43822757252917033,2.658676
0.4382815414420435,2.658487
0.43833551035491647,2.65845
0.4383894792677895,2.658435
0.4384434481806625,2.658406
0.4384974170935356,2.658359
0.4385513860064087,2.658597
0.4386053549192817,2.658157
0.4386593238321548,2.658125
0.4387132927450278,2.658429
0.43876726165790086,2.658155
0.438821230570774,2.658572
0.438875199483647,2.658755
0.43892916839652,2.657879
0.43898313730939315,2.657857
0.43903710622226616,2.658237
0.4390910751351391,2.658069
0.4391450440480122,2.657536
0.43919901296088526,2.657803
0.43925298187375833,2.65769
0.43930695078663135,2.657856
0.4393609196995044,2.658131
0.43941488861237743,2.657879
0.4394688575252505,2.657848
0.4395228264381236,2.658062
0.43957679535099664,2.657861
0.43963076426386966,2.657853
0.4396847331767427,2.6581
0.43973870208961585,2.657761
0.43979267100248887,2.65798
0.43984663991536194,2.658469
0.4399006088282349,2.65812
0.4399545777411079,2.658465
0.4400085466539811,2.658514
0.4400625155668541,2.657988
0.4401164844797271,2.658046
0.44017045339260014,2.658681
0.4402244223054732,2.658485
0.4402783912183463,2.658459
0.44033236013121935,2.658846
0.4403863290440924,2.658734
0.44044029795696543,2.658816
0.4404942668698385,2.658773
0.4405482357827116,2.657931
0.44060220469558464,2.658039
0.4406561736084576,2.658426
0.44071014252133067,2.658339
0.44076411143420374,2.658251
0.44081808034707676,2.658299
0.4408720492599498,2.657856
0.4409260181728229,2.65776
0.4409799870856959,2.658165
0.44103395599856904,2.657612
0.44108792491144205,2.657823
0.44114189382431507,2.658268
0.44119586273718814,2.657933
0.44124983165006126,2.65819
0.4413038005629343,2.658467
0.44135776947580724,2.658121
0.4414117383886803,2.658071
0.4414657073015533,2.658441
0.44151967621442645,2.65829
0.4415736451272995,2.658283
0.44162761404017253,2.658376
0.44168158295304555,2.657958
0.4417355518659186,2.657769
0.44178952077879174,2.658059
0.44184348969166476,2.657994
0.44189745860453783,2.657846
0.44195142751741084,2.657992
0.4420053964302839,2.658058
0.44205936534315704,2.658037
0.44211333425603005,2.658324
0.442167303168903,2.658198
0.44222127208177603,2.658123
0.44227524099464915,2.658214
0.44232920990752217,2.657933
0.44238317882039524,2.657532
0.4424371477332683,2.658039
0.4424911166461414,2.658037
0.4425450855590144,2.657979
0.44259905447188747,2.658679
0.44265302338476054,2.658404
0.44270699229763355,2.657956
0.4427609612105067,2.658304
0.4428149301233797,2.657758
0.4428688990362527,2.658087
0.44292286794912566,2.658445
0.44297683686199885,2.657892
0.44303080577487186,2.657755
0.4430847746877449,2.657817
0.44313874360061795,2.657398
0.44319271251349096,2.65754
0.4432466814263641,2.657793
0.44330065033923716,2.657361
0.44335461925211017,2.65727
0.4434085881649832,2.657597
0.44346255707785626,2.657361
0.4435165259907294,2.657512
0.4435704949036024,2.657738
0.44362446381647547,2.657214
0.4436784327293485,2.657116
0.44373240164222144,2.658214
0.4437863705550946,2.65818
0.4438403394679677,2.657958
0.44389430838084065,2.658347
0.44394827729371367,2.657958
0.4440022462065868,2.657905
0.4440562151194598,2.657824
0.4441101840323328,2.657283
0.44416415294520595,2.657349
0.44421812185807896,2.657539
0.44427209077095203,2.657284
0.4443260596838251,2.657646
0.4443800285966981,2.657814
0.4444339975095712,2.657468
0.44448796642244426,2.657461
0.44454193533531733,2.657963
0.4445959042481903,2.657598
0.44464987316106336,2.657805
0.44470384207393643,2.658107
0.4447578109868095,2.657954
0.44481177989968257,2.657855
0.4448657488125556,2.65797
0.4449197177254286,2.657579
0.4449736866383016,2.657025
0.4450276555511748,2.657347
0.4450816244640478,2.657287
0.4451355933769208,2.657382
0.4451895622897939,2.657609
0.44524353120266685,2.657207
0.44529750011554003,2.657508
0.4453514690284131,2.658008
0.44540543794128606,2.657564
0.4454594068541591,2.657509
0.4455133757670322,2.657569
0.4455673446799052,2.657183
0.4456213135927783,2.657048
0.4456752825056513,2.657143
0.4457292514185244,2.656592
0.44578322033139745,2.657036
0.44583718924427046,2.657275
0.4458911581571436,2.657156
0.4459451270700166,2.656916
0.4459990959828896,2.656872
0.44605306489576274,2.656507
0.4461070338086357,2.656662
0.4461610027215087,2.657143
0.44621497163438184,2.657059
0.4462689405472549,2.656929
0.4463229094601279,2.657068
0.446376878373001,2.656975
0.446430847285874,2.657013
0.4464848161987471,2.65758
0.4465387851116202,2.657224
0.4465927540244932,2.657439
0.44664672293736624,2.65754
0.44670069185023925,2.656981
0.4467546607631124,2.657329
0.44680862967598545,2.657288
0.44686259858885846,2.656845
0.44691656750173153,2.657035
0.4469705364146045,2.657142
0.44702450532747756,2.656651
0.4470784742403507,2.656686
0.4471324431532237,2.656836
0.4471864120660967,2.65656
0.4472403809789698,2.656894
0.44729434989184286,2.656981
0.4473483188047159,2.656713
0.447402287717589,2.657199
0.447456256630462,2.657341
0.447510225543335,2.65687
0.44756419445620815,2.656951
0.44761816336908117,2.657274
0.44767213228195424,2.657179
0.4477261011948272,2.657179
0.4477800701077004,2.657524
0.44783403902057334,2.656691
0.44788800793344635,2.656541
0.4479419768463195,2.657096
0.4479959457591925,2.656739
0.44804991467206556,2.656615
0.44810388358493863,2.657014
0.44815785249781165,2.656893
0.44821182141068466,2.657021
0.44826579032355784,2.657622
0.44831975923643086,2.657176
0.4483737281493039,2.657177
0.44842769706217694,2.657375
0.4484816659750499,2.657147
0.4485356348879231,2.656411
0.44858960380079616,2.657144
0.4486435727136691,2.656787
0.44869754162654213,2.656866
0.44875151053941514,2.657157
0.4488054794522883,2.656547
0.44885944836516134,2.656538
0.44891341727803435,2.657268
0.4489673861909074,2.656576
0.4490213551037805,2.656268
0.4490753240166535,2.656777
0.44912929292952664,2.656372
0.44918326184239965,2.656225
0.4492372307552726,2.65681
0.4492911996681458,2.656219
0.44934516858101875,2.655981
0.4493991374938918,2.656334
0.44945310640676484,2.656087
0.4495070753196379,2.656094
0.449561044232511,2.656244
0.449615013145384,2.656254
0.44966898205825706,2.656132
0.44972295097113013,2.65634
0.4497769198840032,2.656168
0.44983088879687627,2.656147
0.4498848577097493,2.656578
0.4499388266226223,2.656343
0.4499927955354954,2.656384
0.4500467644483685,2.65669
0.45010073336124146,2.656357
0.4501547022741145,2.656263
0.45020867118698754,2.656398
0.45026264009986056,2.656061
0.45031660901273374,2.656291
0.45037057792560675,2.656493
0.45042454683847977,2.655917
0.4504785157513528,2.656032
0.4505324846642259,2.656299
0.450586453577099,2.656143
0.450640422489972,2.656307
0.45069439140284506,2.656425
0.4507483603157181,2.65608
0.45080232922859115,2.65626
0.4508562981414643,2.656543
0.4509102670543373,2.656255
0.45096423596721025,2.65625
0.4510182048800833,2.656494
0.4510721737929564,2.656307
0.4511261427058294,2.656409
0.45118011161870253,2.656559
0.45123408053157554,2.656587
0.4512880494444486,2.656614
0.4513420183573217,2.656375
0.4513959872701947,2.655859
0.45144995618306777,2.655735
0.4515039250959408,2.656072
0.4515578940088139,2.656222
0.4516118629216869,2.656141
0.4516658318345599,2.656485
0.45171980074743295,2.656259
0.451773769660306,2.656286
0.4518277385731791,2.656637
0.45188170748605216,2.655922
0.4519356763989252,2.656053
0.4519896453117982,2.655875
0.4520436142246714,2.655648
0.4520975831375444,2.655822
0.4521515520504174,2.656252
0.4522055209632904,2.655983
0.4522594898761635,2.655694
0.45231345878903656,2.656385
0.45236742770190963,2.655895
0.4524213966147827,2.655898
0.45247536552765566,2.656115
0.4525293344405287,2.655818
0.4525833033534018,2.655852
0.45263727226627487,2.656572
0.4526912411791479,2.656178
0.45274521009202096,2.656249
0.452799179004894,2.656539
0.45285314791776704,2.656183
0.45290711683064017,2.656443
0.4529610857435132,2.656575
0.4530150546563862,2.655943
0.4530690235692593,2.655766
0.45312299248213234,2.655987
0.4531769613950053,2.655696
0.45323093030787837,2.656111
0.45328489922075144,2.656224
0.4533388681336245,2.655882
0.4533928370464975,2.655868
0.4534468059593706,2.656303
0.4535007748722436,2.656086
0.45355474378511673,2.656029
0.4536087126979898,2.656395
0.4536626816108628,2.655927
0.45371665052373583,2.656239
0.4537706194366089,2.656268
0.453824588349482,2.655679
0.45387855726235504,2.655851
0.4539325261752281,2.656123
0.45398649508810107,2.655344
0.45404046400097414,2.655852
0.4540944329138473,2.65598
0.4541484018267203,2.655622
0.4542023707395933,2.655748
0.4542563396524663,2.655767
0.45431030856533944,2.655551
0.45436427747821245,2.655671
0.4544182463910855,2.655895
0.4544722153039586,2.655654
0.4545261842168316,2.655952
0.4545801531297047,2.656115
0.45463412204257775,2.65582
0.4546880909554508,2.655967
0.45474205986832383,2.65625
0.45479602878119696,2.655876
0.45484999769407,2.656151
0.45490396660694293,2.656391
0.454957935519816,2.655989
0.4550119044326891,2.65613
0.45506587334556214,2.655908
0.4551198422584352,2.655626
0.45517381117130823,2.655794
0.45522778008418124,2.655832
0.4552817489970543,2.655577
0.45533571790992744,2.65575
0.45538968682280045,2.655868
0.45544365573567347,2.655618
0.45549762464854654,2.655798
0.45555159356141967,2.65597
0.4556055624742927,2.655585
0.45565953138716575,2.65569
0.4557135003000387,2.655958
0.4557674692129117,2.655549
0.45582143812578485,2.65523
0.4558754070386579,2.655492
0.45592937595153094,2.655386
0.45598334486440395,2.65553
0.456037313777277,2.655324
0.4560912826901501,2.655306
0.45614525160302316,2.655341
0.45619922051589623,2.655802
0.45625318942876925,2.655703
0.4563071583416423,2.655611
0.4563611272545154,2.655316
0.45641509616738835,2.655268
0.4564690650802614,2.655429
0.4565230339931345,2.655314
0.45657700290600756,2.655254
0.45663097181888057,2.655329
0.45668494073175364,2.655198
0.4567389096446267,2.654583
0.4567928785574997,2.655077
0.45684684747037285,2.65538
0.45690081638324587,2.655003
0.4569547852961189,2.654922
0.45700875420899184,2.655095
0.4570627231218651,2.654982
0.4571166920347381,2.655181
0.45717066094761105,2.655149
0.4572246298604841,2.654994
0.45727859877335714,2.65491
0.45733256768623026,2.655026
0.45738653659910333,2.654962
0.45744050551197635,2.65499
0.45749447442484936,2.655348
0.45754844333772243,2.655248
0.45760241225059556,2.655498
0.4576563811634686,2.655534
0.45771035007634164,2.655103
0.45776431898921466,2.654863
0.45781828790208773,2.655068
0.4578722568149608,2.654673
0.45792622572783387,2.654768
0.45798019464070683,2.65474
0.45803416355357984,2.654679
0.45808813246645297,2.654866
0.458142101379326,2.654848
0.458196070292199,2.654405
0.4582500392050721,2.654262
0.45830400811794514,2.65426
0.4583579770308182,2.65412
0.4584119459436913,2.654625
0.4584659148565643,2.654536
0.45851988376943736,2.654413
0.4585738526823105,2.654561
0.4586278215951835,2.65453
0.4586817905080565,2.654424
0.4587357594209295,2.653937
0.45878972833380266,2.654076
0.45884369724667573,2.654118
0.4588976661595487,2.654359
0.45895163507242176,2.654069
0.4590056039852948,2.653722
0.4590595728981678,2.653914
0.45911354181104097,2.654155
0.459167510723914,2.653948
0.459221479636787,2.654107
0.45927544854966007,2.654137
0.45932941746253314,2.653662
0.4593833863754062,2.653962
0.4594373552882793,2.654164
0.4594913242011523,2.653929
0.45954529311402526,2.653921
0.45959926202689844,2.654046
0.4596532309397714,2.654037
0.45970719985264447,2.654118
0.4597611687655175,2.653789
0.4598151376783906,2.653193
0.4598691065912636,2.653407
0.45992307550413664,2.653704
0.45997704441700976,2.653491
0.4600310133298828,2.653563
0.46008498224275585,2.653674
0.4601389511556289,2.65351
0.46019292006850193,2.653747
0.4602468889813749,2.653969
0.46030085789424807,2.653818
0.46035482680712114,2.653836
0.4604087957199941,2.653539
0.46046276463286717,2.653709
0.4605167335457402,2.653782
0.4605707024586133,2.653274
0.4606246713714864,2.653335
0.4606786402843594,2.653303
0.4607326091972324,2.653158
0.4607865781101054,2.6533
0.4608405470229786,2.653368
0.4608945159358516,2.653412
0.46094848484872464,2.653695
0.4610024537615977,2.653657
0.46105642267447067,2.653693
0.46111039158734374,2.65356
0.4611643605002169,2.653851
0.4612183294130899,2.653325
0.4612722983259629,2.653005
0.461326267238836,2.653161
0.46138023615170903,2.653214
0.4614342050645821,2.653229
0.4614881739774552,2.653505
0.4615421428903282,2.652914
0.46159611180320126,2.652659
0.46165008071607433,2.652688
0.46170404962894734,2.652853
0.4617580185418204,2.652755
0.46181198745469343,2.652885
0.46186595636756655,2.652626
0.4619199252804395,2.652517
0.46197389419331253,2.652801
0.46202786310618565,2.652751
0.4620818320190587,2.652632
0.46213580093193174,2.65323
0.4621897698448048,2.652936
0.4622437387576778,2.652737
0.46229770767055084,2.653163
0.462351676583424,2.653343
0.46240564549629704,2.653277
0.46245961440917005,2.653515
0.46251358332204306,2.652933
0.46256755223491614,2.65293
0.46262152114778926,2.652837
0.4626754900606623,2.652749
0.46272945897353535,2.652818
0.4627834278864083,2.653061
0.4628373967992814,2.652643
0.4628913657121545,2.652528
0.4629453346250275,2.652666
0.46299930353790053,2.652416
0.4630532724507736,2.652344
0.46310724136364667,2.652441
0.4631612102765197,2.652239
0.4632151791893928,2.652257
0.4632691481022658,2.65255
0.46332311701513884,2.652411
0.46337708592801197,2.652209
0.463431054840885,2.652363
0.46348502375375805,2.652424
0.463538992666631,2.652373
0.4635929615795042,2.652442
0.46364693049237715,2.65216
0.46370089940525017,2.652118
0.46375486831812324,2.652224
0.4638088372309963,2.651607
0.4638628061438694,2.651144
0.46391677505674245,2.651547
0.46397074396961546,2.651231
0.4640247128824885,2.651213
0.4640786817953616,2.651399
0.4641326507082347,2.651093
0.4641866196211077,2.651191
0.46424058853398076,2.651793
0.4642945574468537,2.651546
0.4643485263597268,2.65135
0.46440249527259997,2.651406
0.46445646418547293,2.651052
0.46451043309834594,2.651269
0.46456440201121896,2.651256
0.4646183709240921,2.650877
0.46467233983696515,2.650881
0.46472630874983817,2.651294
0.46478027766271124,2.651542
0.4648342465755843,2.651185
0.4648882154884573,2.651451
0.46494218440133045,2.651125
0.46499615331420346,2.651301
0.4650501222270764,2.65158
0.4651040911399496,2.650774
0.46515806005282256,2.65079
0.4652120289656956,2.651084
0.46526599787856865,2.650428
0.4653199667914417,2.650239
0.4653739357043148,2.650587
0.4654279046171878,2.650478
0.4654818735300609,2.650354
0.46553584244293394,2.650596
0.465589811355807,2.650535
0.4656437802686801,2.650405
0.4656977491815531,2.650674
0.4657517180944261,2.649931
0.4658056870072992,2.64989
0.4658596559201723,2.650515
0.46591362483304527,2.649892
0.46596759374591834,2.649832
0.46602156265879136,2.650196
0.46607553157166437,2.650198
0.46612950048453755,2.650076
0.46618346939741057,2.650038
0.4662374383102836,2.649963
0.4662914072231566,2.650221
0.4663453761360297,2.650621
0.46639934504890274,2.650587
0.4664533139617758,2.650804
0.4665072828746489,2.651128
0.4665612517875219,2.650524
0.46661522070039496,2.650704
0.46666918961326803,2.651302
0.4667231585261411,2.650726
0.46677712743901406,2.650506
0.46683109635188713,2.650774
0.4668850652647602,2.65016
0.4669390341776332,2.650076
0.46699300309050634,2.650839
0.46704697200337936,2.650532
0.4671009409162524,2.650287
0.4671549098291255,2.650621
0.4672088787419985,2.650266
0.4672628476548715,2.65039
0.4673168165677446,2.650782
0.4673707854806177,2.650358
0.46742475439349074,2.650203
0.4674787233063637,2.650648
0.46753269221923677,2.650546
0.4675866611321098,2.650368
0.4676406300449829,2.650655
0.467694598957856,2.650175
0.467748567870729,2.650221
0.467802536783602,2.650603
0.46785650569647513,2.650538
0.4679104746093482,2.650337
0.4679644435222212,2.650715
0.4680184124350943,2.650489
0.4680723813479673,2.650427
0.4681263502608404,2.651102
0.4681803191737135,2.650379
0.4682342880865865,2.650648
0.4682882569994595,2.650769
0.4683422259123325,2.650436
0.4683961948252056,2.650196
0.46845016373807863,2.650486
0.4685041326509517,2.649886
0.46855810156382477,2.649624
0.46861207047669784,2.650026
0.46866603938957085,2.649681
0.4687200083024439,2.649772
0.468773977215317,2.65014
0.46882794612819,2.649451
0.46888191504106314,2.649298
0.46893588395393615,2.649813
0.4689898528668091,2.649488
0.4690438217796821,2.649605
0.46909779069255525,2.649795
0.4691517596054283,2.64937
0.46920572851830133,2.649323
0.4692596974311744,2.650005
0.4693136663440474,2.649532
0.46936763525692055,2.649722
0.4694216041697936,2.650171
0.46947557308266663,2.649734
0.46952954199553965,2.649619
0.4695835109084127,2.650333
0.46963747982128584,2.650146
0.46969144873415886,2.649961
0.4697454176470319,2.650378
0.46979938655990494,2.649971
0.4698533554727779,2.649787
0.469907324385651,2.650015
0.4699612932985241,2.649728
0.4700152622113971,2.649753
0.4700692311242701,2.650132
0.47012320003714325,2.64975
0.47017716895001627,2.649457
0.47023113786288934,2.649854
0.4702851067757624,2.649281
0.4703390756886354,2.649367
0.4703930446015085,2.649736
0.47044701351438156,2.649551
0.4705009824272546,2.649177
0.47055495134012765,2.64965
0.4706089202530008,2.649221
0.4706628891658738,2.649065
0.47071685807874675,2.649083
0.4707708269916198,2.648952
0.4708247959044929,2.649126
0.47087876481736596,2.649269
0.47093273373023903,2.648793
0.47098670264311204,2.648868
0.47104067155598506,2.649248
0.4710946404688581,2.648732
0.47114860938173125,2.649002
0.47120257829460427,2.649179
0.4712565472074773,2.648681
0.47131051612035035,2.64893
0.4713644850332234,2.649323
0.4714184539460965,2.649131
0.47147242285896956,2.649196
0.4715263917718425,2.649521
0.47158036068471554,2.649067
0.47163432959758866,2.649273
0.47168829851046173,2.649511
0.47174226742333475,2.648809
0.47179623633620776,2.649126
0.47185020524908083,2.649582
0.4719041741619539,2.649018
0.4719581430748269,2.648968
0.47201211198770004,2.649057
0.47206608090057306,2.649147
0.47212004981344613,2.649123
0.4721740187263192,2.649336
0.47222798763919216,2.648931
0.4722819565520652,2.648774
0.4723359254649383,2.649158
0.47238989437781137,2.648686
0.4724438632906844,2.649036
0.47249783220355746,2.649302
0.47255180111643047,2.648942
0.47260577002930354,2.649081
0.47265973894217667,2.649405
0.4727137078550497,2.649174
0.4727676767679227,2.649165
0.4728216456807957,2.649463
0.4728756145936689,2.648914
0.4729295835065419,2.648808
0.47298355241941487,2.648873
0.47303752133228794,2.648529
0.47309149024516095,2.648986
0.473145459158034,2.649069
0.47319942807090715,2.648795
0.47325339698378016,2.648872
0.4733073658966532,2.649155
0.47336133480952625,2.648823
0.4734153037223993,2.648695
0.4734692726352724,2.649037
0.47352324154814546,2.648623
0.47357721046101847,2.6486
0.47363117937389154,2.648784
0.4736851482867646,2.648678
0.4737391171996376,2.648739
0.47379308611251064,2.649146
0.47384705502538366,2.648711
0.4739010239382568,2.648876
0.4739549928511298,2.649114
0.4740089617640028,2.648426
0.47406293067687594,2.648369
0.47411689958974895,2.64919
0.474170868502622,2.648533
0.4742248374154951,2.648473
0.4742788063283681,2.648858
0.4743327752412411,2.648632
0.4743867441541143,2.648461
0.4744407130669873,2.64866
0.47449468197986033,2.648109
0.4745486508927334,2.648144
0.47460261980560636,2.648422
0.47465658871847954,2.648271
0.4747105576313526,2.648345
0.4747645265442256,2.648401
0.4748184954570986,2.648037
0.4748724643699716,2.648004
0.4749264332828448,2.648722
0.4749804021957178,2.648405
0.4750343711085908,2.648377
0.4750883400214639,2.648742
0.47514230893433695,2.648543
0.47519627784720997,2.648555
0.4752502467600831,2.64872
0.4753042156729561,2.648519
0.47535818458582907,2.648162
0.47541215349870225,2.648566
0.4754661224115752,2.648495
0.4755200913244483,2.648466
0.4755740602373213,2.648659
0.47562802915019436,2.648434
0.47568199806306743,2.648507
0.47573596697594045,2.648844
0.4757899358888135,2.648366
0.4758439048016866,2.648745
0.47589787371455966,2.648729
0.47595184262743273,2.648128
0.47600581154030575,2.648115
0.4760597804531787,2.648462
0.4761137493660519,2.648136
0.47616771827892496,2.648446
0.4762216871917979,2.648554
0.476275656104671,2.648287
0.476329625017544,2.648471
0.4763835939304171,2.64914
0.4764375628432902,2.648414
0.4764915317561632,2.648398
0.4765455006690362,2.648723
0.47659946958190924,2.648465
0.47665343849478237,2.648262
0.47670740740765544,2.648563
0.47676137632052845,2.648087
0.4768153452334015,2.647974
0.4768693141462745,2.648335
0.47692328305914755,2.647799
0.47697725197202073,2.647762
0.4770312208848937,2.647976
0.4770851897977667,2.647617
0.47713915871063983,2.647608
0.47719312762351285,2.647866
0.47724709653638586,2.64804
0.477301065449259,2.647794
0.477355034362132,2.647852
0.4774090032750051,2.647587
0.47746297218787814,2.647435
0.47751694110075116,2.647537
0.47757091001362423,2.646858
0.47762487892649724,2.646499
0.47767884783937037,2.646599
0.4777328167522434,2.646128
0.47778678566511634,2.646306
0.4778407545779894,2.646721
0.47789472349086254,2.646282
0.47794869240373555,2.646431
0.4780026613166086,2.647099
0.47805663022948164,2.646957
0.47811059914235465,2.647154
0.47816456805522783,2.647443
0.47821853696810085,2.647575
0.47827250588097386,2.647778
0.4783264747938469,2.648019
0.47838044370671995,2.647724
0.478434412619593,2.648079
0.4784883815324661,2.648072
0.47854235044533916,2.647619
0.4785963193582121,2.647677
0.4786502882710852,2.647767
0.47870425718395826,2.647771
0.47875822609683133,2.647876
0.47881219500970434,2.648221
0.4788661639225774,2.648248
0.4789201328354505,2.649004
0.4789741017483235,2.649231
0.4790280706611966,2.648679
0.47908203957406964,2.648788
0.47913600848694265,2.64893
0.4791899773998158,2.648366
0.4792439463126888,2.648217
0.47929791522556175,2.648454
0.4793518841384348,2.648045
0.479405853051308,2.648015
0.47945982196418097,2.648126
0.479513790877054,2.648138
0.47956775978992705,2.647735
0.4796217287028001,2.647821
0.4796756976156732,2.647737
0.47972966652854626,2.647718
0.4797836354414193,2.647901
0.4798376043542923,2.647378
0.47989157326716536,2.64737
0.4799455421800385,2.647797
0.4799995110929115,2.647098
0.48005348000578457,2.647104
0.48010744891865753,2.647363
0.4801614178315306,2.647371
0.4802153867444038,2.647143
0.48026935565727674,2.647423
0.48032332457014976,2.646841
0.48037729348302277,2.646724
0.4804312623958959,2.646937
0.4804852313087689,2.646335
0.480539200221642,2.646041
0.48059316913451505,2.64659
0.48064713804738807,2.646375
0.48070110696026114,2.646475
0.4807550758731342,2.646584
0.4808090447860073,2.646176
0.48086301369888024,2.646419
0.4809169826117534,2.646778
0.4809709515246264,2.646332
0.4810249204374994,2.646349
0.4810788893503725,2.646444
0.48113285826324553,2.646187
0.4811868271761186,2.646045
0.4812407960889917,2.646772
0.4812947650018647,2.646397
0.4813487339147377,2.646414
0.4814027028276108,2.646962
0.4814566717404839,2.646896
0.4815106406533569,2.646797
0.48156460956622993,2.64706
0.481618578479103,2.646632
0.4816725473919761,2.646634
0.4817265163048491,2.646921
0.48178048521772215,2.64663
0.48183445413059517,2.646666
0.4818884230434682,2.647018
0.4819423919563413,2.646663
0.4819963608692144,2.646654
0.4820503297820874,2.647134
0.4821042986949604,2.646739
0.48215826760783353,2.646579
0.48221223652070655,2.647234
0.4822662054335796,2.646896
0.4823201743464527,2.647086
0.4823741432593257,2.647531
0.4824281121721988,2.647
0.48248208108507185,2.646974
0.4825360499979448,2.64738
0.4825900189108179,2.647437
0.48264398782369095,2.647014
0.482697956736564,2.647166
0.48275192564943703,2.646862
0.4828058945623101,2.646936
0.48285986347518317,2.647373
0.48291383238805624,2.64648
0.4829678013009293,2.645975
0.4830217702138023,2.646308
0.48307573912667534,2.646122
0.4831297080395483,2.646345
0.48318367695242154,2.647056
0.48323764586529455,2.647079
0.4832916147781675,2.647277
0.4833455836910406,2.647414
0.4833995526039136,2.646787
0.4834535215167867,2.646748
0.4835074904296598,2.647154
0.4835614593425328,2.646684
0.4836154282554058,2.646713
0.48366939716827895,2.647058
0.483723366081152,2.646535
0.48377733499402503,2.646441
0.4838313039068981,2.646675
0.4838852728197711,2.646318
0.4839392417326442,2.64595
0.48399321064551726,2.646479
0.48404717955839033,2.645775
0.4841011484712633,2.645933
0.4841551173841363,2.646441
0.48420908629700943,2.645978
0.48426305520988244,2.645951
0.4843170241227555,2.646263
0.4843709930356286,2.645684
0.48442496194850165,2.645596
0.48447893086137467,2.646143
0.48453289977424774,2.645725
0.48458686868712075,2.645876
0.4846408375999938,2.646074
0.48469480651286695,2.645626
0.48474877542573996,2.64568
0.4848027443386129,2.646039
0.48485671325148594,2.645365
0.48491068216435906,2.645628
0.48496465107723213,2.646059
0.48501861999010515,2.645896
0.4850725889029782,2.646086
0.48512655781585123,2.646355
0.4851805267287243,2.645924
0.48523449564159743,2.645816
0.48528846455447044,2.646197
0.48534243346734346,2.645805
0.48539640238021653,2.645818
0.4854503712930896,2.646102
0.48550434020596267,2.645486
0.48555830911883574,2.645756
0.48561227803170876,2.646027
0.4856662469445817,2.645731
0.48572021585745484,2.645401
0.4857741847703279,2.646139
0.4858281536832009,2.645989
0.48588212259607394,2.645656
0.48593609150894707,2.64579
0.4859900604218201,2.645863
0.4860440293346931,2.645605
0.4860979982475662,2.645799
0.48615196716043924,2.645888
0.4862059360733123,2.645641
0.4862599049861854,2.646178
0.4863138738990584,2.64584
0.48636784281193135,2.645814
0.48642181172480453,2.646077
0.4864757806376776,2.645647
0.48652974955055056,2.645817
0.48658371846342363,2.646449
0.48663768737629665,2.646153
0.48669165628916977,2.646003
0.48674562520204284,2.646283
0.48679959411491586,2.645958
0.48685356302778887,2.645753
0.4869075319406619,2.646145
0.48696150085353507,2.645744
0.4870154697664081,2.645838
0.4870694386792811,2.646111
0.48712340759215417,2.645656
0.4871773765050271,2.645648
0.4872313454179002,2.645936
0.4872853143307734,2.645568
0.48733928324364634,2.645916
0.48739325215651935,2.646264
0.4874472210693925,2.645755
0.4875011899822655,2.645707
0.48755515889513856,2.646134
0.48760912780801163,2.645874
0.48766309672088465,2.645677
0.4877170656337577,2.645922
0.4877710345466308,2.645702
0.4878250034595038,2.645642
0.4878789723723769,2.645895
0.48793294128525,2.645438
0.487986910198123,2.645215
0.488040879110996,2.645688
0.488094848023869,2.645243
0.4881488169367421,2.645433
0.4882027858496152,2.645683
0.4882567547624882,2.645431
0.48831072367536127,2.645361
0.4883646925882343,2.645606
0.4884186615011073,2.645436
0.4884726304139805,2.645365
0.4885265993268535,2.645927
0.4885805682397265,2.645501
0.4886345371525995,2.645171
0.48868850606547265,2.645837
0.4887424749783457,2.645293
0.4887964438912187,2.645094
0.48885041280409175,2.64559
0.48890438171696476,2.645101
0.48895835062983783,2.645064
0.48901231954271096,2.645793
0.489066288455584,2.645725
0.489120257368457,2.645372
0.48917422628133006,2.645526
0.48922819519420313,2.645127
0.48928216410707615,2.645437
0.48933613301994927,2.645815
0.4893901019328223,2.645298
0.48944407084569536,2.645592
0.4894980397585684,2.646015
0.48955200867144144,2.645481
0.4896059775843145,2.645523
0.48965994649718747,2.645758
0.4897139154100606,2.645447
0.4897678843229336,2.645243
0.4898218532358066,2.645368
0.4898758221486797,2.645152
0.48992979106155277,2.645451
0.48998375997442584,2.645823
0.4900377288872989,2.645337
0.4900916978001719,2.645281
0.49014566671304494,2.645601
0.4901996356259181,2.645046
0.49025360453879113,2.645106
0.49030757345166415,2.645387
0.4903615423645372,2.64481
0.4904155112774102,2.644809
0.49046948019028336,2.645063
0.49052344910315643,2.645187
0.4905774180160294,2.645252
0.4906313869289024,2.645705
0.4906853558417754,2.645001
0.49073932475464854,2.64497
0.4907932936675216,2.645103
0.4908472625803946,2.644951
0.4909012314932677,2.644937
0.49095520040614077,2.64535
0.4910091693190138,2.644835
0.4910631382318869,2.644641
0.4911171071447599,2.645104
0.4911710760576329,2.644989
0.49122504497050606,2.645056
0.491279013883379,2.645525
0.49133298279625204,2.645092
0.4913869517091251,2.644982
0.4914409206219982,2.645056
0.49149488953487125,2.645086
0.49154885844774426,2.644753
0.49160282736061733,2.645016
0.4916567962734904,2.644735
0.4917107651863635,2.644835
0.49176473409923654,2.645223
0.49181870301210956,2.644835
0.4918726719249825,2.645099
0.4919266408378556,2.645056
0.49198060975072877,2.644667
0.49203457866360173,2.644536
0.4920885475764748,2.644612
0.4921425164893478,2.644419
0.49219648540222083,2.644236
0.492250454315094,2.644707
0.492304423227967,2.644345
0.49235839214084004,2.64425
0.49241236105371305,2.644696
0.4924663299665862,2.644284
0.4925202988794592,2.644372
0.49257426779233227,2.644583
0.49262823670520534,2.644548
0.4926822056180783,2.644565
0.49273617453095137,2.644559
0.49279014344382444,2.644397
0.4928441123566975,2.644116
0.4928980812695705,2.644512
0.4929520501824436,2.644293
0.49300601909531666,2.643883
0.4930599880081897,2.644013
0.4931139569210628,2.643806
0.4931679258339358,2.643967
0.4932218947468089,2.644415
0.49327586365968196,2.643937
0.49332983257255497,2.644115
0.493383801485428,2.644264
0.49343777039830106,2.643978
0.4934917393111742,2.643851
0.4935457082240472,2.643983
0.49359967713692016,2.643856
0.4936536460497932,2.643904
0.49370761496266635,2.643934
0.49376158387553937,2.643558
0.49381555278841244,2.643659
0.49386952170128545,2.644293
0.49392349061415847,2.644164
0.4939774595270316,2.644302
0.49403142843990466,2.64446
0.4940853973527777,2.643902
0.49413936626565075,2.644206
0.49419333517852376,2.644255
0.49424730409139683,2.643961
0.49430127300426996,2.644192
0.494355241917143,2.644234
0.49440921083001593,2.644016
0.4944631797428891,2.644398
0.4945171486557621,2.644047
0.4945711175686351,2.643869
0.49462508648150816,2.644318
0.49467905539438123,2.644474
0.4947330243072543,2.644276
0.4947869932201273,2.644199
0.4948409621330004,2.64445
0.49489493104587345,2.643985
0.49494889995874647,2.644023
0.4950028688716196,2.644484
0.4950568377844926,2.64381
0.49511080669736557,2.64378
0.4951647756102386,2.643747
0.4952187445231118,2.643283
0.4952727134359848,2.643516
0.4953266823488578,2.64338
0.49538065126173086,2.643357
0.4954346201746039,2.643332
0.495488589087477,2.643464
0.4955425580003501,2.643274
0.4955965269132231,2.64329
0.4956504958260961,2.643452
0.4957044647389692,2.643513
0.4957584336518423,2.643592
0.4958124025647153,2.64344
0.4958663714775884,2.643397
0.49592034039046134,2.643434
0.4959743093033344,2.643502
0.4960282782162075,2.643318
0.49608224712908056,2.64295
0.49613621604195357,2.643057
0.4961901849548266,2.643139
0.4962441538676997,2.643899
0.4962981227805727,2.643811
0.4963520916934458,2.643517
0.49640606060631887,2.643713
0.4964600295191919,2.643898
0.49651399843206495,2.643538
0.496567967344938,2.643519
0.49662193625781104,2.643301
0.49667590517068405,2.642688
0.49672987408355723,2.642933
0.4967838429964302,2.643111
0.4968378119093032,2.643148
0.4968917808221763,2.643282
0.49694574973504935,2.643268
0.4969997186479224,2.643174
0.4970536875607955,2.643179
0.4971076564736685,2.643103
0.4971616253865415,2.643171
0.49721559429941453,2.643428
0.4972695632122877,2.643117
0.4973235321251607,2.642689
0.49737750103803374,2.643222
0.4974314699509068,2.642982
0.4974854388637799,2.643117
0.49753940777665295,2.643149
0.49759337668952597,2.643302
0.497647345602399,2.643246
0.497701314515272,2.64324
0.4977552834281451,2.642966
0.4978092523410182,2.642665
0.4978632212538912,2.643094
0.4979171901667642,2.642869
0.4979711590796373,2.642646
0.49802512799251036,2.64281
0.4980790969053834,2.642834
0.4981330658182565,2.642901
0.4981870347311295,2.64312
0.4982410036440026,2.643455
0.49829497255687566,2.642971
0.4983489414697486,2.643068
0.4984029103826217,2.643021
0.49845687929549476,2.643348
0.49851084820836783,2.643398
0.49856481712124084,2.643368
0.4986187860341139,2.643147
0.49867275494698693,2.643105
0.49872672385986,2.642731
0.4987806927727331,2.642762
0.49883466168560614,2.642754
0.49888863059847915,2.643083
0.4989425995113521,2.643326
0.49899656842422535,2.64357
0.49905053733709837,2.643271
0.4991045062499713,2.643018
0.4991584751628444,2.643435
0.4992124440757174,2.643247
0.4992664129885905,2.643064
0.4993203819014636,2.643296
0.4993743508143366,2.6428
0.49942831972720964,2.642893
0.49948228864008276,2.64311
0.4995362575529558,2.642621
0.49959022646582885,2.642685
0.4996441953787019,2.643124
0.49969816429157493,2.64279
0.499752133204448,2.642665
0.49980610211732107,2.642673
0.49986007103019414,2.642781
0.4999140399430671,2.642878
0.4999680088559401,2.643092
0.5000219777688133,2.642791
0.5000759466816863,2.642544
0.5001299155945593,2.642455
0.5001838845074325,2.642387
0.5002378534203055,2.642411
0.5002918223331785,2.642938
0.5003457912460515,2.64271
0.5003997601589245,2.642509
0.5004537290717975,2.642746
0.5005076979846708,2.642866
0.5005616668975438,2.642506
0.5006156358104168,2.642885
0.5006696047232898,2.642711
0.5007235736361628,2.642172
0.500777542549036,2.642614
0.5008315114619091,2.64212
0.5008854803747821,2.642252
0.5009394492876551,2.64254
0.5009934182005282,2.642505
0.5010473871134012,2.642528
0.5011013560262743,2.643054
0.5011553249391473,2.642816
0.5012092938520203,2.642714
0.5012632627648934,2.642851
0.5013172316777664,2.6429
0.5013712005906396,2.642374
0.5014251695035126,2.642135
0.5014791384163856,2.642162
0.5015331073292587,2.642175
0.5015870762421317,2.64237
0.5016410451550047,2.642355
0.5016950140678778,2.642047
0.5017489829807509,2.642313
0.5018029518936239,2.642201
0.5018569208064969,2.642015
0.5019108897193699,2.642148
0.501964858632243,2.641923
0.5020188275451161,2.642317
0.5020727964579892,2.642596
0.5021267653708622,2.642071
0.5021807342837352,2.64209
0.5022347031966083,2.642072
0.5022886721094814,2.641943
0.5023426410223544,2.642163
0.5023966099352275,2.642289
0.5024505788481005,2.642407
0.5025045477609736,2.642446
0.5025585166738467,2.642644
0.5026124855867197,2.642664
0.5026664544995927,2.642526
0.5027204234124657,2.642527
0.5027743923253388,2.642513
0.5028283612382118,2.642376
0.5028823301510849,2.642431
0.502936299063958,2.642136
0.502990267976831,2.641833
0.503044236889704,2.642415
0.5030982058025771,2.64199
0.5031521747154502,2.641835
0.5032061436283232,2.642184
0.5032601125411963,2.641932
0.5033140814540693,2.64162
0.5033680503669423,2.641455
0.5034220192798154,2.641388
0.5034759881926885,2.641388
0.5035299571055615,2.641513
0.5035839260184346,2.641075
0.5036378949313076,2.641082
0.5036918638441806,2.641428
0.5037458327570536,2.641263
0.5037998016699268,2.641202
0.5038537705827998,2.641684
0.5039077394956728,2.641343
0.5039617084085459,2.64113
0.504015677321419,2.641423
0.5040696462342921,2.640888
0.5041236151471651,2.641086
0.5041775840600381,2.641503
0.5042315529729111,2.641136
0.5042855218857843,2.641355
0.5043394907986573,2.641684
0.5043934597115303,2.641435
0.5044474286244033,2.641684
0.5045013975372764,2.642061
0.5045553664501495,2.641727
0.5046093353630225,2.641455
0.5046633042758956,2.641942
0.5047172731887686,2.641459
0.5047712421016417,2.641562
0.5048252110145147,2.641547
0.5048791799273878,2.640979
0.5049331488402609,2.641035
0.5049871177531339,2.641201
0.5050410866660069,2.640881
0.5050950555788799,2.641096
0.505149024491753,2.640994
0.505202993404626,2.64061
0.5052569623174992,2.641093
0.5053109312303722,2.64113
0.5053649001432452,2.640784
0.5054188690561182,2.640664
0.5054728379689913,2.641188
0.5055268068818645,2.640382
0.5055807757947375,2.640563
0.5056347447076105,2.640841
0.5056887136204835,2.640687
0.5057426825333566,2.64093
0.5057966514462297,2.640941
0.5058506203591028,2.640266
0.5059045892719757,2.640288
0.5059585581848487,2.640756
0.5060125270977219,2.640605
0.506066496010595,2.640582
0.506120464923468,2.640892
0.506174433836341,2.64029
0.506228402749214,2.640493
0.5062823716620871,2.64086
0.5063363405749602,2.640307
0.5063903094878333,2.640189
0.5064442784007063,2.640529
0.5064982473135792,2.640004
0.5065522162264524,2.640099
0.5066061851393253,2.640431
0.5066601540521984,2.64014
0.5067141229650715,2.640174
0.5067680918779446,2.641117
0.5068220607908176,2.640533
0.5068760297036906,2.640166
0.5069299986165637,2.640423
0.5069839675294368,2.640077
0.5070379364423099,2.640149
0.5070919053551829,2.640225
0.5071458742680559,2.639836
0.507199843180929,2.640208
0.507253812093802,2.640474
0.5073077810066751,2.640049
0.5073617499195482,2.640213
0.5074157188324211,2.640409
0.5074696877452941,2.640384
0.5075236566581673,2.640386
0.5075776255710404,2.640593
0.5076315944839134,2.640143
0.5076855633967864,2.640398
0.5077395323096594,2.640363
0.5077935012225325,2.640198
0.5078474701354055,2.639937
0.5079014390482787,2.640115
0.5079554079611517,2.63987
0.5080093768740247,2.63977
0.5080633457868978,2.640139
0.5081173146997708,2.639509
0.5081712836126439,2.639991
0.5082252525255169,2.640605
0.50827922143839,2.640199
0.508333190351263,2.640142
0.508387159264136,2.640286
0.5084411281770091,2.63976
0.5084950970898822,2.639844
0.5085490660027552,2.63991
0.5086030349156283,2.639724
0.5086570038285013,2.639607
0.5087109727413743,2.640226
0.5087649416542475,2.639786
0.5088189105671205,2.639851
0.5088728794799935,2.640149
0.5089268483928666,2.639484
0.5089808173057396,2.63922
0.5090347862186126,2.639964
0.5090887551314858,2.639794
0.5091427240443588,2.639393
0.5091966929572318,2.639467
0.5092506618701048,2.639063
0.5093046307829779,2.63907
0.509358599695851,2.63972
0.509412568608724,2.639431
0.5094665375215971,2.639846
0.5095205064344701,2.639738
0.5095744753473432,2.639469
0.5096284442602163,2.639421
0.5096824131730893,2.639929
0.5097363820859623,2.6395
0.5097903509988354,2.639319
0.5098443199117085,2.639716
0.5098982888245814,2.639324
0.5099522577374546,2.639181
0.5100062266503276,2.639488
0.5100601955632006,2.639144
0.5101141644760737,2.639224
0.5101681333889467,2.639448
0.5102221023018197,2.639001
0.5102760712146929,2.639281
0.5103300401275659,2.639534
0.5103840090404389,2.639096
0.510437977953312,2.639079
0.510491946866185,2.639644
0.5105459157790582,2.639025
0.5105998846919311,2.639065
0.5106538536048042,2.639297
0.5107078225176772,2.639318
0.5107617914305502,2.63941
0.5108157603434234,2.639555
0.5108697292562964,2.639026
0.5109236981691694,2.6391
0.5109776670820424,2.639365
0.5110316359949156,2.639446
0.5110856049077886,2.639382
0.5111395738206617,2.639589
0.5111935427335347,2.639088
0.5112475116464077,2.638939
0.5113014805592807,2.639415
0.511355449472154,2.63876
0.5114094183850268,2.638667
0.5114633872978999,2.639058
0.511517356210773,2.638668
0.511571325123646,2.638775
0.5116252940365191,2.639146
0.5116792629493921,2.638655
0.5117332318622652,2.638638
0.5117872007751383,2.63892
0.5118411696880113,2.638496
0.5118951386008844,2.638459
0.5119491075137574,2.638733
0.5120030764266305,2.63807
0.5120570453395036,2.63828
0.5121110142523765,2.638727
0.5121649831652495,2.638188
0.5122189520781226,2.638567
0.5122729209909956,2.639
0.5123268899038688,2.638364
0.5123808588167418,2.638328
0.5124348277296148,2.638615
0.5124887966424879,2.638332
0.512542765555361,2.638588
0.5125967344682341,2.638714
0.5126507033811071,2.638501
0.5127046722939801,2.638441
0.5127586412068531,2.638816
0.5128126101197262,2.638492
0.5128665790325994,2.638789
0.5129205479454724,2.638969
0.5129745168583453,2.63882
0.5130284857712183,2.638603
0.5130824546840915,2.638598
0.5131364235969645,2.638655
0.5131903925098376,2.638571
0.5132443614227106,2.638661
0.5132983303355837,2.638064
0.5133522992484567,2.638231
0.5134062681613298,2.63844
0.5134602370742029,2.63816
0.5135142059870759,2.638325
0.513568174899949,2.63837
0.513622143812822,2.637752
0.513676112725695,2.637888
0.5137300816385681,2.638216
0.513784050551441,2.63774
0.5138380194643142,2.637471
0.5138919883771872,2.637799
0.5139459572900603,2.63784
0.5139999262029333,2.638019
0.5140538951158065,2.638617
0.5141078640286795,2.638142
0.5141618329415525,2.638205
0.5142158018544255,2.638468
0.5142697707672986,2.638015
0.5143237396801716,2.637864
0.5143777085930447,2.638293
0.5144316775059178,2.638134
0.5144856464187907,2.638331
0.5145396153316638,2.638595
0.5145935842445369,2.638324
0.51464755315741,2.638234
0.514701522070283,2.638671
0.514755490983156,2.638227
0.5148094598960291,2.638239
0.5148634288089021,2.638048
0.5149173977217751,2.637666
0.5149713666346483,2.637769
0.5150253355475213,2.63796
0.5150793044603943,2.637827
0.5151332733732674,2.637596
0.5151872422861404,2.637743
0.5152412111990134,2.637494
0.5152951801118865,2.637752
0.5153491490247596,2.63777
0.5154031179376326,2.637391
0.5154570868505057,2.637409
0.5155110557633787,2.637775
0.5155650246762518,2.637347
0.5156189935891249,2.63752
0.5156729625019979,2.637577
0.5157269314148709,2.637336
0.5157809003277439,2.63711
0.515834869240617,2.637149
0.5158888381534901,2.637095
0.5159428070663631,2.637226
0.5159967759792361,2.637363
0.5160507448921093,2.63734
0.5161047138049822,2.637203
0.5161586827178554,2.637308
0.5162126516307284,2.636847
0.5162666205436014,2.636859
0.5163205894564745,2.637135
0.5163745583693475,2.636506
0.5164285272822206,2.63678
0.5164824961950937,2.637478
0.5165364651079667,2.636797
0.5165904340208398,2.636627
0.5166444029337128,2.636874
0.5166983718465858,2.637057
0.5167523407594589,2.637118
0.516806309672332,2.637485
0.516860278585205,2.63692
0.5169142474980781,2.636933
0.516968216410951,2.6373
0.5170221853238242,2.63718
0.5170761542366972,2.636866
0.5171301231495702,2.637212
0.5171840920624433,2.637313
0.5172380609753163,2.636979
0.5172920298881893,2.637068
0.5173459988010625,2.636634
0.5173999677139355,2.636591
0.5174539366268085,2.637023
0.5175079055396816,2.636432
0.5175618744525547,2.63661
0.5176158433654278,2.637111
0.5176698122783007,2.636664
0.5177237811911738,2.636599
0.5177777501040468,2.636837
0.5178317190169199,2.636347
0.517885687929793,2.636518
0.517939656842666,2.636903
0.517993625755539,2.63623
0.5180475946684121,2.636576
0.5181015635812852,2.636794
0.5181555324941582,2.636638
0.5182095014070313,2.636359
0.5182634703199043,2.636621
0.5183174392327774,2.636291
0.5183714081456505,2.636204
0.5184253770585235,2.636439
0.5184793459713964,2.636216
0.5185333148842695,2.636208
0.5185872837971426,2.636552
0.5186412527100157,2.635752
0.5186952216228887,2.635585
0.5187491905357617,2.636153
0.5188031594486348,2.636177
0.5188571283615079,2.636107
0.5189110972743809,2.636286
0.518965066187254,2.636052
0.519019035100127,2.635931
0.5190730040130002,2.636229
0.5191269729258732,2.635886
0.5191809418387461,2.635713
0.5192349107516193,2.636287
0.5192888796644922,2.636121
0.5193428485773653,2.636088
0.5193968174902384,2.636425
0.5194507864031114,2.636206
0.5195047553159844,2.635794
0.5195587242288575,2.636065
0.5196126931417306,2.635853
0.5196666620546037,2.635886
0.5197206309674767,2.636244
0.5197745998803497,2.635647
0.5198285687932228,2.635616
0.5198825377060958,2.635727
0.519936506618969,2.635392
0.5199904755318419,2.635877
0.5200444444447149,2.636054
0.5200984133575881,2.635306
0.5201523822704611,2.635484
0.5202063511833341,2.63593
0.5202603200962072,2.635467
0.5203142890090802,2.635482
0.5203682579219533,2.635562
0.5204222268348264,2.635538
0.5204761957476994,2.635788
0.5205301646605724,2.636342
0.5205841335734456,2.636156
0.5206381024863186,2.635772
0.5206920713991916,2.636039
0.5207460403120646,2.635842
0.5208000092249377,2.635709
0.5208539781378108,2.635511
0.5209079470506838,2.63525
0.5209619159635568,2.634896
0.5210158848764299,2.635342
0.5210698537893029,2.63512
0.521123822702176,2.63514
0.5211777916150491,2.635431
0.5212317605279221,2.63512
0.5212857294407951,2.635026
0.5213396983536682,2.6352
0.5213936672665412,2.634927
0.5214476361794143,2.634949
0.5215016050922874,2.635025
0.5215555740051603,2.634735
0.5216095429180335,2.634765
0.5216635118309065,2.635166
0.5217174807437795,2.634649
0.5217714496566526,2.634643
0.5218254185695257,2.635068
0.5218793874823987,2.63488
0.5219333563952717,2.634698
0.5219873253081448,2.635221
0.5220412942210179,2.635055
0.5220952631338909,2.635071
0.522149232046764,2.63517
0.522203200959637,2.634657
0.52225716987251,2.634805
0.522311138785383,2.635159
0.5223651076982562,2.634735
0.5224190766111292,2.634608
0.5224730455240022,2.63505
0.5225270144368753,2.634583
0.5225809833497483,2.634557
0.5226349522626214,2.635014
0.5226889211754945,2.634585
0.5227428900883675,2.6346
0.5227968590012405,2.635292
0.5228508279141136,2.634742
0.5229047968269867,2.634729
0.5229587657398597,2.635141
0.5230127346527328,2.634398
0.5230667035656058,2.634193
0.5231206724784789,2.63469
0.523174641391352,2.634634
0.523228610304225,2.634665
0.523282579217098,2.635082
0.5233365481299712,2.634748
0.5233905170428441,2.634391
0.5234444859557171,2.634679
0.5234984548685901,2.634339
0.5235524237814633,2.634575
0.5236063926943363,2.634772
0.5236603616072094,2.634061
0.5237143305200824,2.634249
0.5237682994329554,2.634911
0.5238222683458285,2.634754
0.5238762372587016,2.634367
0.5239302061715747,2.634797
0.5239841750844476,2.634604
0.5240381439973206,2.634803
0.5240921129101938,2.635043
0.5241460818230668,2.634124
0.5242000507359398,2.634006
0.5242540196488129,2.634435
0.5243079885616859,2.633941
0.524361957474559,2.633935
0.5244159263874321,2.634226
0.5244698953003051,2.634079
0.5245238642131782,2.633774
0.5245778331260512,2.634248
0.5246318020389243,2.63395
0.5246857709517974,2.63403
0.5247397398646704,2.633987
0.5247937087775434,2.633521
0.5248476776904165,2.633497
0.5249016466032895,2.633916
0.5249556155161625,2.633659
0.5250095844290356,2.633689
0.5250635533419086,2.633714
0.5251175222547818,2.633564
0.5251714911676548,2.633501
0.5252254600805278,2.633859
0.5252794289934009,2.633384
0.5253333979062739,2.633699
0.525387366819147,2.634167
0.5254413357320201,2.63374
0.5254953046448931,2.633961
0.525549273557766,2.634529
0.5256032424706393,2.633698
0.5256572113835122,2.633663
0.5257111802963853,2.633856
0.5257651492092583,2.633395
0.5258191181221313,2.633729
0.5258730870350045,2.634208
0.5259270559478775,2.633824
0.5259810248607506,2.633764
0.5260349937736236,2.63382
0.5260889626864966,2.633131
0.5261429315993698,2.633091
0.5261969005122428,2.632974
0.5262508694251157,2.632809
0.5263048383379889,2.632941
0.5263588072508619,2.633143
0.5264127761637349,2.632823
0.526466745076608,2.632984
0.526520713989481,2.633759
0.5265746829023541,2.633626
0.5266286518152272,2.633623
0.5266826207281002,2.633668
0.5267365896409733,2.633528
0.5267905585538463,2.63336
0.5268445274667193,2.63353
0.5268984963795924,2.633365
0.5269524652924655,2.633138
0.5270064342053385,2.633338
0.5270604031182115,2.633243
0.5271143720310847,2.633181
0.5271683409439577,2.63323
0.5272223098568307,2.632763
0.5272762787697037,2.632847
0.5273302476825767,2.633007
0.5273842165954499,2.632553
0.5274381855083229,2.632829
0.527492154421196,2.633029
0.527546123334069,2.632596
0.527600092246942,2.63316
0.5276540611598152,2.633211
0.5277080300726882,2.632678
0.5277619989855612,2.632816
0.5278159678984342,2.633069
0.5278699368113073,2.632729
0.5279239057241804,2.632777
0.5279778746370534,2.633115
0.5280318435499265,2.632827
0.5280858124627995,2.632857
0.5281397813756725,2.632948
0.5281937502885456,2.632525
0.5282477192014187,2.632581
0.5283016881142917,2.633164
0.5283556570271648,2.632789
0.5284096259400378,2.632802
0.5284635948529108,2.633031
0.528517563765784,2.632557
0.528571532678657,2.632467
0.5286255015915301,2.632681
0.5286794705044031,2.632475
0.5287334394172761,2.632583
0.5287874083301491,2.63286
0.5288413772430222,2.632624
0.5288953461558953,2.632711
0.5289493150687683,2.632665
0.5290032839816413,2.632668
0.5290572528945144,2.632483
0.5291112218073875,2.63283
0.5291651907202605,2.632367
0.5292191596331336,2.632669
0.5292731285460066,2.633288
0.5293270974588796,2.632836
0.5293810663717528,2.632558
0.5294350352846258,2.632618
0.5294890041974988,2.632113
0.5295429731103719,2.632405
0.5295969420232449,2.633007
0.5296509109361179,2.632407
0.5297048798489911,2.632786
0.5297588487618641,2.6327
0.5298128176747371,2.632158
0.5298667865876102,2.632583
0.5299207555004832,2.63239
0.5299747244133562,2.632181
0.5300286933262293,2.632033
0.5300826622391024,2.631858
0.5301366311519755,2.632048
0.5301906000648485,2.632669
0.5302445689777215,2.632967
0.5302985378905946,2.632311
0.5303525068034676,2.632426
0.5304064757163408,2.632761
0.5304604446292137,2.632432
0.5305144135420867,2.632665
0.5305683824549597,2.633189
0.5306223513678329,2.632632
0.530676320280706,2.632239
0.530730289193579,2.63279
0.530784258106452,2.632401
0.530838227019325,2.632217
0.5308921959321982,2.632527
0.5309461648450712,2.632236
0.5310001337579443,2.632391
0.5310541026708172,2.632633
0.5311080715836903,2.632014
0.5311620404965633,2.631863
0.5312160094094364,2.632202
0.5312699783223095,2.632071
0.5313239472351825,2.632356
0.5313779161480556,2.632164
0.5314318850609286,2.631946
0.5314858539738017,2.631692
0.5315398228866747,2.63174
0.5315937917995478,2.631647
0.5316477607124209,2.631395
0.5317017296252939,2.631764
0.531755698538167,2.631367
0.53180966745104,2.631563
0.531863636363913,2.631931
0.5319176052767861,2.631607
0.5319715741896591,2.631744
0.5320255431025321,2.631992
0.5320795120154052,2.631706
0.5321334809282784,2.631928
0.5321874498411514,2.632442
0.5322414187540244,2.631593
0.5322953876668974,2.631627
0.5323493565797704,2.631975
0.5324033254926436,2.631884
0.5324572944055167,2.63182
0.5325112633183897,2.632047
0.5325652322312627,2.631793
0.5326192011441356,2.631795
0.5326731700570089,2.632375
0.5327271389698819,2.631775
0.5327811078827549,2.631975
0.5328350767956279,2.632056
0.532889045708501,2.631765
0.5329430146213741,2.631772
0.5329969835342471,2.632014
0.5330509524471202,2.631418
0.5331049213599932,2.631319
0.5331588902728663,2.631742
0.5332128591857394,2.63141
0.5332668280986124,2.631248
0.5333207970114855,2.631351
0.5333747659243585,2.631117
0.5334287348372315,2.631399
0.5334827037501046,2.631633
0.5335366726629776,2.631171
0.5335906415758506,2.631378
0.5336446104887238,2.631896
0.5336985794015968,2.631693
0.5337525483144698,2.631512
0.5338065172273428,2.631852
0.5338604861402159,2.631568
0.533914455053089,2.631589
0.533968423965962,2.631747
0.5340223928788351,2.631225
0.5340763617917081,2.631223
0.5341303307045812,2.631565
0.5341842996174543,2.631292
0.5342382685303273,2.631562
0.5342922374432003,2.631332
0.5343462063560733,2.631177
0.5344001752689465,2.631781
0.5344541441818195,2.632298
0.5345081130946925,2.631605
0.5345620820075656,2.631721
0.5346160509204386,2.631636
0.5346700198333116,2.631248
0.5347239887461848,2.631088
0.5347779576590578,2.631052
0.5348319265719308,2.630731
0.5348858954848039,2.630963
0.5349398643976769,2.63126
0.53499383331055,2.631254
0.535047802223423,2.631277
0.5351017711362961,2.631294
0.5351557400491691,2.630875
0.5352097089620422,2.631211
0.5352636778749152,2.630958
0.5353176467877883,2.630792
0.5353716157006613,2.630709
0.5354255846135344,2.630654
0.5354795535264074,2.630546
0.5355335224392804,2.630612
0.5355874913521536,2.630826
0.5356414602650266,2.630599
0.5356954291778997,2.630562
0.5357493980907727,2.63065
0.5358033670036457,2.63042
0.5358573359165187,2.630709
0.5359113048293919,2.6306
0.5359652737422649,2.630402
0.5360192426551379,2.630541
0.536073211568011,2.630649
0.536127180480884,2.630306
0.536181149393757,2.6305
0.5362351183066302,2.630721
0.5362890872195032,2.630456
0.5363430561323762,2.630378
0.5363970250452493,2.630443
0.5364509939581223,2.630081
0.5365049628709954,2.630661
0.5365589317838685,2.630376
0.5366129006967415,2.630082
0.5366668696096146,2.630145
0.5367208385224875,2.630324
0.5367748074353607,2.630214
0.5368287763482337,2.629874
0.5368827452611067,2.629808
0.5369367141739798,2.629651
0.5369906830868528,2.630243
0.5370446519997258,2.630679
0.5370986209125989,2.630032
0.5371525898254721,2.630355
0.5372065587383451,2.630275
0.5372605276512181,2.630125
0.5373144965640911,2.630349
0.5373684654769642,2.630288
0.5374224343898373,2.629811
0.5374764033027104,2.630436
0.5375303722155833,2.630106
0.5375843411284563,2.630102
0.5376383100413294,2.630411
0.5376922789542025,2.630335
0.5377462478670756,2.630089
0.5378002167799486,2.630035
0.5378541856928216,2.629992
0.5379081546056947,2.629838
0.5379621235185678,2.629513
0.5380160924314409,2.62939
0.5380700613443139,2.629129
0.5381240302571868,2.629636
0.53817799917006,2.629735
0.5382319680829329,2.629882
0.538285936995806,2.63013
0.5383399059086791,2.629763
0.5383938748215521,2.629495
0.5384478437344252,2.629512
0.5385018126472982,2.629711
0.5385557815601713,2.629655
0.5386097504730444,2.629827
0.5386637193859175,2.629406
0.5387176882987905,2.629189
0.5387716572116635,2.629561
0.5388256261245365,2.629874
0.5388795950374096,2.629886
0.5389335639502827,2.629844
0.5389875328631558,2.629211
0.5390415017760287,2.628824
0.5390954706889017,2.629009
0.5391494396017749,2.628802
0.539203408514648,2.628433
0.539257377427521,2.628613
0.539311346340394,2.628646
0.539365315253267,2.628659
0.5394192841661402,2.629134
0.5394732530790132,2.628786
0.5395272219918863,2.628621
0.5395811909047593,2.628838
0.5396351598176323,2.628582
0.5396891287305055,2.628519
0.5397430976433785,2.628684
0.5397970665562515,2.628597
0.5398510354691245,2.628445
0.5399050043819976,2.628551
0.5399589732948706,2.628378
0.5400129422077437,2.628449
0.5400669111206168,2.628602
0.5401208800334898,2.628395
0.5401748489463629,2.628294
0.5402288178592359,2.628389
0.540282786772109,2.628669
0.540336755684982,2.628608
0.5403907245978551,2.628965
0.5404446935107281,2.628781
0.5404986624236011,2.628406
0.5405526313364742,2.628583
0.5406066002493471,2.62844
0.5406605691622204,2.628106
0.5407145380750934,2.628295
0.5407685069879664,2.628193
0.5408224759008394,2.628492
0.5408764448137124,2.628646
0.5409304137265856,2.628737
0.5409843826394586,2.628363
0.5410383515523316,2.628832
0.5410923204652047,2.628438
0.5411462893780777,2.627911
0.5412002582909508,2.62798
0.5412542272038239,2.628115
0.5413081961166969,2.62815
0.5413621650295699,2.628546
0.541416133942443,2.628595
0.541470102855316,2.628338
0.5415240717681891,2.628356
0.5415780406810622,2.628054
0.5416320095939352,2.628216
0.5416859785068082,2.628335
0.5417399474196813,2.628139
0.5417939163325544,2.628017
0.5418478852454274,2.628152
0.5419018541583004,2.628001
0.5419558230711735,2.6282
0.5420097919840465,2.62797
0.5420637608969195,2.627991
0.5421177298097927,2.628563
0.5421716987226658,2.628773
0.5422256676355387,2.628697
0.5422796365484118,2.6286
0.5423336054612848,2.628808
0.5423875743741579,2.628579
0.542441543287031,2.627976
0.542495512199904,2.628241
0.542549481112777,2.627649
0.5426034500256501,2.627873
0.5426574189385232,2.628649
0.5427113878513963,2.627542
0.5427653567642693,2.627503
0.5428193256771423,2.627992
0.5428732945900153,2.627636
0.5429272635028884,2.627425
0.5429812324157615,2.628043
0.5430352013286345,2.627837
0.5430891702415075,2.627628
0.5431431391543806,2.62782
0.5431971080672536,2.627612
0.5432510769801266,2.62767
0.5433050458929998,2.62815
0.5433590148058728,2.627881
0.5434129837187458,2.62785
0.5434669526316189,2.627725
0.5435209215444919,2.627269
0.543574890457365,2.627252
0.5436288593702381,2.627567
0.5436828282831112,2.627032
0.5437367971959842,2.627033
0.5437907661088571,2.627396
0.5438447350217303,2.627071
0.5438987039346033,2.627273
0.5439526728474764,2.627731
0.5440066417603494,2.626909
0.5440606106732224,2.626819
0.5441145795860954,2.627424
0.5441685484989687,2.626945
0.5442225174118417,2.62693
0.5442764863247147,2.627458
0.5443304552375877,2.627053
0.5443844241504607,2.627156
0.5444383930633339,2.627674
0.544492361976207,2.627312
0.54454633088908,2.627522
0.5446002998019529,2.627673
0.5446542687148259,2.627507
0.544708237627699,2.62722
0.5447622065405722,2.6275
0.5448161754534452,2.627229
0.5448701443663182,2.62729
0.5449241132791913,2.627548
0.5449780821920643,2.627099
0.5450320511049374,2.627214
0.5450860200178105,2.62747
0.5451399889306835,2.626949
0.5451939578435566,2.627028
0.5452479267564296,2.627525
0.5453018956693025,2.627197
0.5453558645821758,2.627154
0.5454098334950487,2.627364
0.5454638024079218,2.626906
0.5455177713207948,2.626679
0.5455717402336678,2.627228
0.5456257091465408,2.627326
0.5456796780594141,2.627234
0.5457336469722871,2.627833
0.5457876158851601,2.627243
0.5458415847980331,2.626679
0.5458955537109061,2.626949
0.5459495226237793,2.626587
0.5460034915366523,2.627151
0.5460574604495254,2.626845
0.5461114293623983,2.626329
0.5461653982752713,2.626572
0.5462193671881446,2.626954
0.5462733361010176,2.626339
0.5463273050138906,2.626307
0.5463812739267636,2.626563
0.5464352428396367,2.626591
0.5464892117525098,2.626841
0.5465431806653829,2.626985
0.5465971495782559,2.626637
0.5466511184911289,2.626579
0.546705087404002,2.627061
0.546759056316875,2.626149
0.5468130252297481,2.626297
0.5468669941426211,2.626602
0.5469209630554941,2.626359
0.5469749319683672,2.62629
0.5470289008812402,2.626161
0.5470828697941132,2.625888
0.5471368387069864,2.626196
0.5471908076198594,2.626223
0.5472447765327325,2.626063
0.5472987454456055,2.626163
0.5473527143584785,2.626461
0.5474066832713516,2.626063
0.5474606521842247,2.626173
0.5475146210970977,2.626366
0.5475685900099707,2.625728
0.5476225589228438,2.625755
0.5476765278357167,2.626194
0.5477304967485899,2.626163
0.547784465661463,2.62602
0.547838434574336,2.626184
0.547892403487209,2.625878
0.5479463724000821,2.626241
0.5480003413129552,2.626204
0.5480543102258282,2.625954
0.5481082791387013,2.62598
0.5481622480515743,2.626425
0.5482162169644473,2.625988
0.5482701858773205,2.626093
0.5483241547901935,2.626426
0.5483781237030665,2.626221
0.5484320926159395,2.626094
0.5484860615288126,2.626185
0.5485400304416856,2.625922
0.5485939993545587,2.626026
0.5486479682674318,2.626407
0.5487019371803048,2.625928
0.5487559060931778,2.625707
0.5488098750060509,2.626109
0.548863843918924,2.626062
0.548917812831797,2.625943
0.5489717817446701,2.626469
0.5490257506575431,2.626145
0.5490797195704161,2.626028
0.5491336884832893,2.626366
0.5491876573961623,2.626177
0.5492416263090354,2.626347
0.5492955952219084,2.626371
0.5493495641347814,2.626082
0.5494035330476544,2.625731
0.5494575019605277,2.626122
0.5495114708734006,2.625865
0.5495654397862736,2.626136
0.5496194086991466,2.626168
0.5496733776120197,2.625921
0.5497273465248927,2.626039
0.5497813154377659,2.626283
0.5498352843506389,2.625808
0.5498892532635119,2.625645
0.549943222176385,2.626101
0.549997191089258,2.625538
0.5500511600021312,2.625425
0.5501051289150041,2.626001
0.5501590978278771,2.62615
0.5502130667407502,2.626221
0.5502670356536232,2.62618
0.5503210045664962,2.62569
0.5503749734793694,2.625874
0.5504289423922424,2.626039
0.5504829113051155,2.625224
0.5505368802179885,2.625341
0.5505908491308615,2.625675
0.5506448180437347,2.625682
0.5506987869566078,2.625474
0.5507527558694808,2.625769
0.5508067247823537,2.625213
0.5508606936952268,2.625505
0.5509146626080998,2.625565
0.550968631520973,2.625331
0.551022600433846,2.625781
0.551076569346719,2.625821
0.551130538259592,2.62546
0.551184507172465,2.625391
0.5512384760853383,2.625526
0.5512924449982113,2.625406
0.5513464139110843,2.625284
0.5514003828239573,2.625477
0.5514543517368304,2.625231
0.5515083206497035,2.625428
0.5515622895625766,2.625604
0.5516162584754496,2.62537
0.5516702273883225,2.625127
0.5517241963011956,2.625515
0.5517781652140686,2.624921
0.5518321341269418,2.62485
0.5518861030398148,2.625127
0.5519400719526878,2.624539
0.5519940408655609,2.624662
0.5520480097784339,2.625024
0.5521019786913071,2.625128
0.5521559476041801,2.625124
0.5522099165170532,2.624988
0.5522638854299262,2.624597
0.5523178543427992,2.624753
0.5523718232556721,2.624973
0.5524257921685454,2.624844
0.5524797610814184,2.624935
0.5525337299942914,2.625156
0.5525876989071644,2.62477
0.5526416678200374,2.624624
0.5526956367329106,2.62526
0.5527496056457837,2.625572
0.5528035745586567,2.625292
0.5528575434715297,2.625646
0.5529115123844027,2.625406
0.5529654812972759,2.625254
0.5530194502101489,2.62603
0.553073419123022,2.625235
0.553127388035895,2.62518
0.5531813569487679,2.625472
0.5532353258616411,2.625275
0.5532892947745142,2.62516
0.5533432636873872,2.625564
0.5533972326002602,2.625302
0.5534512015131332,2.625631
0.5535051704260063,2.625622
0.5535591393388793,2.625304
0.5536131082517525,2.624874
0.5536670771646255,2.625407
0.5537210460774985,2.625221
0.5537750149903716,2.625166
0.5538289839032446,2.625261
0.5538829528161177,2.624654
0.5539369217289907,2.624713
0.5539908906418638,2.624812
0.5540448595547368,2.623931
0.5540988284676098,2.623931
0.554152797380483,2.624491
0.554206766293356,2.624422
0.554260735206229,2.624249
0.5543147041191021,2.624422
0.5543686730319751,2.623822
0.5544226419448481,2.623991
0.5544766108577213,2.624504
0.5545305797705943,2.624043
0.5545845486834673,2.624043
0.5546385175963404,2.624481
0.5546924865092134,2.624279
0.5547464554220866,2.624386
0.5548004243349596,2.624772
0.5548543932478326,2.624559
0.5549083621607056,2.624546
0.5549623310735786,2.624559
0.5550162999864517,2.624459
0.5550702688993248,2.624319
0.5551242378121978,2.624703
0.5551782067250709,2.624174
0.5552321756379439,2.624031
0.5552861445508169,2.624671
0.55534011346369,2.624194
0.5553940823765631,2.624157
0.5554480512894361,2.624576
0.5555020202023092,2.624102
0.5555559891151822,2.623822
0.5556099580280552,2.624082
0.5556639269409284,2.623932
0.5557178958538014,2.624019
0.5557718647666744,2.624156
0.5558258336795475,2.623903
0.5558798025924205,2.623893
0.5559337715052936,2.624119
0.5559877404181667,2.6239
0.5560417093310397,2.62382
0.5560956782439127,2.624254
0.5561496471567857,2.623874
0.5562036160696588,2.623991
0.556257584982532,2.624286
0.556311553895405,2.624072
0.556365522808278,2.62368
0.556419491721151,2.623986
0.556473460634024,2.623719
0.5565274295468973,2.623608
0.5565813984597702,2.623693
0.5566353673726432,2.623733
0.5566893362855162,2.623707
0.5567433051983893,2.623886
0.5567972741112625,2.623395
0.5568512430241355,2.623297
0.5569052119370085,2.623834
0.5569591808498815,2.623293
0.5570131497627546,2.623012
0.5570671186756276,2.623439
0.5571210875885008,2.623361
0.5571750565013737,2.623596
0.5572290254142469,2.62376
0.5572829943271198,2.623644
0.5573369632399928,2.6235
0.557390932152866,2.623887
0.557444901065739,2.623003
0.5574988699786121,2.62298
0.5575528388914851,2.623073
0.5576068078043581,2.622964
0.5576607767172311,2.623173
0.5577147456301043,2.62322
0.5577687145429774,2.62249
0.5578226834558504,2.622501
0.5578766523687233,2.622662
0.5579306212815964,2.622138
0.5579845901944696,2.622483
0.5580385591073426,2.622858
0.5580925280202156,2.622476
0.5581464969330886,2.622633
0.5582004658459616,2.623291
0.5582544347588348,2.622982
0.5583084036717079,2.622899
0.5583623725845809,2.623254
0.5584163414974539,2.622868
0.5584703104103269,2.62297
0.5585242793232,2.622943
0.5585782482360732,2.622504
0.5586322171489462,2.622518
0.5586861860618191,2.62317
0.5587401549746923,2.622788
0.5587941238875652,2.622787
0.5588480928004383,2.622994
0.5589020617133114,2.622649
0.5589560306261844,2.623009
0.5590099995390575,2.623045
0.5590639684519305,2.622621
0.5591179373648035,2.622547
0.5591719062776767,2.622879
0.5592258751905497,2.622535
0.5592798441034228,2.62236
0.5593338130162958,2.622838
0.5593877819291688,2.622305
0.559441750842042,2.622227
0.559495719754915,2.622925
0.559549688667788,2.622434
0.559603657580661,2.622152
0.559657626493534,2.622572
0.559711595406407,2.622325
0.5597655643192803,2.622271
0.5598195332321533,2.622268
0.5598735021450263,2.621986
0.5599274710578993,2.621833
0.5599814399707723,2.62214
0.5600354088836454,2.621758
0.5600893777965185,2.621725
0.5601433467093916,2.622076
0.5601973156222646,2.621633
0.5602512845351376,2.621662
0.5603052534480107,2.621855
0.5603592223608838,2.621339
0.5604131912737568,2.621612
0.5604671601866298,2.621686
0.5605211290995029,2.621718
0.5605750980123759,2.621681
0.5606290669252489,2.62204
0.5606830358381221,2.621639
0.5607370047509951,2.62185
0.5607909736638681,2.622221
0.5608449425767412,2.621098
0.5608989114896142,2.620975
0.5609528804024873,2.620998
0.5610068493153604,2.620813
0.5610608182282334,2.620834
0.5611147871411064,2.621781
0.5611687560539794,2.621678
0.5612227249668525,2.621848
0.5612766938797256,2.621755
0.5613306627925987,2.621222
0.5613846317054717,2.620663
0.5614386006183447,2.620529
0.5614925695312178,2.620267
0.5615465384440909,2.619907
0.5616005073569639,2.620191
0.5616544762698369,2.619987
0.56170844518271,2.620174
0.561762414095583,2.620366
0.5618163830084562,2.619586
0.5618703519213292,2.619444
0.5619243208342022,2.619667
0.5619782897470752,2.619702
0.5620322586599483,2.619976
0.5620862275728213,2.620301
0.5621401964856944,2.61984
0.5621941653985675,2.619822
0.5622481343114405,2.620539
0.5623021032243135,2.620073
0.5623560721371866,2.620117
0.5624100410500597,2.620825
0.5624640099629327,2.620537
0.5625179788758058,2.620573
0.5625719477886788,2.621026
0.5626259167015518,2.620907
0.5626798856144248,2.62126
0.562733854527298,2.62156
0.562787823440171,2.621058
0.562841792353044,2.620968
0.5628957612659171,2.621391
0.5629497301787901,2.621221
0.5630036990916633,2.620855
0.5630576680045363,2.621217
0.5631116369174093,2.620781
0.5631656058302823,2.620209
0.5632195747431553,2.620774
0.5632735436560286,2.620687
0.5633275125689016,2.620365
0.5633814814817746,2.620974
0.5634354503946476,2.620497
0.5634894193075206,2.620628
0.5635433882203937,2.621039
0.5635973571332668,2.620566
0.5636513260461398,2.620281
0.5637052949590128,2.620731
0.5637592638718859,2.620297
0.5638132327847589,2.62019
0.563867201697632,2.620602
0.5639211706105051,2.620192
0.5639751395233781,2.619881
0.5640291084362512,2.620635
0.5640830773491242,2.620357
0.5641370462619973,2.620371
0.5641910151748704,2.620587
0.5642449840877433,2.620314
0.5642989530006165,2.619817
0.5643529219134894,2.620341
0.5644068908263624,2.619831
0.5644608597392355,2.619894
0.5645148286521087,2.620229
0.5645687975649817,2.619711
0.5646227664778547,2.619323
0.5646767353907277,2.61975
0.5647307043036008,2.619036
0.564784673216474,2.619078
0.564838642129347,2.619069
0.56489261104222,2.618847
0.564946579955093,2.619343
0.565000548867966,2.620117
0.5650545177808391,2.619773
0.5651084866937123,2.619861
0.5651624556065852,2.619986
0.5652164245194582,2.61959
0.5652703934323313,2.619702
0.5653243623452044,2.619897
0.5653783312580775,2.619503
0.5654323001709505,2.619799
0.5654862690838235,2.620229
0.5655402379966966,2.619643
0.5655942069095696,2.619822
0.5656481758224428,2.620352
0.5657021447353158,2.619985
0.5657561136481887,2.619582
0.5658100825610619,2.619647
0.5658640514739348,2.619539
0.5659180203868079,2.619539
0.565971989299681,2.619531
0.5660259582125541,2.619328
0.5660799271254271,2.619993
0.5661338960383001,2.620353
0.5661878649511732,2.619999
0.5662418338640463,2.619708
0.5662958027769194,2.619777
0.5663497716897924,2.61951
0.5664037406026654,2.619663
0.5664577095155384,2.619941
0.5665116784284115,2.619294
0.5665656473412846,2.619321
0.5666196162541576,2.619689
0.5666735851670306,2.619352
0.5667275540799036,2.619263
0.5667815229927767,2.619694
0.5668354919056499,2.619243
0.5668894608185229,2.619426
0.5669434297313959,2.61964
0.5669973986442689,2.619767
0.567051367557142,2.619578
0.567105336470015,2.619778
0.5671593053828881,2.619689
0.5672132742957612,2.619442
0.5672672432086342,2.619564
0.5673212121215072,2.619364
0.5673751810343803,2.619498
0.5674291499472534,2.619354
0.5674831188601264,2.619319
0.5675370877729995,2.619326
0.5675910566858725,2.619963
0.5676450255987455,2.619399
0.5676989945116186,2.619216
0.5677529634244917,2.619494
0.5678069323373647,2.6194
0.5678609012502378,2.619046
0.5679148701631108,2.619414
0.5679688390759838,2.61927
0.568022807988857,2.619576
0.56807677690173,2.620163
0.568130745814603,2.619914
0.568184714727476,2.619672
0.5682386836403491,2.62007
0.5682926525532223,2.62004
0.5683466214660952,2.619713
0.5684005903789683,2.620309
0.5684545592918413,2.619746
0.5685085282047143,2.619836
0.5685624971175874,2.619995
0.5686164660304605,2.620211
0.5686704349433335,2.619761
0.5687244038562066,2.619571
0.5687783727690796,2.61962
0.5688323416819527,2.619297
0.5688863105948258,2.619691
0.5689402795076988,2.619395
0.5689942484205718,2.619622
0.5690482173334449,2.619551
0.5691021862463179,2.619362
0.5691561551591909,2.61896
0.569210124072064,2.619508
0.5692640929849371,2.619289
0.5693180618978101,2.618934
0.5693720308106831,2.61926
0.5694259997235562,2.61879
0.5694799686364292,2.619094
0.5695339375493024,2.619925
0.5695879064621754,2.619367
0.5696418753750484,2.61929
0.5696958442879214,2.619561
0.5697498132007944,2.619061
0.5698037821136677,2.619328
0.5698577510265406,2.619663
0.5699117199394136,2.619382
0.5699656888522867,2.619149
0.5700196577651597,2.619504
0.5700736266780329,2.6193
0.5701275955909059,2.619347
0.5701815645037789,2.619743
0.5702355334166519,2.619344
0.5702895023295251,2.619223
0.5703434712423981,2.61953
0.5703974401552712,2.619146
0.5704514090681442,2.619332
0.5705053779810172,2.619604
0.5705593468938902,2.61929
0.5706133158067634,2.618895
0.5706672847196363,2.619095
0.5707212536325094,2.618798
0.5707752225453824,2.618884
0.5708291914582555,2.619534
0.5708831603711286,2.619315
0.5709371292840016,2.61912
0.5709910981968747,2.619487
0.5710450671097478,2.618897
0.5710990360226208,2.618785
0.5711530049354938,2.619089
0.5712069738483669,2.618905
0.57126094276124,2.618725
0.5713149116741131,2.618959
0.5713688805869861,2.618659
0.571422849499859,2.618874
0.5714768184127322,2.618911
0.5715307873256051,2.618884
0.5715847562384783,2.618843
0.5716387251513513,2.619156
0.5716926940642243,2.618782
0.5717466629770973,2.61908
0.5718006318899705,2.619281
0.5718546008028436,2.61877
0.5719085697157166,2.618796
0.5719625386285896,2.619051
0.5720165075414626,2.618454
0.5720704764543357,2.618785
0.5721244453672087,2.61908
0.5721784142800819,2.618927
0.5722323831929548,2.618998
0.5722863521058278,2.619471
0.572340321018701,2.619046
0.572394289931574,2.619146
0.572448258844447,2.619193
0.5725022277573201,2.618895
0.5725561966701932,2.618614
0.5726101655830662,2.618783
0.5726641344959393,2.618589
0.5727181034088124,2.618728
0.5727720723216854,2.61855
0.5728260412345585,2.618499
0.5728800101474315,2.618451
0.5729339790603045,2.619378
0.5729879479731775,2.618831
0.5730419168860507,2.618784
0.5730958857989237,2.619043
0.5731498547117967,2.618651
0.5732038236246697,2.618611
0.5732577925375428,2.618539
0.5733117614504158,2.618025
0.573365730363289,2.618209
0.573419699276162,2.618552
0.573473668189035,2.618117
0.573527637101908,2.618317
0.5735816060147811,2.618582
0.5736355749276542,2.617839
0.5736895438405272,2.618047
0.5737435127534002,2.618406
0.5737974816662734,2.618188
0.5738514505791463,2.618149
0.5739054194920195,2.618419
0.5739593884048925,2.618015
0.5740133573177655,2.618108
0.5740673262306386,2.6183
0.5741212951435116,2.6179
0.5741752640563846,2.618019
0.5742292329692578,2.61799
0.5742832018821308,2.61784
0.5743371707950038,2.618
0.5743911397078769,2.618286
0.5744451086207499,2.617856
0.574499077533623,2.617804
0.5745530464464961,2.61814
0.5746070153593691,2.617539
0.5746609842722421,2.61743
0.5747149531851151,2.617779
0.5747689220979882,2.617396
0.5748228910108613,2.617602
0.5748768599237343,2.617665
0.5749308288366074,2.617467
0.5749847977494804,2.617596
0.5750387666623534,2.617778
0.5750927355752266,2.617229
0.5751467044880996,2.617622
0.5752006734009726,2.617817
0.5752546423138457,2.617547
0.5753086112267188,2.618026
0.5753625801395919,2.618182
0.5754165490524649,2.617832
0.5754705179653379,2.617709
0.5755244868782109,2.618023
0.575578455791084,2.617655
0.575632424703957,2.617716
0.57568639361683,2.617814
0.5757403625297031,2.617627
0.5757943314425762,2.617678
0.5758483003554492,2.617384
0.5759022692683223,2.617369
0.5759562381811953,2.617518
0.5760102070940684,2.617428
0.5760641760069415,2.617467
0.5761181449198145,2.617671
0.5761721138326876,2.617778
0.5762260827455605,2.617468
0.5762800516584335,2.617558
0.5763340205713067,2.617713
0.5763879894841797,2.617651
0.5764419583970527,2.617288
0.5764959273099258,2.617472
0.5765498962227988,2.617308
0.576603865135672,2.617421
0.576657834048545,2.617428
0.576711802961418,2.617121
0.5767657718742911,2.617407
0.5768197407871642,2.617178
0.5768737097000373,2.616891
0.5769276786129102,2.616809
0.5769816475257833,2.617212
0.5770356164386563,2.617205
0.5770895853515294,2.617295
0.5771435542644024,2.617184
0.5771975231772755,2.61757
0.5772514920901485,2.617506
0.5773054610030215,2.617283
0.5773594299158947,2.616969
0.5774133988287677,2.617342
0.5774673677416408,2.61707
0.5775213366545138,2.616617
0.5775753055673869,2.616975
0.5776292744802599,2.617014
0.577683243393133,2.616649
0.5777372123060059,2.616784
0.577791181218879,2.616912
0.5778451501317521,2.61693
0.5778991190446251,2.617267
0.5779530879574982,2.61724
0.5780070568703712,2.617162
0.5780610257832443,2.616969
0.5781149946961174,2.616913
0.5781689636089904,2.616897
0.5782229325218635,2.617068
0.5782769014347365,2.616708
0.5783308703476097,2.61691
0.5783848392604827,2.617286
0.5784388081733557,2.617162
0.5784927770862286,2.616583
0.5785467459991017,2.616728
0.5786007149119748,2.616692
0.5786546838248479,2.616736
0.5787086527377209,2.617037
0.5787626216505939,2.61674
0.578816590563467,2.616601
0.5788705594763401,2.616714
0.5789245283892132,2.616472
0.5789784973020862,2.615991
0.5790324662149592,2.616245
0.5790864351278323,2.616189
0.5791404040407053,2.616058
0.5791943729535785,2.616157
0.5792483418664515,2.616423
0.5793023107793244,2.615939
0.5793562796921976,2.615826
0.5794102486050706,2.61586
0.5794642175179436,2.615664
0.5795181864308167,2.61587
0.5795721553436898,2.61612
0.5796261242565628,2.615915
0.5796800931694358,2.616121
0.5797340620823089,2.616091
0.579788030995182,2.616046
0.579841999908055,2.616175
0.5798959688209281,2.616136
0.5799499377338011,2.615926
0.5800039066466741,2.616288
0.5800578755595471,2.615865
0.5801118444724203,2.615879
0.5801658133852933,2.616039
0.5802197822981663,2.615821
0.5802737512110394,2.615464
0.5803277201239124,2.615931
0.5803816890367854,2.616053
0.5804356579496586,2.615975
0.5804896268625316,2.615841
0.5805435957754046,2.615623
0.5805975646882777,2.615473
0.5806515336011507,2.615756
0.5807055025140238,2.616143
0.5807594714268969,2.61607
0.5808134403397698,2.616345
0.580867409252643,2.616024
0.580921378165516,2.615805
0.580975347078389,2.615695
0.5810293159912621,2.615396
0.5810832849041352,2.615258
0.5811372538170082,2.615383
0.5811912227298812,2.615209
0.5812451916427542,2.615224
0.5812991605556274,2.615549
0.5813531294685004,2.615258
0.5814070983813734,2.61486
0.5814610672942465,2.615441
0.5815150362071195,2.615209
0.5815690051199925,2.615051
0.5816229740328657,2.6154
0.5816769429457387,2.614966
0.5817309118586117,2.614869
0.5817848807714848,2.615093
0.5818388496843578,2.614726
0.5818928185972309,2.614552
0.581946787510104,2.615293
0.582000756422977,2.615578
0.58205472533585,2.615405
0.5821086942487231,2.615485
0.5821626631615962,2.615443
0.5822166320744692,2.615104
0.5822706009873422,2.615453
0.5823245699002153,2.614761
0.5823785388130884,2.614618
0.5824325077259614,2.615223
0.5824864766388345,2.615123
0.5825404455517075,2.615024
0.5825944144645805,2.615138
0.5826483833774536,2.614973
0.5827023522903266,2.615225
0.5827563212031996,2.615162
0.5828102901160727,2.615218
0.5828642590289458,2.615224
0.5829182279418189,2.615274
0.5829721968546919,2.614678
0.5830261657675649,2.614385
0.583080134680438,2.615041
0.5831341035933111,2.614488
0.5831880725061842,2.614759
0.5832420414190572,2.615165
0.5832960103319301,2.614574
0.5833499792448034,2.614664
0.5834039481576763,2.614976
0.5834579170705493,2.614984
0.5835118859834224,2.615
0.5835658548962954,2.614984
0.5836198238091685,2.614769
0.5836737927220416,2.614873
0.5837277616349146,2.615325
0.5837817305477876,2.615023
0.5838356994606608,2.614888
0.5838896683735338,2.615005
0.5839436372864069,2.614317
0.5839976061992798,2.614704
0.5840515751121529,2.614893
0.584105544025026,2.6147
0.584159512937899,2.614508
0.584213481850772,2.615131
0.5842674507636451,2.6148
0.5843214196765181,2.614928
0.5843753885893913,2.615169
0.5844293575022643,2.614585
0.5844833264151373,2.615006
0.5845372953280104,2.6152
0.5845912642408835,2.614828
0.5846452331537565,2.6145
0.5846992020666296,2.614517
0.5847531709795026,2.614103
0.5848071398923755,2.614189
0.5848611088052488,2.614453
0.5849150777181217,2.61433
0.5849690466309948,2.614135
0.5850230155438678,2.61435
0.5850769844567408,2.613777
0.585130953369614,2.613646
0.585184922282487,2.614261
0.58523889119536,2.613683
0.5852928601082331,2.613807
0.5853468290211061,2.614082
0.5854007979339793,2.613428
0.5854547668468523,2.613715
0.5855087357597252,2.613945
0.5855627046725984,2.613477
0.5856166735854714,2.613393
0.5856706424983444,2.613881
0.5857246114112175,2.613614
0.5857785803240905,2.613523
0.5858325492369635,2.613955
0.5858865181498367,2.613425
0.5859404870627097,2.613474
0.5859944559755828,2.613812
0.5860484248884558,2.613712
0.5861023938013289,2.613667
0.5861563627142019,2.614033
0.5862103316270749,2.613975
0.586264300539948,2.613985
0.5863182694528211,2.614471
0.5863722383656941,2.613467
0.5864262072785672,2.613533
0.5864801761914402,2.614165
0.5865341451043132,2.613712
0.5865881140171862,2.613466
0.5866420829300594,2.613683
0.5866960518429324,2.613046
0.5867500207558054,2.612924
0.5868039896686785,2.61368
0.5868579585815515,2.613286
0.5869119274944246,2.61327
0.5869658964072977,2.613907
0.5870198653201707,2.613254
0.5870738342330437,2.613145
0.5871278031459168,2.613448
0.5871817720587899,2.613017
0.5872357409716629,2.613272
0.5872897098845359,2.61345
0.587343678797409,2.613131
0.587397647710282,2.612906
0.5874516166231551,2.61353
0.5875055855360282,2.613116
0.5875595544489012,2.613326
0.5876135233617743,2.613686
0.5876674922746473,2.613011
0.5877214611875203,2.612939
0.5877754301003933,2.613078
0.5878293990132665,2.612761
0.5878833679261396,2.612823
0.5879373368390126,2.613116
0.5879913057518856,2.612628
0.5880452746647586,2.612605
0.5880992435776317,2.61311
0.5881532124905048,2.612658
0.5882071814033778,2.613034
0.5882611503162508,2.613081
0.5883151192291239,2.612905
0.588369088141997,2.612819
0.58842305705487,2.61307
0.5884770259677431,2.612684
0.5885309948806161,2.612744
0.5885849637934891,2.613028
0.5886389327063623,2.612583
0.5886929016192353,2.612838
0.5887468705321083,2.613012
0.5888008394449813,2.61241
0.5888548083578544,2.612375
0.5889087772707274,2.612998
0.5889627461836004,2.612695
0.5890167150964736,2.612804
0.5890706840093466,2.613293
0.5891246529222197,2.612869
0.5891786218350927,2.612821
0.5892325907479657,2.61285
0.5892865596608388,2.612159
0.5893405285737118,2.612177
0.589394497486585,2.612474
0.589448466399458,2.612261
0.5895024353123309,2.61234
0.5895564042252041,2.612723
0.5896103731380771,2.612419
0.5896643420509502,2.612469
0.5897183109638232,2.612352
0.5897722798766962,2.612408
0.5898262487895692,2.612194
0.5898802177024424,2.612704
0.5899341866153154,2.612076
0.5899881555281885,2.612049
0.5900421244410615,2.612113
0.5900960933539345,2.611788
0.5901500622668077,2.611962
0.5902040311796807,2.612749
0.5902580000925538,2.612061
0.5903119690054268,2.611904
0.5903659379182999,2.612537
0.5904199068311728,2.61168
0.5904738757440459,2.611864
0.5905278446569189,2.61229
0.590581813569792,2.611734
0.5906357824826651,2.611333
0.5906897513955381,2.611639
0.5907437203084112,2.611416
0.5907976892212842,2.611885
0.5908516581341573,2.612104
0.5909056270470304,2.611737
0.5909595959599034,2.61147
0.5910135648727765,2.611735
0.5910675337856495,2.611385
0.5911215026985226,2.611566
0.5911754716113956,2.612166
0.5912294405242687,2.611996
0.5912834094371416,2.611876
0.5913373783500147,2.611945
0.5913913472628878,2.611378
0.5914453161757609,2.611725
0.5914992850886339,2.612429
0.5915532540015069,2.611962
0.59160722291438,2.611551
0.5916611918272531,2.611921
0.5917151607401261,2.611417
0.5917691296529992,2.611495
0.5918230985658722,2.612421
0.5918770674787452,2.612187
0.5919310363916184,2.611894
0.5919850053044913,2.611797
0.5920389742173644,2.611274
0.5920929431302374,2.611205
0.5921469120431105,2.61173
0.5922008809559836,2.611251
0.5922548498688566,2.611233
0.5923088187817297,2.611408
0.5923627876946027,2.611119
0.5924167566074758,2.611175
0.5924707255203489,2.611192
0.5925246944332219,2.611149
0.5925786633460948,2.611334
0.592632632258968,2.611523
0.592686601171841,2.611088
0.592740570084714,2.610774
0.592794538997587,2.610969
0.5928485079104601,2.610758
0.5929024768233332,2.611113
0.5929564457362063,2.61128
0.5930104146490793,2.610856
0.5930643835619523,2.610753
0.5931183524748254,2.611081
0.5931723213876985,2.610774
0.5932262903005715,2.610737
0.5932802592134445,2.611016
0.5933342281263176,2.610385
0.5933881970391907,2.61042
0.5934421659520637,2.610804
0.5934961348649368,2.610695
0.5935501037778098,2.610549
0.5936040726906828,2.610893
0.593658041603556,2.6106
0.593712010516429,2.610346
0.593765979429302,2.611029
0.5938199483421751,2.610663
0.5938739172550481,2.610604
0.5939278861679211,2.610871
0.5939818550807943,2.610566
0.5940358239936673,2.610725
0.5940897929065403,2.610639
0.5941437618194134,2.610107
0.5941977307322864,2.61059
0.5942516996451594,2.610993
0.5943056685580325,2.610439
0.5943596374709056,2.610374
0.5944136063837786,2.610678
0.5944675752966516,2.610477
0.5945215442095247,2.610473
0.5945755131223978,2.611093
0.5946294820352708,2.610681
0.5946834509481439,2.610722
0.5947374198610169,2.610842
0.5947913887738899,2.610554
0.594845357686763,2.610535
0.5948993265996361,2.611153
0.5949532955125092,2.610415
0.5950072644253822,2.610385
0.5950612333382551,2.61058
0.5951152022511284,2.610323
0.5951691711640015,2.610244
0.5952231400768745,2.610765
0.5952771089897474,2.61044
0.5953310779026204,2.610366
0.5953850468154935,2.610557
0.5954390157283665,2.610001
0.5954929846412396,2.60988
0.5955469535541127,2.610068
0.5956009224669857,2.609915
0.5956548913798587,2.609981
0.5957088602927318,2.610194
0.5957628292056049,2.609838
0.5958167981184779,2.609754
0.5958707670313509,2.610187
0.595924735944224,2.609721
0.5959787048570971,2.61005
0.5960326737699702,2.610009
0.5960866426828432,2.609651
0.5961406115957163,2.610055
0.5961945805085893,2.610401
0.5962485494214624,2.609704
0.5963025183343355,2.609867
0.5963564872472085,2.610028
0.5964104561600816,2.609568
0.5964644250729546,2.609537
0.5965183939858276,2.609617
0.5965723628987007,2.609514
0.5966263318115738,2.609692
0.5966803007244467,2.609693
0.5967342696373199,2.609289
0.5967882385501928,2.609535
0.5968422074630658,2.610214
0.596896176375939,2.609754
0.596950145288812,2.609763
0.597004114201685,2.610183
0.597058083114558,2.609678
0.5971120520274311,2.609808
0.5971660209403042,2.610237
0.5972199898531773,2.609747
0.5972739587660503,2.609798
0.5973279276789233,2.610041
0.5973818965917963,2.609392
0.5974358655046695,2.609306
0.5974898344175426,2.609677
0.5975438033304156,2.609103
0.5975977722432886,2.609256
0.5976517411561617,2.609545
0.5977057100690347,2.609066
0.5977596789819078,2.608819
0.5978136478947809,2.609141
0.5978676168076539,2.608798
0.597921585720527,2.609047
0.5979755546334,2.609505
0.598029523546273,2.609263
0.598083492459146,2.609198
0.5981374613720192,2.609319
0.5981914302848922,2.609119
0.5982453991977651,2.609166
0.5982993681106383,2.609464
0.5983533370235112,2.609263
0.5984073059363844,2.608735
0.5984612748492574,2.608931
0.5985152437621304,2.609074
0.5985692126750034,2.609371
0.5986231815878765,2.609655
0.5986771505007497,2.609346
0.5987311194136227,2.609059
0.5987850883264957,2.60952
0.5988390572393687,2.609314
0.5988930261522417,2.609116
0.598946995065115,2.609739
0.599000963977988,2.609127
0.599054932890861,2.608827
0.599108901803734,2.609719
0.5991628707166071,2.609307
0.5992168396294801,2.609269
0.5992708085423532,2.609265
0.5993247774552263,2.608659
0.5993787463680993,2.608651
0.5994327152809723,2.609057
0.5994866841938454,2.608722
0.5995406531067184,2.608773
0.5995946220195915,2.608882
0.5996485909324644,2.608738
0.5997025598453376,2.608544
0.5997565287582105,2.608989
0.5998104976710837,2.608667
0.5998644665839566,2.608599
0.5999184354968299,2.60886
0.5999724044097028,2.608527
0.6000263733225758,2.608741
0.6000803422354489,2.609179
0.6001343111483219,2.60842
0.6001882800611951,2.608404
0.6002422489740681,2.608541
0.6002962178869411,2.608685
0.6003501867998141,2.608778
0.6004041557126872,2.608797
0.6004581246255603,2.608205
0.6005120935384334,2.608319
0.6005660624513064,2.608427
0.6006200313641794,2.608193
0.6006740002770525,2.608202
0.6007279691899255,2.608574
0.6007819381027986,2.608236
0.6008359070156716,2.608049
0.6008898759285447,2.608399
0.6009438448414178,2.608358
0.6009978137542908,2.608071
0.6010517826671639,2.608721
0.6011057515800369,2.608378
0.60115972049291,2.608392
0.601213689405783,2.608699
0.6012676583186561,2.608229
0.6013216272315292,2.60813
0.6013755961444021,2.608666
0.6014295650572753,2.607993
0.6014835339701482,2.607993
0.6015375028830214,2.608095
0.6015914717958943,2.607822
0.6016454407087674,2.607764
0.6016994096216405,2.608421
0.6017533785345135,2.608108
0.6018073474473865,2.608226
0.6018613163602595,2.608648
0.6019152852731326,2.608205
0.6019692541860057,2.608085
0.6020232230988787,2.608005
0.6020771920117518,2.607609
0.6021311609246248,2.607414
0.602185129837498,2.607893
0.602239098750371,2.607148
0.602293067663244,2.607385
0.602347036576117,2.607764
0.60240100548899,2.607198
0.6024549744018632,2.607464
0.6025089433147363,2.607799
0.6025629122276093,2.607586
0.6026168811404823,2.607969
0.6026708500533554,2.608138
0.6027248189662284,2.607737
0.6027787878791016,2.607615
0.6028327567919746,2.607831
0.6028867257048476,2.60746
0.6029406946177207,2.607286
0.6029946635305937,2.607607
0.6030486324434666,2.60746
0.6031026013563399,2.607117
0.6031565702692128,2.607514
0.6032105391820858,2.607269
0.6032645080949589,2.607394
0.6033184770078319,2.607848
0.6033724459207049,2.607372
0.6034264148335781,2.607358
0.6034803837464511,2.607792
0.6035343526593241,2.607257
0.6035883215721971,2.607283
0.6036422904850702,2.607405
0.6036962593979434,2.607135
0.6037502283108164,2.607261
0.6038041972236894,2.60769
0.6038581661365624,2.607137
0.6039121350494355,2.607491
0.6039661039623087,2.607875
0.6040200728751817,2.607454
0.6040740417880547,2.607139
0.6041280107009277,2.607187
0.6041819796138008,2.606973
0.6042359485266738,2.607014
0.604289917439547,2.60729
0.60434388635242,2.606647
0.604397855265293,2.606715
0.6044518241781661,2.60708
0.6045057930910391,2.60681
0.604559762003912,2.606782
0.604613730916785,2.606746
0.6046676998296582,2.606424
0.6047216687425312,2.606404
0.6047756376554043,2.607008
0.6048296065682773,2.606494
0.6048835754811503,2.606458
0.6049375443940235,2.606874
0.6049915133068965,2.606591
0.6050454822197695,2.60659
0.6050994511326426,2.606803
0.6051534200455156,2.606318
0.6052073889583888,2.606457
0.6052613578712618,2.606683
0.6053153267841348,2.606318
0.6053692956970079,2.606505
0.6054232646098809,2.606939
0.6054772335227541,2.606749
0.6055312024356271,2.606535
0.6055851713485001,2.606529
0.6056391402613731,2.605736
0.6056931091742462,2.605842
0.6057470780871193,2.606225
0.6058010469999923,2.606057
0.6058550159128654,2.606173
0.6059089848257384,2.606365
0.6059629537386115,2.60599
0.6060169226514845,2.605994
0.6060708915643576,2.606494
0.6061248604772305,2.606213
0.6061788293901035,2.606042
0.6062327983029768,2.606719
0.6062867672158497,2.606197
0.6063407361287227,2.606249
0.6063947050415958,2.606364
0.6064486739544689,2.605825
0.6065026428673419,2.605918
0.606556611780215,2.605968
0.606610580693088,2.605595
0.6066645496059611,2.605771
0.6067185185188342,2.605901
0.6067724874317072,2.605561
0.6068264563445802,2.60544
0.6068804252574533,2.605867
0.6069343941703264,2.605761
0.6069883630831994,2.605452
0.6070423319960725,2.605931
0.6070963009089455,2.605717
0.6071502698218185,2.605415
0.6072042387346916,2.60571
0.6072582076475647,2.605531
0.6073121765604377,2.605347
0.6073661454733107,2.605768
0.6074201143861838,2.605182
0.6074740832990569,2.604864
0.60752805221193,2.60536
0.607582021124803,2.605254
0.6076359900376759,2.605332
0.6076899589505491,2.605708
0.6077439278634222,2.605527
0.6077978967762953,2.605467
0.6078518656891682,2.605683
0.6079058346020412,2.605539
0.6079598035149143,2.605758
0.6080137724277873,2.605693
0.6080677413406604,2.605114
0.6081217102535335,2.605112
0.6081756791664065,2.605211
0.6082296480792796,2.605116
0.6082836169921526,2.605145
0.6083375859050256,2.605253
0.6083915548178986,2.605074
0.6084455237307718,2.60498
0.6084994926436448,2.60508
0.6085534615565178,2.604586
0.6086074304693909,2.604421
0.6086613993822639,2.604988
0.6087153682951371,2.604488
0.6087693372080101,2.604995
0.6088233061208831,2.605505
0.6088772750337562,2.605037
0.6089312439466292,2.604976
0.6089852128595024,2.604981
0.6090391817723754,2.604601
0.6090931506852484,2.60463
0.6091471195981214,2.605281
0.6092010885109945,2.604894
0.6092550574238675,2.604644
0.6093090263367407,2.605313
0.6093629952496136,2.605005
0.6094169641624866,2.605026
0.6094709330753597,2.605266
0.6095249019882327,2.604634
0.6095788709011057,2.604605
0.6096328398139789,2.60483
0.6096868087268519,2.604454
0.6097407776397249,2.60482
0.609794746552598,2.605124
0.609848715465471,2.604572
0.609902684378344,2.604442
0.6099566532912172,2.604878
0.6100106222040902,2.604193
0.6100645911169633,2.604404
0.6101185600298363,2.604878
0.6101725289427093,2.604571
0.6102264978555825,2.604402
0.6102804667684555,2.604422
0.6103344356813286,2.603955
0.6103884045942016,2.603741
0.6104423735070746,2.604128
0.6104963424199478,2.603735
0.6105503113328208,2.603786
0.6106042802456938,2.604128
0.6106582491585669,2.60365
0.6107122180714399,2.603649
0.610766186984313,2.604128
0.6108201558971861,2.60368
0.6108741248100591,2.603508
0.610928093722932,2.604035
0.6109820626358052,2.603691
0.6110360315486781,2.603545
0.6110900004615512,2.603623
0.6111439693744242,2.603182
0.6111979382872973,2.60342
0.6112519072001704,2.603765
0.6113058761130434,2.603423
0.6113598450259164,2.603247
0.6114138139387895,2.603478
0.6114677828516626,2.603218
0.6115217517645357,2.603201
0.6115757206774087,2.603824
0.6116296895902817,2.603264
0.6116836585031548,2.602989
0.6117376274160279,2.603143
0.6117915963289009,2.602869
0.611845565241774,2.602881
0.611899534154647,2.603147
0.61195350306752,2.602638
0.6120074719803932,2.60272
0.6120614408932662,2.60305
0.6121154098061392,2.60241
0.6121693787190122,2.602498
0.6122233476318854,2.602631
0.6122773165447584,2.602315
0.6123312854576313,2.602127
0.6123852543705045,2.602253
0.6124392232833774,2.602033
0.6124931921962506,2.60214
0.6125471611091236,2.60202
0.6126011300219966,2.601649
0.6126550989348696,2.601676
0.6127090678477429,2.602032
0.6127630367606158,2.601698
0.6128170056734888,2.601878
0.6128709745863619,2.602029
0.6129249434992349,2.601693
0.612978912412108,2.601726
0.613032881324981,2.601909
0.6130868502378541,2.601697
0.6131408191507272,2.601385
0.6131947880636002,2.601718
0.6132487569764733,2.601642
0.6133027258893463,2.602088
0.6133566948022193,2.602025
0.6134106637150925,2.601787
0.6134646326279655,2.602046
0.6135186015408385,2.602301
0.6135725704537116,2.601788
0.6136265393665846,2.602008
0.6136805082794576,2.602123
0.6137344771923308,2.601761
0.6137884461052038,2.601807
0.6138424150180768,2.601852
0.6138963839309499,2.601813
0.6139503528438229,2.601891
0.6140043217566961,2.601843
0.6140582906695691,2.601632
0.614112259582442,2.601455
0.6141662284953151,2.601867
0.6142201974081881,2.601605
0.6142741663210612,2.601542
0.6143281352339343,2.601475
0.6143821041468073,2.600973
0.6144360730596803,2.601273
0.6144900419725534,2.601363
0.6145440108854264,2.601222
0.6145979797982996,2.601254
0.6146519487111726,2.601267
0.6147059176240456,2.601238
0.6147598865369187,2.601311
0.6148138554497917,2.60143
0.6148678243626647,2.601342
0.6149217932755378,2.601392
0.6149757621884109,2.601339
0.615029731101284,2.601125
0.615083700014157,2.601321
0.61513766892703,2.601485
0.615191637839903,2.601221
0.6152456067527762,2.601245
0.6152995756656492,2.601294
0.6153535445785223,2.600973
0.6154075134913953,2.601158
0.6154614824042683,2.60131
0.6155154513171415,2.600965
0.6155694202300145,2.601216
0.6156233891428874,2.601314
0.6156773580557606,2.601141
0.6157313269686335,2.601312
0.6157852958815065,2.601501
0.6158392647943797,2.601006
0.6158932337072527,2.601074
0.6159472026201257,2.601172
0.6160011715329988,2.601007
0.6160551404458718,2.601269
0.6161091093587449,2.600963
0.616163078271618,2.601056
0.616217047184491,2.601326
0.6162710160973641,2.601375
0.6163249850102371,2.600847
0.6163789539231102,2.600649
0.6164329228359832,2.600569
0.6164868917488564,2.600751
0.6165408606617294,2.601063
0.6165948295746024,2.600939
0.6166487984874754,2.600455
0.6167027674003485,2.600918
0.6167567363132216,2.601135
0.6168107052260946,2.601064
0.6168646741389677,2.601201
0.6169186430518407,2.601001
0.6169726119647138,2.601223
0.6170265808775869,2.601058
0.6170805497904599,2.600622
0.6171345187033329,2.600533
0.617188487616206,2.600678
0.6172424565290789,2.600544
0.617296425441952,2.600259
0.6173503943548251,2.600601
0.6174043632676981,2.600666
0.6174583321805711,2.600346
0.6175123010934442,2.600565
0.6175662700063173,2.600391
0.6176202389191903,2.600252
0.6176742078320633,2.600369
0.6177281767449364,2.600353
0.6177821456578095,2.600466
0.6178361145706825,2.60081
0.6178900834835556,2.600575
0.6179440523964286,2.600576
0.6179980213093017,2.600843
0.6180519902221748,2.600667
0.6181059591350478,2.600535
0.6181599280479209,2.600395
0.6182138969607939,2.600223
0.618267865873667,2.600266
0.61832183478654,2.600466
0.6183758036994131,2.600051
0.6184297726122862,2.599721
0.6184837415251592,2.600148
0.6185377104380323,2.599623
0.6185916793509053,2.599568
0.6186456482637783,2.599811
0.6186996171766512,2.599587
0.6187535860895245,2.599089
0.6188075550023974,2.599223
0.6188615239152706,2.598995
0.6189154928281435,2.599344
0.6189694617410165,2.599527
0.6190234306538897,2.599443
0.6190773995667627,2.599396
0.6191313684796357,2.599604
0.6191853373925088,2.599436
0.6192393063053819,2.599393
0.619293275218255,2.599593
0.619347244131128,2.599273
0.619401213044001,2.599163
0.6194551819568741,2.59942
0.6195091508697471,2.59913
0.6195631197826201,2.599252
0.6196170886954933,2.599751
0.6196710576083663,2.599562
0.6197250265212393,2.599541
0.6197789954341124,2.599896
0.6198329643469854,2.600129
0.6198869332598584,2.599846
0.6199409021727316,2.599967
0.6199948710856046,2.599648
0.6200488399984777,2.599615
0.6201028089113507,2.599754
0.6201567778242237,2.599497
0.6202107467370966,2.599497
0.6202647156499699,2.599635
0.620318684562843,2.599408
0.620372653475716,2.599277
0.6204266223885889,2.599653
0.6204805913014619,2.599573
0.6205345602143351,2.599251
0.6205885291272081,2.599377
0.6206424980400812,2.599087
0.6206964669529542,2.598593
0.6207504358658272,2.598765
0.6208044047787004,2.598366
0.6208583736915734,2.598439
0.6209123426044464,2.599114
0.6209663115173195,2.598838
0.6210202804301925,2.598898
0.6210742493430655,2.599123
0.6211282182559387,2.598829
0.6211821871688117,2.598457
0.6212361560816847,2.598613
0.6212901249945578,2.598266
0.6213440939074308,2.598488
0.6213980628203039,2.598846
0.6214520317331769,2.598691
0.6215060006460501,2.598539
0.6215599695589231,2.59874
0.6216139384717961,2.598276
0.6216679073846691,2.598132
0.6217218762975422,2.598879
0.6217758452104154,2.59858
0.6218298141232884,2.598373
0.6218837830361614,2.598614
0.6219377519490344,2.598442
0.6219917208619073,2.597923
0.6220456897747806,2.598624
0.6220996586876535,2.598304
0.6221536276005265,2.598537
0.6222075965133995,2.598748
0.6222615654262726,2.598418
0.6223155343391457,2.598808
0.6223695032520187,2.599038
0.6224234721648919,2.598872
0.6224774410777649,2.598814
0.6225314099906379,2.59925
0.6225853789035111,2.598514
0.6226393478163841,2.598516
0.6226933167292571,2.598671
0.6227472856421301,2.598072
0.6228012545550032,2.598156
0.6228552234678763,2.598422
0.6229091923807493,2.598189
0.6229631612936224,2.598157
0.6230171302064955,2.598567
0.6230710991193685,2.598218
0.6231250680322415,2.597985
0.6231790369451146,2.598532
0.6232330058579876,2.598165
0.6232869747708607,2.598131
0.6233409436837337,2.598432
0.6233949125966066,2.598022
0.6234488815094799,2.597828
0.6235028504223528,2.598279
0.623556819335226,2.597968
0.6236107882480989,2.597728
0.6236647571609721,2.598391
0.623718726073845,2.598008
0.6237726949867181,2.598132
0.6238266638995912,2.598226
0.6238806328124642,2.597968
0.6239346017253372,2.597654
0.6239885706382102,2.598445
0.6240425395510834,2.597991
0.6240965084639564,2.597943
0.6241504773768295,2.598662
0.6242044462897025,2.598262
0.6242584152025756,2.59821
0.6243123841154486,2.598311
0.6243663530283217,2.597766
0.6244203219411947,2.597859
0.6244742908540677,2.598488
0.6245282597669408,2.597908
0.6245822286798138,2.598133
0.6246361975926868,2.598444
0.62469016650556,2.597701
0.6247441354184331,2.597501
0.6247981043313061,2.597966
0.6248520732441792,2.597445
0.6249060421570523,2.597944
0.6249600110699253,2.598099
0.6250139799827984,2.597914
0.6250679488956714,2.597766
0.6251219178085443,2.597978
0.6251758867214173,2.597593
0.6252298556342903,2.597827
0.6252838245471635,2.598255
0.6253377934600366,2.59793
0.6253917623729096,2.597927
0.6254457312857826,2.598139
0.6254997001986556,2.597658
0.6255536691115288,2.597479
0.6256076380244018,2.597702
0.6256616069372748,2.597721
0.6257155758501479,2.597437
0.6257695447630209,2.597931
0.625823513675894,2.597554
0.6258774825887672,2.597195
0.6259314515016402,2.597449
0.6259854204145132,2.597098
0.6260393893273863,2.597286
0.6260933582402594,2.597661
0.6261473271531324,2.597414
0.6262012960660054,2.597343
0.6262552649788784,2.597816
0.6263092338917515,2.597378
0.6263632028046245,2.597061
0.6264171717174976,2.59799
0.6264711406303705,2.597382
0.6265251095432438,2.597355
0.6265790784561168,2.597707
0.6266330473689898,2.597646
0.6266870162818627,2.597519
0.626740985194736,2.597985
0.6267949541076089,2.597276
0.6268489230204819,2.597527
0.626902891933355,2.597789
0.626956860846228,2.59775
0.627010829759101,2.597812
0.6270647986719743,2.597757
0.6271187675848473,2.597065
0.6271727364977203,2.597158
0.6272267054105933,2.597354
0.6272806743234665,2.597136
0.6273346432363395,2.597123
0.6273886121492125,2.597301
0.6274425810620855,2.596682
0.6274965499749585,2.59692
0.6275505188878316,2.597345
0.6276044878007047,2.597036
0.6276584567135778,2.597009
0.6277124256264508,2.597333
0.6277663945393239,2.596421
0.6278203634521969,2.596524
0.62787433236507,2.596819
0.6279283012779431,2.596204
0.6279822701908161,2.596399
0.6280362391036891,2.596738
0.6280902080165622,2.596528
0.6281441769294352,2.596456
0.6281981458423082,2.596951
0.6282521147551814,2.596362
0.6283060836680545,2.596152
0.6283600525809275,2.596339
0.6284140214938004,2.596231
0.6284679904066734,2.596005
0.6285219593195465,2.596414
0.6285759282324196,2.596343
0.6286298971452926,2.596127
0.6286838660581656,2.596403
0.6287378349710386,2.596164
0.6287918038839118,2.596077
0.6288457727967849,2.596239
0.6288997417096579,2.595796
0.628953710622531,2.596053
0.629007679535404,2.596512
0.629061648448277,2.59598
0.6291156173611502,2.596051
0.6291695862740232,2.596545
0.6292235551868962,2.596107
0.6292775240997693,2.596448
0.6293314930126424,2.596732
0.6293854619255154,2.59593
0.6294394308383885,2.595714
0.6294933997512615,2.596112
0.6295473686641346,2.595635
0.6296013375770076,2.595921
0.6296553064898807,2.596445
0.6297092754027537,2.596106
0.6297632443156266,2.595755
0.6298172132284998,2.596155
0.6298711821413727,2.595709
0.6299251510542457,2.595742
0.6299791199671189,2.595997
0.630033088879992,2.595626
0.630087057792865,2.595589
0.630141026705738,2.595984
0.6301949956186111,2.595272
0.6302489645314842,2.59501
0.6303029334443572,2.595353
0.6303569023572303,2.595266
0.6304108712701033,2.595444
0.6304648401829763,2.595804
0.6305188090958493,2.595549
0.6305727780087226,2.595363
0.6306267469215956,2.595608
0.6306807158344686,2.595404
0.6307346847473416,2.595657
0.6307886536602147,2.596123
0.6308426225730878,2.595776
0.6308965914859608,2.595639
0.6309505603988338,2.595904
0.6310045293117068,2.59559
0.6310584982245799,2.595633
0.631112467137453,2.596171
0.6311664360503259,2.595902
0.6312204049631992,2.5954
0.6312743738760722,2.595414
0.6313283427889452,2.594974
0.6313823117018184,2.594831
0.6314362806146914,2.595125
0.6314902495275643,2.594848
0.6315442184404375,2.594815
0.6315981873533104,2.595247
0.6316521562661834,2.594716
0.6317061251790564,2.594952
0.6317600940919295,2.595438
0.6318140630048027,2.595001
0.6318680319176757,2.594823
0.6319220008305487,2.595109
0.6319759697434217,2.594701
0.6320299386562948,2.594446
0.6320839075691679,2.594859
0.6321378764820409,2.594574
0.6321918453949139,2.594556
0.632245814307787,2.594605
0.63229978322066,2.594305
0.6323537521335332,2.594677
0.6324077210464063,2.595021
0.6324616899592793,2.594821
0.6325156588721523,2.594592
0.6325696277850255,2.594832
0.6326235966978985,2.594198
0.6326775656107715,2.594419
0.6327315345236445,2.594604
0.6327855034365175,2.59404
0.6328394723493906,2.59381
0.6328934412622637,2.594072
0.6329474101751368,2.593653
0.6330013790880098,2.594057
0.6330553480008829,2.594649
0.6331093169137558,2.594082
0.6331632858266288,2.594236
0.6332172547395019,2.594325
0.633271223652375,2.593994
0.633325192565248,2.593886
0.633379161478121,2.594496
0.6334331303909941,2.594355
0.6334870993038672,2.594235
0.6335410682167403,2.594492
0.6335950371296134,2.594241
0.6336490060424864,2.594373
0.6337029749553594,2.594655
0.6337569438682324,2.593947
0.6338109127811056,2.593693
0.6338648816939786,2.594358
0.6339188506068516,2.593758
0.6339728195197246,2.593654
0.6340267884325976,2.593967
0.6340807573454708,2.593641
0.6341347262583439,2.593636
0.6341886951712169,2.594137
0.6342426640840899,2.593583
0.634296632996963,2.593915
0.634350601909836,2.594358
0.6344045708227091,2.593662
0.6344585397355822,2.593791
0.6345125086484552,2.594149
0.6345664775613281,2.593643
0.6346204464742013,2.593733
0.6346744153870743,2.593661
0.6347283842999475,2.593402
0.6347823532128204,2.593626
0.6348363221256936,2.593972
0.6348902910385665,2.593876
0.6349442599514395,2.593862
0.6349982288643126,2.593947
0.6350521977771857,2.593482
0.6351061666900587,2.593636
0.6351601356029317,2.594028
0.6352141045158047,2.593815
0.6352680734286777,2.593715
0.635322042341551,2.593749
0.635376011254424,2.592987
0.635429980167297,2.593275
0.6354839490801701,2.593797
0.6355379179930432,2.59336
0.6355918869059162,2.593236
0.6356458558187893,2.593693
0.6356998247316623,2.593512
0.6357537936445353,2.593094
0.6358077625574085,2.593261
0.6358617314702816,2.592978
0.6359157003831546,2.59307
0.6359696692960276,2.593257
0.6360236382089006,2.592647
0.6360776071217737,2.592722
0.6361315760346468,2.593056
0.6361855449475197,2.592996
0.6362395138603927,2.593016
0.6362934827732657,2.593468
0.6363474516861388,2.593455
0.6364014205990118,2.593476
0.6364553895118849,2.593807
0.6365093584247581,2.593504
0.6365633273376311,2.593648
0.6366172962505041,2.593837
0.6366712651633771,2.593346
0.6367252340762503,2.593183
0.6367792029891233,2.59344
0.6368331719019963,2.593234
0.6368871408148694,2.593112
0.6369411097277424,2.59332
0.6369950786406154,2.593135
0.6370490475534886,2.593193
0.6371030164663617,2.593427
0.6371569853792347,2.593027
0.6372109542921077,2.592811
0.6372649232049807,2.593322
0.6373188921178539,2.593038
0.6373728610307269,2.592859
0.6374268299435999,2.593159
0.6374807988564729,2.592678
0.6375347677693458,2.592608
0.637588736682219,2.593159
0.6376427055950922,2.592505
0.6376966745079652,2.592453
0.6377506434208383,2.592675
0.6378046123337113,2.592471
0.6378585812465842,2.59221
0.6379125501594575,2.592595
0.6379665190723304,2.592045
0.6380204879852034,2.592356
0.6380744568980765,2.592775
0.6381284258109495,2.592256
0.6381823947238225,2.592559
0.6382363636366957,2.592818
0.6382903325495687,2.592299
0.6383443014624418,2.592406
0.6383982703753148,2.592428
0.6384522392881878,2.59202
0.6385062082010609,2.591632
0.6385601771139339,2.591817
0.638614146026807,2.592058
0.63866811493968,2.591746
0.638722083852553,2.59203
0.6387760527654261,2.591913
0.6388300216782993,2.591666
0.6388839905911723,2.591883
0.6389379595040454,2.591414
0.6389919284169184,2.591282
0.6390458973297914,2.591871
0.6390998662426646,2.59171
0.6391538351555376,2.591835
0.6392078040684106,2.592449
0.6392617729812835,2.59224
0.6393157418941565,2.592149
0.6393697108070296,2.592512
0.6394236797199029,2.592257
0.6394776486327758,2.592398
0.6395316175456488,2.592524
0.6395855864585219,2.591854
0.6396395553713949,2.591973
0.639693524284268,2.592044
0.639747493197141,2.591442
0.6398014621100141,2.591448
0.6398554310228871,2.591905
0.6399093999357601,2.591273
0.6399633688486334,2.591073
0.6400173377615064,2.591556
0.6400713066743794,2.590902
0.6401252755872525,2.591056
0.6401792445001255,2.591177
0.6402332134129985,2.590966
0.6402871823258716,2.590818
0.6403411512387447,2.591297
0.6403951201516177,2.591053
0.6404490890644907,2.590844
0.6405030579773637,2.591078
0.6405570268902367,2.590417
0.64061099580311,2.590787
0.640664964715983,2.591257
0.640718933628856,2.590958
0.640772902541729,2.590986
0.6408268714546022,2.591089
0.6408808403674752,2.590687
0.6409348092803481,2.590663
0.6409887781932212,2.591085
0.6410427471060942,2.590452
0.6410967160189672,2.590665
0.6411506849318406,2.591052
0.6412046538447135,2.590673
0.6412586227575865,2.590671
0.6413125916704595,2.591112
0.6413665605833326,2.590812
0.6414205294962056,2.590819
0.6414744984090787,2.590823
0.6415284673219517,2.59025
0.6415824362348248,2.590363
0.6416364051476978,2.590626
0.6416903740605708,2.590357
0.641744342973444,2.590481
0.641798311886317,2.590569
0.6418522807991901,2.59027
0.6419062497120631,2.590753
0.6419602186249361,2.590874
0.6420141875378093,2.590568
0.6420681564506823,2.590544
0.6421221253635553,2.590674
0.6421760942764284,2.590408
0.6422300631893014,2.590305
0.6422840321021744,2.590404
0.6423380010150477,2.590038
0.6423919699279207,2.590036
0.6424459388407937,2.590777
0.6424999077536667,2.590558
0.6425538766665396,2.590518
0.6426078455794129,2.590789
0.6426618144922858,2.590389
0.6427157834051588,2.590615
0.6427697523180318,2.591087
0.6428237212309048,2.590603
0.6428776901437779,2.590276
0.6429316590566511,2.590848
0.6429856279695241,2.590139
0.6430395968823972,2.589708
0.6430935657952702,2.590372
0.6431475347081432,2.590002
0.6432015036210162,2.589994
0.6432554725338894,2.590362
0.6433094414467624,2.589964
0.6433634103596354,2.589754
0.6434173792725085,2.589954
0.6434713481853815,2.589756
0.6435253170982547,2.589866
0.6435792860111277,2.590166
0.6436332549240008,2.589467
0.6436872238368738,2.589705
0.6437411927497468,2.590058
0.6437951616626199,2.589763
0.643849130575493,2.590026
0.643903099488366,2.590567
0.643957068401239,2.590303
0.6440110373141119,2.59011
0.6440650062269849,2.590504
0.6441189751398583,2.589784
0.6441729440527312,2.589975
0.6442269129656042,2.5903
0.6442808818784773,2.589894
0.6443348507913503,2.589648
0.6443888197042233,2.590019
0.6444427886170965,2.589517
0.6444967575299695,2.589461
0.6445507264428425,2.589796
0.6446046953557156,2.589888
0.6446586642685888,2.589768
0.6447126331814618,2.589875
0.6447666020943348,2.589387
0.6448205710072078,2.589572
0.6448745399200809,2.589907
0.6449285088329539,2.589217
0.644982477745827,2.589309
0.6450364466587,2.589595
0.645090415571573,2.589256
0.6451443844844461,2.588949
0.6451983533973191,2.589541
0.6452523223101921,2.589322
0.6453062912230654,2.589043
0.6453602601359384,2.589633
0.6454142290488114,2.588913
0.6454681979616845,2.588913
0.6455221668745575,2.589698
0.6455761357874306,2.589168
0.6456301047003037,2.589266
0.6456840736131767,2.589542
0.6457380425260496,2.58938
0.6457920114389226,2.589089
0.6458459803517956,2.588912
0.6458999492646689,2.588585
0.6459539181775419,2.588608
0.6460078870904149,2.589126
0.6460618560032879,2.588701
0.646115824916161,2.588935
0.6461697938290341,2.589307
0.6462237627419071,2.589222
0.6462777316547801,2.589018
0.6463317005676532,2.589382
0.6463856694805262,2.58899
0.6464396383933994,2.589158
0.6464936073062725,2.589237
0.6465475762191455,2.588459
0.6466015451320185,2.588988
0.6466555140448916,2.58928
0.6467094829577646,2.588714
0.6467634518706377,2.588839
0.6468174207835107,2.589365
0.6468713896963838,2.588886
0.6469253586092568,2.588683
0.6469793275221298,2.588709
0.647033296435003,2.588352
0.647087265347876,2.588316
0.6471412342607491,2.588588
0.6471952031736221,2.588194
0.647249172086495,2.588359
0.647303140999368,2.588501
0.6473571099122412,2.58804
0.6474110788251142,2.588005
0.6474650477379872,2.588216
0.6475190166508603,2.588099
0.6475729855637333,2.588314
0.6476269544766065,2.588631
0.6476809233894796,2.588113
0.6477348923023526,2.588248
0.6477888612152256,2.58895
0.6478428301280986,2.588299
0.6478967990409717,2.588047
0.6479507679538448,2.588454
0.6480047368667178,2.588136
0.6480587057795908,2.588327
0.6481126746924639,2.589079
0.6481666436053369,2.588541
0.6482206125182101,2.588411
0.6482745814310831,2.588735
0.6483285503439561,2.588539
0.6483825192568292,2.588536
0.6484364881697022,2.58872
0.6484904570825752,2.58823
0.6485444259954484,2.588157
0.6485983949083214,2.588366
0.6486523638211944,2.588168
0.6487063327340675,2.58821
0.6487603016469405,2.588439
0.6488142705598137,2.588048
0.6488682394726868,2.587823
0.6489222083855598,2.587984
0.6489761772984327,2.587741
0.6490301462113057,2.588207
0.6490841151241787,2.588176
0.6491380840370519,2.587504
0.6491920529499249,2.587598
0.6492460218627979,2.58814
0.6492999907756709,2.587871
0.6493539596885439,2.587736
0.6494079286014172,2.588042
0.6494618975142902,2.588
0.6495158664271632,2.587901
0.6495698353400363,2.58812
0.6496238042529093,2.587923
0.6496777731657823,2.587498
0.6497317420786554,2.587439
0.6497857109915285,2.587124
0.6498396799044015,2.587068
0.6498936488172745,2.587651
0.6499476177301478,2.587135
0.6500015866430208,2.586597
0.6500555555558938,2.587328
0.6501095244687668,2.587062
0.6501634933816399,2.586901
0.6502174622945129,2.58704
0.650271431207386,2.586637
0.6503254001202589,2.586986
0.6503793690331321,2.586888
0.650433337946005,2.586527
0.650487306858878,2.58661
0.650541275771751,2.587078
0.6505952446846242,2.586865
0.6506492135974973,2.587072
0.6507031825103703,2.587338
0.6507571514232433,2.587304
0.6508111203361164,2.587405
0.6508650892489894,2.587357
0.6509190581618625,2.587044
0.6509730270747356,2.587183
0.6510269959876086,2.587661
0.6510809649004816,2.58706
0.6511349338133549,2.587074
0.6511889027262279,2.587212
0.6512428716391009,2.586612
0.6512968405519739,2.58668
0.6513508094648469,2.58728
0.65140477837772,2.587075
0.651458747290593,2.586905
0.6515127162034661,2.587173
0.6515666851163391,2.586983
0.6516206540292121,2.586923
0.6516746229420852,2.58699
0.6517285918549584,2.586755
0.6517825607678314,2.586638
0.6518365296807045,2.586856
0.6518904985935775,2.586676
0.6519444675064504,2.586647
0.6519984364193236,2.586859
0.6520524053321965,2.586759
0.6521063742450696,2.586969
0.6521603431579427,2.586756
0.6522143120708157,2.586292
0.6522682809836887,2.586401
0.6523222498965618,2.58668
0.652376218809435,2.586271
0.652430187722308,2.586149
0.652484156635181,2.586563
0.652538125548054,2.586369
0.652592094460927,2.586351
0.6526460633738002,2.586402
0.6527000322866732,2.586247
0.6527540011995462,2.585973
0.6528079701124192,2.586189
0.6528619390252923,2.585733
0.6529159079381655,2.585845
0.6529698768510385,2.585872
0.6530238457639116,2.585659
0.6530778146767846,2.585839
0.6531317835896576,2.586066
0.6531857525025307,2.585842
0.6532397214154038,2.586293
0.6532936903282768,2.586673
0.6533476592411498,2.586433
0.6534016281540229,2.586695
0.6534555970668959,2.586718
0.6535095659797691,2.586498
0.6535635348926421,2.586133
0.653617503805515,2.586297
0.6536714727183882,2.586358
0.6537254416312611,2.586257
0.6537794105441341,2.586355
0.6538333794570071,2.585974
0.6538873483698803,2.586007
0.6539413172827533,2.585983
0.6539952861956263,2.585905
0.6540492551084995,2.586156
0.6541032240213726,2.586353
0.6541571929342456,2.58603
0.6542111618471187,2.585943
0.6542651307599917,2.586063
0.6543190996728647,2.585907
0.6543730685857377,2.586183
0.6544270374986109,2.586363
0.6544810064114839,2.586179
0.6545349753243569,2.586139
0.6545889442372299,2.586229
0.6546429131501031,2.585782
0.6546968820629762,2.586092
0.6547508509758492,2.586139
0.6548048198887222,2.585863
0.6548587888015952,2.585844
0.6549127577144683,2.585917
0.6549667266273413,2.58583
0.6550206955402142,2.585602
0.6550746644530875,2.585848
0.6551286333659604,2.585644
0.6551826022788334,2.5859
0.6552365711917068,2.586043
0.6552905401045798,2.586086
0.6553445090174527,2.586374
0.6553984779303259,2.585967
0.6554524468431988,2.585741
0.6555064157560718,2.585846
0.6555603846689448,2.585705
0.6556143535818179,2.58553
0.655668322494691,2.585646
0.655722291407564,2.585558
0.655776260320437,2.585624
0.6558302292333101,2.585408
0.6558841981461832,2.584985
0.6559381670590563,2.584711
0.6559921359719293,2.585083
0.6560461048848023,2.585009
0.6561000737976754,2.584472
0.6561540427105484,2.585089
0.6562080116234215,2.585237
0.6562619805362945,2.585412
0.6563159494491676,2.585556
0.6563699183620406,2.585284
0.6564238872749137,2.585096
0.6564778561877869,2.585551
0.6565318251006599,2.585174
0.6565857940135329,2.584939
0.6566397629264059,2.585168
0.656693731839279,2.584973
0.656747700752152,2.584375
0.656801669665025,2.584815
0.656855638577898,2.584722
0.6569096074907711,2.584753
0.6569635764036441,2.584981
0.6570175453165172,2.584705
0.6570715142293903,2.584351
0.6571254831422633,2.584776
0.6571794520551364,2.584608
0.6572334209680094,2.584444
0.6572873898808824,2.584587
0.6573413587937555,2.584593
0.6573953277066286,2.584968
0.6574492966195016,2.584716
0.6575032655323747,2.584507
0.6575572344452477,2.584332
0.6576112033581208,2.58465
0.657665172270994,2.584811
0.657719141183867,2.584578
0.65777311009674,2.584637
0.657827079009613,2.584549
0.657881047922486,2.584224
0.6579350168353592,2.584023
0.6579889857482322,2.584119
0.6580429546611052,2.584032
0.6580969235739781,2.5844
0.6581508924868513,2.5848
0.6582048613997245,2.583981
0.6582588303125975,2.584297
0.6583127992254704,2.584055
0.6583667681383436,2.583974
0.6584207370512165,2.584034
0.6584747059640895,2.583372
0.6585286748769626,2.583253
0.6585826437898357,2.583855
0.6586366127027087,2.5836
0.6586905816155818,2.583693
0.6587445505284549,2.584002
0.658798519441328,2.583905
0.658852488354201,2.583673
0.6589064572670741,2.584108
0.6589604261799471,2.584049
0.6590143950928201,2.583327
0.6590683640056931,2.583446
0.6591223329185661,2.583714
0.6591763018314393,2.583558
0.6592302707443123,2.584114
0.6592842396571853,2.584101
0.6593382085700583,2.584074
0.6593921774829316,2.584575
0.6594461463958046,2.584121
0.6595001153086776,2.583702
0.6595540842215507,2.58403
0.6596080531344237,2.583759
0.6596620220472967,2.58356
0.6597159909601699,2.584021
0.6597699598730429,2.583956
0.6598239287859159,2.583589
0.6598778976987888,2.583611
0.6599318666116621,2.583214
0.6599858355245352,2.583153
0.6600398044374081,2.583243
0.6600937733502811,2.582767
0.6601477422631541,2.58283
0.6602017111760272,2.583047
0.6602556800889002,2.583089
0.6603096490017732,2.58311
0.6603636179146463,2.583281
0.6604175868275194,2.583
0.6604715557403924,2.582952
0.6605255246532655,2.582955
0.6605794935661387,2.582412
0.6606334624790117,2.582656
0.6606874313918847,2.583012
0.6607414003047578,2.582736
0.6607953692176308,2.582483
0.6608493381305038,2.582941
0.6609033070433769,2.582364
0.66095727595625,2.582253
0.661011244869123,2.582745
0.661065213781996,2.582539
0.6611191826948691,2.582493
0.6611731516077423,2.58297
0.6612271205206153,2.582552
0.6612810894334883,2.582479
0.6613350583463613,2.582878
0.6613890272592342,2.58233
0.6614429961721074,2.582249
0.6614969650849803,2.582717
0.6615509339978534,2.582097
0.6616049029107265,2.582336
0.6616588718235995,2.583045
0.6617128407364726,2.582718
0.6617668096493458,2.582228
0.6618207785622188,2.582819
0.6618747474750918,2.582415
0.6619287163879649,2.58243
0.6619826853008379,2.582622
0.6620366542137109,2.58252
0.662090623126584,2.582347
0.662144592039457,2.582437
0.6621985609523301,2.581828
0.6622525298652031,2.582217
0.6623064987780762,2.582777
0.6623604676909493,2.582396
0.6624144366038223,2.582349
0.6624684055166954,2.582643
0.6625223744295684,2.582288
0.6625763433424414,2.582353
0.6626303122553145,2.582731
0.6626842811681876,2.582192
0.6627382500810606,2.582256
0.6627922189939336,2.582501
0.6628461879068067,2.581616
0.6629001568196798,2.581597
0.6629541257325529,2.581919
0.663008094645426,2.581929
0.663062063558299,2.581538
0.6631160324711719,2.581814
0.6631700013840451,2.581271
0.663223970296918,2.581069
0.6632779392097911,2.581666
0.6633319081226641,2.581228
0.6633858770355371,2.581498
0.6634398459484103,2.581767
0.6634938148612833,2.581337
0.6635477837741564,2.581594
0.6636017526870294,2.581966
0.6636557215999024,2.581815
0.6637096905127755,2.581556
0.6637636594256485,2.581909
0.6638176283385215,2.581482
0.6638715972513947,2.581761
0.6639255661642677,2.582212
0.6639795350771407,2.58176
0.6640335039900139,2.581605
0.6640874729028869,2.581959
0.66414144181576,2.581404
0.6641954107286331,2.581794
0.6642493796415061,2.582114
0.6643033485543791,2.581566
0.6643573174672521,2.581558
0.6644112863801251,2.581738
0.6644652552929983,2.581368
0.6645192242058713,2.58133
0.6645731931187442,2.581446
0.6646271620316172,2.581294
0.6646811309444906,2.58123
0.6647350998573636,2.581562
0.6647890687702365,2.581149
0.6648430376831095,2.580978
0.6648970065959826,2.581357
0.6649509755088556,2.580848
0.6650049444217286,2.581486
0.6650589133346018,2.581752
0.6651128822474748,2.581213
0.6651668511603478,2.581051
0.665220820073221,2.581279
0.665274788986094,2.581013
0.6653287578989671,2.580981
0.6653827268118401,2.581736
0.6654366957247132,2.581248
0.6654906646375862,2.581097
0.6655446335504592,2.581418
0.6655986024633322,2.58095
0.6656525713762053,2.581008
0.6657065402890784,2.581556
0.6657605092019514,2.580857
0.6658144781148245,2.580801
0.6658684470276975,2.581157
0.6659224159405707,2.580588
0.6659763848534437,2.580678
0.6660303537663167,2.581264
0.6660843226791898,2.581071
0.6661382915920628,2.581319
0.6661922605049357,2.581402
0.666246229417809,2.580816
0.6663001983306819,2.580471
0.6663541672435549,2.580734
0.666408136156428,2.580692
0.6664621050693013,2.58078
0.6665160739821742,2.580976
0.6665700428950472,2.580769
0.6666240118079202,2.580616
0.6666779807207932,2.581065
0.6667319496336663,2.580963
0.6667859185465393,2.580963
0.6668398874594124,2.581007
0.6668938563722854,2.580664
0.6669478252851585,2.580454
0.6670017941980316,2.580771
0.6670557631109046,2.58041
0.6671097320237778,2.580258
0.6671637009366508,2.580555
0.6672176698495238,2.580256
0.6672716387623969,2.58008
0.6673256076752699,2.580219
0.667379576588143,2.57971
0.667433545501016,2.579872
0.6674875144138891,2.58023
0.6675414833267621,2.579825
0.6675954522396352,2.58033
0.6676494211525082,2.580892
0.6677033900653814,2.580386
0.6677573589782544,2.580075
0.6678113278911273,2.580457
0.6678652968040003,2.580183
0.6679192657168733,2.580197
0.6679732346297464,2.580445
0.6680272035426195,2.580176
0.6680811724554925,2.579846
0.6681351413683657,2.580315
0.6681891102812387,2.579787
0.6682430791941117,2.580259
0.6682970481069849,2.580382
0.6683510170198579,2.579674
0.6684049859327309,2.579604
0.668458954845604,2.579999
0.668512923758477,2.579672
0.66856689267135,2.579724
0.6686208615842231,2.579936
0.6686748304970961,2.579544
0.6687287994099693,2.579887
0.6687827683228423,2.579931
0.6688367372357154,2.579551
0.6688907061485884,2.579479
0.6689446750614615,2.579856
0.6689986439743345,2.578947
0.6690526128872075,2.579177
0.6691065818000805,2.579519
0.6691605507129537,2.579119
0.6692145196258267,2.579282
0.6692684885386996,2.579817
0.6693224574515726,2.578943
0.6693764263644459,2.579041
0.669430395277319,2.579532
0.6694843641901919,2.579152
0.6695383331030651,2.57918
0.669592302015938,2.579589
0.669646270928811,2.579787
0.6697002398416841,2.579492
0.6697542087545572,2.580022
0.6698081776674302,2.579716
0.6698621465803032,2.579616
0.6699161154931763,2.579931
0.6699700844060494,2.579605
0.6700240533189225,2.579326
0.6700780222317955,2.579628
0.6701319911446685,2.579326
0.6701859600575415,2.579133
0.6702399289704146,2.57952
0.6702938978832876,2.579182
0.6703478667961607,2.578753
0.6704018357090338,2.579319
0.6704558046219068,2.578894
0.6705097735347799,2.578947
0.670563742447653,2.579507
0.6706177113605261,2.579367
0.6706716802733991,2.579015
0.6707256491862722,2.579189
0.6707796180991452,2.579025
0.6708335870120182,2.579002
0.6708875559248911,2.579398
0.6709415248377641,2.579141
0.6709954937506373,2.578931
0.6710494626635103,2.578906
0.6711034315763834,2.579006
0.6711574004892564,2.578643
0.6712113694021296,2.579112
0.6712653383150026,2.578944
0.6713193072278756,2.578698
0.6713732761407486,2.578844
0.6714272450536217,2.578475
0.6714812139664947,2.578414
0.6715351828793678,2.578655
0.6715891517922409,2.578351
0.6716431207051139,2.57848
0.671697089617987,2.578969
0.6717510585308601,2.57839
0.6718050274437332,2.578328
0.6718589963566062,2.578365
0.6719129652694792,2.577899
0.6719669341823523,2.578294
0.6720209030952253,2.578819
0.6720748720080983,2.578136
0.6721288409209714,2.577924
0.6721828098338444,2.57815
0.6722367787467175,2.577773
0.6722907476595906,2.577792
0.6723447165724636,2.57807
0.6723986854853367,2.577776
0.6724526543982098,2.578011
0.6725066233110828,2.578392
0.6725605922239557,2.57802
0.6726145611368289,2.578044
0.6726685300497018,2.578672
0.6727224989625749,2.577969
0.672776467875448,2.577961
0.6728304367883211,2.578326
0.6728844057011941,2.57758
0.6729383746140671,2.577651
0.6729923435269403,2.578087
0.6730463124398133,2.577797
0.6731002813526863,2.577748
0.6731542502655593,2.577906
0.6732082191784323,2.577461
0.6732621880913054,2.577647
0.6733161570041785,2.57796
0.6733701259170515,2.577617
0.6734240948299245,2.577807
0.6734780637427977,2.578105
0.6735320326556707,2.577705
0.6735860015685438,2.577795
0.6736399704814169,2.578121
0.6736939393942899,2.577896
0.6737479083071629,2.578049
0.673801877220036,2.578444
0.673855846132909,2.577919
0.6739098150457821,2.577705
0.673963783958655,2.57792
0.6740177528715283,2.57774
0.6740717217844013,2.57777
0.6741256906972743,2.57803
0.6741796596101473,2.577377
0.6742336285230205,2.577262
0.6742875974358934,2.577854
0.6743415663487664,2.577386
0.6743955352616394,2.576981
0.6744495041745124,2.577541
0.6745034730873856,2.577121
0.6745574420002586,2.57723
0.6746114109131317,2.577523
0.6746653798260048,2.57663
0.6747193487388778,2.5768
0.6747733176517509,2.577253
0.674827286564624,2.576539
0.674881255477497,2.57673
0.67493522439037,2.577643
0.6749891933032431,2.576809
0.6750431622161162,2.576898
0.6750971311289892,2.577454
0.6751511000418622,2.577349
0.6752050689547353,2.576895
0.6752590378676084,2.576933
0.6753130067804815,2.576647
0.6753669756933545,2.577115
0.6754209446062275,2.577239
0.6754749135191006,2.577305
0.6755288824319736,2.57728
0.6755828513448466,2.577615
0.6756368202577195,2.5769
0.6756907891705928,2.576656
0.6757447580834657,2.577193
0.6757987269963388,2.576824
0.6758526959092118,2.576556
0.675906664822085,2.576776
0.675960633734958,2.57645
0.676014602647831,2.576508
0.6760685715607041,2.577192
0.6761225404735771,2.57681
0.6761765093864501,2.576895
0.6762304782993233,2.577101
0.6762844472121963,2.576451
0.6763384161250693,2.576802
0.6763923850379424,2.577121
0.6764463539508154,2.576638
0.6765003228636886,2.576653
0.6765542917765616,2.576556
0.6766082606894346,2.576304
0.6766622296023076,2.576375
0.6767161985151806,2.576738
0.6767701674280537,2.576815
0.6768241363409268,2.576772
0.6768781052537998,2.57679
0.6769320741666729,2.576559
0.676986043079546,2.577006
0.677040011992419,2.577185
0.6770939809052922,2.576591
0.6771479498181652,2.576355
0.6772019187310382,2.576292
0.6772558876439113,2.576272
0.6773098565567843,2.576055
0.6773638254696572,2.576118
0.6774177943825302,2.575924
0.6774717632954033,2.575887
0.6775257322082766,2.576175
0.6775797011211495,2.575746
0.6776336700340225,2.575716
0.6776876389468955,2.576046
0.6777416078597687,2.57572
0.6777955767726417,2.575706
0.6778495456855147,2.575928
0.6779035145983877,2.575631
0.6779574835112608,2.575834
0.6780114524241339,2.575797
0.6780654213370069,2.575511
0.6781193902498801,2.575518
0.6781733591627531,2.575531
0.6782273280756261,2.575349
0.6782812969884993,2.575233
0.6783352659013723,2.575495
0.6783892348142453,2.575226
0.6784432037271183,2.575165
0.6784971726399914,2.575269
0.6785511415528644,2.57513
0.6786051104657375,2.575247
0.6786590793786105,2.575452
0.6787130482914834,2.574872
0.6787670172043567,2.575161
0.6788209861172297,2.575332
0.6788749550301026,2.574736
0.6789289239429757,2.574838
0.6789828928558488,2.57509
0.6790368617687218,2.574836
0.6790908306815948,2.575301
0.6791447995944679,2.5758
0.679198768507341,2.57531
0.679252737420214,2.575058
0.6793067063330872,2.57554
0.6793606752459602,2.575155
0.6794146441588332,2.57508
0.6794686130717063,2.57532
0.6795225819845794,2.574605
0.6795765508974524,2.574494
0.6796305198103254,2.574759
0.6796844887231984,2.574302
0.6797384576360714,2.574233
0.6797924265489446,2.574545
0.6798463954618176,2.574327
0.6799003643746907,2.574403
0.6799543332875637,2.574593
0.6800083022004368,2.57449
0.6800622711133099,2.574296
0.6801162400261829,2.574452
0.680170208939056,2.574151
0.680224177851929,2.574329
0.680278146764802,2.5747
0.6803321156776752,2.574471
0.6803860845905482,2.574322
0.6804400535034211,2.574757
0.6804940224162944,2.574213
0.6805479913291674,2.574254
0.6806019602420404,2.574492
0.6806559291549134,2.57414
0.6807098980677864,2.574101
0.6807638669806595,2.574558
0.6808178358935325,2.573988
0.6808718048064055,2.573842
0.6809257737192785,2.574203
0.6809797426321516,2.574109
0.6810337115450247,2.574125
0.6810876804578978,2.57463
0.6811416493707708,2.574033
0.6811956182836439,2.574174
0.681249587196517,2.574461
0.68130355610939,2.573969
0.6813575250222631,2.574249
0.6814114939351361,2.574261
0.6814654628480091,2.574051
0.6815194317608823,2.574153
0.6815734006737553,2.574124
0.6816273695866283,2.573919
0.6816813384995014,2.574031
0.6817353074123744,2.574002
0.6817892763252476,2.573111
0.6818432452381206,2.573335
0.6818972141509936,2.573834
0.6819511830638665,2.573251
0.6820051519767397,2.573379
0.6820591208896126,2.573832
0.6821130898024856,2.573085
0.6821670587153587,2.573003
0.682221027628232,2.573263
0.6822749965411049,2.573194
0.6823289654539779,2.57345
0.6823829343668509,2.573888
0.6824369032797241,2.573201
0.6824908721925971,2.573343
0.6825448411054701,2.573526
0.6825988100183432,2.573026
0.6826527789312162,2.573078
0.6827067478440892,2.573312
0.6827607167569624,2.572894
0.6828146856698355,2.572847
0.6828686545827085,2.573344
0.6829226234955815,2.572907
0.6829765924084545,2.572934
0.6830305613213277,2.573339
0.6830845302342007,2.572847
0.6831384991470737,2.572675
0.6831924680599467,2.57296
0.6832464369728197,2.572421
0.6833004058856929,2.572411
0.6833543747985659,2.572878
0.6834083437114388,2.572757
0.6834623126243121,2.572847
0.6835162815371851,2.572817
0.6835702504500581,2.572538
0.6836242193629313,2.572532
0.6836781882758042,2.572832
0.6837321571886772,2.572323
0.6837861261015503,2.572225
0.6838400950144233,2.572433
0.6838940639272963,2.572229
0.6839480328401694,2.572194
0.6840020017530425,2.572813
0.6840559706659156,2.572251
0.6841099395787886,2.572302
0.6841639084916616,2.572853
0.6842178774045347,2.572364
0.6842718463174078,2.572257
0.6843258152302808,2.572562
0.6843797841431538,2.572244
0.6844337530560268,2.571948
0.6844877219689,2.572109
0.684541690881773,2.572004
0.6845956597946461,2.572228
0.6846496287075192,2.572746
0.6847035976203922,2.572251
0.6847575665332652,2.572058
0.6848115354461384,2.572641
0.6848655043590114,2.572023
0.6849194732718844,2.572057
0.6849734421847574,2.572342
0.6850274110976305,2.571797
0.6850813800105036,2.571769
0.6851353489233765,2.571995
0.6851893178362497,2.571772
0.6852432867491226,2.571992
0.6852972556619958,2.572466
0.6853512245748687,2.572077
0.6854051934877418,2.571835
0.6854591624006148,2.572131
0.6855131313134879,2.571814
0.6855671002263609,2.57181
0.6856210691392339,2.572088
0.685675038052107,2.571511
0.6857290069649801,2.571756
0.6857829758778532,2.572248
0.6858369447907263,2.571827
0.6858909137035993,2.571613
0.6859448826164724,2.571615
0.6859988515293454,2.571371
0.6860528204422185,2.571388
0.6861067893550915,2.571832
0.6861607582679645,2.571262
0.6862147271808375,2.571607
0.6862686960937107,2.572062
0.6863226650065837,2.571822
0.6863766339194568,2.571723
0.6864306028323298,2.571947
0.6864845717452028,2.571558
0.686538540658076,2.571655
0.686592509570949,2.571302
0.686646478483822,2.570935
0.6867004473966951,2.570928
0.686754416309568,2.571141
0.686808385222441,2.57122
0.6868623541353142,2.571283
0.6869163230481874,2.571703
0.6869702919610603,2.570767
0.6870242608739335,2.570899
0.6870782297868064,2.571142
0.6871321986996795,2.570861
0.6871861676125525,2.57072
0.6872401365254255,2.571344
0.6872941054382986,2.571189
0.6873480743511716,2.571059
0.6874020432640446,2.57129
0.6874560121769177,2.571223
0.6875099810897907,2.571268
0.6875639500026639,2.571154
0.6876179189155369,2.570751
0.6876718878284099,2.57058
0.6877258567412831,2.570578
0.6877798256541561,2.570208
0.6878337945670291,2.570231
0.6878877634799022,2.570812
0.6879417323927752,2.570278
0.6879957013056482,2.570703
0.6880496702185214,2.571071
0.6881036391313945,2.570679
0.6881576080442675,2.571072
0.6882115769571405,2.571053
0.6882655458700135,2.57059
0.6883195147828867,2.570888
0.6883734836957597,2.571261
0.6884274526086326,2.570624
0.6884814215215056,2.570823
0.6885353904343787,2.570992
0.6885893593472517,2.570472
0.6886433282601248,2.570399
0.6886972971729979,2.570467
0.688751266085871,2.569843
0.688805234998744,2.569971
0.688859203911617,2.570799
0.68891317282449,2.57031
0.6889671417373632,2.570694
0.6890211106502362,2.571011
0.6890750795631092,2.570343
0.6891290484759823,2.570852
0.6891830173888553,2.570812
0.6892369863017284,2.57037
0.6892909552146016,2.570405
0.6893449241274746,2.570702
0.6893988930403476,2.570446
0.6894528619532206,2.570428
0.6895068308660937,2.570622
0.6895607997789668,2.57018
0.6896147686918398,2.570267
0.6896687376047128,2.570462
0.6897227065175857,2.569924
0.6897766754304587,2.570317
0.6898306443433319,2.570506
0.6898846132562051,2.570549
0.689938582169078,2.570489
0.6899925510819512,2.5706
0.6900465199948241,2.570498
0.6901004889076972,2.570471
0.6901544578205703,2.570591
0.6902084267334433,2.570015
0.6902623956463163,2.570129
0.6903163645591894,2.570112
0.6903703334720624,2.569917
0.6904243023849355,2.570044
0.6904782712978086,2.570462
0.6905322402106816,2.569787
0.6905862091235547,2.569826
0.6906401780364277,2.570323
0.6906941469493008,2.569913
0.6907481158621738,2.569841
0.6908020847750469,2.570002
0.6908560536879199,2.569498
0.6909100226007929,2.569639
0.6909639915136659,2.570014
0.6910179604265391,2.569403
0.6910719293394122,2.569635
0.6911258982522852,2.569905
0.6911798671651583,2.569628
0.6912338360780313,2.569869
0.6912878049909044,2.570106
0.6913417739037775,2.569407
0.6913957428166505,2.569489
0.6914497117295235,2.56964
0.6915036806423964,2.569455
0.6915576495552697,2.569588
0.6916116184681428,2.569706
0.6916655873810157,2.569451
0.6917195562938887,2.569464
0.6917735252067617,2.569326
0.6918274941196348,2.568973
0.6918814630325079,2.569378
0.6919354319453809,2.569586
0.6919894008582539,2.569153
0.692043369771127,2.569098
0.692097338684,2.56954
0.692151307596873,2.569751
0.6922052765097463,2.569388
0.6922592454226193,2.5694
0.6923132143354923,2.569263
0.6923671832483654,2.569169
0.6924211521612385,2.568958
0.6924751210741115,2.568391
0.6925290899869845,2.568821
0.6925830588998576,2.569466
0.6926370278127306,2.569146
0.6926909967256036,2.569395
0.6927449656384767,2.569379
0.6927989345513499,2.568936
0.6928529034642229,2.56893
0.6929068723770959,2.569091
0.6929608412899689,2.568473
0.6930148102028418,2.568984
0.6930687791157151,2.56918
0.693122748028588,2.568646
0.693176716941461,2.569013
0.6932306858543341,2.569111
0.6932846547672071,2.56848
0.6933386236800801,2.568525
0.6933925925929535,2.568496
0.6934465615058264,2.568263
0.6935005304186994,2.568938
0.6935544993315725,2.569182
0.6936084682444456,2.568968
0.6936624371573186,2.568836
0.6937164060701916,2.568742
0.6937703749830646,2.568225
0.6938243438959377,2.568342
0.6938783128088107,2.568712
0.6939322817216838,2.568052
0.6939862506345569,2.56807
0.6940402195474299,2.568436
0.694094188460303,2.568031
0.694148157373176,2.568166
0.694202126286049,2.568282
0.6942560951989222,2.567878
0.6943100641117952,2.568096
0.6943640330246682,2.568032
0.6944180019375413,2.567507
0.6944719708504143,2.568053
0.6945259397632874,2.568336
0.6945799086761606,2.568271
0.6946338775890336,2.568052
0.6946878465019066,2.568292
0.6947418154147795,2.567628
0.6947957843276525,2.567932
0.6948497532405257,2.568052
0.6949037221533987,2.567637
0.6949576910662717,2.567724
0.6950116599791447,2.567703
0.6950656288920178,2.567754
0.6951195978048909,2.5678
0.695173566717764,2.567667
0.695227535630637,2.567182
0.6952815045435101,2.567814
0.6953354734563831,2.567562
0.6953894423692561,2.567407
0.6954434112821292,2.567472
0.6954973801950023,2.567593
0.6955513491078753,2.567598
0.6956053180207483,2.567904
0.6956592869336214,2.567738
0.6957132558464945,2.567494
0.6957672247593676,2.567571
0.6958211936722407,2.567357
0.6958751625851137,2.567197
0.6959291314979867,2.567221
0.6959831004108598,2.567415
0.6960370693237328,2.567322
0.6960910382366059,2.567302
0.6961450071494789,2.567255
0.6961989760623518,2.567219
0.6962529449752248,2.567075
0.6963069138880978,2.567032
0.6963608828009712,2.566859
0.6964148517138441,2.566998
0.6964688206267171,2.567008
0.6965227895395902,2.56658
0.6965767584524633,2.566884
0.6966307273653363,2.566717
0.6966846962782094,2.566409
0.6967386651910824,2.566726
0.6967926341039554,2.566757
0.6968466030168285,2.566794
0.6969005719297017,2.567092
0.6969545408425747,2.566906
0.6970085097554477,2.566551
0.6970624786683207,2.566687
0.6971164475811938,2.566741
0.6971704164940669,2.566419
0.6972243854069399,2.566632
0.6972783543198129,2.56663
0.697332323232686,2.566353
0.697386292145559,2.566443
0.697440261058432,2.566325
0.6974942299713051,2.565976
0.6975481988841783,2.566558
0.6976021677970513,2.566626
0.6976561367099243,2.566255
0.6977101056227974,2.566461
0.6977640745356705,2.566384
0.6978180434485434,2.566002
0.6978720123614166,2.56613
0.6979259812742895,2.566404
0.6979799501871625,2.566223
0.6980339191000355,2.566691
0.6980878880129089,2.566239
0.6981418569257818,2.565848
0.6981958258386548,2.566031
0.6982497947515278,2.565996
0.6983037636644008,2.565613
0.698357732577274,2.565991
0.698411701490147,2.565578
0.69846567040302,2.56521
0.698519639315893,2.56562
0.6985736082287661,2.565406
0.6986275771416391,2.565328
0.6986815460545123,2.565621
0.6987355149673854,2.565256
0.6987894838802584,2.565155
0.6988434527931314,2.565234
0.6988974217060046,2.565562
0.6989513906188776,2.565374
0.6990053595317506,2.56542
0.6990593284446236,2.564999
0.6991132973574967,2.564851
0.6991672662703697,2.565291
0.6992212351832428,2.565107
0.6992752040961159,2.564917
0.699329173008989,2.565257
0.699383141921862,2.565388
0.699437110834735,2.565105
0.6994910797476079,2.565361
0.699545048660481,2.565148
0.6995990175733541,2.564471
0.6996529864862271,2.56521
0.6997069553991001,2.565419
0.6997609243119732,2.565302
0.6998148932248462,2.565307
0.6998688621377194,2.564769
0.6999228310505925,2.564821
0.6999767999634655,2.565322
0.7000307688763385,2.564913
0.7000847377892117,2.564754
0.7001387067020847,2.565309
0.7001926756149577,2.564776
0.7002466445278307,2.565024
0.7003006134407037,2.564859
0.7003545823535768,2.564702
0.7004085512664499,2.564634
0.700462520179323,2.56493
0.700516489092196,2.564721
0.700570458005069,2.564623
0.7006244269179421,2.564682
0.7006783958308151,2.56426
0.7007323647436882,2.564451
0.7007863336565613,2.564918
0.7008403025694343,2.5645
0.7008942714823072,2.564322
0.7009482403951804,2.564533
0.7010022093080536,2.564527
0.7010561782209266,2.564508
0.7011101471337997,2.56454
0.7011641160466727,2.564004
0.7012180849595456,2.564046
0.7012720538724186,2.564305
0.7013260227852917,2.563907
0.7013799916981648,2.563691
0.7014339606110378,2.564276
0.7014879295239108,2.563826
0.7015418984367838,2.56412
0.7015958673496571,2.564503
0.7016498362625301,2.563972
0.7017038051754031,2.563839
0.7017577740882761,2.564171
0.7018117430011492,2.563886
0.7018657119140223,2.563897
0.7019196808268953,2.564552
0.7019736497397683,2.564072
0.7020276186526414,2.563739
0.7020815875655144,2.56432
0.7021355564783874,2.563804
0.7021895253912607,2.563545
0.7022434943041337,2.564168
0.7022974632170067,2.563591
0.7023514321298798,2.563448
0.7024054010427528,2.563822
0.7024593699556259,2.563238
0.7025133388684989,2.563054
0.7025673077813718,2.563688
0.7026212766942449,2.563261
0.7026752456071179,2.563154
0.7027292145199909,2.56378
0.7027831834328641,2.563244
0.7028371523457371,2.563652
0.7028911212586102,2.563743
0.7029450901714832,2.563018
0.7029990590843562,2.563239
0.7030530279972294,2.563524
0.7031069969101024,2.563058
0.7031609658229754,2.562973
0.7032149347358485,2.563452
0.7032689036487215,2.562881
0.7033228725615945,2.562738
0.7033768414744678,2.563283
0.7034308103873408,2.563367
0.7034847793002138,2.563038
0.7035387482130868,2.563445
0.7035927171259599,2.563015
0.703646686038833,2.563249
0.703700654951706,2.563435
0.703754623864579,2.563044
0.703808592777452,2.56284
0.7038625616903251,2.563407
0.7039165306031981,2.563091
0.7039704995160713,2.562854
0.7040244684289443,2.563126
0.7040784373418174,2.562684
0.7041324062546904,2.56232
0.7041863751675633,2.56278
0.7042403440804366,2.562421
0.7042943129933095,2.562279
0.7043482819061825,2.562817
0.7044022508190556,2.562664
0.7044562197319286,2.562499
0.7045101886448016,2.562956
0.7045641575576748,2.562594
0.7046181264705479,2.562137
0.7046720953834209,2.562719
0.7047260642962939,2.562353
0.7047800332091669,2.562583
0.70483400212204,2.562882
0.7048879710349131,2.562264
0.7049419399477861,2.562082
0.7049959088606591,2.562371
0.7050498777735321,2.562313
0.7051038466864052,2.56218
0.7051578155992784,2.562752
0.7052117845121514,2.562344
0.7052657534250245,2.562144
0.7053197223378975,2.562542
0.7053736912507705,2.562114
0.7054276601636437,2.562233
0.7054816290765167,2.562562
0.7055355979893897,2.562383
0.7055895669022626,2.562065
0.7056435358151358,2.562253
0.705697504728009,2.562069
0.705751473640882,2.56211
0.7058054425537549,2.562098
0.7058594114666281,2.562028
0.705913380379501,2.561627
0.705967349292374,2.562086
0.706021318205247,2.561964
0.7060752871181201,2.562069
0.7061292560309932,2.562332
0.7061832249438662,2.561669
0.7062371938567392,2.561876
0.7062911627696125,2.562257
0.7063451316824855,2.561677
0.7063991005953585,2.561881
0.7064530695082316,2.562537
0.7065070384211046,2.561767
0.7065610073339776,2.561702
0.7066149762468508,2.562105
0.7066689451597238,2.5615
0.7067229140725968,2.561423
0.7067768829854698,2.561624
0.7068308518983428,2.5611
0.7068848208112161,2.561115
0.7069387897240891,2.561121
0.7069927586369621,2.560807
0.7070467275498351,2.560867
0.7071006964627081,2.560988
0.7071546653755812,2.560674
0.7072086342884543,2.560698
0.7072626032013272,2.56092
0.7073165721142004,2.560557
0.7073705410270733,2.560915
0.7074245099399463,2.561271
0.7074784788528194,2.560376
0.7075324477656926,2.56044
0.7075864166785656,2.560611
0.7076403855914386,2.560355
0.7076943545043117,2.560301
0.7077483234171847,2.560726
0.7078022923300578,2.560668
0.7078562612429309,2.560706
0.7079102301558038,2.561069
0.7079641990686769,2.560675
0.70801816798155,2.560617
0.708072136894423,2.560781
0.7081261058072962,2.560409
0.7081800747201692,2.560315
0.7082340436330422,2.560957
0.7082880125459153,2.56032
0.7083419814587884,2.560087
0.7083959503716614,2.56061
0.7084499192845344,2.560216
0.7085038881974074,2.560082
0.7085578571102805,2.560307
0.7086118260231535,2.559787
0.7086657949360267,2.559983
0.7087197638488997,2.56034
0.7087737327617728,2.559927
0.7088277016746458,2.559932
0.7088816705875187,2.560187
0.708935639500392,2.559624
0.7089896084132649,2.559792
0.7090435773261379,2.560356
0.709097546239011,2.559855
0.7091515151518839,2.559733
0.709205484064757,2.559888
0.7092594529776304,2.559318
0.7093134218905032,2.559343
0.7093673908033763,2.559975
0.7094213597162493,2.560012
0.7094753286291223,2.559826
0.7095292975419955,2.55991
0.7095832664548685,2.560131
0.7096372353677415,2.559963
0.7096912042806145,2.559773
0.7097451731934876,2.559566
0.7097991421063606,2.559882
0.7098531110192338,2.559909
0.7099070799321069,2.559501
0.7099610488449798,2.559592
0.7100150177578529,2.559776
0.710068986670726,2.55944
0.710122955583599,2.559381
0.7101769244964721,2.559476
0.7102308934093449,2.558951
0.7102848623222181,2.55905
0.7103388312350912,2.559496
0.710392800147964,2.559428
0.7104467690608374,2.559299
0.7105007379737105,2.559598
0.7105547068865833,2.559211
0.7106086757994564,2.559175
0.7106626447123294,2.559685
0.7107166136252024,2.55922
0.7107705825380756,2.559424
0.7108245514509486,2.559736
0.7108785203638216,2.559041
0.7109324892766946,2.558766
0.7109864581895678,2.558944
0.7110404271024409,2.55863
0.7110943960153139,2.558458
0.711148364928187,2.559097
0.7112023338410599,2.559021
0.711256302753933,2.558966
0.7113102716668062,2.559356
0.7113642405796791,2.55876
0.7114182094925522,2.558885
0.7114721784054252,2.559393
0.7115261473182982,2.558976
0.7115801162311715,2.558836
0.7116340851440445,2.559157
0.7116880540569175,2.559017
0.7117420229697905,2.558883
0.7117959918826636,2.558953
0.7118499607955366,2.558547
0.7119039297084097,2.558205
0.7119578986212828,2.558446
0.7120118675341558,2.558349
0.7120658364470287,2.558482
0.7121198053599019,2.558755
0.7121737742727748,2.558567
0.7122277431856481,2.558525
0.7122817120985212,2.559069
0.712335681011394,2.558334
0.7123896499242671,2.558164
0.71244361883714,2.558472
0.7124975877500132,2.558211
0.7125515566628863,2.558271
0.7126055255757592,2.558401
0.7126594944886323,2.55807
0.7127134634015053,2.558226
0.7127674323143784,2.558409
0.7128214012272516,2.557956
0.7128753701401246,2.558104
0.7129293390529976,2.558374
0.7129833079658706,2.557871
0.7130372768787437,2.557952
0.7130912457916168,2.55827
0.7131452147044898,2.557398
0.7131991836173629,2.557702
0.7132531525302358,2.558178
0.7133071214431089,2.557867
0.7133610903559822,2.557825
0.7134150592688551,2.558425
0.7134690281817282,2.557616
0.7135229970946013,2.557603
0.7135769660074741,2.557728
0.7136309349203473,2.557265
0.7136849038332203,2.55768
0.7137388727460933,2.558212
0.7137928416589664,2.55759
0.7138468105718394,2.557295
0.7139007794847124,2.558137
0.7139547483975855,2.557847
0.7140087173104587,2.557197
0.7140626862233317,2.557672
0.7141166551362047,2.557266
0.7141706240490778,2.557311
0.7142245929619507,2.557926
0.7142785618748239,2.55774
0.714332530787697,2.55748
0.7143864997005699,2.557907
0.714440468613443,2.557237
0.7144944375263159,2.557169
0.7145484064391892,2.55753
0.7146023753520623,2.557131
0.7146563442649352,2.557364
0.7147103131778083,2.557946
0.7147642820906814,2.557355
0.7148182510035543,2.557209
0.7148722199164275,2.557405
0.7149261888293005,2.557403
0.7149801577421735,2.557062
0.7150341266550466,2.557403
0.7150880955679197,2.55711
0.7151420644807928,2.557168
0.7151960333936658,2.557457
0.7152500023065389,2.556792
0.7153039712194119,2.556816
0.7153579401322848,2.55725
0.715411909045158,2.557077
0.7154658779580308,2.557003
0.715519846870904,2.557209
0.7155738157837771,2.556672
0.71562778469665,2.557233
0.7156817536095232,2.557886
0.7157357225223961,2.557396
0.7157896914352693,2.557062
0.7158436603481424,2.557354
0.7158976292610153,2.556719
0.7159515981738884,2.556511
0.7160055670867614,2.556903
0.7160595359996345,2.556655
0.7161135049125076,2.55662
0.7161674738253806,2.556787
0.7162214427382536,2.556499
0.7162754116511268,2.556606
0.7163293805639999,2.55686
0.7163833494768729,2.556867
0.7164373183897459,2.55671
0.716491287302619,2.557038
0.716545256215492,2.556795
0.716599225128365,2.557312
0.7166531940412382,2.557487
0.716707162954111,2.55711
0.7167611318669841,2.556695
0.7168151007798573,2.556758
0.7168690696927302,2.556415
0.7169230386056035,2.556512
0.7169770075184764,2.556891
0.7170309764313494,2.5567
0.7170849453442225,2.556835
0.7171389142570955,2.557262
0.7171928831699685,2.556539
0.7172468520828416,2.556505
0.7173008209957147,2.557097
0.7173547899085877,2.556478
0.7174087588214607,2.556565
0.717462727734334,2.556459
0.7175166966472069,2.555995
0.71757066556008,2.556088
0.7176246344729531,2.556465
0.717678603385826,2.556234
0.7177325722986991,2.556158
0.7177865412115723,2.556118
0.7178405101244452,2.555959
0.7178944790373183,2.556153
0.7179484479501912,2.556518
0.7180024168630643,2.556159
0.7180563857759376,2.556053
0.7181103546888105,2.556157
0.7181643236016836,2.555489
0.7182182925145566,2.555761
0.7182722614274296,2.556139
0.7183262303403027,2.55553
0.7183801992531756,2.555451
0.7184341681660487,2.555782
0.7184881370789217,2.555355
0.7185421059917948,2.555595
0.7185960749046678,2.555966
0.7186500438175409,2.555259
0.7187040127304141,2.555162
0.718757981643287,2.555432
0.7188119505561601,2.555008
0.7188659194690332,2.554907
0.7189198883819061,2.555253
0.7189738572947793,2.554957
0.7190278262076523,2.554535
0.7190817951205253,2.554893
0.7191357640333984,2.554232
0.7191897329462714,2.554548
0.7192437018591445,2.554729
0.7192976707720177,2.554747
0.7193516396848907,2.555133
0.7194056085977637,2.555342
0.7194595775106367,2.55498
0.7195135464235098,2.554767
0.7195675153363829,2.555054
0.7196214842492559,2.554895
0.719675453162129,2.5547
0.7197294220750018,2.554839
0.7197833909878751,2.554559
0.7198373599007483,2.554674
0.7198913288136212,2.554859
0.7199452977264943,2.554251
0.7199992666393671,2.55419
0.7200532355522402,2.554631
0.7201072044651134,2.554414
0.7201611733779862,2.554203
0.7202151422908594,2.554383
0.7202691112037324,2.553788
0.7203230801166054,2.554072
0.7203770490294786,2.55448
0.7204310179423516,2.554187
0.7204849868552247,2.554003
0.7205389557680978,2.554262
0.7205929246809708,2.553991
0.7206468935938438,2.553862
0.7207008625067168,2.553884
0.72075483141959,2.553446
0.720808800332463,2.553555
0.720862769245336,2.554156
0.7209167381582091,2.55354
0.720970707071082,2.553456
0.7210246759839553,2.554087
0.7210786448968284,2.553741
0.7211326138097013,2.553592
0.7211865827225744,2.553559
0.7212405516354474,2.553205
0.7212945205483204,2.553102
0.7213484894611936,2.553426
0.7214024583740666,2.553334
0.7214564272869395,2.553471
0.7215103961998125,2.553674
0.7215643651126856,2.553402
0.7216183340255589,2.553431
0.7216723029384318,2.554107
0.7217262718513048,2.553568
0.7217802407641778,2.553322
0.7218342096770509,2.553934
0.7218881785899239,2.553716
0.721942147502797,2.553461
0.7219961164156701,2.553947
0.7220500853285431,2.553433
0.7221040542414161,2.553218
0.7221580231542893,2.553916
0.7222119920671622,2.553271
0.7222659609800354,2.553412
0.7223199298929085,2.553777
0.7223738988057814,2.553435
0.7224278677186545,2.553334
0.7224818366315275,2.553618
0.7225358055444006,2.553193
0.7225897744572737,2.553046
0.7226437433701467,2.553607
0.7226977122830197,2.553
0.7227516811958928,2.553054
0.722805650108766,2.553426
0.722859619021639,2.552946
0.722913587934512,2.552723
0.7229675568473851,2.553443
0.7230215257602579,2.553044
0.7230754946731311,2.552712
0.7231294635860043,2.552762
0.7231834324988771,2.552212
0.7232374014117502,2.552384
0.7232913703246231,2.55293
0.7233453392374963,2.552199
0.7233993081503695,2.551888
0.7234532770632424,2.552508
0.7235072459761155,2.552396
0.7235612148889886,2.552501
0.7236151838018615,2.55252
0.7236691527147346,2.552143
0.7237231216276077,2.551727
0.7237770905404807,2.552295
0.7238310594533538,2.551943
0.7238850283662268,2.552536
0.7239389972790999,2.552635
0.723992966191973,2.552212
0.7240469351048461,2.552114
0.7241009040177191,2.552332
0.7241548729305921,2.552436
0.7242088418434652,2.5526
0.7242628107563381,2.552759
0.7243167796692113,2.552135
0.7243707485820844,2.552006
0.7244247174949573,2.55268
0.7244786864078305,2.552374
0.7245326553207035,2.552419
0.7245866242335766,2.552906
0.7246405931464497,2.552404
0.7246945620593227,2.552244
0.7247485309721956,2.552705
0.7248024998850686,2.552225
0.7248564687979417,2.552103
0.7249104377108148,2.552202
0.7249644066236878,2.55175
0.7250183755365609,2.551728
0.725072344449434,2.55218
0.725126313362307,2.551825
0.7251802822751802,2.551907
0.7252342511880531,2.552316
0.7252882201009262,2.551561
0.7253421890137993,2.551547
0.7253961579266722,2.552063
0.7254501268395454,2.551768
0.7255040957524183,2.551375
0.7255580646652914,2.551403
0.7256120335781645,2.551086
0.7256660024910374,2.550831
0.7257199714039106,2.55138
0.7257739403167837,2.550829
0.7258279092296567,2.550882
0.7258818781425298,2.551308
0.7259358470554028,2.551176
0.7259898159682758,2.550983
0.7260437848811488,2.551478
0.726097753794022,2.551281
0.726151722706895,2.550994
0.7262056916197679,2.551325
0.7262596605326412,2.551037
0.7263136294455143,2.550884
0.7263675983583872,2.551355
0.7264215672712604,2.550738
0.7264755361841332,2.550584
0.7265295050970063,2.550958
0.7265834740098794,2.550704
0.7266374429227523,2.550423
0.7266914118356255,2.550868
0.7267453807484985,2.550725
0.7267993496613715,2.550952
0.7268533185742447,2.550949
0.7269072874871177,2.550329
0.7269612563999908,2.550457
0.7270152253128638,2.550893
0.7270691942257369,2.55038
0.7271231631386099,2.550439
0.7271771320514829,2.550786
0.7272311009643561,2.550612
0.727285069877229,2.550413
0.7273390387901021,2.550835
0.7273930077029753,2.55026
0.7274469766158482,2.550544
0.7275009455287214,2.550794
0.7275549144415943,2.550459
0.7276088833544674,2.55065
0.7276628522673405,2.550644
0.7277168211802133,2.550037
0.7277707900930865,2.549997
0.7278247590059597,2.550331
0.7278787279188325,2.549767
0.7279326968317056,2.5497
0.7279866657445786,2.550448
0.7280406346574517,2.549652
0.728094603570325,2.549651
0.7281485724831979,2.549705
0.7282025413960709,2.549718
0.7282565103089439,2.549871
0.728310479221817,2.550204
0.72836444813469,2.549723
0.728418417047563,2.549834
0.7284723859604362,2.550004
0.7285263548733091,2.549537
0.7285803237861822,2.549555
0.7286342926990554,2.550014
0.7286882616119283,2.549749
0.7287422305248015,2.549723
0.7287961994376744,2.54981
0.7288501683505475,2.549434
0.7289041372634206,2.549609
0.7289581061762935,2.549757
0.7290120750891667,2.549874
0.7290660440020397,2.549998
0.7291200129149127,2.549655
0.7291739818277859,2.549286
0.7292279507406589,2.549302
0.729281919653532,2.549684
0.7293358885664051,2.549386
0.7293898574792781,2.549256
0.729443826392151,2.549944
0.729497795305024,2.549477
0.7295517642178971,2.549387
0.7296057331307702,2.549615
0.7296597020436432,2.549097
0.7297136709565163,2.549022
0.7297676398693892,2.549572
0.7298216087822624,2.549007
0.7298755776951356,2.549146
0.7299295466080085,2.549636
0.7299835155208816,2.549103
0.7300374844337546,2.54932
0.7300914533466276,2.54971
0.7301454222595007,2.549209
0.7301993911723738,2.549035
0.7302533600852468,2.549232
0.7303073289981198,2.548785
0.730361297910993,2.548795
0.730415266823866,2.54915
0.730469235736739,2.548729
0.7305232046496122,2.548733
0.7305771735624851,2.549048
0.7306311424753582,2.548886
0.7306851113882313,2.549399
0.7307390803011042,2.549712
0.7307930492139774,2.549682
0.7308470181268505,2.549404
0.7309009870397233,2.549986
0.7309549559525966,2.54951
0.7310089248654694,2.549477
0.7310628937783427,2.549808
0.7311168626912158,2.54943
0.7311708316040886,2.549791
0.7312248005169617,2.550034
0.7312787694298347,2.549212
0.7313327383427077,2.549357
0.7313867072555809,2.549351
0.7314406761684539,2.549249
0.7314946450813269,2.549207
0.7315486139942,2.549481
0.7316025829070731,2.549102
0.7316565518199462,2.549204
0.7317105207328192,2.549197
0.7317644896456923,2.548975
0.7318184585585652,2.549139
0.7318724274714383,2.549
0.7319263963843115,2.548954
0.7319803652971844,2.549034
0.7320343342100575,2.548973
0.7320883031229307,2.548476
0.7321422720358036,2.548592
0.7321962409486767,2.54904
0.7322502098615498,2.548433
0.7323041787744228,2.548439
0.7323581476872959,2.548528
0.7324121166001689,2.548179
0.7324660855130419,2.54835
0.7325200544259148,2.548491
0.7325740233387881,2.548645
0.732627992251661,2.548442
0.732681961164534,2.548531
0.7327359300774073,2.548002
0.7327898989902801,2.547824
0.7328438679031533,2.548183
0.7328978368160265,2.547729
0.7329518057288993,2.548361
0.7330057746417724,2.548466
0.7330597435546453,2.548215
0.7331137124675184,2.548332
0.7331676813803916,2.548326
0.7332216502932645,2.548029
0.7332756192061376,2.547922
0.7333295881190107,2.547955
0.7333835570318837,2.547841
0.7334375259447569,2.54809
0.7334914948576299,2.548086
0.7335454637705029,2.547796
0.733599432683376,2.548136
0.733653401596249,2.54803
0.733707370509122,2.547518
0.7337613394219951,2.547453
0.7338153083348682,2.547695
0.7338692772477413,2.547444
0.7339232461606143,2.547755
0.7339772150734875,2.547945
0.7340311839863604,2.547453
0.7340851528992335,2.54735
0.7341391218121066,2.547372
0.7341930907249794,2.546988
0.7342470596378525,2.547282
0.7343010285507255,2.547317
0.7343549974635986,2.546887
0.7344089663764717,2.547151
0.7344629352893448,2.547706
0.7345169042022178,2.547351
0.7345708731150908,2.54743
0.7346248420279639,2.547325
0.734678810940837,2.547217
0.73473277985371,2.547225
0.734786748766583,2.547239
0.734840717679456,2.546904
0.7348946865923291,2.547037
0.7349486555052022,2.54733
0.7350026244180752,2.547078
0.7350565933309484,2.547174
0.7351105622438214,2.547065
0.7351645311566944,2.546736
0.7352185000695676,2.546647
0.7352724689824405,2.546676
0.7353264378953136,2.546346
0.7353804068081867,2.546695
0.7354343757210596,2.546819
0.7354883446339328,2.54672
0.7355423135468058,2.54689
0.7355962824596787,2.546982
0.735650251372552,2.546488
0.735704220285425,2.546724
0.735758189198298,2.546691
0.735812158111171,2.546343
0.7358661270240442,2.546743
0.7359200959369171,2.54665
0.7359740648497901,2.545969
0.7360280337626632,2.546421
0.7360820026755361,2.546296
0.7361359715884093,2.546109
0.7361899405012824,2.546406
0.7362439094141554,2.546419
0.7362978783270285,2.546245
0.7363518472399014,2.546349
0.7364058161527746,2.546462
0.7364597850656477,2.545907
0.7365137539785206,2.546063
0.7365677228913937,2.546252
0.7366216918042668,2.545966
0.7366756607171397,2.546186
0.7367296296300129,2.546187
0.7367835985428859,2.54609
0.736837567455759,2.546508
0.7368915363686321,2.546245
0.7369455052815052,2.545995
0.7369994741943782,2.546073
0.7370534431072512,2.545914
0.7371074120201243,2.545492
0.7371613809329973,2.545767
0.7372153498458703,2.545577
0.7372693187587435,2.545521
0.7373232876716163,2.545809
0.7373772565844894,2.545855
0.7374312254973627,2.545248
0.7374851944102355,2.545887
0.7375391633231086,2.545764
0.7375931322359817,2.545668
0.7376471011488547,2.546096
0.7377010700617278,2.546021
0.7377550389746008,2.545699
0.7378090078874738,2.546167
0.737862976800347,2.545994
0.73791694571322,2.545764
0.737970914626093,2.545764
0.7380248835389661,2.545519
0.7380788524518392,2.545252
0.7381328213647123,2.545425
0.7381867902775853,2.544987
0.7382407591904584,2.544764
0.7382947281033313,2.545364
0.7383486970162044,2.545353
0.7384026659290776,2.545355
0.7384566348419505,2.545319
0.7385106037548236,2.544709
0.7385645726676964,2.544864
0.7386185415805697,2.545009
0.7386725104934428,2.544735
0.7387264794063158,2.5451
0.7387804483191889,2.545462
0.7388344172320619,2.544864
0.7388883861449348,2.544865
0.738942355057808,2.545112
0.7389963239706809,2.544953
0.739050292883554,2.545398
0.739104261796427,2.545945
0.7391582307093002,2.545529
0.7392121996221732,2.544978
0.7392661685350462,2.545371
0.7393201374479194,2.545072
0.7393741063607924,2.545091
0.7394280752736654,2.545158
0.7394820441865385,2.544855
0.7395360130994114,2.544713
0.7395899820122845,2.54524
0.7396439509251577,2.544842
0.7396979198380306,2.545044
0.7397518887509038,2.545446
0.7398058576637768,2.544577
0.7398598265766498,2.543937
0.739913795489523,2.544098
0.739967764402396,2.544164
0.740021733315269,2.544197
0.740075702228142,2.544664
0.7401296711410151,2.544281
0.7401836400538881,2.544109
0.7402376089667612,2.544299
0.7402915778796343,2.544021
0.7403455467925073,2.543803
0.7403995157053804,2.544018
0.7404534846182536,2.544004
0.7405074535311263,2.543725
0.7405614224439996,2.544153
0.7406153913568724,2.543563
0.7406693602697455,2.543458
0.7407233291826186,2.543807
0.7407772980954915,2.543781
0.7408312670083647,2.543674
0.7408852359212378,2.544208
0.7409392048341108,2.54368
0.7409931737469839,2.543497
0.7410471426598569,2.543708
0.74110111157273,2.54324
0.7411550804856031,2.543257
0.7412090493984761,2.54398
0.7412630183113491,2.543454
0.7413169872242221,2.5433
0.7413709561370952,2.543769
0.7414249250499683,2.543582
0.7414788939628413,2.543672
0.7415328628757145,2.543644
0.7415868317885874,2.543394
0.7416408007014605,2.543528
0.7416947696143337,2.543926
0.7417487385272066,2.543652
0.7418027074400797,2.543735
0.7418566763529525,2.544065
0.7419106452658257,2.543607
0.7419646141786989,2.543804
0.7420185830915716,2.54415
0.7420725520044448,2.543424
0.742126520917318,2.543667
0.7421804898301909,2.543902
0.742234458743064,2.543426
0.742288427655937,2.543226
0.7423423965688101,2.543653
0.7423963654816832,2.543215
0.7424503343945562,2.543384
0.7425043033074292,2.543799
0.7425582722203022,2.543406
0.7426122411331754,2.543159
0.7426662100460484,2.543505
0.7427201789589215,2.54297
0.7427741478717946,2.543051
0.7428281167846675,2.543353
0.7428820856975407,2.542922
0.7429360546104138,2.543005
0.7429900235232867,2.543284
0.7430439924361598,2.543137
0.7430979613490328,2.543358
0.7431519302619058,2.543667
0.743205899174779,2.543192
0.7432598680876521,2.542898
0.7433138370005251,2.543244
0.7433678059133981,2.542665
0.7434217748262713,2.542681
0.7434757437391443,2.543106
0.7435297126520173,2.542404
0.7435836815648904,2.542355
0.7436376504777634,2.542712
0.7436916193906363,2.542482
0.7437455883035096,2.542363
0.7437995572163824,2.542929
0.7438535261292557,2.542227
0.7439074950421288,2.542048
0.7439614639550016,2.542377
0.7440154328678747,2.542039
0.7440694017807477,2.541809
0.7441233706936208,2.542809
0.7441773396064939,2.54297
0.7442313085193668,2.542525
0.7442852774322399,2.542572
0.744339246345113,2.542171
0.744393215257986,2.542077
0.7444471841708592,2.542402
0.7445011530837322,2.542031
0.7445551219966052,2.542064
0.7446090909094782,2.542137
0.7446630598223514,2.542041
0.7447170287352244,2.542342
0.7447709976480974,2.542777
0.7448249665609705,2.542226
0.7448789354738434,2.542395
0.7449329043867166,2.542706
0.7449868732995897,2.542081
0.7450408422124627,2.541864
0.7450948111253358,2.54207
0.745148780038209,2.54179
0.7452027489510817,2.541788
0.745256717863955,2.542051
0.7453106867768279,2.541753
0.7453646556897009,2.541547
0.745418624602574,2.541628
0.745472593515447,2.541083
0.74552656242832,2.541203
0.7455805313411931,2.54198
0.7456345002540663,2.541271
0.7456884691669393,2.541526
0.7457424380798123,2.541668
0.7457964069926855,2.540983
0.7458503759055584,2.541258
0.7459043448184315,2.541628
0.7459583137313046,2.541214
0.7460122826441775,2.541412
0.7460662515570506,2.541658
0.7461202204699235,2.541133
0.7461741893827967,2.541435
0.7462281582956699,2.54135
0.7462821272085428,2.540567
0.7463360961214159,2.540294
0.746390065034289,2.541023
0.746444033947162,2.540626
0.7464980028600351,2.540482
0.7465519717729081,2.540577
0.7466059406857811,2.540452
0.7466599095986542,2.540591
0.7467138785115273,2.540987
0.7467678474244002,2.540675
0.7468218163372734,2.540715
0.7468757852501465,2.540848
0.7469297541630195,2.540442
0.7469837230758924,2.540122
0.7470376919887657,2.540592
0.7470916609016385,2.54
0.7471456298145116,2.540164
0.7471995987273847,2.540409
0.7472535676402576,2.540075
0.7473075365531308,2.540476
0.7473615054660038,2.540945
0.7474154743788769,2.540469
0.74746944329175,2.540761
0.747523412204623,2.540871
0.747577381117496,2.54052
0.7476313500303691,2.540337
0.7476853189432421,2.540845
0.7477392878561152,2.540564
0.7477932567689882,2.540184
0.7478472256818612,2.540595
0.7479011945947343,2.539736
0.7479551635076075,2.539746
0.7480091324204805,2.540203
0.7480631013333535,2.539842
0.7481170702462266,2.539751
0.7481710391590997,2.54016
0.7482250080719727,2.539519
0.7482789769848458,2.539788
0.7483329458977186,2.540323
0.7483869148105917,2.539945
0.748440883723465,2.539953
0.7484948526363377,2.540098
0.7485488215492111,2.539877
0.748602790462084,2.540042
0.748656759374957,2.540452
0.7487107282878301,2.539939
0.7487646972007032,2.539656
0.7488186661135762,2.539955
0.7488726350264492,2.539553
0.7489266039393223,2.539695
0.7489805728521953,2.540037
0.7490345417650683,2.53975
0.7490885106779415,2.539642
0.7491424795908144,2.5396
0.7491964485036876,2.539135
0.7492504174165607,2.539375
0.7493043863294336,2.53928
0.7493583552423068,2.539129
0.7494123241551799,2.53869
0.7494662930680528,2.5391
0.7495202619809259,2.538697
0.7495742308937988,2.538725
0.749628199806672,2.539448
0.7496821687195451,2.53918
0.7497361376324181,2.539075
0.7497901065452912,2.539138
0.7498440754581642,2.538286
0.7498980443710372,2.538381
0.7499520132839104,2.539003
0.7500059821967834,2.538642
0.7500599511096563,2.538417
0.7501139200225293,2.538928
0.7501678889354024,2.538837
0.7502218578482754,2.538702
0.7502758267611485,2.538824
0.7503297956740217,2.538198
0.7503837645868946,2.538194
0.7504377334997677,2.538722
0.7504917024126408,2.538227
0.7505456713255138,2.538209
0.7505996402383869,2.538391
0.7506536091512599,2.537993
0.7507075780641329,2.537614
0.750761546977006,2.537881
0.750815515889879,2.537582
0.7508694848027521,2.537971
0.7509234537156253,2.53828
0.7509774226284983,2.537931
0.7510313915413713,2.537699
0.7510853604542443,2.537962
0.7511393293671175,2.537537
0.7511932982799905,2.53766
0.7512472671928635,2.538061
0.7513012361057366,2.537715
0.7513552050186094,2.537987
0.7514091739314827,2.538426
0.7514631428443559,2.538311
0.7515171117572288,2.537863
0.7515710806701019,2.537761
0.7516250495829747,2.53757
0.7516790184958478,2.537509
0.7517329874087211,2.537879
0.7517869563215939,2.537386
0.751840925234467,2.53744
0.75189489414734,2.537968
0.751948863060213,2.537505
0.7520028319730861,2.537399
0.7520568008859592,2.537867
0.7521107697988323,2.537019
0.7521647387117053,2.536932
0.7522187076245784,2.537225
0.7522726765374514,2.536986
0.7523266454503245,2.537217
0.7523806143631976,2.53754
0.7524345832760706,2.536879
0.7524885521889436,2.537398
0.7525425211018167,2.537637
0.7525964900146896,2.537224
0.7526504589275629,2.536878
0.752704427840436,2.537369
0.7527583967533089,2.537057
0.752812365666182,2.537151
0.752866334579055,2.537413
0.7529203034919281,2.537122
0.7529742724048012,2.536979
0.7530282413176742,2.537485
0.7530822102305472,2.536674
0.7531361791434201,2.536816
0.7531901480562933,2.537268
0.7532441169691665,2.536861
0.7532980858820394,2.53701
0.7533520547949126,2.537292
0.7534060237077854,2.537038
0.7534599926206585,2.536967
0.7535139615335317,2.537508
0.7535679304464046,2.536588
0.7536218993592777,2.536804
0.7536758682721506,2.537033
0.7537298371850237,2.536688
0.7537838060978969,2.536532
0.7538377750107698,2.536988
0.753891743923643,2.536811
0.7539457128365161,2.536622
0.753999681749389,2.536849
0.7540536506622622,2.536582
0.7541076195751352,2.536302
0.7541615884880082,2.536543
0.7542155574008813,2.5364
0.7542695263137543,2.536196
0.7543234952266273,2.536362
0.7543774641395004,2.53651
0.7544314330523736,2.536312
0.7544854019652466,2.536584
0.7545393708781196,2.535875
0.7545933397909927,2.535856
0.7546473087038655,2.536419
0.7547012776167388,2.535671
0.7547552465296119,2.535776
0.7548092154424847,2.536126
0.7548631843553578,2.535585
0.7549171532682307,2.535897
0.7549711221811038,2.535985
0.7550250910939771,2.535679
0.75507906000685,2.535515
0.7551330289197231,2.53599
0.7551869978325962,2.536011
0.7552409667454691,2.536047
0.7552949356583423,2.536191
0.7553489045712153,2.535868
0.7554028734840883,2.535509
0.7554568423969614,2.535946
0.7555108113098344,2.535381
0.7555647802227075,2.535431
0.7556187491355806,2.535911
0.7556727180484537,2.535383
0.7557266869613267,2.535302
0.7557806558741997,2.535722
0.7558346247870729,2.535339
0.7558885936999458,2.535596
0.7559425626128189,2.536308
0.755996531525692,2.535395
0.7560505004385649,2.535465
0.756104469351438,2.535275
0.756158438264311,2.534738
0.7562124071771842,2.534806
0.7562663760900573,2.535004
0.7563203450029303,2.534528
0.7563743139158032,2.534751
0.7564282828286762,2.535349
0.7564822517415494,2.534768
0.7565362206544224,2.534522
0.7565901895672954,2.535051
0.7566441584801685,2.534835
0.7566981273930415,2.53483
0.7567520963059146,2.535005
0.7568060652187878,2.534603
0.7568600341316607,2.534646
0.7569140030445338,2.535297
0.756967971957407,2.534385
0.7570219408702799,2.534684
0.757075909783153,2.535001
0.7571298786960259,2.534362
0.757183847608899,2.534619
0.7572378165217721,2.534351
0.757291785434645,2.533565
0.7573457543475183,2.533817
0.7573997232603913,2.534413
0.7574536921732643,2.534329
0.7575076610861374,2.534428
0.7575616299990104,2.53469
0.7576155989118835,2.534817
0.7576695678247565,2.53463
0.7577235367376296,2.53442
0.7577775056505026,2.533586
0.7578314745633755,2.53369
0.7578854434762488,2.534311
0.7579394123891215,2.534192
0.7579933813019949,2.533944
0.758047350214868,2.534066
0.7581013191277408,2.533735
0.7581552880406139,2.533526
0.7582092569534871,2.533961
0.75826322586636,2.533721
0.7583171947792331,2.533515
0.7583711636921061,2.534247
0.7584251326049791,2.533741
0.7584791015178522,2.533412
0.7585330704307254,2.533682
0.7585870393435984,2.533024
0.7586410082564714,2.533097
0.7586949771693445,2.53356
0.7587489460822175,2.533145
0.7588029149950906,2.533391
0.7588568839079637,2.533624
0.7589108528208366,2.532915
0.7589648217337097,2.532681
0.7590187906465828,2.533028
0.7590727595594557,2.532688
0.759126728472329,2.532516
0.7591806973852019,2.533196
0.759234666298075,2.532682
0.7592886352109481,2.532331
0.7593426041238209,2.532784
0.7593965730366942,2.532637
0.7594505419495671,2.532435
0.7595045108624401,2.532827
0.7595584797753132,2.532208
0.7596124486881862,2.532461
0.7596664176010592,2.532758
0.7597203865139326,2.53236
0.7597743554268055,2.532347
0.7598283243396785,2.532564
0.7598822932525515,2.532203
0.7599362621654246,2.532379
0.7599902310782977,2.532926
0.7600441999911707,2.53185
0.7600981689040438,2.532222
0.7601521378169167,2.532773
0.7602061067297898,2.532492
0.7602600756426631,2.532526
0.760314044555536,2.532544
0.7603680134684091,2.531933
0.7604219823812821,2.53239
0.7604759512941551,2.53266
0.7605299202070283,2.532359
0.7605838891199013,2.532391
0.7606378580327743,2.532753
0.7606918269456473,2.532547
0.7607457958585203,2.532332
0.7607997647713934,2.532458
0.7608537336842665,2.531974
0.7609077025971396,2.532044
0.7609616715100127,2.532534
0.7610156404228857,2.532099
0.7610696093357586,2.531902
0.7611235782486316,2.532408
0.7611775471615048,2.53189
0.7612315160743778,2.531365
0.7612854849872508,2.531977
0.7613394539001239,2.531505
0.7613934228129968,2.531344
0.76144739172587,2.531864
0.7615013606387432,2.531243
0.7615553295516161,2.53124
0.7616092984644892,2.531824
0.7616632673773622,2.531839
0.7617172362902352,2.531723
0.7617712052031084,2.531999
0.7618251741159814,2.531214
0.7618791430288544,2.53091
0.7619331119417274,2.531447
0.7619870808546005,2.531194
0.7620410497674737,2.53095
0.7620950186803467,2.531008
0.7621489875932198,2.530898
0.7622029565060927,2.530828
0.7622569254189658,2.530954
0.762310894331839,2.530709
0.7623648632447119,2.530667
0.762418832157585,2.531349
0.7624728010704581,2.53043
0.7625267699833309,2.530697
0.7625807388962041,2.531505
0.7626347078090769,2.530972
0.7626886767219503,2.531286
0.7627426456348234,2.5319
0.7627966145476962,2.531034
0.7628505834605693,2.531214
0.7629045523734423,2.531157
0.7629585212863154,2.530635
0.7630124901991885,2.530672
0.7630664591120615,2.531238
0.7631204280249345,2.530864
0.7631743969378075,2.530837
0.7632283658506808,2.531235
0.7632823347635538,2.530815
0.7633363036764268,2.531198
0.7633902725892999,2.531718
0.7634442415021728,2.530913
0.763498210415046,2.530908
0.7635521793279191,2.531226
0.763606148240792,2.530808
0.7636601171536651,2.530764
0.7637140860665381,2.530932
0.7637680549794111,2.53031
0.7638220238922844,2.530546
0.7638759928051574,2.531019
0.7639299617180304,2.530277
0.7639839306309035,2.529986
0.7640378995437765,2.530401
0.7640918684566496,2.529918
0.7641458373695225,2.530021
0.7641998062823957,2.530443
0.7642537751952686,2.529949
0.7643077441081416,2.530276
0.7643617130210147,2.530637
0.7644156819338878,2.530041
0.7644696508467609,2.529701
0.7645236197596341,2.530308
0.7645775886725069,2.529847
0.76463155758538,2.529835
0.7646855264982529,2.530362
0.7647394954111261,2.530067
0.7647934643239992,2.530139
0.7648474332368721,2.530272
0.7649014021497452,2.529967
0.7649553710626182,2.530045
0.7650093399754914,2.530121
0.7650633088883645,2.529618
0.7651172778012375,2.529751
0.7651712467141105,2.529903
0.7652252156269836,2.529539
0.7652791845398567,2.529627
0.7653331534527297,2.530516
0.7653871223656027,2.53006
0.7654410912784758,2.530051
0.7654950601913488,2.530629
0.7655490291042218,2.530091
0.7656029980170951,2.529955
0.765656966929968,2.530029
0.7657109358428411,2.529746
0.7657649047557142,2.529468
0.765818873668587,2.52943
0.7658728425814603,2.529055
0.7659268114943332,2.529225
0.7659807804072062,2.529681
0.7660347493200793,2.529225
0.7660887182329523,2.529365
0.7661426871458253,2.529987
0.7661966560586985,2.529949
0.7662506249715716,2.529813
0.7663045938844446,2.52996
0.7663585627973176,2.529311
0.7664125317101907,2.529248
0.7664665006230637,2.529808
0.7665204695359368,2.529488
0.7665744384488099,2.52952
0.7666284073616828,2.529732
0.7666823762745559,2.529397
0.7667363451874292,2.529259
0.7667903141003021,2.529466
0.7668442830131752,2.528939
0.7668982519260481,2.528766
0.7669522208389212,2.529206
0.7670061897517944,2.528727
0.7670601586646673,2.528835
0.7671141275775404,2.528948
0.7671680964904134,2.528803
0.7672220654032863,2.528835
0.7672760343161595,2.528859
0.7673300032290327,2.528319
0.7673839721419057,2.528314
0.7674379410547786,2.529006
0.7674919099676518,2.528468
0.7675458788805247,2.528836
0.7675998477933977,2.529212
0.7676538167062709,2.528527
0.7677077856191438,2.528465
0.7677617545320169,2.528871
0.76781572344489,2.528565
0.7678696923577629,2.528598
0.7679236612706362,2.528892
0.7679776301835091,2.52887
0.7680315990963822,2.528935
0.7680855680092553,2.529016
0.7681395369221282,2.528236
0.7681935058350013,2.528068
0.7682474747478745,2.528317
0.7683014436607474,2.527742
0.7683554125736205,2.527979
0.7684093814864935,2.528479
0.7684633503993665,2.528227
0.7685173193122398,2.528026
0.7685712882251128,2.52837
0.7686252571379858,2.527953
0.7686792260508588,2.52811
0.7687331949637319,2.528461
0.768787163876605,2.528017
0.768841132789478,2.52774
0.7688951017023511,2.527942
0.7689490706152239,2.527544
0.769003039528097,2.527377
0.7690570084409701,2.527891
0.7691109773538432,2.527066
0.7691649462667163,2.527354
0.7692189151795893,2.527875
0.7692728840924623,2.527406
0.7693268530053354,2.527445
0.7693808219182084,2.528031
0.7694347908310815,2.527391
0.7694887597439545,2.526886
0.7695427286568276,2.527586
0.7695966975697006,2.527265
0.7696506664825736,2.527163
0.7697046353954469,2.527608
0.7697586043083199,2.527007
0.7698125732211929,2.527068
0.769866542134066,2.527456
0.7699205110469389,2.52791
0.769974479959812,2.527825
0.7700284488726852,2.527732
0.7700824177855581,2.527361
0.7701363866984312,2.527227
0.770190355611304,2.527467
0.7702443245241772,2.526991
0.7702982934370505,2.527276
0.7703522623499234,2.527632
0.7704062312627965,2.527035
0.7704602001756695,2.526771
0.7705141690885424,2.526867
0.7705681380014157,2.526814
0.7706221069142886,2.526684
0.7706760758271616,2.526654
0.7707300447400346,2.526243
0.7707840136529077,2.526328
0.7708379825657807,2.526726
0.7708919514786539,2.526148
0.770945920391527,2.526385
0.7709998893044,2.526909
0.771053858217273,2.526957
0.7711078271301461,2.526766
0.771161796043019,2.526932
0.7712157649558922,2.526462
0.7712697338687653,2.526494
0.7713237027816382,2.526493
0.7713776716945113,2.526239
0.7714316406073845,2.526293
0.7714856095202575,2.526594
0.7715395784331306,2.52608
0.7715935473460036,2.525868
0.7716475162588766,2.526583
0.7717014851717496,2.526117
0.7717554540846228,2.52601
0.7718094229974958,2.526627
0.7718633919103688,2.526561
0.7719173608232419,2.526535
0.7719713297361147,2.526507
0.7720252986489881,2.526377
0.7720792675618612,2.52632
0.772133236474734,2.526438
0.7721872053876072,2.526372
0.77224117430048,2.526076
0.7722951432133531,2.526315
0.7723491121262263,2.526162
0.7724030810390992,2.525955
0.7724570499519723,2.526218
0.7725110188648454,2.525753
0.7725649877777183,2.525713
0.7726189566905916,2.525958
0.7726729256034646,2.525774
0.7727268945163376,2.525755
0.7727808634292107,2.525701
0.7728348323420837,2.525277
0.7728888012549567,2.525418
0.7729427701678298,2.525657
0.7729967390807029,2.525406
0.7730507079935759,2.525323
0.7731046769064489,2.525725
0.773158645819322,2.525675
0.773212614732195,2.525576
0.7732665836450682,2.525561
0.7733205525579413,2.525344
0.7733745214708142,2.525261
0.7734284903836873,2.525564
0.7734824592965603,2.525102
0.7735364282094334,2.525478
0.7735903971223065,2.525562
0.7736443660351795,2.525494
0.7736983349480524,2.525222
0.7737523038609254,2.525323
0.7738062727737985,2.52519
0.7738602416866718,2.5257
0.7739142105995447,2.525429
0.7739681795124177,2.525309
0.7740221484252908,2.525428
0.7740761173381638,2.525356
0.7741300862510369,2.5248
0.7741840551639099,2.525038
0.774238024076783,2.525166
0.774291992989656,2.52509
0.774345961902529,2.525119
0.7743999308154023,2.525518
0.7744538997282752,2.525574
0.7745078686411483,2.525819
0.7745618375540214,2.525568
0.7746158064668943,2.525212
0.7746697753797674,2.525285
0.7747237442926405,2.525422
0.7747777132055135,2.525337
0.7748316821183866,2.525332
0.7748856510312596,2.525774
0.7749396199441326,2.525263
0.7749935888570058,2.525176
0.7750475577698789,2.525025
0.7751015266827519,2.524752
0.7751554955956249,2.524967
0.775209464508498,2.524953
0.7752634334213708,2.524894
0.775317402334244,2.524839
0.7753713712471172,2.52498
0.77542534015999,2.524811
0.7754793090728631,2.524741
0.7755332779857365,2.524564
0.7755872468986093,2.52454
0.7756412158114824,2.524597
0.7756951847243553,2.524456
0.7757491536372284,2.524433
0.7758031225501015,2.52478
0.7758570914629744,2.524666
0.7759110603758476,2.524668
0.7759650292887206,2.524796
0.7760189982015936,2.52442
0.7760729671144667,2.524197
0.7761269360273398,2.524324
0.7761809049402129,2.524302
0.7762348738530859,2.524264
0.776288842765959,2.524653
0.776342811678832,2.524746
0.776396780591705,2.524319
0.7764507495045782,2.524604
0.7765047184174511,2.524065
0.7765586873303242,2.523814
0.7766126562431973,2.523444
0.7766666251560701,2.523207
0.7767205940689434,2.523119
0.7767745629818166,2.523287
0.7768285318946895,2.523365
0.7768825008075626,2.523358
0.7769364697204355,2.52371
0.7769904386333085,2.523207
0.7770444075461816,2.523137
0.7770983764590547,2.523282
0.7771523453719277,2.523357
0.7772063142848007,2.522896
0.7772602831976738,2.523557
0.7773142521105469,2.523009
0.77736822102342,2.522984
0.7774221899362931,2.523226
0.777476158849166,2.523012
0.7775301277620391,2.52269
0.7775840966749122,2.523187
0.7776380655877851,2.523149
0.7776920345006583,2.522921
0.7777460034135312,2.523077
0.7777999723264043,2.522602
0.7778539412392774,2.522517
0.7779079101521504,2.522965
0.7779618790650236,2.522611
0.7780158479778966,2.52236
0.7780698168907696,2.522646
0.7781237858036427,2.522418
0.7781777547165157,2.522346
0.7782317236293887,2.522736
0.7782856925422619,2.522702
0.7783396614551349,2.522113
0.7783936303680078,2.522434
0.7784475992808808,2.522045
0.7785015681937542,2.521909
0.7785555371066272,2.522188
0.7786095060195001,2.521974
0.7786634749323733,2.521752
0.7787174438452461,2.522274
0.7787714127581192,2.521931
0.7788253816709924,2.521456
0.7788793505838653,2.521433
0.7789333194967384,2.521208
0.7789872884096114,2.521233
0.7790412573224844,2.521728
0.7790952262353577,2.521185
0.7791491951482307,2.521363
0.7792031640611037,2.521863
0.7792571329739767,2.521548
0.7793111018868498,2.521472
0.7793650707997228,2.521665
0.7794190397125959,2.521236
0.779473008625469,2.521281
0.7795269775383419,2.521684
0.779580946451215,2.521325
0.7796349153640882,2.520889
0.7796888842769611,2.521257
0.7797428531898343,2.521039
0.7797968221027074,2.521058
0.7798507910155803,2.521332
0.7799047599284534,2.521139
0.7799587288413262,2.520984
0.7800126977541993,2.521636
0.7800666666670726,2.521611
0.7801206355799454,2.52114
0.7801746044928185,2.521453
0.7802285734056915,2.520897
0.7802825423185646,2.521003
0.7803365112314378,2.521172
0.7803904801443108,2.520718
0.7804444490571838,2.520579
0.7804984179700568,2.521276
0.7805523868829299,2.520835
0.780606355795803,2.520574
0.780660324708676,2.521184
0.7807142936215491,2.520975
0.780768262534422,2.520367
0.7808222314472952,2.520618
0.7808762003601684,2.520191
0.7809301692730413,2.520484
0.7809841381859144,2.520716
0.7810381070987873,2.520294
0.7810920760116604,2.520448
0.7811460449245335,2.52084
0.7812000138374064,2.520259
0.7812539827502796,2.520261
0.7813079516631527,2.5207
0.7813619205760255,2.520552
0.7814158894888988,2.520817
0.7814698584017719,2.521075
0.7815238273146449,2.520444
0.781577796227518,2.520318
0.781631765140391,2.52092
0.7816857340532639,2.520395
0.7817397029661369,2.520462
0.78179367187901,2.520736
0.7818476407918831,2.520365
0.7819016097047561,2.520501
0.7819555786176292,2.520731
0.7820095475305021,2.520406
0.7820635164433754,2.520407
0.7821174853562485,2.520243
0.7821714542691214,2.519803
0.7822254231819945,2.519516
0.7822793920948675,2.52026
0.7823333610077405,2.519694
0.7823873299206137,2.519648
0.7824412988334867,2.520103
0.7824952677463597,2.519542
0.7825492366592328,2.51934
0.7826032055721059,2.519831
0.782657174484979,2.519443
0.782711143397852,2.519281
0.7827651123107251,2.519536
0.7828190812235981,2.519497
0.7828730501364711,2.519108
0.7829270190493443,2.519471
0.782980987962217,2.519277
0.7830349568750903,2.519272
0.7830889257879634,2.51973
0.7831428947008362,2.519023
0.7831968636137095,2.518873
0.7832508325265823,2.519454
0.7833048014394555,2.519127
0.7833587703523287,2.518956
0.7834127392652015,2.519559
0.7834667081780746,2.519297
0.7835206770909476,2.519644
0.7835746460038207,2.51984
0.7836286149166938,2.519435
0.7836825838295668,2.519514
0.7837365527424398,2.519145
0.7837905216553129,2.518578
0.7838444905681861,2.518849
0.7838984594810591,2.519313
0.7839524283939321,2.519058
0.7840063973068052,2.518931
0.7840603662196782,2.519315
0.7841143351325512,2.518916
0.7841683040454244,2.518809
0.7842222729582973,2.519131
0.7842762418711704,2.518601
0.7843302107840436,2.518595
0.7843841796969165,2.519099
0.7844381486097897,2.518587
0.7844921175226627,2.518437
0.7845460864355357,2.518847
0.7846000553484088,2.518875
0.7846540242612818,2.518738
0.7847079931741548,2.518918
0.7847619620870278,2.51835
0.784815930999901,2.518121
0.7848698999127739,2.5184
0.7849238688256469,2.518148
0.7849778377385203,2.518296
0.785031806651393,2.518603
0.7850857755642662,2.518325
0.7851397444771393,2.518134
0.7851937133900122,2.518438
0.7852476823028853,2.517944
0.7853016512157582,2.517986
0.7853556201286314,2.518655
0.7854095890415045,2.518243
0.7854635579543774,2.51825
0.7855175268672506,2.518634
0.7855714957801238,2.517923
0.7856254646929967,2.5176
0.7856794336058698,2.517952
0.7857334025187428,2.51763
0.7857873714316158,2.517373
0.7858413403444889,2.518006
0.785895309257362,2.517748
0.785949278170235,2.517833
0.786003247083108,2.518276
0.7860572159959811,2.517821
0.7861111849088542,2.51798
0.7861651538217272,2.518513
0.7862191227346004,2.518195
0.7862730916474732,2.518172
0.7863270605603464,2.518172
0.7863810294732195,2.517676
0.7864349983860923,2.517234
0.7864889672989654,2.51765
0.7865429362118385,2.517428
0.7865969051247115,2.517626
0.7866508740375846,2.518256
0.7867048429504577,2.518265
0.7867588118633307,2.518335
0.7868127807762038,2.518663
0.7868667496890768,2.517899
0.7869207186019499,2.51816
0.7869746875148229,2.518506
0.7870286564276959,2.517918
0.787082625340569,2.517879
0.7871365942534421,2.518377
0.7871905631663151,2.517786
0.7872445320791881,2.517631
0.7872985009920613,2.518018
0.7873524699049343,2.517845
0.7874064388178074,2.517744
0.7874604077306805,2.517872
0.7875143766435534,2.517465
0.7875683455564265,2.517451
0.7876223144692996,2.517792
0.7876762833821725,2.517304
0.7877302522950457,2.517318
0.7877842212079187,2.51772
0.7878381901207916,2.517137
0.7878921590336649,2.517164
0.787946127946538,2.517277
0.7880000968594109,2.517111
0.7880540657722839,2.517426
0.788108034685157,2.517711
0.78816200359803,2.51722
0.788215972510903,2.517375
0.7882699414237762,2.517814
0.7883239103366492,2.517404
0.7883778792495222,2.517366
0.7884318481623954,2.517754
0.7884858170752683,2.517138
0.7885397859881415,2.517154
0.7885937549010146,2.517208
0.7886477238138875,2.516767
0.7887016927267606,2.51689
0.7887556616396335,2.517218
0.7888096305525066,2.516531
0.7888635994653798,2.516421
0.7889175683782527,2.516962
0.7889715372911258,2.51616
0.7890255062039988,2.516315
0.7890794751168719,2.516819
0.7891334440297451,2.516494
0.7891874129426181,2.516354
0.7892413818554911,2.516402
0.7892953507683641,2.516361
0.7893493196812372,2.51591
0.7894032885941102,2.516428
0.7894572575069831,2.516351
0.7895112264198564,2.516428
0.7895651953327292,2.516688
0.7896191642456023,2.516071
0.7896731331584756,2.516021
0.7897271020713484,2.516643
0.7897810709842216,2.516371
0.7898350398970947,2.516382
0.7898890088099676,2.516641
0.7899429777228407,2.516164
0.7899969466357137,2.515953
0.7900509155485868,2.516456
0.7901048844614599,2.51618
0.7901588533743329,2.515962
0.790212822287206,2.51607
0.790266791200079,2.515733
0.7903207601129522,2.515608
0.7903747290258252,2.516128
0.7904286979386982,2.515315
0.7904826668515713,2.515544
0.7905366357644442,2.515584
0.7905906046773173,2.515425
0.7906445735901905,2.515331
0.7906985425030634,2.515449
0.7907525114159365,2.515067
0.7908064803288093,2.515079
0.7908604492416826,2.515406
0.7909144181545558,2.515085
0.7909683870674286,2.515095
0.7910223559803018,2.515499
0.7910763248931747,2.514878
0.7911302938060477,2.515016
0.7911842627189208,2.515265
0.7912382316317939,2.514642
0.7912922005446669,2.514419
0.79134616945754,2.515077
0.7914001383704131,2.514784
0.7914541072832861,2.514998
0.7915080761961591,2.515306
0.7915620451090323,2.515002
0.7916160140219053,2.51507
0.7916699829347783,2.515162
0.7917239518476514,2.514545
0.7917779207605243,2.514676
0.7918318896733975,2.514847
0.7918858585862706,2.514151
0.7919398274991435,2.51439
0.7919937964120167,2.515281
0.7920477653248897,2.51491
0.7921017342377628,2.514705
0.7921557031506359,2.515203
0.7922096720635089,2.514797
0.7922636409763819,2.514657
0.7923176098892549,2.514971
0.792371578802128,2.514742
0.7924255477150011,2.514675
0.7924795166278741,2.514774
0.7925334855407472,2.514219
0.7925874544536202,2.514196
0.7926414233664933,2.51475
0.7926953922793665,2.514289
0.7927493611922393,2.514033
0.7928033301051124,2.51439
0.7928572990179856,2.51428
0.7929112679308584,2.514344
0.7929652368437315,2.514793
0.7930192057566045,2.51434
0.7930731746694776,2.514029
0.7931271435823508,2.514451
0.7931811124952237,2.514391
0.7932350814080968,2.514111
0.7932890503209699,2.514353
0.7933430192338429,2.513608
0.793396988146716,2.513663
0.793450957059589,2.514054
0.793504925972462,2.513843
0.793558894885335,2.513956
0.7936128637982082,2.514527
0.7936668327110812,2.513751
0.7937208016239542,2.513828
0.7937747705368274,2.51423
0.7938287394497003,2.514028
0.7938827083625735,2.513937
0.7939366772754466,2.514588
0.7939906461883195,2.513979
0.7940446151011926,2.513941
0.7940985840140657,2.514143
0.7941525529269385,2.513315
0.7942065218398118,2.513532
0.7942604907526846,2.51368
0.7943144596655577,2.513721
0.794368428578431,2.513542
0.7944223974913038,2.514159
0.794476366404177,2.513733
0.79453033531705,2.513558
0.794584304229923,2.513806
0.7946382731427961,2.513527
0.7946922420556691,2.513437
0.7947462109685421,2.513194
0.7948001798814152,2.512671
0.7948541487942883,2.512644
0.7949081177071614,2.512632
0.7949620866200344,2.51225
0.7950160555329076,2.512626
0.7950700244457805,2.512992
0.7951239933586536,2.51253
0.7951779622715267,2.512888
0.7952319311843996,2.513123
0.7952859000972727,2.512572
0.7953398690101458,2.512435
0.7953938379230188,2.512925
0.7954478068358919,2.512444
0.795501775748765,2.512292
0.795555744661638,2.512262
0.7956097135745112,2.511992
0.7956636824873842,2.512226
0.7957176514002572,2.512596
0.7957716203131302,2.511946
0.7958255892260033,2.512232
0.7958795581388762,2.512655
0.7959335270517492,2.512457
0.7959874959646224,2.51239
0.7960414648774953,2.512916
0.7960954337903685,2.512268
0.7961494027032417,2.512268
0.7962033716161145,2.512349
0.7962573405289877,2.511794
0.7963113094418606,2.512038
0.7963652783547337,2.512274
0.7964192472676068,2.512016
0.7964732161804797,2.511963
0.7965271850933529,2.511992
0.7965811540062259,2.511705
0.7966351229190989,2.511637
0.7966890918319721,2.512038
0.7967430607448451,2.51152
0.7967970296577181,2.511636
0.7968509985705912,2.51204
0.7969049674834643,2.511865
0.7969589363963373,2.511894
0.7970129053092103,2.512307
0.7970668742220834,2.511622
0.7971208431349565,2.511533
0.7971748120478295,2.511945
0.7972287809607026,2.511656
0.7972827498735756,2.511559
0.7973367187864487,2.511885
0.7973906876993219,2.511431
0.7974446566121947,2.511291
0.7974986255250679,2.511236
0.7975525944379408,2.510828
0.7976065633508138,2.510867
0.7976605322636869,2.511104
0.79771450117656,2.510965
0.797768470089433,2.510973
0.797822439002306,2.511391
0.7978764079151792,2.510909
0.7979303768280522,2.511014
0.7979843457409252,2.511729
0.7980383146537984,2.511229
0.7980922835666713,2.511137
0.7981462524795444,2.511182
0.7982002213924175,2.510922
0.7982541903052904,2.510655
0.7983081592181636,2.511152
0.7983621281310365,2.510521
0.7984160970439096,2.510493
0.7984700659567828,2.510953
0.7985240348696557,2.51056
0.7985780037825289,2.510391
0.798631972695402,2.510611
0.7986859416082749,2.509952
0.798739910521148,2.51008
0.798793879434021,2.510206
0.7988478483468939,2.509908
0.7989018172597672,2.50969
0.7989557861726401,2.510061
0.7990097550855131,2.509641
0.7990637239983862,2.509579
0.7991176929112594,2.510367
0.7991716618241324,2.509864
0.7992256307370054,2.509523
0.7992795996498785,2.509955
0.7993335685627514,2.509234
0.7993875374756245,2.509267
0.7994415063884976,2.509805
0.7994954753013706,2.509486
0.7995494442142437,2.509293
0.7996034131271168,2.509726
0.7996573820399898,2.509504
0.7997113509528629,2.509172
0.799765319865736,2.509535
0.799819288778609,2.509184
0.7998732576914821,2.508972
0.799927226604355,2.509341
0.7999811955172281,2.508935
0.8000351644301011,2.508736
0.8000891333429742,2.509294
0.8001431022558473,2.509051
0.8001970711687204,2.508976
0.8002510400815934,2.509644
0.8003050089944664,2.509487
0.8003589779073396,2.509134
0.8004129468202126,2.509508
0.8004669157330856,2.509201
0.8005208846459587,2.508975
0.8005748535588315,2.509238
0.8006288224717046,2.508633
0.8006827913845779,2.508647
0.8007367602974507,2.508896
0.8007907292103239,2.508609
0.8008446981231969,2.508373
0.8008986670360699,2.50931
0.8009526359489431,2.50891
0.8010066048618161,2.50891
0.8010605737746891,2.50912
0.8011145426875621,2.508739
0.8011685116004352,2.508804
0.8012224805133082,2.509114
0.8012764494261813,2.508915
0.8013304183390544,2.508945
0.8013843872519275,2.509193
0.8014383561648005,2.508848
0.8014923250776737,2.508524
0.8015462939905466,2.508912
0.8016002629034197,2.508797
0.8016542318162928,2.508641
0.8017082007291657,2.508997
0.8017621696420388,2.508502
0.8018161385549117,2.508479
0.8018701074677849,2.508914
0.801924076380658,2.508746
0.801978045293531,2.508256
0.8020320142064041,2.508622
0.8020859831192771,2.508505
0.80213995203215,2.508528
0.8021939209450233,2.508658
0.8022478898578962,2.508274
0.8023018587707692,2.508203
0.8023558276836422,2.508497
0.8024097965965153,2.508128
0.8024637655093884,2.50815
0.8025177344222614,2.508674
0.8025717033351346,2.508103
0.8026256722480075,2.508228
0.8026796411608806,2.508425
0.8027336100737538,2.508116
0.8027875789866267,2.508195
0.8028415478994998,2.508327
0.8028955168123729,2.508017
0.8029494857252458,2.507688
0.803003454638119,2.507906
0.803057423550992,2.507671
0.803111392463865,2.507946
0.8031653613767382,2.50804
0.8032193302896112,2.507426
0.8032732992024842,2.507719
0.8033272681153573,2.508112
0.8033812370282304,2.507483
0.8034352059411034,2.507451
0.8034891748539764,2.507886
0.8035431437668495,2.507417
0.8035971126797223,2.507341
0.8036510815925956,2.507416
0.8037050505054688,2.506999
0.8037590194183416,2.506923
0.8038129883312148,2.507248
0.8038669572440876,2.506747
0.8039209261569608,2.50685
0.8039748950698339,2.507135
0.8040288639827068,2.506831
0.8040828328955799,2.507179
0.8041368018084529,2.507258
0.8041907707213259,2.50689
0.8042447396341991,2.507296
0.8042987085470722,2.507602
0.8043526774599452,2.507286
0.8044066463728183,2.507203
0.8044606152856913,2.507245
0.8045145841985644,2.506807
0.8045685531114374,2.506391
0.8046225220243105,2.506695
0.8046764909371835,2.50613
0.8047304598500565,2.50634
0.8047844287629297,2.506507
0.8048383976758026,2.506293
0.8048923665886758,2.506267
0.8049463355015489,2.506431
0.8050003044144218,2.506103
0.805054273327295,2.506079
0.805108242240168,2.506405
0.805162211153041,2.506333
0.8052161800659141,2.506255
0.8052701489787871,2.506817
0.80532411789166,2.506262
0.805378086804533,2.506236
0.8054320557174062,2.506407
0.8054860246302794,2.506167
0.8055399935431523,2.506299
0.8055939624560255,2.506703
0.8056479313688985,2.506368
0.8057019002817715,2.506331
0.8057558691946446,2.506385
0.8058098381075175,2.506259
0.8058638070203906,2.506325
0.8059177759332637,2.506714
0.8059717448461367,2.50601
0.8060257137590098,2.50616
0.8060796826718828,2.506034
0.8061336515847559,2.505742
0.806187620497629,2.505922
0.806241589410502,2.506259
0.8062955583233751,2.505772
0.8063495272362481,2.505919
0.8064034961491211,2.50621
0.8064574650619942,2.505313
0.8065114339748672,2.505439
0.8065654028877403,2.505754
0.8066193718006133,2.505066
0.8066733407134865,2.504997
0.8067273096263595,2.505172
0.8067812785392325,2.50487
0.8068352474521057,2.504783
0.8068892163649785,2.505309
0.8069431852778516,2.50488
0.8069971541907248,2.504747
0.8070511231035976,2.505138
0.8071050920164707,2.50485
0.8071590609293439,2.505064
0.8072130298422168,2.505073
0.80726699875509,2.504302
0.8073209676679629,2.504254
0.807374936580836,2.504613
0.8074289054937092,2.504276
0.8074828744065821,2.504256
0.8075368433194552,2.504689
0.8075908122323282,2.504409
0.8076447811452012,2.504259
0.8076987500580743,2.504751
0.8077527189709474,2.504701
0.8078066878838204,2.504685
0.8078606567966935,2.504939
0.8079146257095666,2.504488
0.8079685946224396,2.504467
0.8080225635353127,2.50464
0.8080765324481858,2.504116
0.8081305013610587,2.504308
0.8081844702739318,2.504767
0.8082384391868049,2.504126
0.8082924080996777,2.503997
0.808346377012551,2.504142
0.8084003459254239,2.503674
0.8084543148382971,2.503591
0.8085082837511702,2.503793
0.8085622526640432,2.503327
0.8086162215769161,2.503551
0.8086701904897893,2.50368
0.8087241594026623,2.502993
0.8087781283155353,2.503012
0.8088320972284083,2.503791
0.8088860661412814,2.503467
0.8089400350541545,2.503751
0.8089940039670276,2.503718
0.8090479728799007,2.503288
0.8091019417927736,2.503401
0.8091559107056467,2.503572
0.8092098796185199,2.503113
0.8092638485313928,2.503373
0.8093178174442659,2.503376
0.8093717863571388,2.502827
0.8094257552700119,2.502909
0.809479724182885,2.50319
0.809533693095758,2.503013
0.8095876620086312,2.503127
0.8096416309215042,2.50333
0.8096955998343772,2.50276
0.8097495687472503,2.502837
0.8098035376601234,2.503307
0.8098575065729964,2.502959
0.8099114754858693,2.502892
0.8099654443987425,2.503083
0.8100194133116154,2.502686
0.8100733822244884,2.502891
0.8101273511373616,2.503064
0.8101813200502348,2.502362
0.8102352889631077,2.502537
0.8102892578759809,2.502768
0.8103432267888537,2.502249
0.8103971957017269,2.502406
0.8104511646146,2.502587
0.8105051335274729,2.502048
0.810559102440346,2.502341
0.810613071353219,2.502968
0.810667040266092,2.502381
0.8107210091789652,2.502338
0.8107749780918383,2.503004
0.8108289470047113,2.502825
0.8108829159175843,2.502686
0.8109368848304574,2.502782
0.8109908537433305,2.50278
0.8110448226562035,2.502946
0.8110987915690766,2.503087
0.8111527604819495,2.502423
0.8112067293948226,2.502363
0.8112606983076958,2.502477
0.8113146672205687,2.50227
0.8113686361334419,2.502385
0.811422605046315,2.502256
0.8114765739591879,2.501822
0.8115305428720611,2.501561
0.8115845117849338,2.502254
0.8116384806978071,2.502257
0.8116924496106802,2.502333
0.811746418523553,2.501892
0.8118003874364261,2.501582
0.8118543563492991,2.501796
0.8119083252621722,2.502105
0.8119622941750454,2.501679
0.8120162630879184,2.502
0.8120702320007914,2.50208
0.8121242009136644,2.501805
0.8121781698265376,2.501806
0.8122321387394106,2.501516
0.8122861076522836,2.501351
0.8123400765651567,2.501401
0.8123940454780296,2.501485
0.8124480143909028,2.501275
0.812501983303776,2.50126
0.8125559522166489,2.501547
0.812609921129522,2.501277
0.812663890042395,2.501142
0.812717858955268,2.501299
0.8127718278681412,2.501245
0.8128257967810142,2.501583
0.8128797656938872,2.501388
0.8129337346067603,2.500825
0.8129877035196331,2.500918
0.8130416724325064,2.500887
0.8130956413453793,2.500899
0.8131496102582525,2.501238
0.8132035791711256,2.501246
0.8132575480839986,2.501219
0.8133115169968715,2.501272
0.8133654859097446,2.500966
0.8134194548226177,2.500367
0.8134734237354907,2.500669
0.8135273926483637,2.500674
0.8135813615612368,2.500283
0.8136353304741097,2.500256
0.813689299386983,2.500151
0.8137432682998561,2.50038
0.813797237212729,2.500246
0.8138512061256021,2.500237
0.8139051750384751,2.499918
0.8139591439513482,2.500161
0.8140131128642213,2.500313
0.8140670817770943,2.499889
0.8141210506899673,2.500095
0.8141750196028403,2.500019
0.8142289885157135,2.499856
0.8142829574285866,2.499974
0.8143369263414596,2.499774
0.8143908952543327,2.499773
0.8144448641672057,2.49988
0.8144988330800788,2.499676
0.8145528019929519,2.499466
0.8146067709058248,2.499965
0.8146607398186979,2.499991
0.814714708731571,2.499844
0.8147686776444438,2.500128
0.814822646557317,2.500165
0.8148766154701899,2.499604
0.8149305843830631,2.49966
0.8149845532959363,2.499609
0.8150385222088091,2.499315
0.8150924911216822,2.499617
0.8151464600345553,2.499573
0.8152004289474283,2.499275
0.8152543978603014,2.499332
0.8153083667731744,2.499275
0.8153623356860474,2.499131
0.8154163045989204,2.499424
0.8154702735117937,2.499057
0.8155242424246667,2.498762
0.8155782113375397,2.498898
0.8156321802504128,2.498823
0.8156861491632857,2.498804
0.8157401180761589,2.499327
0.815794086989032,2.499452
0.8158480559019049,2.499095
0.815902024814778,2.499587
0.8159559937276512,2.499229
0.8160099626405241,2.498911
0.8160639315533973,2.498916
0.8161179004662703,2.49884
0.8161718693791433,2.498647
0.8162258382920164,2.498767
0.8162798072048895,2.498676
0.8163337761177625,2.498616
0.8163877450306354,2.498705
0.8164417139435086,2.498315
0.8164956828563815,2.498271
0.8165496517692545,2.498792
0.8166036206821279,2.498401
0.8166575895950007,2.498026
0.8167115585078738,2.498228
0.8167655274207469,2.49808
0.8168194963336198,2.498039
0.816873465246493,2.4983
0.8169274341593659,2.498288
0.816981403072239,2.498075
0.8170353719851121,2.498504
0.817089340897985,2.498366
0.8171433098108581,2.498091
0.8171972787237314,2.498279
0.8172512476366043,2.498126
0.8173052165494774,2.498032
0.8173591854623504,2.498284
0.8174131543752234,2.49812
0.8174671232880966,2.49779
0.8175210922009696,2.497923
0.8175750611138426,2.497578
0.8176290300267156,2.497523
0.8176829989395887,2.498059
0.8177369678524617,2.497842
0.8177909367653347,2.497623
0.817844905678208,2.498189
0.8178988745910808,2.49759
0.817952843503954,2.497434
0.8180068124168272,2.497767
0.8180607813297,2.497539
0.8181147502425731,2.497147
0.8181687191554461,2.497521
0.8182226880683191,2.497325
0.8182766569811922,2.497044
0.8183306258940652,2.497565
0.8183845948069384,2.497357
0.8184385637198114,2.497284
0.8184925326326845,2.49776
0.8185465015455575,2.49718
0.8186004704584305,2.496893
0.8186544393713037,2.497359
0.8187084082841767,2.497218
0.8187623771970497,2.496987
0.8188163461099228,2.497393
0.8188703150227957,2.497059
0.8189242839356689,2.496746
0.8189782528485421,2.497053
0.819032221761415,2.496536
0.8190861906742881,2.496299
0.819140159587161,2.496854
0.8191941285000341,2.496568
0.8192480974129073,2.496802
0.8193020663257802,2.496742
0.8193560352386533,2.496291
0.8194100041515263,2.49637
0.8194639730643992,2.496721
0.8195179419772725,2.496455
0.8195719108901456,2.495908
0.8196258798030185,2.49629
0.8196798487158915,2.495893
0.8197338176287646,2.49607
0.8197877865416376,2.496333
0.8198417554545107,2.495986
0.8198957243673838,2.49594
0.8199496932802567,2.496486
0.8200036621931298,2.496488
0.8200576311060029,2.496499
0.8201116000188758,2.496908
0.8201655689317491,2.496159
0.8202195378446222,2.495987
0.8202735067574951,2.496424
0.8203274756703682,2.496006
0.8203814445832411,2.495153
0.8204354134961143,2.495753
0.8204893824089874,2.495859
0.8205433513218603,2.496013
0.8205973202347334,2.496237
0.8206512891476064,2.495955
0.8207052580604794,2.495548
0.8207592269733527,2.495978
0.8208131958862257,2.495446
0.8208671647990987,2.495271
0.8209211337119717,2.495802
0.8209751026248449,2.495265
0.8210290715377179,2.495595
0.8210830404505908,2.496121
0.821137009363464,2.495638
0.8211909782763368,2.495163
0.8212449471892099,2.495661
0.8212989161020833,2.495254
0.8213528850149561,2.495096
0.8214068539278292,2.495489
0.8214608228407022,2.494897
0.8215147917535752,2.495112
0.8215687606664483,2.495071
0.8216227295793214,2.494585
0.8216766984921944,2.494953
0.8217306674050675,2.495121
0.8217846363179405,2.494529
0.8218386052308135,2.494277
0.8218925741436865,2.49474
0.8219465430565598,2.494485
0.8220005119694328,2.494678
0.8220544808823058,2.495001
0.8221084497951789,2.494472
0.8221624187080518,2.494229
0.822216387620925,2.494728
0.8222703565337981,2.494334
0.822324325446671,2.494237
0.8223782943595441,2.494814
0.8224322632724169,2.494388
0.8224862321852902,2.494353
0.8225402010981634,2.49501
0.8225941700110363,2.494271
0.8226481389239094,2.494506
0.8227021078367823,2.494503
0.8227560767496553,2.494004
0.8228100456625285,2.494294
0.8228640145754015,2.494525
0.8229179834882745,2.493901
0.8229719524011476,2.493978
0.8230259213140206,2.494274
0.8230798902268938,2.493624
0.8231338591397668,2.493638
0.8231878280526399,2.494089
0.8232417969655129,2.493464
0.8232957658783859,2.493347
0.8233497347912591,2.49358
0.823403703704132,2.493399
0.8234576726170051,2.493398
0.8235116415298782,2.493689
0.8235656104427511,2.493276
0.8236195793556242,2.493416
0.8236735482684974,2.494017
0.8237275171813704,2.493291
0.8237814860942435,2.49313
0.8238354550071165,2.493546
0.8238894239199895,2.493337
0.8239433928328626,2.493282
0.8239973617457357,2.494114
0.8240513306586087,2.493566
0.8241052995714817,2.493245
0.8241592684843548,2.493626
0.8242132373972276,2.493064
0.824267206310101,2.492864
0.8243211752229741,2.493332
0.8243751441358469,2.493309
0.8244291130487201,2.493335
0.8244830819615933,2.493858
0.824537050874466,2.493145
0.8245910197873392,2.492839
0.8246449887002121,2.493392
0.8246989576130852,2.492462
0.8247529265259583,2.49251
0.8248068954388312,2.492798
0.8248608643517045,2.492475
0.8249148332645775,2.492321
0.8249688021774505,2.49258
0.8250227710903236,2.492194
0.8250767400031966,2.492052
0.8251307089160697,2.49267
0.8251846778289427,2.492151
0.8252386467418158,2.49227
0.8252926156546888,2.492626
0.8253465845675618,2.491841
0.825400553480435,2.491628
0.825454522393308,2.49205
0.8255084913061811,2.491954
0.8255624602190542,2.491916
0.8256164291319271,2.492311
0.8256703980448002,2.491493
0.8257243669576733,2.49138
0.8257783358705462,2.491903
0.8258323047834194,2.491375
0.8258862736962923,2.491284
0.8259402426091653,2.49174
0.8259942115220387,2.491361
0.8260481804349115,2.491357
0.8261021493477846,2.491666
0.8261561182606576,2.490942
0.8262100871735306,2.49095
0.8262640560864037,2.491504
0.8263180249992768,2.491147
0.8263719939121498,2.491128
0.8264259628250228,2.491417
0.8264799317378959,2.490827
0.8265339006507689,2.491137
0.8265878695636419,2.491686
0.8266418384765152,2.491207
0.8266958073893881,2.491396
0.8267497763022612,2.491683
0.8268037452151343,2.491294
0.8268577141280072,2.491143
0.8269116830408804,2.491453
0.8269656519537534,2.491127
0.8270196208666264,2.491319
0.8270735897794995,2.491789
0.8271275586923725,2.49093
0.8271815276052455,2.491192
0.8272354965181187,2.491724
0.8272894654309918,2.491293
0.8273434343438648,2.491292
0.8273974032567378,2.491373
0.827451372169611,2.490685
0.8275053410824839,2.490626
0.8275593099953569,2.49102
0.82761327890823,2.490396
0.8276672478211029,2.490562
0.827721216733976,2.490804
0.8277751856468494,2.490012
0.8278291545597222,2.489937
0.8278831234725953,2.490115
0.8279370923854682,2.48992
0.8279910612983413,2.490196
0.8280450302112145,2.490612
0.8280989991240874,2.489906
0.8281529680369605,2.489795
0.8282069369498335,2.490167
0.8282609058627065,2.48983
0.8283148747755796,2.490228
0.8283688436884528,2.490073
0.8284228126013258,2.489939
0.8284767815141988,2.490067
0.8285307504270719,2.490237
0.8285847193399449,2.489743
0.828638688252818,2.489748
0.8286926571656911,2.489792
0.8287466260785641,2.489244
0.8288005949914371,2.489666
0.8288545639043102,2.49042
0.828908532817183,2.489367
0.8289625017300564,2.489623
0.8290164706429295,2.489981
0.8290704395558023,2.489284
0.8291244084686755,2.489114
0.8291783773815484,2.489498
0.8292323462944214,2.489476
0.8292863152072946,2.489344
0.8293402841201676,2.489738
0.8293942530330406,2.488976
0.8294482219459136,2.488734
0.8295021908587867,2.489051
0.8295561597716599,2.488884
0.8296101286845329,2.489203
0.829664097597406,2.489132
0.8297180665102789,2.488329
0.829772035423152,2.488496
0.8298260043360252,2.489113
0.8298799732488981,2.488846
0.8299339421617712,2.488646
0.8299879110746441,2.489233
0.8300418799875172,2.488922
0.8300958489003903,2.488639
0.8301498178132634,2.488652
0.8302037867261365,2.488113
0.8302577556390096,2.48825
0.8303117245518825,2.488902
0.8303656934647556,2.48863
0.8304196623776287,2.488739
0.8304736312905017,2.488864
0.8305276002033748,2.488274
0.8305815691162477,2.488461
0.8306355380291207,2.488918
0.8306895069419937,2.488356
0.8307434758548671,2.488399
0.83079744476774,2.488618
0.830851413680613,2.487806
0.8309053825934861,2.48756
0.830959351506359,2.487799
0.8310133204192321,2.487575
0.8310672893321053,2.487607
0.8311212582449782,2.488141
0.8311752271578513,2.4879
0.8312291960707243,2.487959
0.8312831649835973,2.488335
0.8313371338964706,2.487986
0.8313911028093436,2.487916
0.8314450717222166,2.488334
0.8314990406350896,2.487917
0.8315530095479627,2.487733
0.8316069784608358,2.488149
0.8316609473737088,2.487818
0.8317149162865819,2.487689
0.8317688851994549,2.487725
0.8318228541123279,2.487503
0.8318768230252012,2.487625
0.8319307919380741,2.488265
0.8319847608509472,2.487792
0.8320387297638203,2.487647
0.8320926986766932,2.488194
0.8321466675895663,2.487483
0.8322006365024391,2.487299
0.8322546054153123,2.487529
0.8323085743281855,2.48734
0.8323625432410583,2.487279
0.8324165121539314,2.487281
0.8324704810668045,2.486767
0.8325244499796776,2.486718
0.8325784188925507,2.486922
0.8326323878054237,2.486194
0.8326863567182967,2.486879
0.8327403256311697,2.487085
0.8327942945440429,2.48651
0.8328482634569159,2.486607
0.8329022323697889,2.487494
0.832956201282662,2.486808
0.8330101701955349,2.486418
0.8330641391084082,2.487003
0.8331181080212813,2.486908
0.8331720769341542,2.486691
0.8332260458470273,2.487104
0.8332800147599004,2.486316
0.8333339836727733,2.48612
0.8333879525856465,2.486531
0.8334419214985194,2.486313
0.8334958904113925,2.486082
0.8335498593242656,2.486588
0.8336038282371384,2.486226
0.8336577971500118,2.485821
0.8337117660628848,2.486316
0.8337657349757577,2.485977
0.8338197038886309,2.485957
0.8338736728015038,2.48638
0.8339276417143768,2.485938
0.8339816106272498,2.485899
0.834035579540123,2.486401
0.834089548452996,2.485745
0.834143517365869,2.485797
0.8341974862787421,2.486126
0.8342514551916151,2.485394
0.8343054241044883,2.485286
0.8343593930173614,2.48534
0.8344133619302343,2.485154
0.8344673308431074,2.485381
0.8345212997559806,2.485634
0.8345752686688535,2.484997
0.8346292375817266,2.485179
0.8346832064945996,2.485616
0.8347371754074726,2.484869
0.8347911443203457,2.48479
0.8348451132332189,2.485027
0.8348990821460919,2.484712
0.8349530510589649,2.484925
0.835007019971838,2.485167
0.835060988884711,2.484555
0.835114957797584,2.484352
0.8351689267104572,2.484862
0.83522289562333,2.484457
0.8352768645362032,2.485025
0.8353308334490763,2.485387
0.8353848023619491,2.484357
0.8354387712748225,2.484792
0.8354927401876953,2.48535
0.8355467091005684,2.484869
0.8356006780134415,2.484453
0.8356546469263144,2.484775
0.8357086158391875,2.48464
0.8357625847520606,2.484349
0.8358165536649336,2.484145
0.8358705225778067,2.483743
0.8359244914906797,2.483353
0.8359784604035527,2.483855
0.836032429316426,2.483643
0.836086398229299,2.483674
0.836140367142172,2.484121
0.836194336055045,2.483788
0.8362483049679181,2.483657
0.8363022738807911,2.48376
0.8363562427936642,2.48362
0.8364102117065373,2.483416
0.8364641806194102,2.483837
0.8365181495322833,2.482991
0.8365721184451566,2.482786
0.8366260873580295,2.483555
0.8366800562709026,2.482939
0.8367340251837756,2.482878
0.8367879940966486,2.483137
0.8368419630095217,2.482545
0.8368959319223948,2.48242
0.8369499008352677,2.482824
0.8370038697481407,2.482384
0.8370578386610138,2.482718
0.8371118075738868,2.482955
0.8371657764867599,2.482675
0.8372197453996332,2.482586
0.837273714312506,2.482807
0.8373276832253791,2.482316
0.8373816521382522,2.482481
0.8374356210511251,2.482978
0.8374895899639982,2.482247
0.8375435588768714,2.482096
0.8375975277897443,2.48267
0.8376514967026174,2.482236
0.8377054656154903,2.482318
0.8377594345283635,2.483024
0.8378134034412367,2.482609
0.8378673723541096,2.482174
0.8379213412669827,2.482673
0.8379753101798557,2.481933
0.8380292790927287,2.481888
0.8380832480056019,2.482293
0.8381372169184749,2.481631
0.8381911858313479,2.48158
0.8382451547442209,2.48213
0.838299123657094,2.481262
0.8383530925699672,2.481351
0.8384070614828402,2.482153
0.8384610303957133,2.481376
0.8385149993085861,2.480754
0.8385689682214592,2.481463
0.8386229371343324,2.480951
0.8386769060472052,2.481155
0.8387308749600784,2.48152
0.8387848438729514,2.480906
0.8388388127858244,2.48088
0.8388927816986975,2.481551
0.8389467506115706,2.481117
0.8390007195244437,2.480789
0.8390546884373168,2.480958
0.8391086573501897,2.480425
0.8391626262630628,2.480314
0.8392165951759358,2.480548
0.8392705640888088,2.480413
0.839324533001682,2.48062
0.839378501914555,2.480816
0.839432470827428,2.480263
0.839486439740301,2.48013
0.8395404086531743,2.480433
0.8395943775660473,2.48007
0.8396483464789203,2.48023
0.8397023153917934,2.480345
0.8397562843046663,2.479885
0.8398102532175394,2.480084
0.8398642221304126,2.48068
0.8399181910432854,2.48016
0.8399721599561586,2.480073
0.8400261288690315,2.480389
0.8400800977819045,2.480071
0.8401340666947779,2.480211
0.8401880356076509,2.480577
0.8402420045205238,2.479855
0.840295973433397,2.479763
0.8403499423462699,2.480075
0.8404039112591429,2.479514
0.840457880172016,2.479609
0.8405118490848891,2.479865
0.8405658179977621,2.47921
0.8406197869106351,2.479294
0.8406737558235083,2.479681
0.8407277247363812,2.479187
0.8407816936492544,2.47907
0.8408356625621275,2.479406
0.8408896314750004,2.478793
0.8409436003878735,2.478851
0.8409975693007464,2.478801
0.8410515382136196,2.478647
0.8411055071264927,2.478882
0.8411594760393656,2.479211
0.8412134449522387,2.478617
0.8412674138651117,2.478935
0.8413213827779848,2.479194
0.841375351690858,2.478584
0.841429320603731,2.47876
0.841483289516604,2.479258
0.8415372584294769,2.478438
0.8415912273423501,2.478295
0.841645196255223,2.478452
0.8416991651680961,2.47833
0.8417531340809692,2.478312
0.8418071029938422,2.478814
0.8418610719067153,2.478279
0.8419150408195886,2.478431
0.8419690097324614,2.478593
0.8420229786453345,2.478396
0.8420769475582076,2.477972
0.8421309164710805,2.47827
0.8421848853839536,2.478104
0.8422388542968267,2.478319
0.8422928232096997,2.478632
0.8423467921225728,2.477804
0.8424007610354458,2.477846
0.8424547299483189,2.478238
0.842508698861192,2.477706
0.8425626677740651,2.477563
0.8426166366869381,2.4778
0.8426706055998111,2.477542
0.8427245745126842,2.477521
0.8427785434255571,2.477901
0.8428325123384303,2.477449
0.8428864812513034,2.477516
0.8429404501641763,2.477524
0.8429944190770494,2.477381
0.8430483879899222,2.477415
0.8431023569027956,2.477501
0.8431563258156687,2.476789
0.8432102947285415,2.476893
0.8432642636414147,2.477147
0.8433182325542878,2.47678
0.8433722014671606,2.476775
0.8434261703800338,2.477405
0.8434801392929068,2.477001
0.8435341082057798,2.477043
0.8435880771186529,2.476952
0.843642046031526,2.476629
0.843696014944399,2.47669
0.8437499838572721,2.477436
0.8438039527701452,2.477176
0.8438579216830182,2.477101
0.8439118905958912,2.477476
0.8439658595087643,2.476869
0.8440198284216373,2.476946
0.8440737973345104,2.477039
0.8441277662473835,2.476788
0.8441817351602564,2.477092
0.8442357040731296,2.477512
0.8442896729860027,2.476982
0.8443436418988757,2.476687
0.8443976108117488,2.476872
0.8444515797246218,2.476433
0.8445055486374948,2.476618
0.844559517550368,2.476855
0.844613486463241,2.476098
0.844667455376114,2.4763
0.8447214242889869,2.476744
0.8447753932018602,2.476135
0.8448293621147333,2.475926
0.8448833310276063,2.476116
0.8449372999404794,2.475713
0.8449912688533522,2.475925
0.8450452377662253,2.476327
0.8450992066790985,2.475783
0.8451531755919713,2.475546
0.8452071445048445,2.475962
0.8452611134177174,2.475283
0.8453150823305905,2.47563
0.8453690512434637,2.476121
0.8454230201563366,2.475241
0.8454769890692098,2.475317
0.8455309579820828,2.475564
0.8455849268949558,2.475305
0.8456388958078289,2.475132
0.8456928647207019,2.475569
0.845746833633575,2.475203
0.845800802546448,2.474997
0.8458547714593211,2.475356
0.8459087403721941,2.474907
0.8459627092850671,2.474862
0.8460166781979404,2.475211
0.8460706471108134,2.47473
0.8461246160236864,2.47461
0.8461785849365595,2.474948
0.8462325538494324,2.474446
0.8462865227623055,2.474455
0.8463404916751787,2.475013
0.8463944605880515,2.474588
0.8464484295009246,2.474301
0.8465023984137975,2.47454
0.8465563673266707,2.473939
0.846610336239544,2.473991
0.8466643051524168,2.474446
0.8467182740652899,2.473801
0.8467722429781629,2.47368
0.8468262118910359,2.473931
0.846880180803909,2.473938
0.846934149716782,2.474064
0.8469881186296551,2.474125
0.8470420875425281,2.473715
0.8470960564554012,2.473495
0.8471500253682743,2.473957
0.8472039942811473,2.473508
0.8472579631940205,2.473704
0.8473119321068934,2.474035
0.8473659010197665,2.473828
0.8474198699326396,2.473834
0.8474738388455125,2.47418
0.8475278077583857,2.473906
0.8475817766712588,2.473711
0.8476357455841317,2.473404
0.8476897144970048,2.472938
0.8477436834098779,2.47294
0.847797652322751,2.473704
0.8478516212356241,2.473121
0.8479055901484971,2.473176
0.8479595590613701,2.473543
0.848013527974243,2.473001
0.8480674968871162,2.473052
0.8481214657999891,2.473195
0.8481754347128622,2.472788
0.8482294036257353,2.472486
0.8482833725386082,2.472919
0.8483373414514814,2.472876
0.8483913103643546,2.472658
0.8484452792772275,2.473159
0.8484992481901006,2.472484
0.8485532171029735,2.472412
0.8486071860158466,2.472718
0.8486611549287197,2.472565
0.8487151238415926,2.472522
0.8487690927544658,2.472501
0.8488230616673388,2.472493
0.8488770305802118,2.472333
0.848930999493085,2.472773
0.848984968405958,2.472527
0.8490389373188311,2.472551
0.8490929062317042,2.473001
0.8491468751445772,2.472519
0.8492008440574502,2.472395
0.8492548129703232,2.472449
0.8493087818831964,2.471933
0.8493627507960694,2.471997
0.8494167197089423,2.472429
0.8494706886218156,2.472052
0.8495246575346884,2.471635
0.8495786264475617,2.472136
0.8496325953604348,2.471725
0.8496865642733076,2.471681
0.8497405331861807,2.471681
0.8497945020990537,2.47112
0.8498484710119267,2.47097
0.8499024399247999,2.471349
0.8499564088376729,2.470898
0.8500103777505459,2.470737
0.8500643466634189,2.470631
0.8501183155762921,2.470796
0.8501722844891652,2.470909
0.8502262534020382,2.471205
0.8502802223149113,2.471255
0.8503341912277843,2.471382
0.8503881601406573,2.471558
0.8504421290535304,2.471
0.8504960979664034,2.470677
0.8505500668792765,2.470854
0.8506040357921496,2.470259
0.8506580047050225,2.470186
0.8507119736178957,2.470626
0.8507659425307686,2.470185
0.8508199114436418,2.470213
0.8508738803565149,2.470636
0.8509278492693878,2.470139
0.8509818181822609,2.47019
0.8510357870951339,2.470263
0.8510897560080068,2.469543
0.8511437249208801,2.469496
0.851197693833753,2.469904
0.8512516627466262,2.469562
0.8513056316594991,2.469886
0.8513596005723723,2.470077
0.8514135694852453,2.469679
0.8514675383981183,2.469709
0.8515215073109914,2.469779
0.8515754762238643,2.469477
0.8516294451367374,2.469753
0.8516834140496106,2.469716
0.8517373829624835,2.469369
0.8517913518753566,2.469518
0.8518453207882298,2.469813
0.8518992897011027,2.469368
0.8519532586139759,2.469505
0.8520072275268489,2.469397
0.8520611964397219,2.469463
0.852115165352595,2.46958
0.8521691342654679,2.469512
0.852223103178341,2.469471
0.8522770720912141,2.469775
0.8523310410040871,2.469404
0.8523850099169602,2.469052
0.8524389788298333,2.469118
0.8524929477427063,2.469014
0.8525469166555794,2.469036
0.8526008855684525,2.469195
0.8526548544813255,2.469131
0.8527088233941984,2.469117
0.8527627923070716,2.469649
0.8528167612199444,2.469934
0.8528707301328176,2.469498
0.8529246990456907,2.469148
0.8529786679585636,2.469472
0.8530326368714368,2.469153
0.8530866057843098,2.469193
0.8531405746971829,2.469129
0.853194543610056,2.468615
0.853248512522929,2.469225
0.853302481435802,2.469174
0.8533564503486751,2.46857
0.8534104192615481,2.468909
0.8534643881744212,2.469039
0.8535183570872942,2.468589
0.8535723260001673,2.468891
0.8536262949130404,2.468666
0.8536802638259134,2.468305
0.8537342327387866,2.468582
0.8537882016516595,2.468613
0.8538421705645326,2.467872
0.8538961394774057,2.468059
0.8539501083902786,2.468196
0.8540040773031518,2.468255
0.8540580462160245,2.468358
0.8541120151288978,2.467979
0.854165984041771,2.467498
0.8542199529546439,2.467768
0.854273921867517,2.467487
0.85432789078039,2.467129
0.854381859693263,2.467507
0.8544358286061361,2.46736
0.8544897975190091,2.467123
0.8545437664318821,2.467037
0.8545977353447551,2.466911
0.8546517042576283,2.466722
0.8547056731705013,2.467092
0.8547596420833743,2.46716
0.8548136109962475,2.466871
0.8548675799091205,2.467042
0.8549215488219936,2.466999
0.8549755177348667,2.466878
0.8550294866477396,2.466767
0.8550834555606127,2.466716
0.8551374244734858,2.466347
0.8551913933863587,2.466534
0.8552453622992319,2.466738
0.8552993312121049,2.466785
0.8553533001249779,2.467198
0.8554072690378511,2.467106
0.8554612379507242,2.466758
0.8555152068635972,2.467035
0.8555691757764702,2.466731
0.8556231446893433,2.466392
0.8556771136022163,2.46679
0.8557310825150893,2.466508
0.8557850514279625,2.466542
0.8558390203408353,2.46662
0.8558929892537084,2.466555
0.8559469581665817,2.466632
0.8560009270794545,2.466711
0.8560548959923278,2.466134
0.8561088649052009,2.466195
0.8561628338180737,2.466629
0.8562168027309468,2.4663
0.8562707716438197,2.46616
0.8563247405566928,2.466331
0.856378709469566,2.466224
0.8564326783824389,2.465799
0.856486647295312,2.466312
0.8565406162081851,2.466375
0.8565945851210581,2.466272
0.8566485540339313,2.466723
0.8567025229468043,2.4662
0.8567564918596773,2.46581
0.8568104607725503,2.46612
0.8568644296854234,2.466007
0.8569183985982964,2.465692
0.8569723675111695,2.465783
0.8570263364240426,2.465626
0.8570803053369155,2.465404
0.8571342742497887,2.465948
0.8571882431626618,2.465634
0.8572422120755347,2.465606
0.8572961809884079,2.465805
0.8573501499012809,2.465557
0.8574041188141538,2.46526
0.857458087727027,2.465641
0.8575120566398999,2.465741
0.857566025552773,2.465286
0.8576199944656461,2.465286
0.8576739633785191,2.465003
0.8577279322913922,2.465284
0.8577819012042652,2.465564
0.8578358701171384,2.465154
0.8578898390300114,2.465116
0.8579438079428844,2.46574
0.8579977768557575,2.465425
0.8580517457686304,2.465579
0.8581057146815035,2.465616
0.8581596835943767,2.465237
0.8582136525072496,2.465189
0.8582676214201227,2.46545
0.8583215903329957,2.465178
0.8583755592458688,2.465165
0.858429528158742,2.465328
0.8584834970716149,2.4653
0.858537465984488,2.46487
0.858591434897361,2.465131
0.858645403810234,2.464922
0.8586993727231071,2.464957
0.8587533416359802,2.465438
0.8588073105488532,2.465009
0.8588612794617261,2.465214
0.8589152483745994,2.465375
0.8589692172874724,2.464989
0.8590231862003455,2.464752
0.8590771551132186,2.464794
0.8591311240260916,2.464483
0.8591850929389645,2.46424
0.8592390618518376,2.464719
0.8592930307647105,2.464324
0.8593469996775837,2.464313
0.8594009685904568,2.46446
0.8594549375033297,2.463953
0.8595089064162029,2.464088
0.8595628753290758,2.464276
0.859616844241949,2.464078
0.8596708131548221,2.464058
0.859724782067695,2.464594
0.8597787509805681,2.464159
0.8598327198934411,2.463999
0.8598866888063141,2.464282
0.8599406577191873,2.46402
0.8599946266320603,2.464013
0.8600485955449333,2.464249
0.8601025644578064,2.463917
0.8601565333706795,2.464094
0.8602105022835526,2.464406
0.8602644711964256,2.463934
0.8603184401092987,2.463828
0.8603724090221715,2.464165
0.8604263779350447,2.463745
0.8604803468479179,2.463641
0.8605343157607906,2.463984
0.8605882846736638,2.463504
0.8606422535865371,2.463242
0.8606962224994099,2.463826
0.8607501914122831,2.463409
0.860804160325156,2.463641
0.8608581292380291,2.46391
0.8609120981509022,2.463334
0.8609660670637752,2.463371
0.8610200359766482,2.463706
0.8610740048895212,2.463243
0.8611279738023944,2.463248
0.8611819427152674,2.463383
0.8612359116281405,2.462869
0.8612898805410136,2.462927
0.8613438494538865,2.463374
0.8613978183667597,2.463447
0.8614517872796328,2.462998
0.8615057561925057,2.463449
0.8615597251053788,2.463016
0.8616136940182517,2.462677
0.8616676629311248,2.463544
0.861721631843998,2.463256
0.8617756007568709,2.463335
0.8618295696697441,2.463462
0.8618835385826172,2.462997
0.8619375074954901,2.463022
0.8619914764083633,2.463343
0.8620454453212363,2.462592
0.8620994142341093,2.462792
0.8621533831469824,2.463363
0.8622073520598554,2.46276
0.8622613209727283,2.462521
0.8623152898856014,2.462871
0.8623692587984745,2.462629
0.8624232277113476,2.462875
0.8624771966242206,2.462818
0.8625311655370937,2.462349
0.8625851344499667,2.462502
0.8626391033628398,2.462749
0.8626930722757129,2.462039
0.8627470411885858,2.462281
0.8628010101014589,2.462804
0.862854979014332,2.462056
0.862908947927205,2.462153
0.8629629168400781,2.462485
0.8630168857529512,2.462032
0.8630708546658242,2.462293
0.8631248235786972,2.463105
0.8631787924915704,2.462531
0.8632327614044434,2.462209
0.8632867303173164,2.462598
0.8633406992301895,2.462255
0.8633946681430625,2.462341
0.8634486370559356,2.462634
0.8635026059688087,2.462003
0.8635565748816815,2.462132
0.8636105437945548,2.462827
0.863664512707428,2.462476
0.8637184816203008,2.461919
0.863772450533174,2.461987
0.8638264194460468,2.461837
0.8638803883589199,2.461543
0.8639343572717931,2.461728
0.8639883261846659,2.461461
0.864042295097539,2.461361
0.8640962640104121,2.461329
0.8641502329232851,2.461094
0.8642042018361583,2.461199
0.8642581707490313,2.461721
0.8643121396619043,2.461132
0.8643661085747774,2.461476
0.8644200774876505,2.461588
0.8644740464005235,2.460814
0.8645280153133965,2.460779
0.8645819842262696,2.461357
0.8646359531391425,2.460843
0.8646899220520157,2.460705
0.8647438909648889,2.461047
0.8647978598777618,2.460706
0.8648518287906349,2.460803
0.8649057977035081,2.461226
0.864959766616381,2.46061
0.8650137355292541,2.460429
0.8650677044421271,2.461154
0.8651216733550001,2.460378
0.8651756422678732,2.46058
0.865229611180746,2.460905
0.8652835800936192,2.460637
0.8653375490064924,2.460701
0.8653915179193653,2.461251
0.8654454868322385,2.460409
0.8654994557451114,2.460554
0.8655534246579845,2.460943
0.8656073935708575,2.460371
0.8656613624837306,2.460129
0.8657153313966036,2.460468
0.8657693003094766,2.460181
0.8658232692223498,2.460437
0.8658772381352227,2.461046
0.8659312070480959,2.460241
0.865985175960969,2.460178
0.8660391448738419,2.460823
0.866093113786715,2.460411
0.8661470826995881,2.460238
0.8662010516124611,2.460377
0.8662550205253342,2.459951
0.8663089894382072,2.460336
0.8663629583510802,2.460415
0.8664169272639534,2.459785
0.8664708961768264,2.459866
0.8665248650896995,2.460163
0.8665788340025725,2.459596
0.8666328029154456,2.459827
0.8666867718283187,2.460238
0.8667407407411917,2.459679
0.8667947096540648,2.459833
0.8668486785669376,2.460202
0.8669026474798108,2.459876
0.866956616392684,2.459667
0.8670105853055567,2.459684
0.8670645542184299,2.459017
0.8671185231313029,2.459305
0.867172492044176,2.459796
0.8672264609570491,2.459382
0.867280429869922,2.459209
0.8673343987827952,2.45938
0.8673883676956682,2.459205
0.8674423366085412,2.45945
0.8674963055214143,2.459677
0.8675502744342873,2.459079
0.8676042433471604,2.459106
0.8676582122600335,2.45941
0.8677121811729066,2.458883
0.8677661500857796,2.459111
0.8678201189986526,2.459582
0.8678740879115258,2.458979
0.8679280568243988,2.458949
0.8679820257372718,2.458952
0.8680359946501449,2.45877
0.8680899635630178,2.458444
0.868143932475891,2.459086
0.8681979013887641,2.458532
0.868251870301637,2.458736
0.8683058392145102,2.459203
0.8683598081273832,2.458807
0.8684137770402562,2.459054
0.8684677459531294,2.459341
0.8685217148660024,2.45886
0.8685756837788753,2.45863
0.8686296526917483,2.45896
0.8686836216046214,2.458038
0.8687375905174944,2.458021
0.8687915594303675,2.458765
0.8688455283432408,2.458213
0.8688994972561136,2.4583
0.8689534661689867,2.458592
0.8690074350818598,2.457831
0.8690614039947328,2.457873
0.8691153729076059,2.45818
0.869169341820479,2.457939
0.8692233107333519,2.458014
0.869277279646225,2.458081
0.8693312485590979,2.457933
0.8693852174719711,2.457776
0.8694391863848443,2.458215
0.8694931552977172,2.457635
0.8695471242105903,2.457753
0.8696010931234633,2.457978
0.8696550620363364,2.457451
0.8697090309492095,2.457695
0.8697629998620825,2.458183
0.8698169687749555,2.457926
0.8698709376878285,2.457477
0.8699249066007017,2.45786
0.8699788755135747,2.457095
0.8700328444264478,2.457051
0.8700868133393209,2.457612
0.8701407822521937,2.457227
0.8701947511650668,2.45715
0.8702487200779401,2.457243
0.8703026889908129,2.456581
0.870356657903686,2.456284
0.870410626816559,2.456753
0.870464595729432,2.456192
0.8705185646423051,2.456514
0.8705725335551782,2.456942
0.8706265024680513,2.456409
0.8706804713809244,2.456261
0.8707344402937974,2.456569
0.8707884092066704,2.456156
0.8708423781195435,2.455854
0.8708963470324166,2.456286
0.8709503159452896,2.455743
0.8710042848581626,2.455858
0.8710582537710357,2.456312
0.8711122226839086,2.455733
0.8711661915967818,2.455733
0.871220160509655,2.456319
0.8712741294225279,2.456101
0.871328098335401,2.455695
0.8713820672482739,2.455995
0.8714360361611471,2.455502
0.8714900050740202,2.455339
0.871543973986893,2.455965
0.8715979428997662,2.455365
0.8716519118126391,2.455784
0.8717058807255121,2.456219
0.8717598496383853,2.455429
0.8718138185512585,2.455252
0.8718677874641314,2.455577
0.8719217563770044,2.455421
0.8719757252898775,2.455407
0.8720296942027506,2.455726
0.8720836631156236,2.455595
0.8721376320284967,2.455481
0.8721916009413697,2.455974
0.8722455698542427,2.455411
0.8722995387671159,2.455247
0.8723535076799888,2.455454
0.872407476592862,2.454907
0.8724614455057351,2.455178
0.872515414418608,2.45527
0.8725693833314812,2.454676
0.8726233522443541,2.454784
0.8726773211572272,2.454765
0.8727312900701003,2.454399
0.8727852589829732,2.454649
0.8728392278958463,2.454772
0.8728931968087194,2.454353
0.8729471657215924,2.454259
0.8730011346344656,2.454683
0.8730551035473386,2.45411
0.8731090724602116,2.454184
0.8731630413730846,2.454407
0.8732170102859578,2.453822
0.8732709791988307,2.454219
0.8733249481117037,2.454629
0.8733789170245768,2.454272
0.8734328859374498,2.454224
0.8734868548503228,2.454358
0.8735408237631962,2.453862
0.873594792676069,2.453761
0.8736487615889421,2.454273
0.8737027305018152,2.45342
0.8737566994146881,2.4535
0.8738106683275613,2.453821
0.8738646372404343,2.453325
0.8739186061533073,2.453223
0.8739725750661804,2.453748
0.8740265439790534,2.453508
0.8740805128919265,2.453177
0.8741344818047995,2.453805
0.8741884507176727,2.453423
0.8742424196305457,2.453511
0.8742963885434187,2.454113
0.8743503574562919,2.453408
0.8744043263691648,2.453052
0.8744582952820379,2.453731
0.874512264194911,2.453482
0.8745662331077839,2.452948
0.874620202020657,2.453433
0.8746741709335298,2.452846
0.8747281398464032,2.45264
0.8747821087592763,2.453201
0.8748360776721491,2.452937
0.8748900465850223,2.452702
0.8749440154978955,2.452688
0.8749979844107683,2.452092
0.8750519533236414,2.452509
0.8751059222365144,2.452879
0.8751598911493874,2.452079
0.8752138600622605,2.452216
0.8752678289751336,2.452502
0.8753217978880067,2.451887
0.8753757668008797,2.451822
0.8754297357137528,2.452205
0.8754837046266258,2.45211
0.8755376735394989,2.452477
0.875591642452372,2.452383
0.8756456113652449,2.452125
0.875699580278118,2.452193
0.8757535491909911,2.451883
0.875807518103864,2.451938
0.8758614870167372,2.451806
0.8759154559296103,2.452318
0.8759694248424833,2.451754
0.8760233937553564,2.451789
0.8760773626682294,2.452376
0.8761313315811025,2.451696
0.8761853004939755,2.45172
0.8762392694068486,2.452285
0.8762932383197216,2.451964
0.8763472072325945,2.452196
0.8764011761454678,2.452116
0.8764551450583407,2.451454
0.8765091139712139,2.451361
0.876563082884087,2.451715
0.8766170517969598,2.451088
0.8766710207098329,2.451387
0.8767249896227062,2.451719
0.876778958535579,2.451032
0.8768329274484521,2.450513
0.876886896361325,2.451089
0.8769408652741981,2.450441
0.8769948341870712,2.450495
0.8770488030999442,2.450835
0.8771027720128174,2.450138
0.8771567409256904,2.450407
0.8772107098385634,2.45087
0.8772646787514365,2.450216
0.8773186476643096,2.450241
0.8773726165771826,2.450654
0.8774265854900556,2.450203
0.8774805544029287,2.450093
0.8775345233158017,2.45068
0.8775884922286747,2.449992
0.877642461141548,2.4502
0.8776964300544209,2.450761
0.877750398967294,2.450361
0.8778043678801671,2.450288
0.87785833679304,2.450618
0.8779123057059132,2.449731
0.8779662746187863,2.449606
0.8780202435316591,2.450251
0.8780742124445323,2.449476
0.8781281813574052,2.449492
0.8781821502702782,2.44997
0.8782361191831516,2.449031
0.8782900880960244,2.449236
0.8783440570088975,2.449659
0.8783980259217705,2.449361
0.8784519948346435,2.449739
0.8785059637475167,2.449864
0.8785599326603897,2.449313
0.8786139015732627,2.449466
0.8786678704861357,2.449753
0.8787218393990088,2.449295
0.8787758083118818,2.449031
0.8788297772247549,2.449633
0.8788837461376281,2.449238
0.878937715050501,2.449571
0.8789916839633741,2.449667
0.8790456528762473,2.448946
0.8790996217891202,2.448728
0.8791535907019933,2.449052
0.8792075596148664,2.44851
0.8792615285277393,2.448286
0.8793154974406124,2.448724
0.8793694663534855,2.448354
0.8794234352663586,2.44858
0.8794774041792317,2.448931
0.8795313730921047,2.448589
0.8795853420049777,2.448338
0.8796393109178506,2.448503
0.8796932798307239,2.448158
0.8797472487435968,2.448182
0.8798012176564698,2.448564
0.8798551865693429,2.448234
0.8799091554822158,2.447902
0.879963124395089,2.448038
0.8800170933079622,2.447394
0.8800710622208351,2.447365
0.8801250311337082,2.448181
0.8801790000465811,2.447467
0.8802329689594542,2.447344
0.8802869378723274,2.447671
0.8803409067852003,2.447355
0.8803948756980734,2.447473
0.8804488446109464,2.447736
0.8805028135238194,2.447379
0.8805567824366926,2.447234
0.8806107513495657,2.447492
0.8806647202624387,2.447211
0.8807186891753118,2.446872
0.8807726580881848,2.447301
0.8808266270010578,2.446822
0.8808805959139309,2.446842
0.880934564826804,2.447505
0.880988533739677,2.446813
0.88104250265255,2.446819
0.8810964715654231,2.447388
0.8811504404782959,2.446956
0.8812044093911693,2.446855
0.8812583783040424,2.446974
0.8813123472169152,2.446574
0.8813663161297883,2.446776
0.8814202850426613,2.447037
0.8814742539555344,2.446781
0.8815282228684075,2.446915
0.8815821917812805,2.447353
0.8816361606941535,2.446873
0.8816901296070265,2.446779
0.8817440985198997,2.446937
0.8817980674327728,2.446206
0.8818520363456458,2.446158
0.8819060052585189,2.44646
0.8819599741713918,2.445961
0.882013943084265,2.44646
0.8820679119971381,2.446443
0.882121880910011,2.446429
0.8821758498228841,2.446237
0.8822298187357572,2.446336
0.8822837876486301,2.446245
0.8823377565615034,2.44649
0.8823917254743763,2.446668
0.8824456943872494,2.446181
0.8824996633001225,2.446113
0.8825536322129954,2.446224
0.8826076011258686,2.445932
0.8826615700387416,2.446145
0.8827155389516145,2.446173
0.8827695078644877,2.445185
0.8828234767773606,2.445346
0.8828774456902336,2.445517
0.8829314146031066,2.444952
0.88298538351598,2.444994
0.8830393524288529,2.445434
0.8830933213417259,2.444849
0.883147290254599,2.444701
0.8832012591674719,2.445208
0.8832552280803451,2.444965
0.8833091969932182,2.445022
0.8833631659060911,2.445057
0.8834171348189642,2.444868
0.8834711037318372,2.444861
0.8835250726447103,2.445122
0.8835790415575835,2.444852
0.8836330104704565,2.444407
0.8836869793833295,2.444592
0.8837409482962026,2.444059
0.8837949172090757,2.444136
0.8838488861219487,2.444709
0.8839028550348217,2.444344
0.8839568239476948,2.444367
0.8840107928605678,2.444468
0.8840647617734408,2.443864
0.8841187306863141,2.444043
0.884172699599187,2.44421
0.8842266685120601,2.443424
0.8842806374249332,2.443382
0.884334606337806,2.443667
0.8843885752506793,2.443039
0.8844425441635521,2.443328
0.8844965130764252,2.443719
0.8845504819892983,2.443312
0.8846044509021712,2.443383
0.8846584198150443,2.443322
0.8847123887279175,2.442771
0.8847663576407905,2.442557
0.8848203265536636,2.442796
0.8848742954665366,2.442544
0.8849282643794096,2.44253
0.8849822332922828,2.442773
0.8850362022051558,2.442207
0.8850901711180288,2.442177
0.8851441400309018,2.442358
0.8851981089437749,2.442004
0.885252077856648,2.442027
0.8853060467695211,2.442184
0.8853600156823942,2.441833
0.8854139845952671,2.441696
0.8854679535081402,2.442193
0.8855219224210134,2.441622
0.8855758913338863,2.441665
0.8856298602467594,2.441947
0.8856838291596322,2.441547
0.8857377980725054,2.441787
0.8857917669853785,2.442033
0.8858457358982513,2.441318
0.8858997048111247,2.441503
0.8859536737239977,2.441816
0.8860076426368706,2.441576
0.8860616115497437,2.441385
0.8861155804626167,2.441704
0.8861695493754898,2.4413
0.8862235182883628,2.441252
0.8862774872012359,2.441587
0.8863314561141089,2.440734
0.8863854250269819,2.440803
0.886439393939855,2.441274
0.8864933628527282,2.440671
0.8865473317656012,2.440636
0.8866013006784743,2.440841
0.8866552695913472,2.440106
0.8867092385042203,2.439895
0.8867632074170935,2.440706
0.8868171763299664,2.440538
0.8868711452428395,2.44038
0.8869251141557125,2.440725
0.8869790830685855,2.440345
0.8870330519814588,2.440247
0.8870870208943318,2.44069
0.8871409898072048,2.440102
0.8871949587200778,2.440161
0.8872489276329509,2.440708
0.887302896545824,2.440206
0.887356865458697,2.440466
0.8874108343715701,2.440931
0.8874648032844429,2.440005
0.887518772197316,2.439987
0.8875727411101892,2.440403
0.887626710023062,2.43989
0.8876806789359354,2.439774
0.8877346478488082,2.440143
0.8877886167616813,2.43948
0.8878425856745544,2.439575
0.8878965545874273,2.440122
0.8879505235003005,2.439757
0.8880044924131736,2.439254
0.8880584613260465,2.43993
0.8881124302389196,2.43939
0.8881663991517926,2.439181
0.8882203680646656,2.439552
0.8882743369775389,2.438976
0.8883283058904119,2.43896
0.8883822748032849,2.439034
0.8884362437161579,2.438485
0.888490212629031,2.438944
0.8885441815419041,2.439158
0.8885981504547771,2.438578
0.8886521193676502,2.438377
0.8887060882805231,2.438627
0.8887600571933962,2.438523
0.8888140261062695,2.438483
0.8888679950191424,2.438806
0.8889219639320155,2.438745
0.8889759328448885,2.43884
0.8890299017577615,2.439045
0.8890838706706347,2.438466
0.8891378395835076,2.438625
0.8891918084963806,2.438661
0.8892457774092536,2.438524
0.8892997463221267,2.438316
0.8893537152349997,2.438258
0.8894076841478729,2.437805
0.889461653060746,2.437906
0.889515621973619,2.437949
0.889569590886492,2.437631
0.8896235597993651,2.437824
0.889677528712238,2.437984
0.8897314976251112,2.437494
0.8897854665379843,2.437636
0.8898394354508572,2.437906
0.8898934043637303,2.437502
0.8899473732766032,2.437629
0.8900013421894765,2.437552
0.8900553111023496,2.436835
0.8901092800152225,2.437302
0.8901632489280956,2.437978
0.8902172178409686,2.437412
0.8902711867538416,2.437206
0.8903251556667148,2.437351
0.8903791245795878,2.436639
0.8904330934924608,2.436855
0.8904870624053337,2.436849
0.8905410313182069,2.436584
0.8905950002310801,2.436371
0.8906489691439531,2.436986
0.8907029380568262,2.436536
0.8907569069696992,2.436539
0.8908108758825721,2.436914
0.8908648447954454,2.436402
0.8909188137083182,2.43647
0.8909727826211913,2.436588
0.8910267515340644,2.436109
0.8910807204469373,2.435894
0.8911346893598104,2.436153
0.8911886582726836,2.435904
0.8912426271855566,2.436113
0.8912965960984297,2.436075
0.8913505650113026,2.435546
0.8914045339241757,2.435585
0.8914585028370487,2.435891
0.8915124717499218,2.43591
0.8915664406627949,2.435873
0.8916204095756679,2.435763
0.8916743784885409,2.435483
0.8917283474014139,2.435467
0.8917823163142872,2.435925
0.8918362852271602,2.435858
0.8918902541400332,2.435526
0.8919442230529063,2.435411
0.8919981919657792,2.43532
0.8920521608786524,2.435889
0.8921061297915255,2.436036
0.8921600987043983,2.435771
0.8922140676172714,2.43586
0.8922680365301446,2.435637
0.8923220054430174,2.435315
0.8923759743558908,2.435478
0.8924299432687637,2.435459
0.8924839121816367,2.435371
0.8925378810945098,2.435463
0.8925918500073828,2.435802
0.8926458189202559,2.435239
0.8926997878331289,2.435132
0.892753756746002,2.435297
0.892807725658875,2.435052
0.892861694571748,2.435319
0.8929156634846213,2.435256
0.8929696323974942,2.434663
0.8930236013103673,2.434831
0.8930775702232404,2.434614
0.8931315391361133,2.434632
0.8931855080489864,2.434458
0.8932394769618593,2.43415
0.8932934458747325,2.433902
0.8933474147876056,2.434199
0.8934013837004785,2.434576
0.8934553526133516,2.434268
0.8935093215262248,2.434021
0.8935632904390978,2.434005
0.8936172593519709,2.433332
0.8936712282648439,2.433769
0.8937251971777169,2.433794
0.89377916609059,2.43358
0.8938331350034631,2.434028
0.893887103916336,2.433885
0.893941072829209,2.433282
0.8939950417420821,2.4336
0.8940490106549551,2.433413
0.8941029795678282,2.432959
0.8941569484807014,2.433298
0.8942109173935743,2.433123
0.8942648863064474,2.432823
0.8943188552193205,2.433111
0.8943728241321934,2.433093
0.8944267930450666,2.432765
0.8944807619579396,2.432735
0.8945347308708126,2.432688
0.8945886997836857,2.432745
0.8946426686965587,2.432917
0.8946966376094319,2.433134
0.8947506065223049,2.433016
0.894804575435178,2.433064
0.894858544348051,2.432867
0.894912513260924,2.432711
0.8949664821737972,2.432797
0.89502045108667,2.432508
0.8950744199995432,2.432247
0.8951283889124163,2.432181
0.8951823578252891,2.432006
0.8952363267381623,2.431912
0.8952902956510356,2.432302
0.8953442645639085,2.432382
0.8953982334767816,2.431938
0.8954522023896544,2.432188
0.8955061713025275,2.432155
0.8955601402154008,2.432055
0.8956141091282736,2.432317
0.8956680780411467,2.43188
0.8957220469540197,2.431833
0.8957760158668927,2.431849
0.8958299847797658,2.431732
0.895883953692639,2.431396
0.895937922605512,2.432282
0.895991891518385,2.432001
0.8960458604312581,2.431605
0.8960998293441311,2.43192
0.8961537982570041,2.431916
0.8962077671698773,2.431515
0.8962617360827502,2.43159
0.8963157049956233,2.431225
0.8963696739084964,2.430911
0.8964236428213693,2.430785
0.8964776117342426,2.430556
0.8965315806471157,2.430504
0.8965855495599886,2.431154
0.8966395184728617,2.431046
0.8966934873857347,2.430783
0.8967474562986077,2.431236
0.8968014252114809,2.430826
0.8968553941243539,2.43062
0.8969093630372269,2.430829
0.8969633319500998,2.430494
0.8970173008629732,2.430409
0.8970712697758462,2.430541
0.8971252386887191,2.430225
0.8971792076015923,2.430215
0.8972331765144651,2.430671
0.8972871454273382,2.430228
0.8973411143402114,2.430212
0.8973950832530843,2.430424
0.8974490521659574,2.429672
0.8975030210788303,2.430022
0.8975569899917034,2.430243
0.8976109589045767,2.429985
0.8976649278174496,2.429773
0.8977188967303227,2.430012
0.8977728656431957,2.429759
0.8978268345560687,2.429547
0.8978808034689418,2.429605
0.8979347723818148,2.429196
0.8979887412946879,2.42919
0.898042710207561,2.429572
0.898096679120434,2.4295
0.898150648033307,2.429508
0.8982046169461801,2.429955
0.8982585858590533,2.429289
0.8983125547719263,2.429139
0.8983665236847993,2.429437
0.8984204925976724,2.42908
0.8984744615105452,2.429223
0.8985284304234185,2.42943
0.8985823993362916,2.428895
0.8986363682491644,2.428916
0.8986903371620375,2.429141
0.8987443060749104,2.42878
0.8987982749877836,2.428475
0.8988522439006569,2.428622
0.8989062128135297,2.428244
0.8989601817264028,2.427989
0.8990141506392758,2.428099
0.8990681195521488,2.427653
0.899122088465022,2.428012
0.899176057377895,2.428362
0.899230026290768,2.427967
0.899283995203641,2.427765
0.8993379641165141,2.428245
0.8993919330293872,2.427868
0.8994459019422603,2.427597
0.8994998708551334,2.427809
0.8995538397680064,2.427449
0.8996078086808794,2.427401
0.8996617775937525,2.427645
0.8997157465066254,2.427578
0.8997697154194986,2.427358
0.8998236843323717,2.427928
0.8998776532452446,2.427379
0.8999316221581177,2.427295
0.8999855910709909,2.427995
0.9000395599838639,2.427858
0.900093528896737,2.427615
0.90014749780961,2.428201
0.9002014667224829,2.427356
0.9002554356353559,2.427348
0.900309404548229,2.427706
0.9003633734611021,2.427048
0.9004173423739751,2.427389
0.9004713112868482,2.427891
0.9005252801997211,2.427235
0.9005792491125943,2.426912
0.9006332180254675,2.427472
0.9006871869383404,2.426962
0.9007411558512135,2.426902
0.9007951247640864,2.427123
0.9008490936769595,2.426391
0.9009030625898327,2.426518
0.9009570315027056,2.426916
0.9010110004155787,2.426475
0.9010649693284518,2.426509
0.9011189382413247,2.426831
0.901172907154198,2.426238
0.901226876067071,2.42629
0.901280844979944,2.42646
0.9013348138928171,2.425983
0.9013887828056901,2.426106
0.9014427517185631,2.426258
0.9014967206314362,2.425556
0.9015506895443093,2.425376
0.9016046584571823,2.425862
0.9016586273700552,2.425442
0.9017125962829285,2.425234
0.9017665651958013,2.425875
0.9018205341086746,2.425219
0.9018745030215477,2.425446
0.9019284719344205,2.425767
0.9019824408472936,2.424981
0.9020364097601666,2.424982
0.9020903786730397,2.425245
0.9021443475859128,2.425007
0.9021983164987858,2.42484
0.9022522854116588,2.425422
0.902306254324532,2.424697
0.9023602232374051,2.424639
0.9024141921502781,2.424985
0.9024681610631511,2.424392
0.9025221299760242,2.424579
0.9025760988888972,2.424907
0.9026300678017702,2.423969
0.9026840367146434,2.423952
0.9027380056275163,2.424502
0.9027919745403894,2.424051
0.9028459434532625,2.423788
0.9028999123661355,2.424457
0.9029538812790087,2.424098
0.9030078501918816,2.423567
0.9030618191047547,2.424237
0.9031157880176278,2.423702
0.9031697569305006,2.423519
0.9032237258433738,2.424048
0.9032776947562468,2.423519
0.9033316636691198,2.423304
0.9033856325819929,2.423891
0.9034396014948659,2.423393
0.903493570407739,2.423356
0.903547539320612,2.423868
0.9036015082334852,2.423381
0.9036554771463582,2.423645
0.9037094460592312,2.42404
0.9037634149721043,2.423095
0.9038173838849773,2.423072
0.9038713527978504,2.423812
0.9039253217107235,2.423323
0.9039792906235964,2.42336
0.9040332595364695,2.423767
0.9040872284493428,2.423019
0.9041411973622157,2.423549
0.9041951662750888,2.423589
0.9042491351879618,2.422935
0.9043031041008348,2.422766
0.9043570730137079,2.423232
0.9044110419265808,2.42246
0.904465010839454,2.422417
0.904518979752327,2.422733
0.9045729486652,2.422396
0.9046269175780731,2.422595
0.9046808864909462,2.422868
0.9047348554038193,2.422251
0.9047888243166923,2.42206
0.9048427932295654,2.422415
0.9048967621424384,2.422046
0.9049507310553113,2.422062
0.9050046999681844,2.422646
0.9050586688810573,2.422077
0.9051126377939305,2.421548
0.9051666067068036,2.422121
0.9052205756196765,2.421862
0.9052745445325497,2.421666
0.9053285134454229,2.422351
0.9053824823582958,2.421861
0.9054364512711689,2.421754
0.9054904201840419,2.422549
0.9055443890969149,2.422097
0.905598358009788,2.421859
0.9056523269226611,2.421924
0.9057062958355341,2.421255
0.9057602647484071,2.421359
0.9058142336612803,2.42173
0.9058682025741533,2.421576
0.9059221714870264,2.421481
0.9059761403998995,2.421592
0.9060301093127724,2.421705
0.9060840782256455,2.421543
0.9061380471385186,2.421717
0.9061920160513915,2.421081
0.9062459849642647,2.421371
0.9062999538771375,2.421384
0.9063539227900106,2.420878
0.9064078917028839,2.421213
0.9064618606157567,2.42155
0.90651582952863,2.420933
0.9065697984415029,2.420614
0.9066237673543759,2.420884
0.906677736267249,2.420558
0.906731705180122,2.42098
0.906785674092995,2.421169
0.9068396430058682,2.420719
0.9068936119187412,2.420699
0.9069475808316142,2.42076
0.9070015497444872,2.420125
0.9070555186573604,2.420344
0.9071094875702335,2.420671
0.9071634564831065,2.419994
0.9072174253959796,2.41985
0.9072713943088525,2.420064
0.9073253632217256,2.419655
0.9073793321345988,2.419684
0.9074333010474717,2.420234
0.9074872699603448,2.419578
0.9075412388732178,2.41948
0.9075952077860909,2.420031
0.907649176698964,2.419628
0.9077031456118371,2.419515
0.9077571145247101,2.41998
0.9078110834375831,2.419247
0.9078650523504562,2.419142
0.9079190212633292,2.419524
0.9079729901762021,2.419119
0.9080269590890754,2.419019
0.9080809280019483,2.419205
0.9081348969148213,2.418621
0.9081888658276946,2.418713
0.9082428347405674,2.41918
0.9082968036534406,2.418622
0.9083507725663138,2.418287
0.9084047414791866,2.419062
0.9084587103920597,2.418708
0.9085126793049326,2.418724
0.9085666482178058,2.41893
0.9086206171306789,2.418318
0.9086745860435518,2.418309
0.9087285549564249,2.418775
0.908782523869298,2.418178
0.908836492782171,2.41833
0.9088904616950442,2.41903
0.9089444306079172,2.418241
0.9089983995207902,2.418198
0.9090523684336632,2.418628
0.9091063373465363,2.417632
0.9091603062594094,2.417549
0.9092142751722824,2.417767
0.9092682440851555,2.417462
0.9093222129980283,2.417545
0.9093761819109016,2.417574
0.9094301508237748,2.417124
0.9094841197366477,2.416927
0.9095380886495208,2.417086
0.9095920575623939,2.416702
0.9096460264752667,2.416658
0.90969999538814,2.416926
0.9097539643010129,2.41665
0.9098079332138859,2.416475
0.909861902126759,2.417378
0.909915871039632,2.416815
0.9099698399525051,2.416769
0.9100238088653781,2.417084
0.9100777777782513,2.416171
0.9101317466911243,2.416162
0.9101857156039973,2.416485
0.9102396845168704,2.416338
0.9102936534297433,2.416357
0.9103476223426165,2.41684
0.9104015912554896,2.416493
0.9104555601683625,2.416385
0.9105095290812357,2.41649
0.9105634979941086,2.41593
0.9106174669069818,2.415601
0.9106714358198549,2.415982
0.9107254047327278,2.41527
0.9107793736456009,2.415677
0.9108333425584739,2.415952
0.9108873114713469,2.415748
0.9109412803842201,2.415585
0.9109952492970931,2.415856
0.911049218209966,2.415547
0.9111031871228393,2.415549
0.9111571560357123,2.416004
0.9112111249485854,2.415724
0.9112650938614583,2.415641
0.9113190627743315,2.415785
0.9113730316872044,2.414924
0.9114270006000774,2.414982
0.9114809695129505,2.41558
0.9115349384258234,2.414856
0.9115889073386966,2.414691
0.9116428762515697,2.415219
0.9116968451644426,2.414492
0.9117508140773158,2.414425
0.9118047829901887,2.414958
0.9118587519030619,2.414502
0.911912720815935,2.414449
0.9119666897288079,2.414711
0.912020658641681,2.414244
0.912074627554554,2.414401
0.912128596467427,2.41504
0.9121825653803002,2.414351
0.9122365342931732,2.414364
0.9122905032060463,2.414871
0.9123444721189193,2.4144
0.9123984410317925,2.414261
0.9124524099446655,2.414651
0.9125063788575385,2.41409
0.9125603477704116,2.413808
0.9126143166832846,2.413997
0.9126682855961576,2.413493
0.9127222545090308,2.41349
0.9127762234219036,2.414178
0.9128301923347767,2.413733
0.91288416124765,2.413841
0.9129381301605228,2.414211
0.912992099073396,2.413515
0.913046067986269,2.41358
0.913100036899142,2.41413
0.9131540058120151,2.413604
0.9132079747248881,2.413138
0.9132619436377611,2.413577
0.9133159125506342,2.413071
0.9133698814635073,2.412968
0.9134238503763803,2.413431
0.9134778192892534,2.41286
0.9135317882021265,2.413053
0.9135857571149995,2.41375
0.9136397260278726,2.413173
0.9136936949407457,2.413244
0.9137476638536186,2.413366
0.9138016327664917,2.41304
0.9138556016793649,2.413118
0.9139095705922378,2.413554
0.9139635395051109,2.412692
0.9140175084179837,2.412924
0.914071477330857,2.413201
0.9141254462437302,2.41283
0.9141794151566031,2.412872
0.9142333840694762,2.413349
0.9142873529823492,2.412572
0.9143413218952221,2.412564
0.9143952908080953,2.412675
0.9144492597209682,2.411945
0.9145032286338413,2.411935
0.9145571975467143,2.412237
0.9146111664595874,2.411853
0.9146651353724605,2.412048
0.9147191042853335,2.412204
0.9147730731982067,2.411349
0.9148270421110796,2.411502
0.9148810110239527,2.411897
0.9149349799368258,2.4115
0.9149889488496987,2.411566
0.9150429177625719,2.411707
0.9150968866754449,2.411323
0.9151508555883179,2.411291
0.9152048245011911,2.411941
0.9152587934140641,2.411338
0.9153127623269371,2.411213
0.9153667312398103,2.411376
0.9154207001526833,2.410713
0.9154746690655563,2.411201
0.9155286379784293,2.4116
0.9155826068913024,2.411029
0.9156365758041755,2.410988
0.9156905447170485,2.411734
0.9157445136299216,2.411171
0.9157984825427944,2.410955
0.9158524514556677,2.410914
0.9159064203685409,2.4105
0.9159603892814137,2.41079
0.9160143581942869,2.411262
0.9160683271071597,2.410689
0.9161222960200328,2.41048
0.9161762649329059,2.410912
0.9162302338457788,2.410543
0.916284202758652,2.410416
0.916338171671525,2.410705
0.916392140584398,2.409898
0.9164461094972712,2.409985
0.9165000784101442,2.410803
0.9165540473230173,2.410605
0.9166080162358903,2.410149
0.9166619851487634,2.41039
0.9167159540616364,2.410086
0.9167699229745094,2.409977
0.9168238918873826,2.410244
0.9168778608002556,2.409796
0.9169318297131286,2.40964
0.9169857986260018,2.409587
0.9170397675388747,2.40925
0.9170937364517479,2.40896
0.917147705364621,2.409146
0.9172016742774939,2.408741
0.917255643190367,2.408621
0.91730961210324,2.409158
0.917363581016113,2.408853
0.9174175499289862,2.408421
0.917471518841859,2.409018
0.9175254877547321,2.408515
0.9175794566676053,2.40844
0.9176334255804782,2.408869
0.9176873944933515,2.40859
0.9177413634062244,2.408631
0.9177953323190974,2.408727
0.9178493012319704,2.408471
0.9179032701448435,2.408355
0.9179572390577165,2.408525
0.9180112079705895,2.407761
0.9180651768834627,2.407692
0.9181191457963356,2.408253
0.9181731147092088,2.408019
0.9182270836220819,2.407883
0.9182810525349548,2.408134
0.918335021447828,2.407835
0.9183889903607011,2.40758
0.918442959273574,2.408017
0.9184969281864471,2.407652
0.9185508970993201,2.407858
0.9186048660121932,2.408214
0.9186588349250663,2.40728
0.9187128038379393,2.407194
0.9187667727508124,2.407901
0.9188207416636854,2.407393
0.9188747105765586,2.407547
0.9189286794894316,2.407656
0.9189826484023046,2.407272
0.9190366173151777,2.406924
0.9190905862280505,2.407672
0.9191445551409236,2.40712
0.9191985240537969,2.407161
0.9192524929666697,2.407598
0.9193064618795428,2.406526
0.9193604307924158,2.406752
0.9194143997052889,2.407249
0.9194683686181621,2.406929
0.919522337531035,2.40652
0.9195763064439081,2.406829
0.9196302753567812,2.40624
0.9196842442696541,2.406131
0.9197382131825272,2.406789
0.9197921820954003,2.406354
0.9198461510082733,2.406422
0.9199001199211465,2.406476
0.9199540888340195,2.405625
0.9200080577468925,2.405603
0.9200620266597656,2.406032
0.9201159955726387,2.405603
0.9201699644855117,2.405257
0.9202239333983847,2.405595
0.9202779023112578,2.405156
0.9203318712241307,2.405041
0.9203858401370039,2.405067
0.920439809049877,2.404689
0.9204937779627498,2.404707
0.9205477468756231,2.405185
0.9206017157884961,2.404282
0.9206556847013692,2.40411
0.9207096536142423,2.404368
0.9207636225271153,2.404058
0.9208175914399882,2.404054
0.9208715603528612,2.404257
0.9209255292657343,2.403671
0.9209794981786074,2.404135
0.9210334670914804,2.404366
0.9210874360043536,2.403722
0.9211414049172266,2.403764
0.9211953738300996,2.404404
0.9212493427429728,2.403989
0.9213033116558457,2.404066
0.9213572805687188,2.404199
0.9214112494815919,2.403906
0.9214652183944648,2.403585
0.921519187307338,2.403823
0.9215731562202109,2.403255
0.921627125133084,2.403139
0.9216810940459572,2.403641
0.9217350629588301,2.402799
0.9217890318717032,2.403013
0.9218430007845763,2.40367
0.9218969696974493,2.40287
0.9219509386103224,2.402712
0.9220049075231954,2.403135
0.9220588764360684,2.402744
0.9221128453489413,2.402866
0.9221668142618146,2.403509
0.9222207831746875,2.402889
0.9222747520875607,2.402782
0.9223287210004338,2.403265
0.9223826899133066,2.402748
0.9224366588261798,2.402684
0.922490627739053,2.403069
0.9225445966519258,2.402334
0.9225985655647989,2.402426
0.922652534477672,2.402924
0.9227065033905449,2.402245
0.9227604723034181,2.40192
0.9228144412162911,2.402054
0.9228684101291642,2.40178
0.9229223790420373,2.401707
0.9229763479549103,2.402005
0.9230303168677834,2.401653
0.9230842857806564,2.401661
0.9231382546935295,2.402213
0.9231922236064025,2.401682
0.9232461925192755,2.401383
0.9233001614321487,2.401405
0.9233541303450216,2.400904
0.9234080992578947,2.401015
0.9234620681707679,2.401237
0.9235160370836408,2.40067
0.923570005996514,2.400403
0.9236239749093869,2.400895
0.92367794382226,2.400755
0.9237319127351331,2.400645
0.9237858816480059,2.400879
0.923839850560879,2.400234
0.9239477883866251,2.400603
0.9240017572994982,2.400097
0.9240557262123713,2.400134
0.9241096951252443,2.400273
0.9245414464282288,2.400062
0.9245954153411017,2.400363
