sod,voltage
0.0,3.095663
8.934566437356691e-05,3.067844
0.00017869132874713382,3.050505
0.00026803699312070073,3.037088
0.00035738265749426764,3.025667
0.0004467283218678345,3.015761
0.0005360739862414015,3.006902
0.0006254196506149683,2.999124
0.0007147653149885353,2.992097
0.0008041109793621021,2.985591
0.000893456643735669,2.979909
0.000982802308109236,2.974317
0.001072147972482803,2.969244
0.0011614936368563697,2.964763
0.0012508393012299365,2.960019
0.0013401849656035035,2.955537
0.0014295306299770705,2.95127
0.0015188762943506373,2.947169
0.0016082219587242041,2.943118
0.0016975676230977712,2.939584
0.001786913287471338,2.936135
0.001876258951844905,2.932647
0.001965604616218472,2.929425
0.0020549502805920386,2.92623
0.002144295944965606,2.922853
0.0022336416093391726,2.919798
0.0023229872737127394,2.91678
0.0024123329380863062,2.914116
0.002501678602459873,2.910976
0.0025910242668334403,2.908564
0.002680369931207007,2.905691
0.002769715595580574,2.903151
0.002859061259954141,2.900875
0.002948406924327708,2.898691
0.0030377525887012747,2.896402
0.0031270982530748415,2.893857
0.0032164439174484083,2.891424
0.0033057895818219755,2.889249
0.0033951352461955423,2.886947
0.0034844809105691096,2.884624
0.003573826574942676,2.882713
0.0036631722393162427,2.88039
0.00375251790368981,2.87838
0.0038418635680633768,2.876103
0.003931209232436944,2.874355
0.00402055489681051,2.872165
0.004109900561184077,2.870143
0.004199246225557644,2.86795
0.004288591889931212,2.866024
0.0043779375543047784,2.864238
0.004467283218678345,2.86258
0.004556628883051912,2.860814
0.004645974547425479,2.858929
0.004735320211799046,2.857131
0.0048246658761726124,2.855623
0.004914011540546179,2.854194
0.005003357204919746,2.852569
0.005092702869293313,2.850924
0.0051820485336668805,2.849401
0.005271394198040447,2.847783
0.005360739862414014,2.845902
0.005450085526787581,2.844348
0.005539431191161148,2.842901
0.0056287768555347145,2.841677
0.005718122519908282,2.840302
0.005807468184281849,2.838902
0.005896813848655416,2.837391
0.005986159513028983,2.835742
0.006075505177402549,2.834359
0.006164850841776117,2.833222
0.006254196506149683,2.831831
0.006343542170523251,2.830038
0.006432887834896817,2.828725
0.006522233499270384,2.827228
0.006611579163643951,2.826032
0.006700924828017518,2.824762
0.006790270492391085,2.823359
0.0068796161567646515,2.822031
0.006968961821138219,2.82049
0.007058307485511786,2.819253
0.007147653149885352,2.818252
0.0072369988142589195,2.817132
0.0073263444786324855,2.815965
0.007415690143006054,2.814963
0.00750503580737962,2.813601
0.007594381471753187,2.812502
0.0076837271361267535,2.811058
0.00777307280050032,2.81024
0.007862418464873887,2.80931
0.007951764129247455,2.808115
0.00804110979362102,2.807007
0.008130455457994588,2.805927
0.008219801122368154,2.804843
0.008309146786741722,2.803656
0.008398492451115288,2.802481
0.008487838115488856,2.801675
0.008577183779862423,2.800502
0.00866652944423599,2.799429
0.008755875108609557,2.798627
0.008845220772983123,2.797327
0.00893456643735669,2.796182
0.009023912101730258,2.795064
0.009113257766103824,2.794105
0.00920260343047739,2.793212
0.009291949094850958,2.791961
0.009381294759224525,2.790937
0.009470640423598091,2.790132
0.009559986087971659,2.789104
0.009649331752345225,2.787923
0.009738677416718793,2.787314
0.009828023081092358,2.786053
0.009917368745465926,2.785106
0.010006714409839492,2.784147
0.01009606007421306,2.783399
0.010185405738586626,2.782438
0.010274751402960193,2.781552
0.010364097067333761,2.780626
0.010453442731707329,2.779917
0.010542788396080895,2.778955
0.01063213406045446,2.778355
0.010721479724828028,2.777536
0.010810825389201596,2.776813
0.010900171053575162,2.776156
0.010989516717948728,2.775041
0.011078862382322295,2.774185
0.011168208046695863,2.773505
0.011257553711069429,2.772452
0.011346899375442997,2.771613
0.011436245039816564,2.770945
0.01152559070419013,2.770088
0.011614936368563698,2.769513
0.011704282032937264,2.768698
0.011793627697310832,2.767864
0.011882973361684398,2.767072
0.011972319026057965,2.766143
0.012061664690431531,2.765524
0.012151010354805099,2.764644
0.012240356019178666,2.763935
0.012329701683552234,2.763149
0.0124190473479258,2.762453
0.012508393012299366,2.761524
0.012597738676672934,2.760808
0.012687084341046501,2.760415
0.012776430005420066,2.759661
0.012865775669793633,2.758625
0.012955121334167203,2.757894
0.013044466998540769,2.75723
0.013133812662914334,2.756804
0.013223158327287902,2.756383
0.01331250399166147,2.755538
0.013401849656035036,2.755017
0.013491195320408602,2.753986
0.01358054098478217,2.753711
0.013669886649155735,2.753187
0.013759232313529303,2.752797
0.013848577977902869,2.752163
0.013937923642276438,2.751692
0.014027269306650004,2.751522
0.014116614971023572,2.750729
0.014205960635397138,2.750069
0.014295306299770704,2.749391
0.014384651964144271,2.749159
0.014473997628517839,2.748549
0.014563343292891407,2.747711
0.014652688957264971,2.747456
0.014742034621638539,2.746967
0.014831380286012108,2.746466
0.014920725950385674,2.745708
0.01501007161475924,2.745414
0.015099417279132808,2.745073
0.015188762943506373,2.744225
0.015278108607879941,2.743766
0.015367454272253507,2.743637
0.015456799936627075,2.742996
0.01554614560100064,2.742832
0.01563549126537421,2.742003
0.015724836929747774,2.741527
0.015814182594121342,2.741825
0.01590352825849491,2.741477
0.015992873922868477,2.740847
0.01608221958724204,2.740195
0.01617156525161561,2.740089
0.016260910915989177,2.739696
0.016350256580362744,2.73948
0.01643960224473631,2.739041
0.016528947909109876,2.738825
0.016618293573483444,2.738385
0.01670763923785701,2.738044
0.016796984902230576,2.737502
0.016886330566604144,2.737146
0.01697567623097771,2.736752
0.01706502189535128,2.73661
0.017154367559724847,2.736187
0.01724371322409841,2.735891
0.01733305888847198,2.73549
0.017422404552845546,2.735501
0.017511750217219114,2.735096
0.01760109588159268,2.734798
0.017690441545966246,2.734406
0.017779787210339813,2.734484
0.01786913287471338,2.733796
0.01795847853908695,2.733406
0.018047824203460516,2.733043
0.018137169867834084,2.732948
0.018226515532207648,2.732535
0.018315861196581212,2.732421
0.01840520686095478,2.732205
0.018494552525328348,2.731825
0.018583898189701915,2.731532
0.018673243854075483,2.731182
0.01876258951844905,2.73086
0.018851935182822615,2.730455
0.018941280847196183,2.730194
0.01903062651156975,2.729916
0.019119972175943318,2.729677
0.019209317840316886,2.729375
0.01929866350469045,2.729306
0.01938800916906402,2.728826
0.019477354833437585,2.728779
0.019566700497811153,2.728353
0.019656046162184717,2.72834
0.019745391826558285,2.727986
0.019834737490931852,2.727997
0.01992408315530542,2.727938
0.020013428819678984,2.727602
0.020102774484052555,2.727421
0.02019212014842612,2.726966
0.020281465812799687,2.726475
0.02037081147717325,2.726119
0.02046015714154682,2.726274
0.020549502805920387,2.726297
0.020638848470293958,2.725792
0.020728194134667522,2.725679
0.02081753979904109,2.725323
0.020906885463414657,2.72511
0.020996231127788225,2.725102
0.02108557679216179,2.724882
0.021174922456535357,2.724812
0.02126426812090892,2.72446
0.021353613785282492,2.723953
0.021442959449656056,2.723642
0.021532305114029624,2.723412
0.021621650778403192,2.723312
0.02171099644277676,2.723171
0.021800342107150324,2.722947
0.02188968777152389,2.722915
0.021979033435897456,2.722442
0.022068379100271027,2.722204
0.02215772476464459,2.722011
0.02224707042901816,2.72182
0.022336416093391726,2.721678
0.022425761757765297,2.721439
0.022515107422138858,2.721267
0.02260445308651243,2.720967
0.022693798750885993,2.720446
0.02278314441525956,2.720527
0.02287249007963313,2.720603
0.022961835744006696,2.720483
0.02305118140838026,2.71986
0.023140527072753832,2.719546
0.023229872737127396,2.719452
0.023319218401500964,2.719329
0.023408564065874528,2.719263
0.023497909730248095,2.719056
0.023587255394621663,2.719195
0.02367660105899523,2.71867
0.023765946723368795,2.718853
0.023855292387742366,2.71863
0.02394463805211593,2.718378
0.02403398371648949,2.718119
0.024123329380863062,2.718018
0.024212675045236633,2.717997
0.024302020709610198,2.717517
0.02439136637398377,2.717071
0.024480712038357333,2.716831
0.0245700577027309,2.716903
0.024659403367104468,2.716451
0.024748749031478032,2.716552
0.0248380946958516,2.716225
0.024927440360225168,2.716135
0.025016786024598732,2.71587
0.025106131688972303,2.71581
0.025195477353345867,2.715609
0.025284823017719435,2.715471
0.025374168682093003,2.715292
0.025463514346466563,2.715075
0.02555286001084013,2.714608
0.025642205675213702,2.714457
0.025731551339587266,2.714389
0.02582089700396083,2.714213
0.025910242668334405,2.71409
0.025999588332707973,2.713724
0.026088933997081537,2.713643
0.026178279661455108,2.713697
0.02626762532582867,2.713289
0.02635697099020224,2.713262
0.026446316654575804,2.713356
0.026535662318949372,2.713003
0.02662500798332294,2.712752
0.026714353647696507,2.712751
0.02680369931207007,2.712455
0.026893044976443643,2.712415
0.026982390640817203,2.712323
0.027071736305190768,2.711957
0.02716108196956434,2.711868
0.027250427633937903,2.711574
0.02733977329831147,2.711422
0.02742911896268504,2.711369
0.027518464627058606,2.711138
0.027607810291432177,2.710963
0.027697155955805738,2.710465
0.027786501620179302,2.710227
0.027875847284552877,2.710166
0.027965192948926444,2.710068
0.02805453861330001,2.709763
0.02814388427767358,2.709776
0.028233229942047144,2.709671
0.02832257560642071,2.709826
0.028411921270794276,2.709646
0.02850126693516784,2.709371
0.028590612599541407,2.708951
0.028679958263914975,2.708716
0.028769303928288543,2.70864
0.028858649592662107,2.708182
0.028947995257035678,2.708225
0.029037340921409242,2.708206
0.029126686585782813,2.708041
0.029216032250156374,2.708047
0.029305377914529942,2.707811
0.02939472357890351,2.707555
0.029484069243277077,2.707493
0.029573414907650645,2.707128
0.029662760572024216,2.706821
0.029752106236397784,2.70689
0.029841451900771348,2.706802
0.029930797565144912,2.70681
0.03002014322951848,2.706564
0.030109488893892044,2.706126
0.030198834558265615,2.705871
0.03028818022263918,2.705516
0.030377525887012747,2.705626
0.030466871551386315,2.7057
0.030556217215759882,2.705212
0.030645562880133446,2.705197
0.030734908544507014,2.704987
0.03082425420888058,2.70456
0.03091359987325415,2.704305
0.031002945537627714,2.704144
0.03109229120200128,2.70435
0.03118163686637485,2.704315
0.03127098253074842,2.70425
0.03136032819512198,2.703727
0.03144967385949555,2.703325
0.031539019523869116,2.703292
0.031628365188242684,2.70326
0.03171771085261625,2.703059
0.03180705651698982,2.702902
0.03189640218136339,2.703041
0.031985747845736955,2.702995
0.03207509351011052,2.702616
0.03216443917448408,2.702471
0.03225378483885766,2.702284
0.03234313050323122,2.702003
0.03243247616760479,2.701926
0.032521821831978354,2.702081
0.03261116749635192,2.701762
0.03270051316072549,2.701545
0.03278985882509906,2.701243
0.03287920448947262,2.701198
0.032968550153846185,2.700799
0.03305789581821975,2.701011
0.03314724148259332,2.700482
0.03323658714696689,2.700504
0.033325932811340456,2.700552
0.03341527847571402,2.700052
0.03350462414008759,2.699841
0.03359396980446115,2.699459
0.033683315468834726,2.699578
0.03377266113320829,2.699342
0.033862006797581855,2.699306
0.03395135246195542,2.699335
0.03404069812632899,2.699026
0.03413004379070256,2.6991
0.034219389455076125,2.698811
0.03430873511944969,2.698571
0.03439808078382326,2.698688
0.03448742644819682,2.698155
0.034576772112570396,2.698173
0.03466611777694396,2.698078
0.03475546344131753,2.698115
0.03484480910569109,2.697744
0.03493415477006466,2.697832
0.03502350043443823,2.697587
0.03511284609881179,2.697527
0.03520219176318536,2.697531
0.035291537427558924,2.697481
0.03538088309193249,2.697306
0.03547022875630606,2.697138
0.03555957442067963,2.696681
0.035648920085053194,2.69669
0.03573826574942676,2.696422
0.03582761141380033,2.696267
0.0359169570781739,2.696289
0.036006302742547465,2.696185
0.03609564840692103,2.695983
0.0361849940712946,2.69556
0.03627433973566817,2.69579
0.03636368540004173,2.695816
0.036453031064415296,2.695421
0.036542376728788864,2.695439
0.036631722393162425,2.695277
0.036721068057536,2.694746
0.03681041372190956,2.694587
0.03689975938628313,2.694462
0.036989105050656695,2.694469
0.037078450715030256,2.694497
0.03716779637940383,2.694125
0.03725714204377739,2.693956
0.037346487708150966,2.694276
0.03743583337252453,2.693961
0.0375251790368981,2.693719
0.037614524701271676,2.693555
0.03770387036564523,2.693459
0.037793216030018804,2.692887
0.037882561694392365,2.692745
0.03797190735876594,2.692892
0.0380612530231395,2.692942
0.038150598687513075,2.692918
0.038239944351886636,2.692842
0.03832929001626021,2.692615
0.03841863568063377,2.692378
0.03850798134500733,2.692264
0.0385973270093809,2.692178
0.038686672673754474,2.692214
0.03877601833812804,2.692014
0.0388653640025016,2.691696
0.03895470966687517,2.691746
0.03904405533124873,2.691585
0.039133400995622306,2.691529
0.03922274665999587,2.691389
0.039312092324369434,2.691243
0.03940143798874301,2.690991
0.03949078365311657,2.690989
0.03958012931749014,2.6909
0.039669474981863705,2.690726
0.03975882064623728,2.690471
0.03984816631061084,2.690368
0.0399375119749844,2.690252
0.04002685763935797,2.690184
0.04011620330373154,2.690114
0.04020554896810511,2.689882
0.04029489463247867,2.689882
0.04038424029685224,2.68962
0.0404735859612258,2.689442
0.040562931625599374,2.689501
0.04065227728997294,2.689104
0.0407416229543465,2.689209
0.04083096861872007,2.68906
0.04092031428309364,2.688778
0.04100965994746721,2.688629
0.04109900561184077,2.688453
0.041188351276214355,2.688287
0.041277696940587916,2.688283
0.041367042604961476,2.688245
0.041456388269335044,2.688059
0.041545733933708605,2.687995
0.04163507959808218,2.687897
0.04172442526245575,2.687762
0.041813770926829315,2.687927
0.04190311659120288,2.687893
0.04199246225557645,2.687693
0.04208180791995001,2.687389
0.04217115358432358,2.687432
0.04226049924869715,2.68733
0.042349844913070714,2.687223
0.04243919057744428,2.686987
0.04252853624181784,2.68697
0.04261788190619141,2.686913
0.042707227570564985,2.686527
0.042796573234938545,2.686338
0.04288591889931211,2.686174
0.042975264563685674,2.68611
0.04306461022805925,2.685862
0.043153955892432816,2.685733
0.043243301556806384,2.685792
0.043332647221179944,2.685871
0.04342199288555352,2.685939
0.04351133854992708,2.685616
0.04360068421430065,2.68544
0.04369002987867422,2.685493
0.04377937554304778,2.685614
0.04386872120742135,2.685598
0.04395806687179491,2.68541
0.04404741253616848,2.684934
0.04413675820054205,2.68506
0.04422610386491562,2.684756
0.04431544952928918,2.684272
0.04440479519366274,2.68429
0.04449414085803632,2.684132
0.044583486522409885,2.684016
0.04467283218678345,2.684037
0.04476217785115701,2.683854
0.044851523515530595,2.683858
0.044940869179904155,2.683892
0.045030214844277716,2.68351
0.045119560508651284,2.683646
0.04520890617302486,2.68342
0.045298251837398426,2.683267
0.04538759750177199,2.68302
0.04547694316614556,2.683236
0.04556628883051912,2.682883
0.04565563449489269,2.68269
0.04574498015926626,2.682573
0.04583432582363982,2.682488
0.04592367148801339,2.682239
0.046013017152386954,2.682246
0.04610236281676052,2.68216
0.04619170848113409,2.682151
0.046281054145507663,2.682113
0.046370399809881224,2.681821
0.04645974547425479,2.68178
0.04654909113862835,2.681706
0.04663843680300193,2.681591
0.046727782467375495,2.6816
0.046817128131749056,2.681464
0.04690647379612262,2.681225
0.04699581946049619,2.681338
0.04708516512486976,2.681299
0.047174510789243326,2.680998
0.04726385645361689,2.680696
0.04735320211799046,2.680276
0.04744254778236402,2.680275
0.04753189344673759,2.680413
0.04762123911111116,2.680088
0.04771058477548473,2.67998
0.04779993043985829,2.679792
0.04788927610423186,2.679835
0.04797862176860542,2.679801
0.04806796743297898,2.679744
0.048157313097352564,2.679678
0.048246658761726124,2.680041
0.048336004426099706,2.679483
0.04842535009047327,2.67935
0.048514695754846834,2.679139
0.048604041419220395,2.679093
0.04869338708359396,2.679023
0.04878273274796754,2.678778
0.0488720784123411,2.678466
0.048961424076714666,2.678536
0.049050769741088227,2.678323
0.0491401154054618,2.678371
0.04922946106983537,2.678271
0.049318806734208936,2.678008
0.0494081523985825,2.677834
0.049497498062956065,2.677904
0.04958684372732963,2.677927
0.0496761893917032,2.677589
0.04976553505607677,2.677537
0.049854880720450336,2.677408
0.0499442263848239,2.677329
0.050033572049197464,2.677028
0.05012291771357103,2.677277
0.050212263377944606,2.677263
0.05030160904231817,2.677015
0.050390954706691735,2.676941
0.050480300371065295,2.676636
0.05056964603543887,2.676388
0.05065899169981244,2.676472
0.050748337364186005,2.676114
0.050837683028559566,2.67601
0.05092702869293313,2.675998
0.0510163743573067,2.675758
0.05110572002168026,2.675761
0.05119506568605384,2.675725
0.051284411350427404,2.675926
0.05137375701480097,2.675783
0.05146310267917453,2.67561
0.0515524483435481,2.675566
0.05164179400792166,2.675329
0.051731139672295236,2.675322
0.05182048533666881,2.675431
0.051909831001042364,2.675563
0.051999176665415946,2.675326
0.052088522329789506,2.675226
0.052177867994163074,2.675176
0.05226721365853664,2.674909
0.052356559322910216,2.674663
0.05244590498728378,2.674819
0.05253525065165734,2.674806
0.052624596316030905,2.674864
0.05271394198040448,2.67477
0.05280328764477805,2.674455
0.05289263330915161,2.674487
0.052981978973525176,2.67435
0.053071324637898744,2.674312
0.053160670302272305,2.67422
0.05325001596664588,2.674232
0.05333936163101944,2.674042
0.053428707295393014,2.674533
0.053518052959766575,2.674416
0.05360739862414014,2.674562
0.05369674428851371,2.674324
0.053786089952887285,2.67428
0.053875435617260846,2.674123
0.05396478128163441,2.674006
0.054054126946007974,2.673863
0.054143472610381535,2.673637
0.05423281827475512,2.673406
0.05432216393912868,2.673581
0.054411509603502245,2.673628
0.054500855267875806,2.673569
0.05459020093224938,2.673372
0.05467954659662294,2.67356
0.05476889226099651,2.673401
0.05485823792537008,2.673253
0.054947583589743644,2.673313
0.05503692925411721,2.672951
0.05512627491849077,2.67283
0.055215620582864354,2.672647
0.055304966247237915,2.672988
0.055394311911611475,2.672793
0.05548365757598505,2.672559
0.055573003240358604,2.672614
0.055662348904732185,2.672575
0.05575169456910575,2.672457
0.05584104023347932,2.672487
0.05593038589785289,2.672173
0.056019731562226456,2.672207
0.05610907722660002,2.672022
0.05619842289097358,2.671949
0.05628776855534716,2.671655
0.05637711421972072,2.671568
0.05646645988409429,2.671608
0.05655580554846785,2.67172
0.05664515121284142,2.671832
0.05673449687721499,2.671706
0.05682384254158855,2.671422
0.05691318820596212,2.67143
0.05700253387033568,2.671679
0.057091879534709254,2.67163
0.057181225199082815,2.671236
0.05727057086345639,2.671109
0.05735991652782995,2.671079
0.057449262192203525,2.670965
0.057538607856577086,2.670905
0.057627953520950646,2.670904
0.057717299185324214,2.670814
0.05780664484969779,2.670573
0.057895990514071356,2.670317
0.05798533617844492,2.67026
0.058074681842818485,2.670175
0.05816402750719205,2.670041
0.05825337317156563,2.669867
0.05834271883593919,2.670114
0.05843206450031275,2.670082
0.05852141016468632,2.67001
0.058610755829059884,2.669907
0.05870010149343345,2.669926
0.05878944715780702,2.669896
0.0588787928221806,2.669855
0.058968138486554154,2.670025
0.059057484150927715,2.670045
0.05914682981530129,2.670114
0.05923617547967486,2.669892
0.05932552114404843,2.669782
0.05941486680842199,2.669562
0.05950421247279557,2.669384
0.05959355813716913,2.669364
0.059682903801542696,2.669049
0.05977224946591626,2.669202
0.059861595130289824,2.668964
0.0599509407946634,2.668986
0.06004028645903696,2.669065
0.06012963212341053,2.66878
0.06021897778778409,2.668883
0.06030832345215767,2.668952
0.06039766911653123,2.668983
0.0604870147809048,2.668858
0.06057636044527836,2.668882
0.060665706109651926,2.668546
0.060755051774025494,2.668738
0.06084439743839906,2.668675
0.06093374310277263,2.668369
0.0610230887671462,2.668505
0.061112434431519765,2.668532
0.061201780095893325,2.668598
0.06129112576026689,2.668294
0.06138047142464047,2.668525
0.06146981708901403,2.66844
0.061559162753387596,2.668552
0.06164850841776116,2.668636
0.06173785408213473,2.668473
0.0618271997465083,2.668405
0.06191654541088187,2.667841
0.06200589107525543,2.667807
0.06209523673962899,2.667633
0.06218458240400256,2.667406
0.06227392806837613,2.667417
0.0623632737327497,2.667408
0.062452619397123266,2.667141
0.06254196506149684,2.667058
0.0626313107258704,2.666756
0.06272065639024396,2.66677
0.06281000205461754,2.667051
0.0628993477189911,2.666687
0.06298869338336467,2.666584
0.06307803904773823,2.666698
0.06316738471211181,2.666803
0.06325673037648537,2.666776
0.06334607604085894,2.666796
0.0634354217052325,2.666575
0.06352476736960606,2.66645
0.06361411303397964,2.666705
0.0637034586983532,2.666485
0.06379280436272677,2.666356
0.06388215002710033,2.666396
0.06397149569147391,2.666278
0.06406084135584747,2.666268
0.06415018702022104,2.666438
0.0642395326845946,2.666366
0.06432887834896817,2.666273
0.06441822401334175,2.666186
0.06450756967771532,2.665838
0.06459691534208888,2.665843
0.06468626100646244,2.66583
0.06477560667083601,2.665776
0.06486495233520959,2.665825
0.06495429799958315,2.665625
0.06504364366395671,2.665811
0.06513298932833027,2.665812
0.06522233499270384,2.665666
0.0653116806570774,2.665412
0.06540102632145098,2.66533
0.06549037198582454,2.665131
0.06557971765019811,2.665328
0.06566906331457167,2.665575
0.06575840897894523,2.665838
0.06584775464331881,2.665334
0.06593710030769237,2.664942
0.06602644597206594,2.665176
0.0661157916364395,2.664889
0.06620513730081307,2.664718
0.06629448296518664,2.664759
0.06638382862956022,2.664488
0.06647317429393378,2.664565
0.06656251995830735,2.664531
0.06665186562268091,2.664687
0.06674121128705447,2.664699
0.06683055695142805,2.664197
0.06691990261580162,2.664501
0.06700924828017518,2.664836
0.06709859394454874,2.664568
0.0671879396089223,2.664225
0.06727728527329588,2.664128
0.06736663093766945,2.663942
0.06745597660204301,2.663943
0.06754532226641657,2.663672
0.06763466793079015,2.663442
0.06772401359516371,2.663813
0.06781335925953728,2.663756
0.06790270492391084,2.663733
0.0679920505882844,2.663546
0.06808139625265798,2.663478
0.06817074191703154,2.663473
0.06826008758140512,2.663462
0.06834943324577869,2.663528
0.06843877891015225,2.663508
0.06852812457452581,2.663737
0.06861747023889939,2.66362
0.06870681590327296,2.663562
0.06879616156764652,2.663503
0.06888550723202008,2.66367
0.06897485289639364,2.663526
0.06906419856076723,2.663416
0.06915354422514079,2.663415
0.06924288988951435,2.663238
0.06933223555388791,2.663268
0.06942158121826147,2.663157
0.06951092688263506,2.663237
0.06960027254700862,2.663193
0.06968961821138218,2.663185
0.06977896387575575,2.662905
0.06986830954012932,2.663188
0.0699576552045029,2.663039
0.07004700086887646,2.663004
0.07013634653325002,2.662987
0.07022569219762358,2.663028
0.07031503786199715,2.663075
0.07040438352637073,2.66293
0.07049372919074429,2.663063
0.07058307485511785,2.662906
0.07067242051949142,2.662963
0.07076176618386498,2.663092
0.07085111184823856,2.662869
0.07094045751261212,2.662512
0.07102980317698568,2.662636
0.07111914884135925,2.662601
0.07120849450573281,2.662691
0.07129784017010639,2.66266
0.07138718583447995,2.662549
0.07147653149885352,2.662176
0.07156587716322708,2.662389
0.07165522282760066,2.66237
0.07174456849197423,2.662375
0.0718339141563478,2.662385
0.07192325982072137,2.662244
0.07201260548509493,2.662294
0.0721019511494685,2.662049
0.07219129681384207,2.661935
0.07228064247821563,2.661847
0.0723699881425892,2.662111
0.07245933380696276,2.662065
0.07254867947133634,2.662025
0.0726380251357099,2.661758
0.07272737080008346,2.66153
0.07281671646445702,2.661393
0.07290606212883059,2.661596
0.07299540779320417,2.661634
0.07308475345757773,2.661418
0.07317409912195129,2.661278
0.07326344478632485,2.661407
0.07335279045069842,2.661403
0.073442136115072,2.66135
0.07353148177944556,2.661065
0.07362082744381912,2.660968
0.07371017310819271,2.660875
0.07379951877256626,2.660802
0.07388886443693983,2.66064
0.07397821010131339,2.660822
0.07406755576568698,2.660897
0.07415690143006051,2.660983
0.0742462470944341,2.661156
0.07433559275880766,2.660923
0.07442493842318124,2.660776
0.07451428408755478,2.660728
0.07460362975192836,2.660996
0.07469297541630193,2.660676
0.07478232108067549,2.660848
0.07487166674504905,2.660796
0.07496101240942264,2.660596
0.0750503580737962,2.660549
0.07513970373816976,2.660611
0.07522904940254335,2.660639
0.0753183950669169,2.66058
0.07540774073129046,2.660277
0.07549708639566402,2.660693
0.07558643206003761,2.660315
0.07567577772441117,2.660382
0.07576512338878473,2.660199
0.0758544690531583,2.660146
0.07594381471753188,2.660187
0.07603316038190543,2.660116
0.076122506046279,2.659862
0.07621185171065256,2.659746
0.07630119737502615,2.65955
0.0763905430393997,2.659972
0.07647988870377327,2.660132
0.07656923436814683,2.659911
0.07665858003252042,2.659717
0.07674792569689397,2.659705
0.07683727136126754,2.659719
0.0769266170256411,2.659942
0.07701596269001466,2.659822
0.07710530835438824,2.659504
0.0771946540187618,2.659331
0.07728399968313537,2.659442
0.07737334534750895,2.659489
0.0774626910118825,2.659526
0.07755203667625608,2.659699
0.07764138234062963,2.65977
0.0777307280050032,2.659374
0.07782007366937678,2.659548
0.07790941933375034,2.659507
0.0779987649981239,2.659231
0.07808811066249746,2.659024
0.07817745632687104,2.6591
0.07826680199124461,2.659501
0.07835614765561816,2.659635
0.07844549331999175,2.65922
0.07853483898436532,2.659307
0.07862418464873887,2.659086
0.07871353031311244,2.658827
0.07880287597748602,2.658775
0.07889222164185959,2.659157
0.07898156730623314,2.659135
0.07907091297060673,2.659008
0.07916025863498027,2.658868
0.07924960429935385,2.658807
0.07933894996372741,2.658595
0.07942829562810098,2.658509
0.07951764129247456,2.65822
0.0796069869568481,2.658161
0.07969633262122168,2.65829
0.07978567828559527,2.658175
0.0798750239499688,2.658256
0.07996436961434239,2.658236
0.08005371527871594,2.658271
0.08014306094308953,2.658105
0.08023240660746309,2.657834
0.08032175227183665,2.657981
0.08041109793621022,2.65802
0.08050044360058377,2.657948
0.08058978926495734,2.657892
0.08067913492933092,2.658134
0.08076848059370448,2.658328
0.08085782625807805,2.658199
0.0809471719224516,2.657751
0.08103651758682519,2.65771
0.08112586325119875,2.657893
0.08121520891557231,2.657933
0.08130455457994588,2.657509
0.08139390024431946,2.657761
0.081483245908693,2.657852
0.08157259157306658,2.657847
0.08166193723744014,2.657588
0.08175128290181372,2.657568
0.08184062856618728,2.657232
0.08192997423056085,2.657397
0.08201931989493443,2.657114
0.08210866555930799,2.657084
0.08219801122368155,2.657091
0.08228735688805512,2.656926
0.08237670255242871,2.657016
0.08246604821680224,2.657301
0.08255539388117583,2.656842
0.08264473954554938,2.657094
0.08273408520992295,2.657173
0.08282343087429653,2.657288
0.08291277653867009,2.657009
0.08300212220304366,2.656964
0.08309146786741721,2.657088
0.08318081353179078,2.657211
0.08327015919616436,2.657573
0.08335950486053792,2.657411
0.0834488505249115,2.657501
0.08353819618928505,2.65736
0.08362754185365863,2.657478
0.08371688751803219,2.657279
0.08380623318240576,2.657141
0.08389557884677933,2.656722
0.0839849245111529,2.657056
0.08407427017552645,2.657138
0.08416361583990002,2.657282
0.0842529615042736,2.657263
0.08434230716864716,2.65735
0.08443165283302072,2.657414
0.0845209984973943,2.657129
0.08461034416176785,2.657176
0.08469968982614143,2.657205
0.08478903549051499,2.657043
0.08487838115488856,2.657192
0.08496772681926211,2.656906
0.08505707248363568,2.65701
0.08514641814800926,2.65704
0.08523576381238282,2.657023
0.08532510947675638,2.657068
0.08541445514112997,2.65693
0.08550380080550352,2.656887
0.08559314646987709,2.657037
0.08568249213425067,2.65689
0.08577183779862423,2.657044
0.08586118346299781,2.657184
0.08595052912737135,2.657266
0.08603987479174494,2.657411
0.0861292204561185,2.657067
0.08621856612049209,2.656874
0.08630791178486563,2.656879
0.0863972574492392,2.656757
0.08648660311361277,2.657027
0.08657594877798633,2.656975
0.08666529444235989,2.656842
0.08675464010673346,2.657009
0.08684398577110704,2.656726
0.0869333314354806,2.657012
0.08702267709985416,2.656752
0.08711202276422775,2.656682
0.0872013684286013,2.656555
0.08729071409297487,2.656607
0.08738005975734844,2.656862
0.087469405421722,2.656828
0.08755875108609557,2.656623
0.08764809675046913,2.656402
0.0877374424148427,2.656363
0.08782678807921628,2.656403
0.08791613374358982,2.656479
0.08800547940796341,2.656537
0.08809482507233696,2.656229
0.08818417073671053,2.656272
0.0882735164010841,2.656475
0.08836286206545767,2.65637
0.08845220772983124,2.656392
0.08854155339420479,2.656138
0.08863089905857836,2.656239
0.08872024472295194,2.655941
0.08880959038732548,2.655998
0.08889893605169907,2.655833
0.08898828171607263,2.656099
0.08907762738044621,2.656164
0.08916697304481977,2.656126
0.08925631870919334,2.656214
0.0893456643735669,2.656358
0.08943501003794047,2.656079
0.08952435570231403,2.656281
0.0896137013666876,2.6562
0.08970304703106119,2.65609
0.08979239269543474,2.656264
0.08988173835980831,2.656186
0.08997108402418189,2.656047
0.09006042968855543,2.655891
0.090149775352929,2.655957
0.09023912101730257,2.656011
0.09032846668167614,2.655973
0.09041781234604972,2.655888
0.09050715801042326,2.655934
0.09059650367479685,2.655778
0.09068584933917041,2.655787
0.09077519500354397,2.655399
0.09086454066791755,2.655579
0.09095388633229112,2.655664
0.09104323199666467,2.655776
0.09113257766103824,2.655677
0.0912219233254118,2.655707
0.09131126898978538,2.655905
0.09140061465415893,2.655567
0.09148996031853251,2.65557
0.09157930598290608,2.65563
0.09166865164727964,2.655674
0.09175799731165321,2.655711
0.09184734297602679,2.655652
0.09193668864040035,2.655665
0.09202603430477391,2.655389
0.09211537996914747,2.655387
0.09220472563352104,2.655293
0.0922940712978946,2.655264
0.09238341696226818,2.655247
0.09247276262664174,2.655179
0.09256210829101533,2.655344
0.09265145395538886,2.655082
0.09274079961976245,2.65521
0.09283014528413602,2.655165
0.09291949094850958,2.655014
0.09300883661288314,2.655235
0.0930981822772567,2.655291
0.0931875279416303,2.655478
0.09327687360600385,2.655245
0.09336621927037742,2.65527
0.09345556493475099,2.65561
0.09354491059912456,2.655415
0.09363425626349811,2.655703
0.09372360192787169,2.65556
0.09381294759224525,2.655459
0.09390229325661882,2.655587
0.09399163892099238,2.655477
0.09408098458536596,2.655126
0.09417033024973952,2.655314
0.09425967591411309,2.65539
0.09434902157848665,2.655338
0.09443836724286023,2.655373
0.09452771290723377,2.655385
0.09461705857160735,2.655544
0.09470640423598092,2.655391
0.09479574990035448,2.655257
0.09488509556472804,2.65523
0.09497444122910163,2.655458
0.09506378689347518,2.655264
0.09515313255784877,2.655419
0.09524247822222232,2.65565
0.09533182388659589,2.655839
0.09542116955096946,2.655699
0.09551051521534301,2.655438
0.09559986087971659,2.655372
0.09568920654409015,2.655636
0.09577855220846372,2.655496
0.0958678978728373,2.655283
0.09595724353721084,2.65525
0.09604658920158443,2.655232
0.09613593486595796,2.655274
0.09622528053033155,2.655118
0.09631462619470513,2.655118
0.0964039718590787,2.655374
0.09649331752345225,2.65526
0.09658266318782582,2.65522
0.09667200885219941,2.655263
0.09676135451657296,2.655136
0.09685070018094653,2.655144
0.0969400458453201,2.655035
0.09702939150969367,2.655035
0.09711873717406722,2.655243
0.09720808283844079,2.655025
0.09729742850281436,2.655113
0.09738677416718793,2.655337
0.09747611983156149,2.655399
0.09756546549593507,2.654998
0.09765481116030862,2.655324
0.0977441568246822,2.655609
0.09783350248905577,2.655711
0.09792284815342933,2.655533
0.0980121938178029,2.655748
0.09810153948217645,2.655504
0.09819088514655003,2.655426
0.0982802308109236,2.655387
0.09836957647529715,2.655116
0.09845892213967074,2.654876
0.09854826780404428,2.654822
0.09863761346841787,2.654686
0.09872695913279142,2.654933
0.098816304797165,2.655132
0.09890565046153857,2.65526
0.09899499612591213,2.655
0.09908434179028569,2.655149
0.09917368745465927,2.655081
0.09926303311903283,2.65505
0.0993523787834064,2.655194
0.09944172444777996,2.655147
0.09953107011215354,2.655053
0.09962041577652708,2.655182
0.09970976144090067,2.655255
0.09979910710527423,2.654968
0.0998884527696478,2.655238
0.09997779843402135,2.6551
0.10006714409839493,2.655489
0.10015648976276852,2.655304
0.10024583542714206,2.655378
0.10033518109151562,2.655263
0.10042452675588921,2.655566
0.10051387242026277,2.655685
0.10060321808463633,2.65563
0.1006925637490099,2.655299
0.10078190941338347,2.655262
0.10087125507775704,2.655411
0.10096060074213059,2.655386
0.10104994640650418,2.655494
0.10113929207087774,2.655378
0.1012286377352513,2.655152
0.10131798339962488,2.655237
0.10140732906399845,2.655208
0.10149667472837201,2.655387
0.10158602039274557,2.655049
0.10167536605711913,2.655311
0.1017647117214927,2.655367
0.10185405738586625,2.655037
0.10194340305023984,2.654963
0.1020327487146134,2.655013
0.10212209437898699,2.654866
0.10221144004336052,2.654888
0.10230078570773411,2.654989
0.10239013137210767,2.65501
0.10247947703648125,2.65499
0.10256882270085481,2.65503
0.10265816836522837,2.654751
0.10274751402960194,2.654881
0.1028368596939755,2.654947
0.10292620535834907,2.655
0.10301555102272265,2.654863
0.1031048966870962,2.655148
0.10319424235146978,2.655159
0.10328358801584332,2.655036
0.10337293368021691,2.6552
0.10346227934459047,2.655169
0.10355162500896403,2.65501
0.10364097067333762,2.655125
0.10373031633771118,2.655102
0.10381966200208473,2.655433
0.10390900766645832,2.655271
0.10399835333083189,2.65494
0.10408769899520544,2.655291
0.10417704465957901,2.655349
0.10426639032395257,2.655477
0.10435573598832615,2.655436
0.10444508165269971,2.655357
0.10453442731707328,2.655456
0.10462377298144684,2.655296
0.10471311864582043,2.655345
0.10480246431019397,2.655596
0.10489180997456755,2.655562
0.10498115563894113,2.655684
0.10507050130331468,2.655469
0.10515984696768825,2.655454
0.10524919263206181,2.65543
0.10533853829643539,2.655418
0.10542788396080896,2.655205
0.10551722962518251,2.655416
0.1056065752895561,2.655586
0.10569592095392963,2.655679
0.10578526661830322,2.655757
0.10587461228267679,2.655661
0.10596395794705035,2.655408
0.10605330361142391,2.655348
0.10614264927579749,2.65553
0.10623199494017105,2.655343
0.10632134060454461,2.65515
0.10641068626891817,2.655265
0.10650003193329176,2.655242
0.10658937759766532,2.655065
0.10667872326203888,2.655065
0.10676806892641244,2.655208
0.10685741459078603,2.655184
0.10694676025515959,2.655278
0.10703610591953315,2.655175
0.10712545158390671,2.655216
0.10721479724828029,2.654943
0.10730414291265385,2.654959
0.10739348857702742,2.654695
0.107482834241401,2.654726
0.10757217990577457,2.654729
0.10766152557014812,2.654999
0.10775087123452169,2.655051
0.10784021689889525,2.654953
0.10792956256326881,2.654983
0.1080189082276424,2.655247
0.10810825389201595,2.654814
0.10819759955638954,2.654968
0.10828694522076307,2.654816
0.10837629088513666,2.65491
0.10846563654951023,2.654924
0.10855498221388378,2.655235
0.10864432787825735,2.655081
0.10873367354263093,2.655131
0.10882301920700449,2.655246
0.10891236487137806,2.65517
0.10900171053575161,2.655045
0.1090910562001252,2.655057
0.10918040186449876,2.655021
0.10926974752887232,2.654997
0.10935909319324588,2.655083
0.10944843885761947,2.654949
0.10953778452199302,2.654818
0.10962713018636659,2.655109
0.10971647585074017,2.655082
0.10980582151511373,2.655246
0.10989516717948729,2.655349
0.10998451284386086,2.655594
0.11007385850823442,2.655347
0.110163204172608,2.655301
0.11025254983698154,2.654992
0.11034189550135513,2.654792
0.11043124116572871,2.654999
0.11052058683010225,2.654958
0.11060993249447583,2.655019
0.11069927815884939,2.655121
0.11078862382322295,2.655031
0.11087796948759653,2.655076
0.1109673151519701,2.655218
0.11105666081634367,2.655309
0.11114600648071721,2.655303
0.1112353521450908,2.65527
0.11132469780946437,2.654843
0.11141404347383792,2.654948
0.1115033891382115,2.655054
0.11159273480258507,2.655215
0.11168208046695864,2.655196
0.11177142613133219,2.655331
0.11186077179570578,2.65502
0.11195011746007934,2.65506
0.11203946312445291,2.655135
0.11212880878882646,2.655075
0.11221815445320003,2.654908
0.11230750011757361,2.654964
0.11239684578194716,2.655236
0.11248619144632073,2.655165
0.11257553711069432,2.655025
0.11266488277506786,2.655013
0.11275422843944144,2.655009
0.11284357410381499,2.655077
0.11293291976818857,2.655146
0.11302226543256214,2.655133
0.1131116110969357,2.655092
0.11320095676130927,2.654932
0.11329030242568285,2.655113
0.11337964809005639,2.655002
0.11346899375442998,2.655013
0.11355833941880353,2.655042
0.1136476850831771,2.654998
0.11373703074755065,2.655271
0.11382637641192424,2.655469
0.1139157220762978,2.655707
0.11400506774067136,2.655602
0.11409441340504493,2.655601
0.11418375906941851,2.65543
0.1142731047337921,2.655205
0.11436245039816563,2.655195
0.11445179606253922,2.655099
0.11454114172691278,2.655218
0.11463048739128633,2.655284
0.1147198330556599,2.65523
0.11480917872003348,2.65526
0.11489852438440705,2.655267
0.11498787004878061,2.655365
0.11507721571315417,2.655462
0.11516656137752776,2.655342
0.11525590704190129,2.655439
0.11534525270627488,2.654973
0.11543459837064843,2.655112
0.11552394403502202,2.655374
0.11561328969939558,2.655277
0.11570263536376914,2.655372
0.11579198102814271,2.655233
0.11588132669251626,2.655162
0.11597067235688983,2.655128
0.11606001802126342,2.654899
0.11614936368563697,2.654902
0.11623870935001054,2.654751
0.1163280550143841,2.654974
0.11641740067875768,2.655286
0.11650674634313125,2.655224
0.11659609200750481,2.655103
0.11668543767187838,2.65489
0.11677478333625195,2.654797
0.1168641290006255,2.654969
0.11695347466499907,2.655048
0.11704282032937265,2.65459
0.11713216599374622,2.654847
0.11722151165811977,2.654853
0.11731085732249336,2.65497
0.1174002029868669,2.6551
0.11748954865124048,2.6552
0.11757889431561404,2.654959
0.11766823997998761,2.654973
0.1177575856443612,2.655021
0.11784693130873473,2.655007
0.11793627697310831,2.654932
0.1180256226374819,2.654977
0.11811496830185543,2.655005
0.11820431396622902,2.655092
0.11829365963060258,2.655436
0.11838300529497615,2.65512
0.11847235095934971,2.655111
0.11856169662372328,2.655064
0.11865104228809686,2.654921
0.11874038795247042,2.655284
0.11882973361684399,2.655193
0.11891907928121755,2.654952
0.11900842494559113,2.654724
0.11909777060996468,2.654655
0.11918711627433826,2.654877
0.11927646193871182,2.654922
0.11936580760308539,2.654763
0.11945515326745894,2.65477
0.11954449893183253,2.654878
0.11963384459620609,2.654911
0.11972319026057965,2.654808
0.11981253592495321,2.654693
0.1199018815893268,2.654601
0.11999122725370034,2.654461
0.12008057291807392,2.654379
0.1201699185824475,2.654468
0.12025926424682105,2.654539
0.12034860991119462,2.65464
0.12043795557556818,2.654508
0.12052730123994175,2.654845
0.12061664690431534,2.654976
0.12070599256868887,2.655026
0.12079533823306246,2.655179
0.12088468389743601,2.655128
0.1209740295618096,2.654825
0.12106337522618316,2.654712
0.12115272089055672,2.654686
0.1212420665549303,2.654725
0.12133141221930385,2.654717
0.12142075788367741,2.654805
0.12151010354805099,2.654883
0.12159944921242458,2.654718
0.12168879487679812,2.654921
0.1217781405411717,2.654858
0.12186748620554526,2.654642
0.12195683186991882,2.654736
0.1220461775342924,2.654591
0.12213552319866597,2.654578
0.12222486886303953,2.654675
0.1223142145274131,2.654664
0.12240356019178665,2.654556
0.12249290585616024,2.654804
0.12258225152053379,2.654837
0.12267159718490736,2.654837
0.12276094284928094,2.654627
0.1228502885136545,2.654649
0.12293963417802806,2.654534
0.12302897984240162,2.654529
0.12311832550677519,2.654779
0.12320767117114878,2.654834
0.12329701683552231,2.654917
0.1233863624998959,2.654787
0.12347570816426946,2.654837
0.12356505382864302,2.654666
0.1236543994930166,2.654799
0.12374374515739017,2.65467
0.12383309082176373,2.654933
0.1239224364861373,2.654966
0.12401178215051085,2.655006
0.12410112781488443,2.654835
0.12419047347925798,2.654874
0.12427981914363156,2.654721
0.12436916480800513,2.654761
0.12445851047237871,2.654786
0.12454785613675226,2.654698
0.12463720180112584,2.654988
0.1247265474654994,2.654763
0.12481589312987296,2.654679
0.12490523879424653,2.654665
0.12499458445862009,2.654703
0.12508393012299368,2.654709
0.12517327578736723,2.654565
0.1252626214517408,2.654565
0.12535196711611438,2.654502
0.12544131278048792,2.654728
0.1255306584448615,2.654592
0.12562000410923507,2.6546
0.12570934977360865,2.654624
0.1257986954379822,2.654615
0.12588804110235577,2.654564
0.12597738676672934,2.654431
0.1260667324311029,2.654498
0.12615607809547646,2.654371
0.12624542375985004,2.654444
0.12633476942422361,2.654343
0.12642411508859716,2.654345
0.12651346075297074,2.654807
0.1266028064173443,2.654678
0.12669215208171788,2.654448
0.12678149774609143,2.654599
0.126870843410465,2.654403
0.12696018907483855,2.654376
0.12704953473921213,2.654434
0.1271388804035857,2.654689
0.12722822606795928,2.654706
0.12731757173233285,2.654727
0.1274069173967064,2.654689
0.12749626306107997,2.654634
0.12758560872545355,2.654499
0.1276749543898271,2.654333
0.12776430005420067,2.654655
0.12785364571857424,2.654379
0.12794299138294782,2.65437
0.12803233704732137,2.654369
0.12812168271169494,2.654852
0.12821102837606851,2.655271
0.1283003740404421,2.654985
0.12838971970481564,2.654872
0.1284790653691892,2.654902
0.12856841103356278,2.654932
0.12865775669793633,2.654659
0.1287471023623099,2.654659
0.1288364480266835,2.654771
0.12892579369105706,2.654678
0.12901513935543063,2.65512
0.12910448501980418,2.654766
0.12919383068417775,2.654658
0.12928317634855133,2.654803
0.12937252201292487,2.655161
0.12946186767729845,2.655141
0.12955121334167202,2.65519
0.12964055900604557,2.655192
0.12972990467041917,2.654847
0.12981925033479272,2.65488
0.1299085959991663,2.654676
0.12999794166353984,2.654537
0.13008728732791341,2.654664
0.130176632992287,2.654492
0.13026597865666054,2.654536
0.1303553243210341,2.654537
0.13044466998540769,2.654368
0.13053401564978126,2.654351
0.1306233613141548,2.654207
0.13071270697852838,2.654448
0.13080205264290196,2.654248
0.1308913983072755,2.654664
0.13098074397164908,2.654627
0.13107008963602265,2.654768
0.13115943530039623,2.654656
0.13124878096476977,2.654687
0.13133812662914335,2.654801
0.13142747229351692,2.654901
0.13151681795789047,2.654898
0.13160616362226404,2.654494
0.13169550928663762,2.65451
0.13178485495101117,2.654645
0.13187420061538474,2.654637
0.1319635462797583,2.654499
0.1320528919441319,2.654695
0.13214223760850544,2.654605
0.132231583272879,2.654742
0.13232092893725259,2.654622
0.13241027460162613,2.654896
0.1324996202659997,2.655007
0.13258896593037328,2.654634
0.13267831159474688,2.65459
0.13276765725912043,2.654593
0.132857002923494,2.654398
0.13294634858786755,2.654569
0.13303569425224113,2.65439
0.1331250399166147,2.654476
0.13321438558098825,2.654498
0.13330373124536182,2.6544
0.13339307690973543,2.654394
0.13348242257410894,2.654383
0.13357176823848255,2.65436
0.1336611139028561,2.654314
0.13375045956722967,2.653986
0.13383980523160324,2.654176
0.1339291508959768,2.654327
0.13401849656035036,2.654248
0.1341078422247239,2.654166
0.13419718788909749,2.654198
0.1342865335534711,2.654076
0.1343758792178446,2.654166
0.1344652248822182,2.654241
0.13455457054659176,2.654475
0.13464391621096533,2.654736
0.1347332618753389,2.654355
0.13482260753971245,2.654295
0.13491195320408603,2.65432
0.1350012988684596,2.654279
0.13509064453283315,2.654196
0.13517999019720672,2.654189
0.1352693358615803,2.654006
0.13535868152595387,2.654031
0.13544802719032742,2.654254
0.135537372854701,2.654111
0.13562671851907457,2.654
0.13571606418344812,2.654041
0.1358054098478217,2.654256
0.13589475551219526,2.653836
0.1359841011765688,2.654214
0.13607344684094239,2.65395
0.13616279250531596,2.654048
0.13625213816968954,2.654059
0.13634148383406308,2.654043
0.13643082949843666,2.654083
0.13652017516281023,2.653992
0.13660952082718378,2.654048
0.13669886649155738,2.654025
0.13678821215593093,2.654025
0.1368775578203045,2.654139
0.13696690348467805,2.654082
0.13705624914905162,2.654241
0.1371455948134252,2.654287
0.13723494047779877,2.654193
0.13732428614217232,2.65419
0.13741363180654592,2.654215
0.13750297747091947,2.654356
0.13759232313529304,2.654341
0.1376816687996666,2.654492
0.13777101446404016,2.654565
0.13786036012841374,2.654611
0.13794970579278729,2.654179
0.13803905145716086,2.65405
0.13812839712153446,2.654088
0.13821774278590798,2.654087
0.13830708845028158,2.654139
0.13839643411465513,2.654032
0.1384857797790287,2.654353
0.13857512544340228,2.654144
0.13866447110777583,2.653748
0.1387538167721494,2.653803
0.13884316243652295,2.653474
0.13893250810089652,2.653472
0.13902185376527013,2.653549
0.13911119942964367,2.653823
0.13920054509401725,2.653621
0.13928989075839082,2.653731
0.13937923642276437,2.653726
0.13946858208713794,2.653852
0.1395579277515115,2.653717
0.1396472734158851,2.653865
0.13973661908025864,2.653838
0.13982596474463221,2.653733
0.1399153104090058,2.653913
0.14000465607337934,2.653767
0.1400940017377529,2.653562
0.14018334740212648,2.653555
0.14027269306650003,2.653527
0.14036203873087363,2.653587
0.14045138439524715,2.65347
0.14054073005962076,2.653648
0.1406300757239943,2.653389
0.14071942138836788,2.653618
0.14080876705274145,2.653796
0.140898112717115,2.653741
0.14098745838148857,2.653667
0.14107680404586212,2.65383
0.1411661497102357,2.653837
0.14125549537460927,2.653757
0.14134484103898284,2.653793
0.14143418670335642,2.653645
0.14152353236772997,2.653951
0.14161287803210354,2.653796
0.14170222369647711,2.653775
0.14179156936085066,2.653799
0.14188091502522424,2.653869
0.1419702606895978,2.653908
0.14205960635397136,2.653894
0.14214895201834496,2.653914
0.1422382976827185,2.653626
0.14232764334709208,2.6538
0.14241698901146563,2.653347
0.1425063346758392,2.653149
0.14259568034021278,2.653193
0.14268502600458632,2.653367
0.1427743716689599,2.653337
0.1428637173333335,2.653423
0.14295306299770705,2.653191
0.14304240866208062,2.65328
0.14313175432645417,2.653427
0.14322109999082774,2.653568
0.14331044565520132,2.653289
0.14339979131957487,2.653178
0.14348913698394847,2.65305
0.14357848264832204,2.653004
0.1436678283126956,2.65279
0.14375717397706916,2.653075
0.14384651964144274,2.652939
0.14393586530581629,2.653025
0.14402521097018986,2.653097
0.1441145566345634,2.652986
0.144203902298937,2.653
0.14429324796331053,2.652812
0.14438259362768413,2.652721
0.1444719392920577,2.652709
0.14456128495643125,2.65294
0.14465063062080483,2.652871
0.1447399762851784,2.652954
0.14482932194955195,2.653165
0.14491866761392552,2.653097
0.14500801327829907,2.653249
0.14509735894267267,2.653154
0.14518670460704622,2.652973
0.1452760502714198,2.65298
0.14536539593579337,2.652737
0.14545474160016691,2.652736
0.1455440872645405,2.652747
0.14563343292891404,2.652982
0.1457227785932876,2.653247
0.14581212425766119,2.653033
0.14590146992203473,2.652915
0.14599081558640833,2.653172
0.14608016125078188,2.65292
0.14616950691515546,2.652995
0.14625885257952903,2.653052
0.14634819824390258,2.653022
0.14643754390827615,2.652882
0.1465268895726497,2.652996
0.14661623523702327,2.653117
0.14670558090139685,2.653281
0.14679492656577042,2.65288
0.146884272230144,2.652833
0.14697361789451754,2.652942
0.14706296355889112,2.652969
0.14715230922326467,2.653102
0.14724165488763824,2.653049
0.14733100055201184,2.653013
0.14742034621638542,2.652838
0.14750969188075896,2.652959
0.1475990375451325,2.652847
0.14768838320950609,2.652916
0.14777772887387966,2.653033
0.1478670745382532,2.652685
0.14795642020262678,2.652609
0.14804576586700038,2.652968
0.14813511153137396,2.653202
0.1482244571957475,2.653189
0.14831380286012102,2.653182
0.14840314852449463,2.653013
0.1484924941888682,2.653038
0.14858183985324178,2.652955
0.14867118551761532,2.652921
0.1487605311819889,2.652984
0.14884987684636247,2.652716
0.14893922251073602,2.652599
0.14902856817510957,2.652647
0.14911791383948317,2.652744
0.14920725950385672,2.652689
0.1492966051682303,2.652955
0.14938595083260386,2.653087
0.14947529649697747,2.652798
0.14956464216135099,2.652747
0.14965398782572456,2.652445
0.1497433334900981,2.652846
0.1498326791544717,2.652694
0.14992202481884528,2.652936
0.15001137048321886,2.652707
0.1501007161475924,2.652826
0.15019006181196595,2.652961
0.15027940747633953,2.652763
0.1503687531407131,2.652646
0.1504580988050867,2.652645
0.15054744446946022,2.652483
0.1506367901338338,2.652436
0.15072613579820737,2.652573
0.15081548146258092,2.652668
0.15090482712695452,2.652491
0.15099417279132804,2.652362
0.15108351845570162,2.652452
0.15117286412007522,2.65269
0.1512622097844488,2.652713
0.15135155544882234,2.652344
0.15144090111319586,2.652286
0.15153024677756946,2.65257
0.15161959244194304,2.652585
0.1517089381063166,2.652534
0.15179828377069018,2.652414
0.15188762943506376,2.652181
0.1519769750994373,2.652561
0.15206632076381085,2.652462
0.15215566642818443,2.652515
0.152245012092558,2.652629
0.15233435775693158,2.65243
0.15242370342130512,2.652353
0.1525130490856787,2.652458
0.1526023947500523,2.652359
0.15269174041442585,2.652605
0.1527810860787994,2.652604
0.15287043174317294,2.652483
0.15295977740754654,2.652432
0.15304912307192012,2.652592
0.15313846873629366,2.65288
0.15322781440066727,2.652949
0.15331716006504084,2.653011
0.15340650572941436,2.653004
0.15349585139378794,2.652955
0.15358519705816148,2.652969
0.15367454272253508,2.652845
0.15376388838690866,2.652658
0.1538532340512822,2.652637
0.15394257971565578,2.652641
0.15403192538002933,2.652503
0.1541212710444029,2.652475
0.15421061670877648,2.652625
0.15429996237315008,2.65283
0.1543893080375236,2.652388
0.15447865370189717,2.652749
0.15456799936627075,2.652765
0.15465734503064432,2.65265
0.1547466906950179,2.652732
0.15483603635939144,2.652909
0.154925382023765,2.652781
0.1550147276881386,2.652781
0.15510407335251217,2.652718
0.15519341901688574,2.65306
0.15528276468125926,2.652911
0.15537211034563284,2.652456
0.1554614560100064,2.652536
0.15555080167437998,2.652642
0.15564014733875356,2.652598
0.15572949300312713,2.652679
0.15581883866750068,2.652539
0.15590818433187423,2.652253
0.1559975299962478,2.652623
0.1560868756606214,2.652536
0.15617622132499492,2.652806
0.1562655669893685,2.652804
0.15635491265374207,2.652883
0.15644425831811568,2.652425
0.15653360398248922,2.652264
0.15662294964686274,2.652423
0.15671229531123632,2.652355
0.15680164097560992,2.652453
0.1568909866399835,2.652291
0.15698033230435707,2.652094
0.15706967796873064,2.652128
0.15715902363310416,2.652282
0.15724836929747774,2.652409
0.1573377149618513,2.652473
0.15742706062622489,2.652429
0.15751640629059846,2.652235
0.15760575195497203,2.652033
0.15769509761934558,2.652132
0.15778444328371918,2.652256
0.15787378894809273,2.652477
0.15796313461246628,2.652299
0.15805248027683985,2.652498
0.15814182594121345,2.652418
0.158231171605587,2.652415
0.15832051726996055,2.652433
0.15840986293433412,2.652218
0.1584992085987077,2.652245
0.15858855426308124,2.652309
0.15867789992745482,2.652232
0.1587672455918284,2.652486
0.15885659125620197,2.652541
0.15894593692057554,2.652474
0.15903528258494912,2.652533
0.15912462824932264,2.65246
0.1592139739136962,2.652297
0.15930331957806979,2.65213
0.15939266524244336,2.652206
0.15948201090681693,2.652377
0.15957135657119054,2.652099
0.15966070223556406,2.652234
0.1597500478999376,2.652238
0.15983939356431118,2.652408
0.15992873922868478,2.652359
0.16001808489305835,2.652324
0.16010743055743187,2.652214
0.16019677622180545,2.652079
0.16028612188617905,2.652149
0.1603754675505526,2.652558
0.16046481321492617,2.652263
0.1605541588792997,2.65206
0.1606435045436733,2.652193
0.16073285020804687,2.652138
0.16082219587242044,2.652093
0.16091154153679402,2.652386
0.16100088720116754,2.651851
0.1610902328655411,2.65172
0.16117957852991469,2.651821
0.1612689241942883,2.65188
0.16135826985866183,2.651747
0.16144761552303538,2.651684
0.16153696118740896,2.651603
0.1616263068517825,2.651623
0.1617156525161561,2.651637
0.16180499818052968,2.651561
0.1618943438449032,2.65159
0.1619836895092768,2.65175
0.16207303517365038,2.651773
0.16216238083802395,2.651644
0.1622517265023975,2.651612
0.16234107216677107,2.651619
0.16243041783114462,2.651723
0.1625197634955182,2.651809
0.16260910915989177,2.651757
0.16269845482426534,2.651539
0.16278780048863892,2.651799
0.1628771461530125,2.651959
0.162966491817386,2.65198
0.1630558374817596,2.651845
0.16314518314613316,2.651741
0.16323452881050673,2.651709
0.16332387447488028,2.651806
0.16341322013925388,2.651862
0.16350256580362743,2.65167
0.16359191146800098,2.652085
0.16368125713237455,2.651978
0.16377060279674815,2.651924
0.1638599484611217,2.651825
0.16394929412549528,2.651809
0.16403863978986885,2.652103
0.16412798545424243,2.652018
0.16421733111861597,2.65185
0.16430667678298952,2.651769
0.1643960224473631,2.651598
0.16448536811173667,2.651398
0.16457471377611024,2.651252
0.16466405944048382,2.651301
0.16475340510485742,2.651433
0.16484275076923094,2.651411
0.16493209643360449,2.65151
0.16502144209797806,2.65151
0.16511078776235166,2.651433
0.16520013342672524,2.651511
0.16528947909109876,2.651679
0.16537882475547233,2.651417
0.1654681704198459,2.651585
0.16555751608421948,2.651524
0.16564686174859306,2.65119
0.16573620741296657,2.651412
0.16582555307734018,2.651526
0.16591489874171375,2.651586
0.16600424440608733,2.651175
0.16609359007046087,2.650894
0.16618293573483442,2.65131
0.166272281399208,2.651614
0.16636162706358157,2.651684
0.16645097272795514,2.651865
0.16654031839232872,2.651631
0.1666296640567023,2.651751
0.16671900972107584,2.65149
0.16680835538544939,2.651253
0.166897701049823,2.651095
0.16698704671419656,2.651215
0.1670763923785701,2.651404
0.16716573804294366,2.651372
0.16725508370731726,2.651335
0.16734442937169083,2.651216
0.16743377503606438,2.651045
0.1675231207004379,2.651124
0.16761246636481153,2.650852
0.16770181202918508,2.650898
0.16779115769355865,2.650875
0.16788050335793223,2.65097
0.1679698490223058,2.650983
0.16805919468667932,2.650821
0.1681485403510529,2.650882
0.16823788601542647,2.65117
0.16832723167980004,2.651347
0.16841657734417362,2.65126
0.1685059230085472,2.651272
0.1685952686729208,2.651158
0.16868461433729431,2.651293
0.16877396000166786,2.651022
0.16886330566604144,2.651308
0.16895265133041504,2.651078
0.1690419969947886,2.651455
0.16913134265916216,2.651392
0.1692206883235357,2.651518
0.16931003398790928,2.651264
0.16939937965228286,2.651208
0.16948872531665643,2.651177
0.16957807098102998,2.651035
0.16966741664540355,2.650887
0.16975676230977713,2.65093
0.1698461079741507,2.650882
0.16993545363852422,2.650744
0.17002479930289785,2.651022
0.17011414496727137,2.651222
0.17020349063164494,2.651026
0.17029283629601852,2.650764
0.17038218196039212,2.650682
0.17047152762476564,2.650846
0.1705608732891392,2.650849
0.17065021895351276,2.650897
0.17073956461788636,2.650718
0.17082891028225994,2.650695
0.1709182559466335,2.650791
0.17100760161100703,2.65074
0.17109694727538063,2.650707
0.17118629293975418,2.650596
0.17127563860412776,2.650432
0.17136498426850133,2.650502
0.17145432993287488,2.650052
0.17154367559724845,2.649925
0.17163302126162203,2.649939
0.17172236692599563,2.65027
0.17181171259036918,2.650358
0.1719010582547427,2.650308
0.17199040391911627,2.650488
0.17207974958348987,2.650516
0.17216909524786345,2.650627
0.172258440912237,2.650616
0.17234778657661057,2.650594
0.17243713224098417,2.650262
0.1725264779053577,2.650225
0.17261582356973126,2.650276
0.1727051692341048,2.65063
0.1727945148984784,2.650581
0.17288386056285196,2.650701
0.17297320622722553,2.650423
0.1730625518915991,2.650436
0.17315189755597266,2.650553
0.17324124322034623,2.650677
0.17333058888471978,2.650348
0.17341993454909335,2.650114
0.17350928021346693,2.650127
0.1735986258778405,2.650083
0.17368797154221408,2.650037
0.1737773172065876,2.650199
0.1738666628709612,2.64989
0.17395600853533477,2.64983
0.17404535419970832,2.650129
0.1741346998640819,2.650116
0.1742240455284555,2.650354
0.17431339119282907,2.650088
0.1744027368572026,2.650212
0.17449208252157614,2.650184
0.17458142818594974,2.649902
0.1746707738503233,2.649767
0.1747601195146969,2.650109
0.17484946517907043,2.650124
0.174938810843444,2.649984
0.17502815650781756,2.650089
0.17511750217219113,2.650076
0.17520684783656468,2.650035
0.17529619350093825,2.650032
0.17538553916531183,2.650031
0.1754748848296854,2.649925
0.175564230494059,2.650053
0.17565357615843255,2.650216
0.17574292182280607,2.650306
0.17583226748717964,2.650412
0.17592161315155325,2.650315
0.17601095881592682,2.650066
0.1761003044803004,2.649775
0.17618965014467391,2.649826
0.17627899580904752,2.649963
0.17636834147342106,2.649779
0.17645768713779464,2.649621
0.1765470328021682,2.649758
0.1766363784665418,2.649553
0.17672572413091533,2.649528
0.1768150697952889,2.649283
0.17690441545966248,2.64952
0.17699376112403606,2.649663
0.17708310678840958,2.649668
0.17717245245278315,2.64974
0.17726179811715673,2.649677
0.17735114378153033,2.649882
0.17744048944590388,2.649907
0.17752983511027745,2.649502
0.17761918077465097,2.649252
0.17770852643902457,2.649309
0.17779787210339815,2.64915
0.1778872177677717,2.649156
0.17797656343214527,2.649196
0.17806590909651887,2.649118
0.17815525476089242,2.649308
0.17824460042526596,2.649098
0.17833394608963954,2.649391
0.1784232917540131,2.649524
0.1785126374183867,2.649612
0.17860198308276024,2.649529
0.1786913287471338,2.649694
0.17878067441150738,2.649666
0.17887002007588093,2.64962
0.1789593657402545,2.649508
0.17904871140462805,2.649563
0.17913805706900165,2.649512
0.1792274027333752,2.649486
0.17931674839774878,2.649208
0.17940609406212238,2.649202
0.1794954397264959,2.649486
0.17958478539086947,2.649334
0.17967413105524302,2.64911
0.17976347671961662,2.649172
0.1798528223839902,2.649184
0.17994216804836377,2.649215
0.18003151371273732,2.649356
0.18012085937711086,2.648988
0.18021020504148444,2.648968
0.180299550705858,2.649
0.1803888963702316,2.64876
0.18047824203460514,2.648832
0.1805675876989787,2.648943
0.18065693336335228,2.648683
0.18074627902772586,2.64868
0.18083562469209943,2.648872
0.18092497035647295,2.6489
0.18101431602084653,2.648696
0.1811036616852201,2.648633
0.1811930073495937,2.648898
0.18128235301396728,2.64865
0.18137169867834083,2.648889
0.18146104434271434,2.648785
0.18155039000708795,2.648715
0.18163973567146152,2.648968
0.1817290813358351,2.64895
0.18181842700020862,2.649071
0.18190777266458225,2.648905
0.1819971183289558,2.648969
0.18208646399332934,2.648856
0.18217580965770291,2.648998
0.1822651553220765,2.64893
0.18235450098645004,2.649021
0.1824438466508236,2.649138
0.1825331923151972,2.649106
0.18262253797957076,2.649193
0.1827118836439443,2.649509
0.18280122930831785,2.649309
0.18289057497269146,2.649457
0.18297992063706503,2.649476
0.1830692663014386,2.649541
0.18315861196581215,2.64898
0.18324795763018575,2.648895
0.18333730329455927,2.648973
0.18342664895893285,2.648968
0.18351599462330642,2.648837
0.18360534028768,2.648686
0.18369468595205357,2.648808
0.18378403161642715,2.648976
0.1838733772808007,2.64876
0.18396272294517424,2.648668
0.18405206860954781,2.648472
0.1841414142739214,2.648514
0.18423075993829494,2.648371
0.18432010560266857,2.648373
0.18440945126704208,2.648535
0.18449879693141566,2.648831
0.1845881425957892,2.648624
0.1846774882601628,2.648592
0.18476683392453636,2.648482
0.1848561795889099,2.648733
0.18494552525328348,2.648589
0.18503487091765708,2.648563
0.18512421658203065,2.648495
0.18521356224640417,2.648557
0.18530290791077772,2.648563
0.18539225357515132,2.648355
0.1854815992395249,2.648376
0.18557094490389847,2.648553
0.18566029056827205,2.648303
0.1857496362326456,2.64836
0.18583898189701917,2.648387
0.18592832756139271,2.648363
0.1860176732257663,2.648398
0.1861070188901399,2.648242
0.1861963645545134,2.648228
0.18628571021888699,2.648343
0.1863750558832606,2.648434
0.18646440154763416,2.648612
0.1865537472120077,2.648376
0.18664309287638123,2.648596
0.18673243854075483,2.648276
0.1868217842051284,2.64835
0.18691112986950198,2.648323
0.18700047553387553,2.648031
0.18708982119824913,2.64837
0.18717916686262265,2.648127
0.18726851252699622,2.648326
0.1873578581913698,2.648446
0.18744720385574337,2.648121
0.18753654952011695,2.648283
0.1876258951844905,2.648414
0.18771524084886407,2.648391
0.18780458651323764,2.648269
0.1878939321776112,2.648054
0.18798327784198476,2.648064
0.1880726235063583,2.648236
0.1881619691707319,2.648058
0.1882513148351055,2.647742
0.18834066049947903,2.647777
0.18843000616385258,2.648175
0.18851935182822618,2.647965
0.18860869749259973,2.648147
0.1886980431569733,2.648176
0.18878738882134685,2.648056
0.18887673448572045,2.648099
0.18896608015009403,2.647936
0.18905542581446755,2.64799
0.18914477147884112,2.648059
0.1892341171432147,2.64804
0.18932346280758827,2.647855
0.18941280847196185,2.648085
0.18950215413633545,2.648282
0.18959149980070897,2.647971
0.18968084546508251,2.648112
0.1897701911294561,2.647913
0.18985953679382966,2.647953
0.18994888245820327,2.647888
0.19003822812257679,2.648235
0.19012757378695036,2.648339
0.19021691945132396,2.648296
0.19030626511569754,2.648159
0.19039561078007108,2.648035
0.19048495644444463,2.648158
0.1905743021088182,2.647947
0.19066364777319178,2.64808
0.19075299343756535,2.648082
0.19084233910193893,2.6482
0.1909316847663125,2.648017
0.19102103043068602,2.648019
0.1911103760950596,2.648028
0.19119972175943317,2.648126
0.19128906742380677,2.648005
0.1913784130881803,2.648017
0.19146775875255387,2.647871
0.19155710441692744,2.64775
0.19164645008130102,2.647625
0.1917357957456746,2.647773
0.1918251414100481,2.647634
0.19191448707442169,2.647278
0.1920038327387953,2.647436
0.19209317840316886,2.647537
0.19218252406754244,2.647583
0.19227186973191593,2.647593
0.19236121539628953,2.647875
0.1924505610606631,2.647544
0.19253990672503668,2.647651
0.19262925238941025,2.64772
0.19271859805378383,2.64788
0.1928079437181574,2.647374
0.19289728938253092,2.647566
0.1929866350469045,2.647428
0.19307598071127807,2.647501
0.19316532637565165,2.647423
0.19325467204002522,2.647321
0.19334401770439882,2.6476
0.19343336336877237,2.647471
0.19352270903314592,2.647437
0.19361205469751946,2.647333
0.19370140036189307,2.647324
0.1937907460262666,2.647332
0.1938800916906402,2.647437
0.19396943735501374,2.647359
0.19405878301938734,2.647272
0.19414812868376088,2.647329
0.19423747434813443,2.647551
0.194326820012508,2.647588
0.19441616567688158,2.64731
0.19450551134125516,2.647086
0.19459485700562873,2.647156
0.1946842026700023,2.647249
0.19477354833437585,2.64724
0.1948628939987494,2.647383
0.19495223966312297,2.647319
0.19504158532749655,2.647357
0.19513093099187015,2.647143
0.19522027665624367,2.647351
0.19530962232061724,2.647282
0.19539896798499082,2.647168
0.1954883136493644,2.647024
0.19557765931373797,2.646996
0.19566700497811154,2.64709
0.19575635064248506,2.647204
0.19584569630685866,2.647303
0.19593504197123224,2.64737
0.1960243876356058,2.647256
0.19611373329997933,2.64734
0.1962030789643529,2.647449
0.19629242462872648,2.647726
0.19638177029310006,2.647667
0.19647111595747366,2.647519
0.1965604616218472,2.647582
0.19664980728622075,2.647295
0.1967391529505943,2.647355
0.19682849861496787,2.647342
0.19691784427934148,2.647269
0.19700718994371502,2.647062
0.19709653560808857,2.646907
0.19718588127246217,2.647047
0.19727522693683575,2.646987
0.1973645726012093,2.646959
0.19745391826558284,2.646999
0.19754326392995644,2.647104
0.19763260959433,2.64728
0.19772195525870356,2.647228
0.19781130092307714,2.647103
0.1979006465874507,2.646955
0.19798999225182426,2.646934
0.1980793379161978,2.646879
0.19816868358057138,2.647035
0.19825802924494496,2.647059
0.19834737490931853,2.647024
0.1984367205736921,2.646886
0.19852606623806565,2.646897
0.19861541190243923,2.646826
0.1987047575668128,2.646834
0.19879410323118635,2.647056
0.19888344889555992,2.646802
0.19897279455993352,2.6468
0.19906214022430707,2.646877
0.19915148588868062,2.646501
0.19924083155305417,2.646665
0.19933017721742777,2.64676
0.19941952288180134,2.646678
0.1995088685461749,2.646694
0.19959821421054846,2.646604
0.19968755987492204,2.646547
0.1997769055392956,2.646688
0.1998662512036692,2.646706
0.1999555968680427,2.646829
0.20004494253241628,2.646498
0.20013428819678986,2.64638
0.20022363386116343,2.646218
0.20031297952553703,2.646279
0.2004023251899106,2.646524
0.20049167085428413,2.64655
0.20058101651865767,2.646338
0.20067036218303125,2.646394
0.20075970784740485,2.646413
0.20084905351177842,2.646264
0.20093839917615194,2.646106
0.20102774484052555,2.6461
0.20111709050489912,2.646216
0.20120643616927267,2.646283
0.20129578183364624,2.646329
0.2013851274980198,2.64643
0.20147447316239336,2.646232
0.20156381882676694,2.646386
0.2016531644911405,2.646128
0.2017425101555141,2.64594
0.2018318558198876,2.645739
0.20192120148426118,2.645742
0.20201054714863476,2.646101
0.20209989281300836,2.645819
0.2021892384773819,2.645872
0.20227858414175548,2.64578
0.20236792980612903,2.645829
0.2024572754705026,2.645871
0.20254662113487618,2.645967
0.20263596679924975,2.645887
0.2027253124636233,2.645841
0.2028146581279969,2.645608
0.20290400379237045,2.645812
0.20299334945674402,2.646105
0.20308269512111757,2.646211
0.20317204078549114,2.646121
0.2032613864498647,2.646063
0.20335073211423826,2.646436
0.20344007777861184,2.646323
0.2035294234429854,2.645899
0.203618769107359,2.646252
0.2037081147717325,2.646029
0.20379746043610608,2.645847
0.20388680610047968,2.645732
0.20397615176485323,2.645938
0.2040654974292268,2.645746
0.2041548430936004,2.64577
0.20424418875797398,2.645868
0.2043335344223475,2.645791
0.20442288008672105,2.64566
0.20451222575109465,2.645762
0.20460157141546823,2.646009
0.2046909170798418,2.645992
0.20478026274421535,2.646169
0.20486960840858892,2.646123
0.2049589540729625,2.645887
0.20504829973733604,2.645899
0.20513764540170962,2.645823
0.20522699106608316,2.645576
0.20531633673045674,2.645722
0.2054056823948303,2.645916
0.2054950280592039,2.645952
0.2055843737235775,2.646126
0.205673719387951,2.646152
0.20576306505232456,2.645997
0.20585241071669813,2.645704
0.20594175638107173,2.645613
0.2060311020454453,2.645931
0.20612044770981883,2.645728
0.2062097933741924,2.645528
0.20629913903856598,2.645491
0.20638848470293955,2.645618
0.20647783036731313,2.645434
0.20656717603168664,2.645496
0.20665652169606025,2.645462
0.20674586736043382,2.645348
0.2068352130248074,2.645339
0.20692455868918094,2.645278
0.20701390435355452,2.6451
0.20710325001792806,2.645266
0.20719259568230164,2.645424
0.20728194134667524,2.645286
0.2073712870110488,2.645073
0.20746063267542236,2.645206
0.20754997833979588,2.645392
0.20763932400416946,2.645386
0.20772866966854306,2.645252
0.20781801533291663,2.645191
0.20790736099729018,2.645311
0.20799670666166378,2.644961
0.20808605232603733,2.644918
0.20817539799041088,2.645341
0.20826474365478445,2.644993
0.20835408931915803,2.645133
0.2084434349835316,2.645208
0.20853278064790515,2.645169
0.20862212631227872,2.645176
0.2087114719766523,2.645246
0.20880081764102587,2.644829
0.20889016330539942,2.645024
0.20897950896977296,2.64493
0.20906885463414657,2.644611
0.2091582002985201,2.644619
0.2092475459628937,2.644621
0.20933689162726726,2.645098
0.20942623729164087,2.644966
0.20951558295601438,2.645008
0.20960492862038793,2.645237
0.2096942742847615,2.645051
0.2097836199491351,2.644885
0.20987296561350868,2.64501
0.20996231127788226,2.644847
0.2100516569422558,2.644844
0.21014100260662935,2.644905
0.21023034827100293,2.644886
0.2103196939353765,2.644879
0.21040903959975005,2.644843
0.21049838526412362,2.644578
0.2105877309284972,2.644454
0.21067707659287077,2.644569
0.21076642225724432,2.644578
0.21085576792161792,2.644475
0.21094511358599144,2.644578
0.21103445925036501,2.644441
0.21112380491473862,2.644317
0.2112131505791122,2.644571
0.21130249624348574,2.644739
0.21139184190785926,2.64479
0.21148118757223283,2.644536
0.21157053323660643,2.644361
0.21165987890098,2.644348
0.21174922456535358,2.644686
0.21183857022972716,2.6446
0.2119279158941007,2.644432
0.21201726155847425,2.644363
0.21210660722284783,2.644348
0.2121959528872214,2.644605
0.21228529855159498,2.64465
0.21237464421596852,2.644942
0.2124639898803421,2.644845
0.2125533355447157,2.644631
0.21264268120908922,2.644784
0.21273202687346277,2.644536
0.21282137253783634,2.644842
0.21291071820220994,2.644696
0.21300006386658352,2.644399
0.21308940953095706,2.644527
0.21317875519533064,2.644226
0.21326810085970418,2.644306
0.21335744652407776,2.644373
0.21344679218845133,2.644403
0.21353613785282488,2.644299
0.21362548351719848,2.644342
0.21371482918157206,2.644167
0.2138041748459456,2.643795
0.21389352051031918,2.643873
0.21398286617469273,2.643821
0.2140722118390663,2.643667
0.21416155750343988,2.643622
0.21425090316781342,2.643912
0.214340248832187,2.643993
0.21442959449656057,2.644005
0.21451894016093415,2.643919
0.2146082858253077,2.643913
0.2146976314896813,2.643808
0.21478697715405484,2.643718
0.2148763228184284,2.643562
0.214965668482802,2.643736
0.21505501414717557,2.643484
0.21514435981154914,2.643616
0.21523370547592266,2.643463
0.21532305114029623,2.643663
0.2154123968046698,2.643381
0.21550174246904338,2.643366
0.21559108813341696,2.643614
0.2156804337977905,2.643644
0.21576977946216408,2.64348
0.21585912512653763,2.643579
0.2159484707909112,2.643639
0.2160378164552848,2.643225
0.21612716211965832,2.64328
0.2162165077840319,2.643478
0.21630585344840547,2.643653
0.21639519911277907,2.643643
0.21648454477715262,2.643611
0.21657389044152614,2.643364
0.21666323610589971,2.64326
0.21675258177027332,2.643166
0.2168419274346469,2.643208
0.21693127309902047,2.643218
0.217020618763394,2.643154
0.21710996442776756,2.643233
0.21719931009214113,2.643255
0.2172886557565147,2.643048
0.21737800142088828,2.64312
0.21746734708526186,2.643029
0.2175566927496354,2.643303
0.21764603841400898,2.643162
0.21773538407838253,2.643073
0.21782472974275613,2.6431
0.21791407540712968,2.642949
0.21800342107150322,2.642956
0.21809276673587683,2.643012
0.2181821124002504,2.64312
0.21827145806462395,2.643327
0.21836080372899752,2.643229
0.21845014939337104,2.642807
0.21853949505774464,2.642894
0.21862884072211822,2.642949
0.21871818638649176,2.642856
0.21880753205086537,2.642703
0.21889687771523894,2.642316
0.21898622337961252,2.64233
0.21907556904398603,2.642547
0.2191649147083596,2.642404
0.21925426037273318,2.642332
0.21934360603710676,2.642207
0.21943295170148033,2.642225
0.21952229736585388,2.642137
0.21961164303022745,2.642056
0.219700988694601,2.642037
0.21979033435897458,2.642184
0.21987968002334818,2.642387
0.21996902568772173,2.642424
0.22005837135209527,2.642457
0.22014771701646885,2.642361
0.22023706268084245,2.642038
0.220326408345216,2.642345
0.22041575400958954,2.642318
0.2205050996739631,2.642236
0.2205944453383367,2.642359
0.22068379100271027,2.642194
0.22077313666708384,2.642092
0.22086248233145742,2.641994
0.22095182799583094,2.642118
0.2210411736602045,2.64194
0.22113051932457808,2.642059
0.22121986498895166,2.642098
0.22130921065332523,2.641915
0.22139855631769878,2.641656
0.22148790198207235,2.641795
0.2215772476464459,2.641629
0.2216665933108195,2.64186
0.22175593897519305,2.641938
0.2218452846395666,2.641713
0.2219346303039402,2.641753
0.22202397596831377,2.641572
0.22211332163268735,2.641853
0.2222026672970609,2.642015
0.22229201296143442,2.642173
0.22238135862580802,2.641949
0.2224707042901816,2.641968
0.22256004995455517,2.641736
0.22264939561892874,2.641772
0.22273874128330232,2.641658
0.22282808694767584,2.641485
0.2229174326120494,2.641708
0.223006778276423,2.641618
0.22309612394079656,2.641617
0.22318546960517013,2.641685
0.22327481526954368,2.641733
0.22336416093391728,2.641715
0.22345350659829083,2.641377
0.22354285226266438,2.641222
0.22363219792703795,2.641423
0.22372154359141155,2.641493
0.2238108892557851,2.64143
0.22390023492015868,2.641354
0.22398958058453222,2.641444
0.22407892624890582,2.641439
0.22416827191327937,2.64158
0.22425761757765292,2.641592
0.2243469632420265,2.641444
0.22443630890640007,2.641418
0.22452565457077364,2.641325
0.22461500023514722,2.64147
0.22470434589952082,2.641517
0.2247936915638943,2.641608
0.22488303722826788,2.641567
0.22497238289264146,2.641736
0.22506172855701503,2.641763
0.22515107422138864,2.641529
0.22524041988576216,2.641384
0.22532976555013573,2.641388
0.22541911121450928,2.641071
0.22550845687888288,2.641206
0.22559780254325645,2.641288
0.22568714820762997,2.641058
0.22577649387200358,2.641185
0.22586583953637715,2.641203
0.22595518520075072,2.641129
0.22604453086512427,2.641189
0.22613387652949782,2.641062
0.2262232221938714,2.640883
0.22631256785824497,2.640968
0.22640191352261854,2.640865
0.22649125918699212,2.64105
0.2265806048513657,2.640754
0.2266699505157392,2.640454
0.22675929618011278,2.640743
0.2268486418444864,2.640611
0.22693798750885996,2.640892
0.22702733317323348,2.640791
0.22711667883760706,2.640884
0.22720602450198066,2.640882
0.2272953701663542,2.641201
0.22738471583072778,2.64126
0.2274740614951013,2.640769
0.2275634071594749,2.640655
0.22765275282384848,2.640626
0.22774209848822205,2.640571
0.2278314441525956,2.640356
0.2279207898169692,2.640411
0.22801013548134272,2.640754
0.2280994811457163,2.640665
0.22818882681008987,2.640397
0.22827817247446344,2.640451
0.22836751813883702,2.640321
0.2284568638032106,2.640312
0.2285462094675842,2.640177
0.2286355551319577,2.640084
0.22872490079633126,2.640187
0.22881424646070483,2.640284
0.22890359212507844,2.640412
0.228992937789452,2.640304
0.22908228345382556,2.640229
0.2291716291181991,2.640314
0.22926097478257265,2.640325
0.22935032044694625,2.640137
0.2294396661113198,2.640055
0.22952901177569338,2.640196
0.22961835744006695,2.640291
0.22970770310444052,2.640309
0.2297970487688141,2.640534
0.22988639443318762,2.640302
0.22997574009756122,2.640165
0.23006508576193477,2.64028
0.23015443142630834,2.640388
0.23024377709068192,2.640184
0.23033312275505552,2.640351
0.23042246841942904,2.640312
0.23051181408380259,2.640906
0.23060115974817616,2.641052
0.23069050541254976,2.640513
0.23077985107692334,2.640398
0.23086919674129686,2.640424
0.23095854240567043,2.640452
0.23104788807004403,2.640471
0.23113723373441758,2.640432
0.23122657939879115,2.640569
0.23131592506316473,2.640734
0.23140527072753828,2.64052
0.23149461639191185,2.640401
0.23158396205628543,2.640276
0.231673307720659,2.640306
0.23176265338503252,2.640206
0.2318519990494061,2.640097
0.23194134471377967,2.640192
0.23203069037815324,2.640181
0.23212003604252684,2.640187
0.2322093817069004,2.640166
0.23229872737127394,2.640154
0.23238807303564754,2.63993
0.2324774187000211,2.639956
0.23256676436439466,2.639777
0.2326561100287682,2.639803
0.2327454556931418,2.639822
0.23283480135751536,2.639786
0.23292414702188893,2.639807
0.2330134926862625,2.639801
0.23310283835063603,2.639488
0.23319218401500963,2.639545
0.23328152967938318,2.639545
0.23337087534375675,2.639522
0.23346022100813033,2.63975
0.2335495666725039,2.639914
0.23363891233687747,2.639901
0.233728258001251,2.639975
0.2338176036656246,2.639822
0.23390694932999814,2.639884
0.23399629499437172,2.639843
0.2340856406587453,2.639865
0.2341749863231189,2.639968
0.23426433198749244,2.639842
0.234353677651866,2.639732
0.23444302331623953,2.639618
0.23453236898061314,2.63952
0.2346217146449867,2.639708
0.23471106030936026,2.639585
0.2348004059737338,2.639455
0.2348897516381074,2.639568
0.23497909730248095,2.639598
0.23506844296685453,2.639215
0.23515778863122808,2.639286
0.23524713429560165,2.639262
0.23533647995997523,2.63913
0.2354258256243488,2.639133
0.2355151712887224,2.639086
0.23560451695309595,2.638577
0.23569386261746947,2.638672
0.23578320828184304,2.638614
0.23587255394621662,2.638541
0.23596189961059022,2.638597
0.2360512452749638,2.638786
0.2361405909393373,2.638805
0.23622993660371086,2.638894
0.23631928226808446,2.63848
0.23640862793245804,2.638623
0.2364979735968316,2.638445
0.23658731926120516,2.638633
0.23667666492557873,2.638373
0.2367660105899523,2.63865
0.23685535625432586,2.638626
0.23694470191869943,2.638572
0.23703404758307298,2.638426
0.23712339324744655,2.638572
0.23721273891182013,2.638254
0.23730208457619373,2.638043
0.23739143024056727,2.63778
0.23748077590494085,2.638089
0.23757012156931437,2.638045
0.23765946723368797,2.638186
0.23774881289806155,2.638325
0.2378381585624351,2.638213
0.23792750422680867,2.638047
0.23801684989118227,2.638353
0.23810619555555582,2.63809
0.23819554121992936,2.638122
0.2382848868843029,2.638041
0.2383742325486765,2.637897
0.2384635782130501,2.637748
0.23855292387742363,2.637902
0.2386422695417972,2.637834
0.23873161520617078,2.637856
0.23882096087054433,2.637699
0.23891030653491788,2.637588
0.23899965219929145,2.637582
0.23908899786366505,2.637424
0.2391783435280386,2.637515
0.23926768919241218,2.637631
0.23935703485678578,2.637623
0.2394463805211593,2.637301
0.23953572618553287,2.636997
0.23962507184990642,2.63729
0.23971441751428002,2.637383
0.2398037631786536,2.637437
0.23989310884302717,2.637514
0.2399824545074007,2.637456
0.24007180017177424,2.637314
0.24016114583614784,2.637404
0.2402504915005214,2.637335
0.240339837164895,2.637547
0.24042918282926853,2.637569
0.2405185284936421,2.637422
0.24060787415801568,2.6374
0.24069721982238923,2.637366
0.24078656548676283,2.63728
0.24087591115113635,2.637204
0.24096525681550993,2.637451
0.2410546024798835,2.637229
0.2411439481442571,2.637032
0.24123329380863068,2.637252
0.24132263947300417,2.637069
0.24141198513737774,2.637085
0.24150133080175135,2.636958
0.24159067646612492,2.637237
0.2416800221304985,2.636894
0.24176936779487201,2.636974
0.24185871345924562,2.637036
0.2419480591236192,2.637057
0.24203740478799274,2.637233
0.2421267504523663,2.63715
0.2422160961167399,2.637374
0.24230544178111343,2.637282
0.242394787445487,2.637169
0.2424841331098606,2.637258
0.24257347877423416,2.636975
0.2426628244386077,2.636806
0.24275217010298125,2.637006
0.24284151576735483,2.637198
0.24293086143172843,2.636847
0.24302020709610198,2.636956
0.24310955276047555,2.637048
0.24319889842484915,2.637418
0.24328824408922267,2.637433
0.24337758975359625,2.637308
0.24346693541796982,2.63732
0.2435562810823434,2.637313
0.24364562674671697,2.637055
0.24373497241109052,2.637139
0.2438243180754641,2.637179
0.24391366373983764,2.637104
0.2440030094042112,2.637094
0.2440923550685848,2.637285
0.24418170073295833,2.63694
0.24427104639733194,2.637001
0.24436039206170548,2.637191
0.24444973772607906,2.63719
0.2445390833904526,2.6373
0.2446284290548262,2.637053
0.24471777471919975,2.637055
0.2448071203835733,2.636873
0.24489646604794688,2.636875
0.24498581171232048,2.63688
0.24507515737669405,2.636746
0.24516450304106757,2.637009
0.24525384870544112,2.636993
0.24534319436981472,2.636848
0.2454325400341883,2.636797
0.24552188569856187,2.636492
0.24561123136293544,2.636604
0.245700577027309,2.636735
0.24578992269168254,2.63673
0.2458792683560561,2.636602
0.2459686140204297,2.636453
0.24605795968480323,2.636387
0.2461473053491768,2.636184
0.24623665101355038,2.636459
0.246325996677924,2.636468
0.24641534234229756,2.63642
0.2465046880066711,2.636472
0.24659403367104463,2.636319
0.2466833793354182,2.636387
0.2467727249997918,2.636118
0.24686207066416538,2.636302
0.24695141632853893,2.636469
0.24704076199291253,2.636455
0.24713010765728605,2.636237
0.24721945332165962,2.635942
0.2473087989860332,2.636168
0.24739814465040677,2.636252
0.24748749031478035,2.636167
0.2475768359791539,2.636187
0.24766618164352747,2.636481
0.24775552730790104,2.63627
0.2478448729722746,2.63634
0.24793421863664813,2.636565
0.2480235643010217,2.636229
0.2481129099653953,2.636464
0.24820225562976886,2.636636
0.24829160129414243,2.636643
0.24838094695851595,2.636413
0.24847029262288955,2.636508
0.24855963828726313,2.636511
0.2486489839516367,2.636292
0.24873832961601025,2.636367
0.24882767528038385,2.636359
0.24891702094475743,2.636493
0.24900636660913095,2.636515
0.24909571227350452,2.636558
0.2491850579378781,2.636399
0.24927440360225167,2.636324
0.24936374926662525,2.636171
0.2494530949309988,2.636095
0.24954244059537237,2.636166
0.2496317862597459,2.636119
0.2497211319241195,2.63626
0.24981047758849306,2.636337
0.24989982325286667,2.63653
0.24998916891724018,2.636235
0.2500785145816138,2.636056
0.25016786024598736,2.635584
0.2502572059103609,2.635554
0.25034655157473445,2.635466
0.25043589723910803,2.635296
0.2505252429034816,2.635618
0.2506145885678552,2.635474
0.25070393423222875,2.635313
0.25079327989660233,2.635255
0.25088262556097585,2.635387
0.2509719712253494,2.635394
0.251061316889723,2.63572
0.25115066255409657,2.635543
0.25124000821847015,2.635664
0.2513293538828437,2.635453
0.2514186995472173,2.63531
0.25150804521159087,2.635037
0.2515973908759644,2.63509
0.25168673654033796,2.635264
0.25177608220471154,2.635231
0.2518654278690851,2.634998
0.2519547735334587,2.634896
0.25204411919783226,2.634942
0.2521334648622058,2.63515
0.25222281052657936,2.635604
0.25231215619095293,2.63569
0.2524015018553265,2.635369
0.2524908475197001,2.6355
0.25258019318407365,2.635732
0.25266953884844723,2.635593
0.2527588845128208,2.635622
0.2528482301771943,2.635476
0.2529375758415679,2.635253
0.25302692150594147,2.635353
0.25311626717031505,2.635464
0.2532056128346886,2.635476
0.2532949584990622,2.635699
0.25338430416343577,2.635799
0.2534736498278093,2.635665
0.25356299549218286,2.635358
0.25365234115655644,2.63542
0.25374168682093,2.635584
0.2538310324853036,2.635799
0.2539203781496771,2.635636
0.25400972381405074,2.635474
0.25409906947842426,2.635417
0.25418841514279783,2.635564
0.2542777608071714,2.635365
0.254367106471545,2.635321
0.25445645213591855,2.635451
0.25454579780029213,2.635597
0.2546351434646657,2.635653
0.2547244891290392,2.635457
0.2548138347934128,2.635402
0.25490318045778637,2.635343
0.25499252612215995,2.635508
0.2550818717865335,2.635399
0.2551712174509071,2.635353
0.25526056311528067,2.635528
0.2553499087796542,2.63554
0.25543925444402776,2.635413
0.25552860010840134,2.635113
0.2556179457727749,2.635038
0.2557072914371485,2.635233
0.25579663710152206,2.635124
0.25588598276589564,2.635367
0.2559753284302692,2.635302
0.25606467409464273,2.635469
0.2561540197590163,2.635233
0.2562433654233899,2.635469
0.25633271108776345,2.635076
0.25642205675213703,2.63507
0.2565114024165106,2.635095
0.2566007480808842,2.635163
0.2566900937452577,2.634914
0.25677943940963127,2.63497
0.25686878507400485,2.63509
0.2569581307383784,2.635148
0.257047476402752,2.634787
0.25713682206712557,2.63493
0.25722616773149914,2.634659
0.25731551339587266,2.634742
0.25740485906024624,2.634449
0.2574942047246198,2.634559
0.2575835503889934,2.634522
0.257672896053367,2.63436
0.25776224171774054,2.634219
0.2578515873821141,2.634163
0.25794093304648763,2.634234
0.25803027871086126,2.63397
0.25811962437523484,2.634097
0.25820897003960835,2.634223
0.25829831570398193,2.634411
0.2583876613683555,2.634377
0.2584770070327291,2.63429
0.25856635269710265,2.634302
0.2586556983614762,2.634482
0.25874504402584975,2.634528
0.2588343896902233,2.634369
0.2589237353545969,2.63459
0.25901308101897047,2.634807
0.25910242668334404,2.634499
0.25919177234771756,2.634292
0.25928111801209114,2.634087
0.2593704636764647,2.634246
0.25945980934083834,2.634269
0.25954915500521186,2.634167
0.25963850066958544,2.634279
0.259727846333959,2.633969
0.2598171919983326,2.634117
0.25990653766270616,2.634144
0.2599958833270797,2.63402
0.26008522899145325,2.633945
0.26017457465582683,2.634167
0.2602639203202004,2.634207
0.260353265984574,2.634302
0.26044261164894755,2.634361
0.26053195731332107,2.634265
0.26062130297769465,2.633765
0.2607106486420682,2.633844
0.2607999943064418,2.634072
0.26088933997081537,2.634249
0.26097868563518895,2.634409
0.2610680312995625,2.634129
0.26115737696393604,2.633932
0.2612467226283096,2.633837
0.2613360682926832,2.633704
0.26142541395705676,2.633775
0.26151475962143034,2.633801
0.2616041052858039,2.633513
0.2616934509501775,2.633567
0.261782796614551,2.633353
0.2618721422789246,2.633594
0.26196148794329815,2.633481
0.26205083360767173,2.633487
0.2621401792720453,2.633543
0.2622295249364189,2.633297
0.26231887060079245,2.633117
0.26240821626516597,2.633002
0.26249756192953955,2.633278
0.2625869075939131,2.633299
0.2626762532582867,2.63335
0.26276559892266027,2.633295
0.26285494458703385,2.633579
0.2629442902514074,2.633531
0.26303363591578094,2.633555
0.2631229815801545,2.633426
0.2632123272445281,2.633502
0.26330167290890166,2.633712
0.26339101857327524,2.633523
0.26348036423764876,2.633376
0.26356970990202233,2.633233
0.2636590555663959,2.633207
0.2637484012307695,2.632996
0.26383774689514305,2.632899
0.2639270925595166,2.632701
0.2640164382238902,2.633174
0.2641057838882638,2.633526
0.26419512955263735,2.633414
0.2642844752170109,2.633162
0.2643738208813845,2.63336
0.264463166545758,2.633474
0.2645525122101316,2.633311
0.26464185787450517,2.633176
0.26473120353887875,2.633345
0.26482054920325226,2.633298
0.26490989486762584,2.633004
0.2649992405319994,2.632904
0.265088586196373,2.632866
0.26517793186074656,2.633104
0.2652672775251201,2.632915
0.26535662318949377,2.632846
0.2654459688538673,2.632752
0.26553531451824086,2.632611
0.2656246601826144,2.632607
0.265714005846988,2.632798
0.2658033515113616,2.632813
0.2658926971757351,2.632783
0.2659820428401087,2.632849
0.26607138850448225,2.6327
0.26616073416885583,2.632836
0.2662500798332294,2.632881
0.2663394254976029,2.632742
0.2664287711619765,2.632862
0.26651811682635007,2.633219
0.26660746249072365,2.633082
0.26669680815509716,2.632984
0.26678615381947085,2.632893
0.2668754994838443,2.633015
0.2669648451482179,2.633042
0.26705419081259146,2.632739
0.2671435364769651,2.632628
0.26723288214133867,2.632869
0.2673222278057122,2.632813
0.26741157347008576,2.632744
0.26750091913445934,2.632659
0.2675902647988329,2.632675
0.2676796104632065,2.632806
0.26776895612758,2.632845
0.2678583017919536,2.632853
0.26794764745632715,2.632774
0.26803699312070073,2.632742
0.2681263387850743,2.632584
0.2682156844494478,2.632303
0.2683050301138214,2.632558
0.26839437577819497,2.632488
0.2684837214425686,2.632375
0.2685730671069422,2.632805
0.2686624127713157,2.632704
0.2687517584356892,2.63284
0.26884110410006284,2.632704
0.2689304497644364,2.632696
0.26901979542881,2.632671
0.2691091410931835,2.632404
0.2691984867575571,2.632241
0.26928783242193066,2.632381
0.26937717808630424,2.632316
0.2694665237506778,2.632378
0.26955586941505133,2.631934
0.2696452150794249,2.631946
0.2697345607437985,2.631786
0.26982390640817205,2.63182
0.26991325207254563,2.632126
0.2700025977369192,2.631998
0.2700919434012927,2.631719
0.2701812890656663,2.63141
0.2702706347300399,2.631726
0.27035998039441345,2.631712
0.270449326058787,2.631741
0.2705386717231606,2.631724
0.27062801738753417,2.63164
0.27071736305190774,2.63164
0.2708067087162813,2.631608
0.27089605438065484,2.631655
0.2709854000450284,2.631469
0.271074745709402,2.631371
0.27116409137377556,2.631879
0.27125343703814914,2.631746
0.27134278270252266,2.631737
0.27143212836689623,2.631427
0.2715214740312698,2.631509
0.2716108196956434,2.631649
0.27170016536001695,2.631526
0.27178951102439053,2.631374
0.2718788566887641,2.631109
0.2719682023531376,2.63145
0.27205754801751125,2.631364
0.27214689368188477,2.631241
0.27223623934625835,2.631101
0.2723255850106319,2.631335
0.2724149306750055,2.631211
0.27250427633937907,2.630958
0.2725936220037526,2.630988
0.27268296766812616,2.630878
0.27277231333249974,2.630808
0.2728616589968733,2.630829
0.2729510046612469,2.630753
0.27304035032562046,2.630815
0.27312969598999404,2.631246
0.27321904165436756,2.631131
0.27330838731874113,2.630926
0.27339773298311476,2.630913
0.2734870786474883,2.630814
0.27357642431186185,2.631021
0.27366576997623543,2.630573
0.273755115640609,2.630777
0.2738444613049826,2.630577
0.2739338069693561,2.630426
0.27402315263372967,2.630209
0.27411249829810325,2.630646
0.2742018439624768,2.630447
0.2742911896268504,2.630439
0.2743805352912239,2.630311
0.27446988095559754,2.630286
0.27455922661997106,2.630348
0.27464857228434464,2.630063
0.2747379179487182,2.630108
0.27482726361309184,2.630079
0.27491660927746536,2.629792
0.27500595494183894,2.629864
0.2750953006062125,2.629874
0.2751846462705861,2.629872
0.27527399193495966,2.629735
0.2753633375993332,2.629787
0.27545268326370675,2.629634
0.27554202892808033,2.629693
0.2756313745924539,2.629788
0.2757207202568275,2.629689
0.275810065921201,2.629885
0.27589941158557457,2.62992
0.27598875724994815,2.629798
0.2760781029143217,2.629689
0.27616744857869535,2.629553
0.2762567942430689,2.629737
0.2763461399074425,2.629447
0.27643548557181596,2.629658
0.2765248312361896,2.630001
0.27661417690056317,2.629699
0.27670352256493674,2.629713
0.27679286822931026,2.62962
0.27688221389368384,2.629657
0.2769715595580574,2.629765
0.277060905222431,2.629804
0.27715025088680456,2.629756
0.2772395965511781,2.629709
0.27732894221555165,2.629544
0.27741828787992523,2.62927
0.2775076335442988,2.62937
0.27759697920867243,2.629436
0.2776863248730459,2.629415
0.2777756705374195,2.629536
0.27786501620179305,2.629388
0.2779543618661667,2.629499
0.27804370753054025,2.629369
0.2781330531949138,2.629364
0.27822239885928735,2.629343
0.2783117445236609,2.629138
0.2784010901880345,2.629034
0.27849043585240807,2.62939
0.27857978151678164,2.62924
0.27866912718115516,2.629181
0.27875847284552874,2.629135
0.2788478185099023,2.629256
0.2789371641742759,2.629404
0.27902650983864946,2.629407
0.279115855503023,2.629084
0.27920520116739656,2.629028
0.2792945468317702,2.629072
0.27938389249614376,2.628872
0.2794732381605173,2.628886
0.27956258382489085,2.628908
0.27965192948926443,2.62899
0.279741275153638,2.629067
0.2798306208180116,2.62912
0.27991996648238515,2.628725
0.28000931214675867,2.628993
0.28009865781113225,2.628845
0.2801880034755058,2.62861
0.2802773491398794,2.628602
0.28036669480425297,2.628699
0.2804560404686265,2.628856
0.28054538613300006,2.62852
0.28063473179737364,2.628316
0.28072407746174727,2.628392
0.2808134231261208,2.628469
0.2809027687904943,2.628649
0.2809921144548679,2.628569
0.2810814601192415,2.628775
0.2811708057836151,2.628933
0.2812601514479886,2.628525
0.2813494971123622,2.628628
0.28143884277673575,2.628412
0.28152818844110933,2.628594
0.2816175341054829,2.628857
0.2817068797698564,2.628787
0.28179622543423,2.62844
0.28188557109860357,2.628387
0.28197491676297715,2.628356
0.2820642624273507,2.628296
0.28215360809172424,2.62805
0.2822429537560978,2.628028
0.2823322994204714,2.628029
0.28242164508484496,2.628293
0.28251099074921854,2.628307
0.2826003364135921,2.628151
0.2826896820779657,2.627902
0.2827790277423392,2.627875
0.28286837340671284,2.628064
0.2829577190710864,2.628211
0.28304706473545993,2.627764
0.2831364103998335,2.62751
0.2832257560642071,2.627586
0.28331510172858065,2.627683
0.28340444739295423,2.627416
0.28349379305732775,2.62768
0.2835831387217013,2.627644
0.2836724843860749,2.627706
0.28376183005044847,2.627686
0.2838511757148221,2.627771
0.2839405213791956,2.627524
0.2840298670435692,2.627351
0.2841192127079427,2.627345
0.28420855837231634,2.62753
0.2842979040366899,2.627289
0.28438724970106344,2.62722
0.284476595365437,2.627133
0.2845659410298106,2.627326
0.28465528669418416,2.627788
0.28474463235855774,2.627501
0.28483397802293126,2.627514
0.28492332368730483,2.627524
0.2850126693516784,2.627273
0.285102015016052,2.62722
0.28519136068042555,2.627224
0.2852807063447992,2.626943
0.28537005200917265,2.62709
0.2854593976735462,2.627024
0.2855487433379198,2.626961
0.2856380890022934,2.626825
0.285727434666667,2.626825
0.2858167803310406,2.62705
0.2859061259954141,2.62691
0.28599547165978767,2.626773
0.28608481732416124,2.626945
0.2861741629885348,2.626967
0.28626350865290834,2.626947
0.2863528543172819,2.627043
0.2864421999816555,2.627046
0.28653154564602906,2.626865
0.28662089131040264,2.626922
0.28671023697477616,2.626812
0.28679958263914973,2.626728
0.2868889283035233,2.626549
0.28697827396789694,2.626556
0.2870676196322705,2.62649
0.2871569652966441,2.626815
0.28724631096101755,2.626673
0.2873356566253912,2.626593
0.28742500228976475,2.626745
0.2875143479541383,2.626826
0.2876036936185119,2.62676
0.2876930392828855,2.626649
0.287782384947259,2.626476
0.28787173061163257,2.626474
0.28796107627600614,2.626926
0.2880504219403797,2.626369
0.28813976760475324,2.626357
0.2882291132691268,2.626036
0.2883184589335004,2.626071
0.288407804597874,2.626227
0.28849715026224754,2.626312
0.28858649592662106,2.626313
0.28867584159099463,2.626283
0.28876518725536826,2.626201
0.28885453291974184,2.626203
0.2889438785841154,2.626327
0.289033224248489,2.626151
0.2891225699128625,2.626036
0.2892119155772361,2.625933
0.28930126124160965,2.625989
0.2893906069059832,2.626111
0.2894799525703568,2.625922
0.2895692982347303,2.62577
0.2896586438991039,2.62587
0.2897479895634775,2.625617
0.28983733522785105,2.625715
0.2899266808922246,2.625684
0.29001602655659814,2.625488
0.29010537222097177,2.625896
0.29019471788534534,2.626059
0.2902840635497189,2.62572
0.29037340921409244,2.625493
0.290462754878466,2.625634
0.2905521005428396,2.625782
0.29064144620721316,2.625602
0.29073079187158674,2.625496
0.29082013753596025,2.625729
0.29090948320033383,2.625164
0.2909988288647074,2.625282
0.291088174529081,2.625191
0.29117752019345455,2.625149
0.2912668658578281,2.625356
0.29135621152220165,2.625569
0.2914455571865752,2.62524
0.29153490285094885,2.625094
0.29162424851532237,2.625021
0.29171359417969595,2.625136
0.29180293984406946,2.625167
0.2918922855084431,2.625263
0.29198163117281667,2.625336
0.2920709768371902,2.625522
0.29216032250156376,2.625304
0.29224966816593734,2.625261
0.2923390138303109,2.625187
0.2924283594946845,2.625252
0.29251770515905806,2.625067
0.2926070508234316,2.625175
0.29269639648780515,2.625209
0.29278574215217873,2.624974
0.2928750878165523,2.624913
0.29296443348092593,2.624882
0.2930537791452994,2.624789
0.29314312480967303,2.625009
0.29323247047404655,2.625221
0.2933218161384201,2.624842
0.2934111618027937,2.624536
0.2935005074671672,2.624654
0.29358985313154085,2.624641
0.2936791987959144,2.624912
0.293768544460288,2.625035
0.2938578901246615,2.625107
0.2939472357890351,2.625032
0.29403658145340866,2.625006
0.29412592711778224,2.624805
0.2942152727821558,2.624438
0.29430461844652933,2.624322
0.294393964110903,2.624618
0.2944833097752765,2.624522
0.29457265543965006,2.624556
0.2946620011040237,2.624529
0.2947513467683972,2.624344
0.29484069243277083,2.624392
0.2949300380971443,2.624473
0.29501938376151793,2.624532
0.2951087294258915,2.624663
0.295198075090265,2.624681
0.2952874207546386,2.624539
0.29537676641901217,2.624685
0.29546611208338575,2.624662
0.2955554577477593,2.624368
0.29564480341213295,2.624379
0.2957341490765064,2.624239
0.2958234947408801,2.62408
0.29591284040525356,2.624231
0.29600218606962714,2.624264
0.29609153173400077,2.624202
0.29618087739837423,2.624106
0.2962702230627479,2.624092
0.2963595687271214,2.624071
0.296448914391495,2.624047
0.2965382600558686,2.624048
0.29662760572024205,2.624143
0.29671695138461573,2.624077
0.29680629704898925,2.623931
0.29689564271336283,2.623905
0.2969849883777364,2.624052
0.29707433404211003,2.623935
0.29716367970648355,2.623933
0.29725302537085707,2.623872
0.29734237103523065,2.62377
0.2974317166996042,2.62391
0.2975210623639778,2.623751
0.2976104080283513,2.623693
0.29769975369272494,2.623655
0.2977890993570985,2.623694
0.29787844502147204,2.623733
0.29796779068584567,2.623768
0.29805713635021913,2.623754
0.2981464820145928,2.623399
0.29823582767896634,2.623643
0.2983251733433399,2.623672
0.29841451900771343,2.623522
0.298503864672087,2.623395
0.2985932103364606,2.623275
0.29868255600083415,2.623467
0.29877190166520773,2.623394
0.2988612473295813,2.623208
0.29895059299395493,2.623222
0.29903993865832845,2.623068
0.29912928432270197,2.622995
0.29921862998707555,2.622973
0.2993079756514491,2.623222
0.2993973213158227,2.623082
0.2994866669801962,2.622628
0.29957601264456984,2.622777
0.2996653583089434,2.62279
0.29975470397331694,2.622822
0.29984404963769057,2.62272
0.29993339530206414,2.622541
0.3000227409664377,2.622512
0.3001120866308113,2.622541
0.3002014322951848,2.622714
0.30029077795955833,2.62238
0.3003801236239319,2.622433
0.3004694692883055,2.622489
0.30055881495267905,2.62258
0.3006481606170527,2.622652
0.3007375062814262,2.622552
0.30082685194579983,2.622429
0.3009161976101734,2.622322
0.30100554327454687,2.622357
0.30109488893892045,2.622409
0.30118423460329397,2.622332
0.3012735802676676,2.622384
0.30136292593204117,2.622334
0.30145227159641474,2.62235
0.3015416172607883,2.622068
0.30163096292516184,2.62213
0.30172030858953547,2.621866
0.30180965425390904,2.621774
0.3018989999182825,2.621939
0.3019883455826561,2.62201
0.3020776912470297,2.621727
0.30216703691140323,2.621515
0.3022563825757768,2.621238
0.30234572824015044,2.621197
0.30243507390452395,2.620903
0.3025244195688976,2.621033
0.3026137652332711,2.62089
0.3027031108976447,2.621045
0.30279245656201825,2.62096
0.3028818022263917,2.621009
0.30297114789076535,2.621012
0.3030604935551389,2.620739
0.3031498392195125,2.621075
0.30323918488388607,2.62091
0.3033285305482597,2.621088
0.3034178762126332,2.620996
0.3035072218770068,2.620832
0.30359656754138037,2.62096
0.3036859132057539,2.621058
0.3037752588701275,2.620685
0.303864604534501,2.620652
0.3039539501988746,2.620559
0.30404329586324813,2.620518
0.3041326415276217,2.620839
0.30422198719199534,2.620811
0.30431133285636885,2.620738
0.3044006785207425,2.620838
0.304490024185116,2.620924
0.3045793698494896,2.620443
0.30466871551386315,2.620285
0.3047580611782366,2.620679
0.30484740684261025,2.620875
0.3049367525069838,2.62079
0.3050260981713574,2.620611
0.30511544383573097,2.620595
0.3052047895001046,2.62079
0.3052941351644781,2.62048
0.3053834808288517,2.619963
0.30547282649322527,2.619816
0.3055621721575988,2.619994
0.3056515178219724,2.62017
0.3057408634863459,2.620015
0.3058302091507195,2.619964
0.3059195548150931,2.620116
0.30600890047946666,2.620165
0.30609824614384024,2.619976
0.3061875918082138,2.619883
0.30627693747258733,2.620024
0.3063662831369609,2.619979
0.30645562880133453,2.619842
0.30654497446570805,2.61966
0.3066343201300817,2.619733
0.30672366579445515,2.619927
0.3068130114588287,2.619807
0.30690235712320235,2.619559
0.30699170278757587,2.61964
0.30708104845194945,2.619522
0.30717039411632296,2.619326
0.3072597397806966,2.619249
0.30734908544507017,2.619268
0.3074384311094437,2.619402
0.3075277767738173,2.619208
0.3076171224381909,2.619154
0.3077064681025644,2.619287
0.307795813766938,2.619151
0.30788515943131156,2.61941
0.3079745050956851,2.619303
0.30806385076005866,2.619421
0.30815319642443223,2.619098
0.3082425420888058,2.619211
0.30833188775317943,2.618921
0.30842123341755295,2.618642
0.3085105790819266,2.618829
0.30859992474630016,2.618945
0.3086892704106736,2.618688
0.3087786160750472,2.618916
0.30886796173942077,2.618655
0.30895730740379435,2.618896
0.3090466530681679,2.618763
0.3091359987325415,2.618555
0.30922534439691507,2.618409
0.30931469006128864,2.618301
0.3094040357256622,2.618243
0.3094933813900358,2.618244
0.3095827270544093,2.618136
0.3096720727187829,2.618657
0.30976141838315646,2.618609
0.30985076404753,2.618431
0.30994010971190356,2.618418
0.3100294553762772,2.618474
0.3101188010406507,2.61853
0.31020814670502433,2.618854
0.31029749236939785,2.618264
0.3103868380337715,2.618212
0.31047618369814506,2.618138
0.3105655293625185,2.618163
0.3106548750268921,2.618031
0.31074422069126567,2.61824
0.31083356635563925,2.618083
0.3109229120200128,2.618286
0.31101225768438645,2.618289
0.31110160334875997,2.618299
0.31119094901313354,2.618388
0.3112802946775071,2.618109
0.3113696403418807,2.617905
0.31145898600625427,2.618046
0.31154833167062773,2.618028
0.31163767733500136,2.618074
0.31172702299937494,2.618103
0.31181636866374846,2.61815
0.3119057143281221,2.618013
0.3119950599924956,2.618247
0.31208440565686923,2.618255
0.3121737513212428,2.618194
0.3122630969856164,2.61811
0.31235244264998985,2.617945
0.31244178831436337,2.61758
0.312531133978737,2.617542
0.31262047964311057,2.617407
0.31270982530748415,2.617633
0.3127991709718577,2.617737
0.31288851663623135,2.617504
0.31297786230060487,2.617502
0.31306720796497844,2.617288
0.313156553629352,2.617085
0.3132458992937255,2.617417
0.31333524495809917,2.617573
0.31342459062247263,2.617413
0.31351393628684626,2.617477
0.31360328195121984,2.617215
0.31369262761559336,2.617123
0.313781973279967,2.61697
0.31387131894434056,2.616892
0.31396066460871414,2.616908
0.31405001027308765,2.617002
0.3141393559374613,2.616992
0.31422870160183475,2.616899
0.3143180472662083,2.616717
0.3144073929305819,2.616835
0.31449673859495547,2.617119
0.3145860842593291,2.616916
0.3146754299237026,2.617124
0.31476477558807625,2.616738
0.31485412125244977,2.616744
0.31494346691682334,2.616783
0.3150328125811969,2.616489
0.3151221582455704,2.616641
0.31521150390994407,2.616696
0.3153008495743176,2.616426
0.31539019523869116,2.616308
0.31547954090306474,2.616403
0.31556888656743837,2.61643
0.3156582322318119,2.616218
0.31574757789618546,2.61628
0.315836923560559,2.616335
0.31592626922493255,2.616313
0.3160156148893062,2.616147
0.3161049605536797,2.61614
0.31619430621805333,2.616137
0.3162836518824269,2.615944
0.31637299754680037,2.615961
0.316462343211174,2.616024
0.3165516888755475,2.61596
0.3166410345399211,2.616159
0.31673038020429467,2.616319
0.31681972586866824,2.616255
0.3169090715330418,2.616251
0.3169984171974154,2.616033
0.31708776286178897,2.6161
0.3171771085261625,2.61603
0.3172664541905362,2.616221
0.31735579985490964,2.616367
0.3174451455192832,2.616273
0.3175344911836568,2.616128
0.3176238368480303,2.615834
0.31771318251240394,2.615869
0.31780252817677745,2.615767
0.3178918738411511,2.615887
0.3179812195055246,2.615816
0.31807056516989823,2.616147
0.3181599108342718,2.615896
0.31824925649864527,2.615843
0.3183386021630189,2.615841
0.3184279478273924,2.615902
0.318517293491766,2.61612
0.31860663915613957,2.6158
0.3186959848205132,2.61565
0.3187853304848867,2.615622
0.3188746761492603,2.615387
0.31896402181363387,2.615459
0.3190533674780074,2.615433
0.3191427131423811,2.615673
0.31923205880675454,2.615367
0.3193214044711281,2.615219
0.3194107501355017,2.615026
0.3195000957998752,2.615004
0.31958944146424884,2.614881
0.31967878712862235,2.615073
0.319768132792996,2.614854
0.31985747845736956,2.614765
0.31994682412174313,2.614695
0.3200361697861167,2.614687
0.3201255154504902,2.614764
0.32021486111486375,2.615016
0.3203042067792373,2.614903
0.3203935524436109,2.614497
0.32048289810798447,2.614607
0.3205722437723581,2.614486
0.3206615894367316,2.614502
0.3207509351011052,2.614838
0.3208402807654788,2.614866
0.32092962642985234,2.614882
0.32101897209422586,2.614744
0.3211083177585994,2.614542
0.321197663422973,2.614372
0.3212870090873466,2.61454
0.3213763547517201,2.614427
0.32146570041609374,2.61455
0.3215550460804673,2.614506
0.3216443917448409,2.614617
0.32173373740921446,2.614573
0.32182308307358803,2.614377
0.3219124287379615,2.614587
0.3220017744023351,2.614339
0.32209112006670865,2.614301
0.3221804657310822,2.614249
0.32226981139545585,2.614334
0.32235915705982937,2.61423
0.322448502724203,2.614221
0.3225378483885766,2.613936
0.3226271940529501,2.613988
0.32271653971732367,2.61387
0.32280588538169713,2.613818
0.32289523104607076,2.613542
0.32298457671044434,2.613665
0.3230739223748179,2.613543
0.3231632680391915,2.613496
0.323252613703565,2.613545
0.32334195936793864,2.613498
0.3234313050323122,2.613578
0.3235206506966858,2.613575
0.32360999636105936,2.613588
0.32369934202543293,2.61343
0.3237886876898064,2.613329
0.32387803335418003,2.61334
0.3239673790185536,2.613505
0.3240567246829271,2.613277
0.32414607034730075,2.61333
0.32423541601167427,2.613131
0.3243247616760479,2.613328
0.3244141073404215,2.613547
0.324503453004795,2.613229
0.32459279866916857,2.613249
0.32468214433354214,2.613159
0.32477148999791566,2.613088
0.32486083566228924,2.613317
0.32495018132666287,2.613214
0.3250395269910364,2.613097
0.32512887265541,2.612929
0.32521821831978354,2.612728
0.3253075639841571,2.612674
0.3253969096485307,2.612691
0.3254862553129042,2.612682
0.32557560097727783,2.612686
0.3256649466416513,2.612584
0.325754292306025,2.612673
0.3258436379703985,2.612556
0.325932983634772,2.612506
0.32602232929914565,2.612329
0.3261116749635192,2.61271
0.32620102062789275,2.612454
0.3262903662922663,2.612163
0.32637971195663995,2.612163
0.32646905762101347,2.612226
0.32655840328538704,2.612366
0.32664774894976056,2.61209
0.32673709461413414,2.61194
0.32682644027850777,2.612159
0.3269157859428813,2.612087
0.32700513160725486,2.612161
0.32709447727162844,2.612219
0.32718382293600196,2.612213
0.3272731686003756,2.612055
0.3273625142647491,2.612082
0.32745185992912273,2.611858
0.3275412055934963,2.611778
0.3276305512578699,2.61197
0.3277198969222434,2.611835
0.327809242586617,2.612
0.32789858825099055,2.611995
0.32798793391536407,2.611775
0.3280772795797377,2.611781
0.3281666252441112,2.611681
0.32825597090848485,2.61178
0.32834531657285837,2.611483
0.32843466223723194,2.611379
0.3285240079016056,2.611371
0.32861335356597904,2.611211
0.3287026992303527,2.611219
0.3287920448947262,2.611126
0.32888139055909976,2.611045
0.32897073622347334,2.611079
0.32906008188784686,2.611543
0.3291494275522205,2.611221
0.32923877321659406,2.611065
0.32932811888096764,2.6109
0.3294174645453412,2.61097
0.32950681020971484,2.610942
0.3295961558740883,2.611069
0.3296855015384619,2.610911
0.3297748472028354,2.610737
0.32986419286720897,2.610545
0.3299535385315826,2.610371
0.3300428841959561,2.610604
0.33013222986032975,2.610342
0.3302215755247033,2.610533
0.33031092118907684,2.610321
0.3304002668534505,2.610335
0.33048961251782394,2.610125
0.3305789581821975,2.610189
0.3306683038465711,2.610297
0.33075764951094466,2.610017
0.33084699517531824,2.609996
0.3309363408396918,2.609982
0.3310256865040654,2.61011
0.33111503216843896,2.610001
0.33120437783281254,2.609811
0.3312937234971861,2.609857
0.3313830691615597,2.609924
0.33147241482593315,2.609877
0.3315617604903067,2.609951
0.33165110615468035,2.60989
0.33174045181905387,2.610069
0.3318297974834275,2.609935
0.331919143147801,2.610045
0.33200848881217465,2.609995
0.3320978344765482,2.609751
0.33218718014092175,2.609816
0.3322765258052953,2.610036
0.33236587146966884,2.609843
0.3324552171340424,2.609499
0.332544562798416,2.609559
0.3326339084627896,2.609886
0.33272325412716314,2.609559
0.3328125997915367,2.609606
0.3329019454559103,2.609149
0.33299129112028386,2.609625
0.33308063678465744,2.609415
0.333169982449031,2.609296
0.3332593281134046,2.609412
0.3333486737777781,2.609647
0.3334380194421517,2.60968
0.33352736510652525,2.609431
0.33361671077089877,2.609118
0.3337060564352724,2.609117
0.333795402099646,2.60909
0.33388474776401955,2.609371
0.3339740934283931,2.609332
0.3340634390927667,2.609082
0.3341527847571402,2.609037
0.33424213042151374,2.609264
0.3343314760858873,2.609196
0.3344208217502609,2.609187
0.3345101674146345,2.609068
0.33459951307900804,2.608886
0.33468885874338167,2.608708
0.33477820440775524,2.608573
0.33486755007212876,2.608587
0.33495689573650234,2.608625
0.3350462414008758,2.60858
0.3351355870652495,2.608527
0.33522493272962306,2.608233
0.3353142783939966,2.608251
0.33540362405837015,2.608161
0.33549296972274373,2.608063
0.3355823153871173,2.608273
0.3356716610514909,2.607973
0.33576100671586445,2.608145
0.33585035238023797,2.608235
0.3359396980446116,2.608354
0.3360290437089851,2.608143
0.33611838937335864,2.60823
0.3362077350377323,2.608207
0.3362970807021058,2.607948
0.3363864263664794,2.607836
0.33647577203085294,2.608038
0.33656511769522657,2.607935
0.3366544633596001,2.607978
0.3367438090239736,2.607914
0.33683315468834724,2.60785
0.3369225003527208,2.60781
0.3370118460170944,2.607817
0.33710119168146796,2.607649
0.3371905373458416,2.607343
0.33727988301021505,2.607411
0.33736922867458863,2.607364
0.3374585743389622,2.60724
0.3375479200033357,2.60732
0.33763726566770935,2.607476
0.33772661133208287,2.607446
0.3378159569964565,2.607537
0.3379053026608301,2.607387
0.33799464832520354,2.607473
0.3380839939895772,2.607549
0.3381733396539507,2.607363
0.3382626853183243,2.607234
0.33835203098269784,2.607239
0.3384413766470714,2.607253
0.338530722311445,2.607332
0.33862006797581856,2.607305
0.33870941364019214,2.606955
0.3387987593045657,2.60692
0.33888810496893934,2.606923
0.33897745063331286,2.606786
0.3390667962976865,2.606941
0.33915614196205995,2.606662
0.33924548762643353,2.606758
0.3393348332908071,2.606872
0.3394241789551806,2.606758
0.33951352461955425,2.606609
0.33960287028392777,2.606554
0.3396922159483014,2.606398
0.339781561612675,2.606423
0.33987090727704844,2.606516
0.3399602529414221,2.606416
0.3400495986057957,2.606425
0.34013894427016916,2.606396
0.34022828993454274,2.606103
0.34031763559891637,2.605861
0.3404069812632899,2.605869
0.34049632692766346,2.605536
0.34058567259203704,2.60574
0.3406750182564106,2.605932
0.34076436392078424,2.605855
0.34085370958515776,2.605817
0.3409430552495313,2.605695
0.34103240091390485,2.605771
0.3411217465782784,2.605816
0.341211092242652,2.605837
0.3413004379070255,2.605756
0.34138978357139915,2.60582
0.3414791292357727,2.605861
0.3415684749001463,2.605751
0.3416578205645199,2.605619
0.34174716622889345,2.605572
0.341836511893267,2.605196
0.3419258575576405,2.605321
0.34201520322201406,2.605316
0.34210454888638764,2.605028
0.34219389455076127,2.604989
0.3422832402151348,2.60499
0.34237258587950836,2.605062
0.342461931543882,2.604836
0.3425512772082555,2.604801
0.34264062287262914,2.60469
0.34272996853700266,2.604681
0.3428193142013762,2.604729
0.34290865986574975,2.604709
0.34299800553012333,2.604655
0.3430873511944969,2.604527
0.3431766968588705,2.60454
0.34326604252324405,2.604548
0.3433553881876176,2.604774
0.34344473385199126,2.604686
0.3435340795163648,2.604606
0.34362342518073835,2.604475
0.3437127708451118,2.6046
0.3438021165094854,2.604095
0.343891462173859,2.603969
0.34398080783823254,2.603756
0.34407015350260617,2.603807
0.34415949916697974,2.603817
0.3442488448313533,2.603691
0.3443381904957269,2.603561
0.3444275361601004,2.60369
0.344516881824474,2.604041
0.34460622748884756,2.603831
0.34469557315322114,2.603724
0.34478491881759465,2.603504
0.34487426448196834,2.603613
0.3449636101463418,2.60369
0.3450529558107154,2.603578
0.34514230147508895,2.603457
0.3452316471394625,2.60349
0.3453209928038361,2.603771
0.3454103384682096,2.603673
0.34549968413258325,2.603356
0.3455890297969568,2.603457
0.3456783754613303,2.603379
0.3457677211257039,2.603114
0.34585706679007744,2.603202
0.34594641245445107,2.60328
0.34603575811882464,2.603298
0.3461251037831982,2.602984
0.34621444944757174,2.602936
0.3463037951119453,2.602813
0.3463931407763189,2.602633
0.34648248644069246,2.602677
0.3465718321050661,2.602781
0.34666117776943955,2.602785
0.34675052343381324,2.60271
0.3468398690981867,2.602486
0.3469292147625603,2.602533
0.34701856042693385,2.602336
0.34710790609130737,2.602309
0.347197251755681,2.602194
0.3472865974200545,2.602062
0.34737594308442815,2.602003
0.3474652887488017,2.601972
0.3475546344131752,2.602049
0.3476439800775488,2.602008
0.3477333257419224,2.602168
0.34782267140629597,2.602209
0.34791201707066954,2.602012
0.3480013627350431,2.601946
0.34809070839941664,2.60188
0.3481800540637902,2.602275
0.3482693997281638,2.602106
0.34835874539253736,2.601695
0.348448091056911,2.601428
0.34853743672128445,2.601346
0.34862678238565814,2.601182
0.34871612805003166,2.601009
0.3488054737144052,2.601036
0.34889481937877875,2.601185
0.3489841650431523,2.601404
0.3490735107075259,2.601418
0.3491628563718995,2.601227
0.34925220203627305,2.601112
0.3493415477006466,2.60136
0.3494308933650202,2.601288
0.3495202390293938,2.601414
0.3496095846937673,2.601267
0.34969893035814087,2.601292
0.3497882760225144,2.601037
0.349877621686888,2.600801
0.34996696735126154,2.600669
0.3500563130156351,2.600904
0.35014565868000874,2.600586
0.35023500434438226,2.600298
0.3503243500087559,2.60051
0.35041369567312936,2.600647
0.35050304133750293,2.600602
0.3505923870018765,2.600237
0.35068173266625,2.60032
0.35077107833062365,2.600247
0.35086042399499723,2.600272
0.3509497696593708,2.600378
0.3510391153237444,2.600419
0.351128460988118,2.600305
0.3512178066524915,2.600251
0.3513071523168651,2.600424
0.3513964979812387,2.600432
0.35148584364561214,2.600229
0.35157518930998577,2.600266
0.3516645349743593,2.600172
0.3517538806387329,2.600318
0.3518432263031065,2.600174
0.35193257196748007,2.599879
0.35202191763185364,2.599772
0.35211126329622716,2.600025
0.3522006089606008,2.599826
0.35228995462497426,2.59975
0.35237930028934783,2.599464
0.3524686459537214,2.599433
0.35255799161809503,2.599448
0.35264733728246855,2.599395
0.35273668294684213,2.599865
0.3528260286112157,2.599606
0.3529153742755893,2.599408
0.3530047199399629,2.59937
0.3530940656043364,2.599431
0.35318341126871,2.599352
0.3532727569330836,2.599287
0.35336210259745704,2.599055
0.35345144826183067,2.59897
0.3535407939262042,2.599312
0.3536301395905778,2.599164
0.3537194852549514,2.599154
0.35380883091932497,2.598848
0.35389817658369854,2.59895
0.3539875222480721,2.598788
0.35407686791244564,2.598673
0.35416621357681916,2.598602
0.35425555924119284,2.598628
0.3543449049055663,2.598557
0.35443425056993993,2.598555
0.35452359623431345,2.598288
0.35461294189868703,2.598117
0.35470228756306066,2.598315
0.3547916332274342,2.598288
0.35488097889180775,2.598223
0.3549703245561813,2.598145
0.3550596702205549,2.598104
0.3551490158849285,2.597941
0.35523836154930194,2.598077
0.35532770721367557,2.5981
0.35541705287804914,2.597778
0.3555063985424227,2.597798
0.3555957442067963,2.597795
0.35568508987116987,2.597837
0.3557744355355434,2.597563
0.35586378119991696,2.597518
0.35595312686429054,2.597511
0.3560424725286641,2.597443
0.35613181819303774,2.597486
0.3562211638574112,2.597259
0.35631050952178484,2.597157
0.3563998551861584,2.597089
0.35648920085053193,2.597113
0.3565785465149055,2.597239
0.3566678921792791,2.596904
0.35675723784365265,2.596928
0.3568465835080262,2.596528
0.3569359291723998,2.596655
0.3570252748367734,2.596555
0.3571146205011469,2.596414
0.35720396616552047,2.596711
0.35729331182989404,2.596716
0.3573826574942676,2.596908
0.3574720031586412,2.596669
0.35756134882301477,2.596366
0.3576506944873883,2.596463
0.35774004015176186,2.596293
0.3578293858161355,2.596369
0.357918731480509,2.596326
0.35800807714488264,2.595972
0.3580974228092561,2.595823
0.35818676847362974,2.595901
0.3582761141380033,2.595867
0.35836545980237683,2.596087
0.3584548054667504,2.59596
0.358544151131124,2.595852
0.35863349679549755,2.595818
0.3587228424598711,2.595831
0.35881218812424476,2.595889
0.3589015337886183,2.595783
0.3589908794529918,2.595706
0.35908022511736537,2.595528
0.35916957078173894,2.595539
0.3592589164461125,2.595342
0.35934826211048604,2.595375
0.35943760777485967,2.595335
0.35952695343923324,2.59506
0.35961629910360676,2.5952
0.3597056447679804,2.595172
0.3597949904323539,2.595165
0.35988433609672754,2.595304
0.3599736817611011,2.59498
0.36006302742547464,2.594813
0.36015237308984815,2.595126
0.36024171875422173,2.59502
0.3603310644185953,2.594784
0.3604204100829689,2.594499
0.3605097557473425,2.595001
0.360599101411716,2.594792
0.36068844707608966,2.59448
0.3607777927404632,2.594517
0.36086713840483675,2.59439
0.36095648406921027,2.594456
0.3610458297335838,2.594394
0.3611351753979574,2.594574
0.36122452106233094,2.594245
0.36131386672670457,2.594162
0.36140321239107814,2.594063
0.3614925580554517,2.593903
0.3615819037198253,2.594045
0.36167124938419887,2.593757
0.36176059504857244,2.593954
0.3618499407129459,2.594186
0.36193928637731954,2.593966
0.36202863204169305,2.594203
0.3621179777060667,2.594143
0.3622073233704402,2.593943
0.3622966690348138,2.593856
0.3623860146991874,2.59394
0.36247536036356093,2.59383
0.36256470602793456,2.593785
0.3626540516923081,2.593575
0.36274339735668165,2.59358
0.36283274302105517,2.593598
0.3629220886854287,2.593472
0.3630114343498023,2.593483
0.3631007800141759,2.593103
0.36319012567854947,2.593057
0.36327947134292304,2.593116
0.3633688170072967,2.593132
0.3634581626716702,2.593481
0.36354750833604377,2.593587
0.36363685400041723,2.593573
0.3637261996647908,2.593319
0.3638155453291645,2.5933
0.36390489099353795,2.593066
0.3639942366579116,2.592904
0.36408358232228516,2.59282
0.3641729279866587,2.592865
0.3642622736510323,2.592815
0.36435161931540583,2.592908
0.3644409649797794,2.592784
0.364530310644153,2.592675
0.36461965630852655,2.592927
0.36470900197290007,2.59287
0.36479834763727365,2.592653
0.3648876933016472,2.592749
0.3649770389660208,2.592589
0.3650663846303944,2.592294
0.36515573029476794,2.592201
0.3652450759591415,2.591996
0.36533442162351504,2.59194
0.3654237672878886,2.591913
0.36551311295226224,2.591934
0.3656024586166357,2.59172
0.3656918042810094,2.592132
0.3657811499453829,2.591965
0.3658704956097565,2.591887
0.36595984127413006,2.59223
0.3660491869385036,2.592404
0.3661385326028772,2.592537
0.36622787826725073,2.592417
0.3663172239316243,2.592115
0.3664065695959979,2.592043
0.3664959152603715,2.591861
0.36658526092474497,2.592003
0.36667460658911855,2.59188
0.3667639522534921,2.591963
0.3668532979178657,2.591964
0.3669426435822393,2.591813
0.36703198924661284,2.591241
0.3671213349109864,2.5912
0.36721068057536,2.591289
0.3673000262397335,2.590996
0.36738937190410714,2.591264
0.3674787175684806,2.591304
0.3675680632328543,2.591283
0.3676574088972278,2.591155
0.3677467545616014,2.591248
0.36783610022597496,2.591128
0.3679254458903485,2.590951
0.36801479155472205,2.591248
0.36810413721909563,2.591207
0.36819348288346926,2.590929
0.3682828285478428,2.59078
0.3683721742122164,2.590628
0.36846151987658987,2.590533
0.36855086554096345,2.590525
0.36864021120533713,2.590437
0.3687295568697106,2.590529
0.36881890253408417,2.590572
0.3689082481984577,2.590574
0.3689975938628313,2.590475
0.3690869395272049,2.590513
0.3691762851915784,2.590674
0.36926563085595204,2.590838
0.3693549765203256,2.590634
0.3694443221846992,2.590485
0.3695336678490727,2.590169
0.3696230135134463,2.590291
0.3697123591778198,2.589994
0.3698017048421934,2.590137
0.36989105050656695,2.590469
0.36998039617094053,2.590716
0.37006974183531416,2.590468
0.3701590874996877,2.590194
0.3702484331640613,2.590296
0.3703377788284349,2.589917
0.37042712449280835,2.590095
0.3705164701571819,2.590052
0.37060581582155544,2.590047
0.37069516148592907,2.5899
0.37078450715030264,2.589797
0.3708738528146762,2.58967
0.3709631984790498,2.589793
0.3710525441434234,2.589619
0.37114188980779694,2.589601
0.3712312354721705,2.589792
0.3713205811365441,2.589482
0.37140992680091756,2.589247
0.3714992724652912,2.589268
0.3715886181296647,2.589506
0.37167796379403834,2.589578
0.3717673094584119,2.589757
0.37185665512278543,2.589668
0.37194600078715906,2.589539
0.3720353464515326,2.589491
0.3721246921159062,2.589714
0.3722140377802798,2.58924
0.37230338344465325,2.589012
0.3723927291090268,2.589121
0.3724820747734004,2.589267
0.37257142043777397,2.589015
0.37266076610214754,2.588941
0.3727501117665212,2.588805
0.3728394574308947,2.588702
0.3729288030952683,2.588767
0.37301814875964184,2.588516
0.3731074944240154,2.588444
0.373196840088389,2.588645
0.37328618575276246,2.588524
0.3733755314171361,2.588464
0.37346487708150966,2.588123
0.37355422274588324,2.588251
0.3736435684102568,2.588238
0.37373291407463033,2.588423
0.37382225973900396,2.588654
0.37391160540337753,2.588259
0.37400095106775105,2.588111
0.3740902967321246,2.588076
0.37417964239649826,2.588046
0.3742689880608717,2.588199
0.3743583337252453,2.587882
0.37444767938961887,2.587986
0.37453702505399245,2.588001
0.3746263707183661,2.588051
0.3747157163827396,2.587914
0.37480506204711317,2.58806
0.37489440771148674,2.588
0.3749837533758602,2.587917
0.3750730990402339,2.587863
0.37516244470460736,2.587831
0.375251790368981,2.587822
0.37534113603335456,2.587904
0.37543048169772814,2.587813
0.3755198273621017,2.587822
0.3756091730264753,2.587659
0.37569851869084886,2.587739
0.3757878643552224,2.58768
0.375877210019596,2.587358
0.3759665556839695,2.587571
0.37605590134834316,2.587414
0.3761452470127166,2.587486
0.3762345926770902,2.587446
0.3763239383414638,2.587487
0.37641328400583735,2.587504
0.376502629670211,2.58706
0.3765919753345845,2.586926
0.37668132099895807,2.58724
0.37677066666333164,2.587172
0.37686001232770516,2.587096
0.3769493579920788,2.587138
0.37703870365645237,2.587173
0.3771280493208259,2.58704
0.37721739498519946,2.586843
0.3773067406495731,2.586905
0.3773960863139466,2.586676
0.37748543197832013,2.586674
0.3775747776426937,2.586757
0.3776641233070673,2.586711
0.3777534689714409,2.586542
0.37784281463581443,2.586719
0.37793216030018806,2.586779
0.37802150596456163,2.586895
0.3781108516289351,2.58696
0.3782001972933087,2.586813
0.37828954295768225,2.586561
0.3783788886220558,2.586109
0.3784682342864294,2.586284
0.37855757995080297,2.586503
0.37864692561517654,2.586536
0.3787362712795501,2.586266
0.3788256169439237,2.586573
0.37891496260829727,2.58617
0.3790043082726709,2.586431
0.37909365393704436,2.586102
0.37918299960141794,2.585873
0.37927234526579146,2.585925
0.37936169093016503,2.586155
0.37945103659453866,2.586283
0.3795403822589122,2.586216
0.3796297279232858,2.586061
0.37971907358765933,2.585996
0.37980841925203296,2.586213
0.37989776491640653,2.586079
0.37998711058078,2.586236
0.38007645624515357,2.586176
0.38016580190952715,2.585926
0.3802551475739007,2.585738
0.3803444932382743,2.586003
0.3804338389026479,2.585803
0.38052318456702144,2.585845
0.3806125302313951,2.585905
0.3807018758957686,2.585767
0.38079122156014217,2.585885
0.3808805672245157,2.586007
0.38096991288888926,2.58574
0.38105925855326284,2.585991
0.3811486042176364,2.585749
0.38123794988201,2.585626
0.38132729554638356,2.585295
0.3814166412107571,2.585305
0.3815059868751307,2.585425
0.3815953325395043,2.585466
0.38168467820387786,2.585255
0.38177402386825143,2.585476
0.381863369532625,2.585334
0.38195271519699847,2.585171
0.38204206086137205,2.585024
0.3821314065257457,2.584722
0.3822207521901192,2.585076
0.3823100978544928,2.58501
0.38239944351886634,2.584854
0.38248878918324,2.584835
0.38257813484761355,2.585011
0.38266748051198707,2.584757
0.3827568261763606,2.58471
0.3828461718407341,2.584917
0.38293551750510774,2.584718
0.3830248631694813,2.584678
0.3831142088338549,2.584707
0.38320355449822846,2.584687
0.38329290016260203,2.584549
0.3833822458269756,2.584511
0.3834715914913492,2.584224
0.38356093715572276,2.584156
0.3836502828200962,2.58434
0.3837396284844699,2.584149
0.38382897414884337,2.584113
0.38391831981321695,2.584205
0.3840076654775906,2.58408
0.3840970111419641,2.583884
0.3841863568063377,2.583888
0.3842757024707113,2.583931
0.3843650481350849,2.583695
0.3844543937994584,2.583789
0.38454373946383186,2.583785
0.38463308512820554,2.583699
0.38472243079257906,2.583749
0.38481177645695264,2.58355
0.3849011221213262,2.583645
0.38499046778569984,2.583536
0.38507981345007336,2.583566
0.38516915911444694,2.583681
0.3852585047788205,2.58372
0.38534785044319403,2.583412
0.38543719610756766,2.583159
0.3855265417719411,2.583023
0.3856158874363148,2.583269
0.3857052331006883,2.582994
0.38579457876506185,2.583021
0.3858839244294355,2.5829
0.385973270093809,2.582884
0.3860626157581826,2.582994
0.38615196142255614,2.582971
0.3862413070869297,2.582672
0.3863306527513033,2.582798
0.38641999841567687,2.582744
0.38650934408005044,2.582597
0.38659868974442396,2.582697
0.38668803540879765,2.582538
0.3867773810731711,2.582715
0.38686672673754474,2.582695
0.38695607240191826,2.582631
0.38704541806629184,2.582587
0.3871347637306654,2.582728
0.38722410939503893,2.582646
0.38731345505941256,2.58267
0.38740280072378613,2.58266
0.3874921463881597,2.582645
0.3875814920525332,2.582453
0.38767083771690675,2.582489
0.3877601833812804,2.582345
0.38784952904565395,2.582031
0.38793887471002747,2.582401
0.38802822037440104,2.582053
0.3881175660387747,2.581973
0.3882069117031482,2.582187
0.38829625736752177,2.582165
0.38838560303189534,2.582212
0.38847494869626886,2.581932
0.38856429436064255,2.581638
0.388653640025016,2.581719
0.3887429856893896,2.581676
0.38883233135376316,2.581758
0.3889216770181367,2.582063
0.3890110226825103,2.582117
0.38910036834688383,2.581953
0.38918971401125746,2.581791
0.38927905967563103,2.581619
0.3893684053400046,2.581468
0.3894577510043782,2.581784
0.3895470966687517,2.581932
0.3896364423331252,2.581405
0.3897257879974988,2.58125
0.3898151336618724,2.581141
0.38990447932624595,2.581245
0.3899938249906196,2.581106
0.3900831706549931,2.581044
0.3901725163193667,2.580812
0.3902618619837403,2.580761
0.39035120764811376,2.580859
0.39044055331248734,2.580906
0.3905298989768609,2.580833
0.3906192446412345,2.580779
0.39070859030560806,2.580638
0.39079793596998164,2.580783
0.3908872816343552,2.580708
0.3909766272987288,2.580628
0.39106597296310236,2.580822
0.39115531862747593,2.580828
0.39124466429184956,2.580825
0.3913340099562231,2.580717
0.3914233556205966,2.580577
0.3915127012849701,2.580608
0.3916020469493437,2.580405
0.3916913926137173,2.580202
0.39178073827809085,2.580456
0.3918700839424645,2.580407
0.39195942960683805,2.580683
0.3920487752712116,2.580632
0.3921381209355852,2.58058
0.39222746659995866,2.580405
0.39231681226433224,2.580139
0.3924061579287058,2.579991
0.3924955035930794,2.57988
0.39258484925745296,2.579989
0.3926741949218266,2.579809
0.3927635405862001,2.579556
0.3928528862505737,2.579897
0.3929422319149473,2.579792
0.39303157757932083,2.579818
0.3931209232436944,2.579503
0.3932102689080679,2.57974
0.3932996145724415,2.579541
0.3933889602368151,2.579484
0.3934783059011886,2.579634
0.3935676515655622,2.57962
0.39365699722993575,2.579832
0.3937463428943094,2.579686
0.39383568855868295,2.579584
0.3939250342230565,2.579587
0.39401437988743004,2.57952
0.3941037255518036,2.579359
0.39419307121617714,2.579351
0.3942824168805507,2.579367
0.39437176254492434,2.579241
0.39446110820929786,2.579247
0.3945504538736715,2.579336
0.394639799538045,2.579323
0.3947291452024186,2.579084
0.39481849086679216,2.579075
0.3949078365311657,2.579102
0.3949971821955393,2.579115
0.3950865278599129,2.578818
0.3951758735242864,2.578556
0.39526521918866,2.578274
0.3953545648530335,2.578303
0.3954439105174071,2.578372
0.3955332561817807,2.578251
0.3956226018461543,2.578221
0.3957119475105278,2.578329
0.3958012931749014,2.578215
0.39589063883927494,2.577986
0.3959799845036485,2.577908
0.39606933016802204,2.577976
0.3961586758323956,2.578147
0.39624802149676924,2.578062
0.39633736716114276,2.578129
0.3964267128255164,2.57822
0.3965160584898899,2.577942
0.3966054041542635,2.578081
0.39669474981863706,2.578164
0.3967840954830106,2.578171
0.3968734411473842,2.577945
0.3969627868117578,2.577962
0.3970521324761313,2.577757
0.3971414781405049,2.577836
0.39723082380487845,2.577984
0.397320169469252,2.577922
0.3974095151336256,2.578055
0.3974988607979992,2.577541
0.3975882064623727,2.577623
0.3976775521267463,2.57717
0.39776689779111984,2.577314
0.3978562434554934,2.5775
0.39794558911986705,2.577269
0.3980349347842405,2.577381
0.39812428044861414,2.577432
0.3982136261129877,2.577368
0.39830297177736124,2.577363
0.3983923174417348,2.576949
0.39848166310610833,2.576924
0.39857100877048196,2.577243
0.39866035443485554,2.577171
0.3987497000992291,2.577198
0.3988390457636027,2.577312
0.3989283914279763,2.577126
0.3990177370923498,2.5769
0.39910708275672335,2.577014
0.3991964284210969,2.576953
0.39928577408547045,2.576954
0.3993751197498441,2.576888
0.3994644654142176,2.5769
0.3995538110785912,2.576722
0.3996431567429648,2.576866
0.3997325024073384,2.576981
0.39982184807171195,2.577126
0.3999111937360854,2.577027
0.40000053940045904,2.57697
0.40008988506483256,2.576773
0.40017923072920614,2.576929
0.4002685763935797,2.576856
0.40035792205795334,2.576663
0.40044726772232686,2.576366
0.40053661338670044,2.576401
0.40062595905107407,2.576349
0.4007153047154476,2.576469
0.4008046503798212,2.576454
0.4008939960441947,2.576432
0.40098334170856825,2.576556
0.4010726873729418,2.576572
0.40116203303731535,2.576122
0.401251378701689,2.576209
0.4013407243660625,2.576032
0.4014300700304361,2.575836
0.4015194156948097,2.575801
0.4016087613591833,2.575999
0.40169810702355685,2.575768
0.4017874526879303,2.575568
0.4018767983523039,2.575557
0.40196614401667746,2.575653
0.4020554896810511,2.575512
0.4021448353454246,2.575372
0.40223418100979824,2.575332
0.40232352667417176,2.575464
0.40241287233854534,2.575541
0.40250221800291897,2.575257
0.4025915636672925,2.575065
0.40268090933166606,2.575198
0.4027702549960396,2.575162
0.40285960066041315,2.575191
0.4029489463247867,2.575115
0.40303829198916025,2.574973
0.4031276376535339,2.574987
0.40321698331790745,2.575045
0.403306328982281,2.574801
0.4033956746466546,2.574545
0.4034850203110282,2.57452
0.40357436597540164,2.574767
0.4036637116397752,2.574507
0.4037530573041489,2.574664
0.40384240296852236,2.574372
0.403931748632896,2.574528
0.4040210942972695,2.574437
0.40411043996164314,2.574541
0.4041997856260167,2.57443
0.40428913129039024,2.574361
0.4043784769547638,2.574404
0.4044678226191374,2.574516
0.40455716828351096,2.574635
0.4046465139478845,2.574394
0.40473585961225805,2.574096
0.40482520527663163,2.574096
0.4049145509410052,2.574466
0.4050038966053788,2.573963
0.40509324226975235,2.573707
0.4051825879341259,2.573708
0.4052719335984995,2.573488
0.4053612792628731,2.573425
0.4054506249272466,2.573302
0.4055399705916201,2.573295
0.4056293162559938,2.573354
0.40571866192036726,2.573201
0.4058080075847409,2.573174
0.40589735324911447,2.573204
0.40598669891348804,2.573296
0.4060760445778616,2.573351
0.40616539024223514,2.573223
0.4062547359066087,2.57308
0.4063440815709823,2.573289
0.40643342723535586,2.573123
0.4065227728997294,2.572862
0.40661211856410306,2.572848
0.40670146422847653,2.572958
0.4067908098928501,2.572986
0.4068801555572237,2.572899
0.40696950122159725,2.573094
0.4070588468859708,2.572846
0.40714819255034435,2.572271
0.407237538214718,2.57218
0.40732688387909155,2.572211
0.407416229543465,2.572364
0.4075055752078387,2.572364
0.40759492087221216,2.572201
0.4076842665365858,2.572185
0.40777361220095937,2.571858
0.4078629578653329,2.571881
0.40795230352970646,2.572193
0.40804164919408004,2.572038
0.4081309948584536,2.57167
0.4082203405228272,2.571589
0.4083096861872008,2.57197
0.40839903185157433,2.571934
0.40848837751594796,2.571816
0.40857772318032143,2.572168
0.408667068844695,2.572068
0.4087564145090686,2.571969
0.4088457601734421,2.571963
0.4089351058378157,2.571702
0.4090244515021893,2.571799
0.4091137971665629,2.571543
0.40920314283093645,2.571429
0.4092924884953101,2.571294
0.4093818341596836,2.571368
0.4094711798240571,2.571395
0.4095605254884307,2.571403
0.4096498711528042,2.571215
0.40973921681717784,2.571314
0.40982856248155136,2.571082
0.409917908145925,2.57097
0.4100072538102985,2.571058
0.4100965994746721,2.570853
0.4101859451390457,2.571025
0.41027529080341923,2.570902
0.41036463646779286,2.570833
0.41045398213216633,2.570491
0.4105433277965399,2.570654
0.4106326734609135,2.570668
0.410722019125287,2.571144
0.4108113647896606,2.57093
0.4109007104540342,2.571271
0.4109900561184078,2.571291
0.41107940178278135,2.57095
0.411168747447155,2.571031
0.4112580931115285,2.570828
0.411347438775902,2.570842
0.4114367844402756,2.570932
0.4115261301046491,2.571143
0.41161547576902274,2.570772
0.41170482143339626,2.570751
0.4117941670977699,2.570763
0.41188351276214347,2.570466
0.411972858426517,2.570293
0.4120622040908906,2.57045
0.41215154975526413,2.570274
0.41224089541963765,2.570079
0.41233024108401123,2.570311
0.4124195867483848,2.570302
0.4125089324127584,2.569904
0.41259827807713195,2.569916
0.4126876237415055,2.570232
0.4127769694058791,2.570008
0.41286631507025273,2.569689
0.41295566073462625,2.569713
0.4130450063989998,2.569659
0.4131343520633733,2.569486
0.41322369772774686,2.569717
0.4133130433921205,2.569724
0.413402389056494,2.569453
0.41349173472086764,2.56968
0.4135810803852412,2.569208
0.4136704260496148,2.569199
0.41375977171398837,2.569227
0.4138491173783619,2.569194
0.41393846304273546,2.569077
0.41402780870710904,2.569296
0.41411715437148255,2.569292
0.41420650003585613,2.5692
0.41429584570022976,2.569299
0.4143851913646033,2.569239
0.41447453702897685,2.56917
0.4145638826933505,2.569101
0.414653228357724,2.568958
0.4147425740220976,2.568677
0.41483191968647115,2.568712
0.4149212653508447,2.568861
0.4150106110152183,2.56883
0.41509995667959176,2.568657
0.4151893023439654,2.568475
0.4152786480083389,2.568413
0.41536799367271254,2.568446
0.4154573393370861,2.568418
0.4155466850014597,2.568492
0.41563603066583327,2.568591
0.4157253763302068,2.568779
0.41581472199458036,2.568517
0.41590406765895394,2.568224
0.41599341332332757,2.568164
0.41608275898770103,2.568176
0.41617210465207466,2.568261
0.4162614503164482,2.568355
0.41635079598082175,2.56826
0.4164401416451954,2.568198
0.4165294873095689,2.568193
0.4166188329739425,2.56801
0.41670817863831605,2.567571
0.4167975243026896,2.567538
0.4168868699670632,2.567758
0.41697621563143666,2.567591
0.4170655612958103,2.56765
0.41715490696018387,2.56749
0.41724425262455744,2.567355
0.417333598288931,2.56763
0.4174229439533046,2.567704
0.4175122896176781,2.567713
0.41760163528205174,2.567384
0.41769098094642526,2.567649
0.41778032661079884,2.567589
0.41786967227517247,2.567533
0.41795901793954593,2.567465
0.4180483636039196,2.567402
0.41813770926829313,2.567616
0.4182270549326667,2.567608
0.4183164005970402,2.567222
0.41840574626141375,2.566907
0.4184950919257874,2.56706
0.41858443759016095,2.566964
0.4186737832545345,2.566792
0.4187631289189081,2.567036
0.41885247458328173,2.566915
0.4189418202476552,2.567255
0.41903116591202877,2.567137
0.41912051157640234,2.566917
0.41920985724077586,2.566774
0.4192992029051495,2.566719
0.419388548569523,2.566789
0.41947789423389664,2.566895
0.4195672398982702,2.566899
0.41965658556264374,2.566617
0.41974593122701737,2.566425
0.41983527689139094,2.566541
0.4199246225557645,2.56654
0.420013968220138,2.566566
0.4201033138845116,2.566552
0.42019265954888513,2.566151
0.4202820052132587,2.566133
0.4203713508776323,2.565851
0.42046069654200585,2.565939
0.4205500422063795,2.565894
0.420639387870753,2.566036
0.42072873353512663,2.566336
0.4208180791995001,2.565946
0.42090742486387367,2.56581
0.42099677052824724,2.565759
0.42108611619262076,2.565705
0.4211754618569944,2.565609
0.42126480752136797,2.565513
0.42135415318574154,2.565686
0.4214434988501151,2.565881
0.42153284451448864,2.565535
0.42162219017886227,2.565491
0.42171153584323584,2.565605
0.4218008815076093,2.56536
0.4218902271719829,2.565271
0.4219795728363565,2.565517
0.42206891850073003,2.565562
0.4221582641651036,2.565472
0.42224760982947723,2.565793
0.42233695549385075,2.565517
0.4224263011582244,2.565345
0.4225156468225979,2.565388
0.4226049924869715,2.565369
0.42269433815134505,2.565272
0.4227836838157185,2.56517
0.42287302948009214,2.564899
0.42296237514446566,2.564715
0.4230517208088393,2.564785
0.42314106647321287,2.564817
0.42323041213758644,2.564854
0.42331975780196,2.564439
0.4234091034663336,2.564539
0.42349844913070717,2.564417
0.42358779479508063,2.564312
0.4236771404594543,2.564197
0.4237664861238278,2.564171
0.4238558317882014,2.563849
0.42394517745257493,2.563632
0.4240345231169485,2.563587
0.42412386878132213,2.563807
0.42421321444569565,2.563662
0.4243025601100693,2.563537
0.4243919057744428,2.56354
0.4244812514388164,2.563574
0.42457059710318995,2.563498
0.4246599427675634,2.563443
0.42474928843193704,2.563538
0.4248386340963106,2.563488
0.4249279797606842,2.563345
0.42501732542505777,2.563056
0.4251066710894314,2.563402
0.4251960167538049,2.563264
0.42528536241817844,2.5632
0.42537470808255207,2.563124
0.42546405374692553,2.563295
0.4255533994112992,2.563352
0.4256427450756727,2.563269
0.4257320907400463,2.563236
0.4258214364044199,2.56327
0.4259107820687934,2.56324
0.42600012773316703,2.563158
0.42608947339754055,2.562994
0.4261788190619141,2.562972
0.4262681647262877,2.563031
0.4263575103906613,2.56312
0.42644685605503485,2.563107
0.42653620171940837,2.563097
0.42662554738378194,2.562874
0.4267148930481555,2.562749
0.42680423871252915,2.562883
0.42689358437690267,2.562746
0.42698293004127624,2.562733
0.42707227570564976,2.562607
0.4271616213700234,2.562557
0.42725096703439697,2.562447
0.42734031269877043,2.562325
0.4274296583631441,2.562853
0.4275190040275177,2.562823
0.4276083496918912,2.562474
0.4276976953562648,2.562479
0.42778704102063836,2.562488
0.4278763866850119,2.562339
0.42796573234938545,2.562386
0.428055078013759,2.562272
0.4281444236781326,2.562048
0.42823376934250623,2.561986
0.42832311500687975,2.561992
0.4284124606712534,2.561837
0.42850180633562684,2.562055
0.4285911520000004,2.561969
0.428680497664374,2.561872
0.4287698433287475,2.562148
0.42885918899312114,2.561874
0.4289485346574947,2.562063
0.4290378803218683,2.561607
0.42912722598624187,2.561686
0.4292165716506154,2.561649
0.429305917314989,2.56111
0.4293952629793626,2.561575
0.4294846086437361,2.561165
0.4295739543081097,2.560851
0.42966329997248326,2.560913
0.4297526456368568,2.560936
0.42984199130123035,2.560908
0.429931336965604,2.560689
0.4300206826299775,2.560896
0.43011002829435113,2.561077
0.43019937395872465,2.561235
0.4302887196230983,2.561158
0.43037806528747186,2.56125
0.4304674109518453,2.561261
0.4305567566162189,2.561228
0.43064610228059247,2.561019
0.43073544794496604,2.560763
0.4308247936093396,2.560845
0.43091413927371325,2.560786
0.43100348493808677,2.560818
0.43109283060246034,2.560389
0.4311821762668339,2.560376
0.4312715219312075,2.560687
0.431360867595581,2.560669
0.43145021325995453,2.560484
0.43153955892432816,2.560416
0.4316289045887017,2.560167
0.43171825025307525,2.560091
0.4318075959174489,2.560238
0.4318969415818224,2.559883
0.43198628724619603,2.55996
0.4320756329105696,2.559965
0.43216497857494307,2.559973
0.43225432423931665,2.559978
0.43234366990369016,2.559959
0.4324330155680638,2.55994
0.43252236123243737,2.559868
0.43261170689681094,2.55967
0.4327010525611845,2.559702
0.43279039822555815,2.55951
0.43287974388993167,2.559574
0.43296908955430524,2.55942
0.4330584352186788,2.559296
0.4331477808830523,2.558987
0.4332371265474259,2.559068
0.43332647221179943,2.559123
0.43341581787617306,2.559112
0.43350516354054663,2.559123
0.43359450920492015,2.558984
0.4336838548692938,2.55899
0.4337732005336673,2.559053
0.43386254619804093,2.55885
0.43395189186241445,2.558835
0.434041237526788,2.558982
0.43413058319116155,2.558712
0.4342199288555351,2.558681
0.4343092745199087,2.558744
0.43439862018428227,2.558853
0.4344879658486559,2.559104
0.4345773115130294,2.558907
0.43466665717740305,2.558721
0.43475600284177657,2.558726
0.4348453485061501,2.558751
0.4349346941705237,2.558745
0.4350240398348972,2.558675
0.4351133854992708,2.558635
0.4352027311636444,2.558577
0.43529207682801796,2.558434
0.43538142249239153,2.558092
0.43547076815676505,2.558447
0.4355601138211387,2.558359
0.43564945948551226,2.558011
0.4357388051498858,2.558225
0.43582815081425935,2.558137
0.435917496478633,2.558204
0.43600684214300645,2.558008
0.43609618780738,2.557924
0.43618553347175365,2.557767
0.43627487913612717,2.557539
0.4363642248005008,2.557492
0.4364535704648743,2.557585
0.4365429161292479,2.557266
0.43663226179362147,2.557358
0.43672160745799504,2.557742
0.4368109531223686,2.55751
0.4369002987867421,2.557211
0.43698964445111577,2.557134
0.4370789901154893,2.556963
0.43716833577986286,2.557161
0.43725768144423643,2.556993
0.43734702710861,2.556965
0.43743637277298353,2.557124
0.4375257184373571,2.556915
0.43761506410173073,2.556913
0.43770440976610425,2.55666
0.4377937554304779,2.556612
0.43788310109485135,2.556706
0.43797244675922503,2.55663
0.43806179242359855,2.556672
0.43815113808797207,2.556695
0.43824048375234564,2.556735
0.4383298294167192,2.556612
0.4384191750810928,2.556362
0.43850852074546637,2.556606
0.43859786640984,2.556498
0.4386872120742135,2.556342
0.4387765577385871,2.556372
0.43886590340296067,2.556144
0.4389552490673342,2.55632
0.43904459473170776,2.556429
0.43913394039608133,2.556337
0.4392232860604549,2.556405
0.43931263172482843,2.556286
0.439401977389202,2.556313
0.43949132305357563,2.55619
0.43958066871794915,2.556116
0.4396700143823228,2.556258
0.43975936004669636,2.556363
0.43984870571106993,2.555804
0.43993805137544345,2.555796
0.44002739703981697,2.555851
0.44011674270419054,2.555794
0.4402060883685641,2.555835
0.4402954340329377,2.555869
0.44038477969731127,2.555623
0.4404741253616849,2.555311
0.4405634710260584,2.555425
0.440652816690432,2.555489
0.4407421623548056,2.555391
0.4408315080191791,2.555389
0.44092085368355266,2.555314
0.4410101993479262,2.555481
0.4410995450122998,2.555138
0.4411888906766734,2.555013
0.4412782363410469,2.555007
0.44136758200542053,2.554878
0.4414569276697941,2.554821
0.4415462733341677,2.554851
0.44163561899854126,2.554838
0.44172496466291483,2.554693
0.4418143103272883,2.554579
0.44190365599166187,2.554677
0.44199300165603544,2.554354
0.442082347320409,2.554425
0.44217169298478265,2.554228
0.44226103864915617,2.554337
0.4423503843135298,2.554006
0.4424397299779033,2.554064
0.4425290756422769,2.553604
0.44261842130665047,2.553731
0.44270776697102393,2.553827
0.44279711263539756,2.553622
0.44288645829977114,2.553516
0.4429758039641447,2.553561
0.4430651496285183,2.553656
0.4431544952928918,2.553669
0.44324384095726543,2.553869
0.443333186621639,2.553423
0.4434225322860126,2.553481
0.4435118779503861,2.55352
0.44360122361475973,2.553201
0.4436905692791332,2.553469
0.44377991494350677,2.553395
0.4438692606078804,2.55324
0.4439586062722539,2.553078
0.44404795193662755,2.552882
0.44413729760100107,2.552989
0.4442266432653747,2.552908
0.4443159889297482,2.552924
0.4444053345941218,2.55292
0.44449468025849537,2.552782
0.44458402592286883,2.552633
0.44467337158724246,2.552393
0.44476271725161604,2.55276
0.4448520629159896,2.55266
0.4449414085803632,2.552573
0.44503075424473676,2.552714
0.44512009990911033,2.552517
0.4452094455734839,2.552377
0.4452987912378575,2.55224
0.445388136902231,2.55215
0.44547748256660463,2.552403
0.4455668282309781,2.552374
0.44565617389535167,2.552335
0.4457455195597253,2.552104
0.4458348652240988,2.55205
0.44592421088847245,2.551908
0.446013556552846,2.552106
0.44610290221721954,2.552173
0.4461922478815931,2.552196
0.44628159354596675,2.552176
0.44637093921034027,2.551756
0.4464602848747138,2.551594
0.44654963053908736,2.55166
0.44663897620346094,2.551418
0.44672832186783457,2.551248
0.4468176675322081,2.551632
0.44690701319658166,2.551305
0.44699635886095523,2.551267
0.44708570452532875,2.551273
0.4471750501897024,2.551232
0.4472643958540759,2.551181
0.44735374151844953,2.551194
0.4474430871828231,2.551041
0.4475324328471966,2.551146
0.4476217785115702,2.551399
0.4477111241759437,2.551021
0.44780046984031735,2.550982
0.44788981550469087,2.550914
0.44797916116906444,2.550794
0.448068506833438,2.550936
0.44815785249781165,2.551005
0.44824719816218517,2.551096
0.44833654382655874,2.550864
0.4484258894909324,2.551033
0.44851523515530584,2.551018
0.44860458081967947,2.550428
0.448693926484053,2.550303
0.44878327214842656,2.550669
0.44887261781280013,2.550428
0.44896196347717365,2.550383
0.4490513091415473,2.550733
0.44914065480592086,2.550498
0.44923000047029443,2.550476
0.449319346134668,2.550567
0.44940869179904164,2.550432
0.4494980374634151,2.550418
0.4495873831277886,2.550036
0.4496767287921622,2.549796
0.44976607445653577,2.550128
0.4498554201209094,2.550426
0.4499447657852829,2.550121
0.45003411144965655,2.549913
0.45012345711403007,2.549907
0.45021280277840364,2.549749
0.4503021484427773,2.549657
0.45039149410715074,2.549388
0.4504808397715243,2.549231
0.4505701854358979,2.54953
0.45065953110027146,2.549536
0.45074887676464503,2.54929
0.45083822242901855,2.54944
0.4509275680933922,2.549132
0.45101691375776576,2.548853
0.45110625942213933,2.548982
0.4511956050865129,2.548815
0.4512849507508864,2.548994
0.45137429641525995,2.548639
0.4514636420796335,2.548577
0.45155298774400715,2.548884
0.45164233340838067,2.549021
0.4517316790727543,2.548908
0.4518210247371278,2.54899
0.45191037040150145,2.548785
0.451999716065875,2.548583
0.45208906173024854,2.548756
0.45217840739462206,2.548766
0.45226775305899564,2.548524
0.4523570987233692,2.548621
0.4524464443877428,2.548468
0.4525357900521164,2.54821
0.45262513571648993,2.54816
0.4527144813808635,2.548184
0.4528038270452371,2.548108
0.45289317270961066,2.548111
0.45298251837398423,2.548316
0.4530718640383577,2.548104
0.4531612097027314,2.547897
0.45325055536710485,2.547843
0.4533399010314784,2.547563
0.45342924669585205,2.547542
0.45351859236022557,2.547364
0.4536079380245992,2.547289
0.4536972836889728,2.547301
0.45378662935334635,2.547283
0.4538759750177199,2.547375
0.45396532068209344,2.547354
0.45405466634646696,2.547173
0.45414401201084054,2.547444
0.4542333576752141,2.547531
0.4543227033395877,2.547472
0.4544120490039613,2.547268
0.45450139466833483,2.54728
0.4545907403327084,2.547053
0.45468008599708204,2.547001
0.45476943166145556,2.547147
0.45485877732582913,2.547072
0.4549481229902026,2.547009
0.4550374686545763,2.546797
0.4551268143189498,2.546808
0.4552161599833234,2.546689
0.45530550564769695,2.546626
0.45539485131207047,2.54656
0.4554841969764441,2.54652
0.4555735426408177,2.54661
0.4556628883051912,2.546386
0.45575223396956477,2.546658
0.4558415796339384,2.546246
0.45593092529831186,2.546682
0.45602027096268544,2.546603
0.4561096166270591,2.546488
0.4561989622914326,2.546295
0.4562883079558062,2.546066
0.45637765362017974,2.546147
0.4564669992845533,2.546196
0.4565563449489269,2.546069
0.4566456906133004,2.545912
0.45673503627767403,2.545744
0.4568243819420476,2.545619
0.4569137276064212,2.545377
0.4570030732707947,2.545374
0.4570924189351684,2.545377
0.45718176459954185,2.545453
0.4572711102639154,2.545659
0.457360455928289,2.545581
0.4574498015926625,2.545997
0.45753914725703615,2.545916
0.45762849292140967,2.545784
0.4577178385857833,2.545741
0.4578071842501569,2.545758
0.45789652991453034,2.545413
0.457985875578904,2.545311
0.4580752212432775,2.545315
0.4581645669076511,2.545417
0.45825391257202464,2.545301
0.4583432582363982,2.545345
0.4584326039007718,2.545299
0.4585219495651453,2.545586
0.45861129522951893,2.545597
0.4587006408938925,2.545579
0.4587899865582661,2.545456
0.4588793322226396,2.545113
0.4589686778870133,2.544809
0.45905802355138675,2.545131
0.45914736921576027,2.544874
0.4592367148801339,2.545089
0.4593260605445074,2.545161
0.45941540620888105,2.544822
0.45950475187325457,2.544858
0.4595940975376282,2.544804
0.4596834432020018,2.544809
0.45977278886637524,2.544671
0.4598621345307489,2.544282
0.45995148019512244,2.544195
0.46004082585949596,2.544283
0.46013017152386954,2.544015
0.46021951718824317,2.543978
0.4603088628526167,2.544322
0.46039820851699026,2.54446
0.46048755418136383,2.544251
0.4605768998457374,2.543924
0.46066624551011104,2.543922
0.4607555911744845,2.544067
0.4608449368388581,2.544108
0.4609342825032316,2.544272
0.46102362816760517,2.54402
0.4611129738319788,2.543866
0.4612023194963523,2.543864
0.46129166516072595,2.543789
0.4613810108250995,2.543615
0.4614703564894731,2.543481
0.4615597021538467,2.543599
0.46164904781822014,2.543575
0.4617383934825937,2.543311
0.4618277391469673,2.543142
0.46191708481134086,2.543307
0.46200643047571444,2.543094
0.46209577614008807,2.543052
0.4621851218044616,2.542739
0.46227446746883516,2.542856
0.4623638131332088,2.542886
0.4624531587975823,2.542662
0.4625425044619559,2.542775
0.46263185012632946,2.542742
0.462721195790703,2.542504
0.46281054145507655,2.542588
0.46289988711945007,2.542116
0.4629892327838237,2.541996
0.4630785784481973,2.542211
0.46316792411257085,2.542397
0.4632572697769444,2.542526
0.463346615441318,2.54225
0.4634359611056916,2.542169
0.46352530677006504,2.54202
0.4636146524344386,2.541907
0.4637039980988122,2.541935
0.4637933437631858,2.541651
0.46388268942755934,2.541695
0.46397203509193297,2.541417
0.4640613807563065,2.541339
0.46415072642068006,2.541324
0.4642400720850537,2.54142
0.4643294177494272,2.54142
0.4644187634138008,2.541245
0.46450810907817436,2.541097
0.4645974547425479,2.540919
0.46468680040692145,2.540704
0.4647761460712951,2.54078
0.4648654917356686,2.540537
0.4649548374000422,2.540438
0.46504418306441575,2.54047
0.4651335287287893,2.540529
0.4652228743931629,2.540833
0.4653122200575364,2.540998
0.46540156572191005,2.540934
0.4654909113862836,2.540806
0.4655802570506571,2.540768
0.4656696027150307,2.540669
0.46575894837940424,2.540583
0.46584829404377787,2.540551
0.46593763970815144,2.540572
0.466026985372525,2.540547
0.46611633103689853,2.54028
0.46620567670127205,2.540239
0.4662950223656457,2.540215
0.46638436803001926,2.540139
0.4664737136943928,2.539848
0.46656305935876635,2.539706
0.46665240502314,2.53963
0.4667417506875135,2.539469
0.4668310963518871,2.539308
0.46692044201626065,2.53941
0.46700978768063417,2.539394
0.4670991333450078,2.539355
0.4671884790093813,2.539332
0.46727782467375495,2.539251
0.4673671703381285,2.538964
0.467456516002502,2.539142
0.4675458616668756,2.539287
0.4676352073312492,2.539079
0.46772455299562277,2.538803
0.4678138986599963,2.538818
0.4679032443243699,2.539072
0.46799258998874343,2.538962
0.468081935653117,2.539181
0.4681712813174906,2.53924
0.46826062698186416,2.539169
0.4683499726462378,2.539474
0.46843931831061125,2.539306
0.4685286639749849,2.538877
0.4686180096393584,2.538702
0.468707355303732,2.53861
0.46879670096810555,2.538656
0.46888604663247907,2.538509
0.4689753922968527,2.538416
0.4690647379612263,2.538241
0.46915408362559985,2.538369
0.4692434292899734,2.538018
0.4693327749543469,2.537719
0.4694221206187205,2.537816
0.4695114662830941,2.53782
0.4696008119474676,2.537966
0.4696901576118412,2.537784
0.4697795032762148,2.537784
0.46986884894058834,2.537746
0.4699581946049619,2.537555
0.47004754026933554,2.537594
0.47013688593370906,2.537444
0.4702262315980827,2.53725
0.47031557726245615,2.537327
0.4704049229268297,2.537166
0.4704942685912033,2.536933
0.4705836142555768,2.536713
0.47067295991995045,2.536786
0.470762305584324,2.536649
0.4708516512486976,2.536707
0.4709409969130712,2.536611
0.4710303425774448,2.536643
0.4711196882418183,2.536642
0.4712090339061919,2.536838
0.47129837957056536,2.5366
0.47138772523493894,2.53648
0.47147707089931257,2.536456
0.4715664165636861,2.535886
0.4716557622280597,2.536059
0.47174510789243324,2.536163
0.4718344535568068,2.535916
0.47192379922118044,2.53592
0.47201314488555396,2.535756
0.4721024905499276,2.535497
0.47219183621430105,2.535352
0.4722811818786746,2.535614
0.4723705275430482,2.535683
0.4724598732074217,2.535788
0.47254921887179535,2.535445
0.4726385645361689,2.535576
0.4727279102005425,2.535351
0.4728172558649161,2.535237
0.4729066015292897,2.535293
0.4729959471936632,2.535163
0.4730852928580367,2.534957
0.4731746385224103,2.534862
0.47326398418678384,2.534901
0.47335332985115747,2.534861
0.473442675515531,2.534903
0.4735320211799046,2.534957
0.4736213668442782,2.534476
0.4737107125086517,2.534399
0.47380005817302534,2.534729
0.47388940383739886,2.534477
0.47397874950177243,2.534266
0.47406809516614595,2.534497
0.47415744083051964,2.534449
0.4742467864948931,2.534546
0.47433613215926673,2.534671
0.47442547782364025,2.534202
0.4745148234880138,2.533814
0.47460416915238746,2.533698
0.474693514816761,2.533991
0.47478286048113455,2.533837
0.474872206145508,2.534103
0.4749615518098817,2.533779
0.4750508974742552,2.533669
0.47514024313862874,2.533536
0.47522958880300237,2.533255
0.47531893446737594,2.533113
0.4754082801317495,2.533148
0.4754976257961231,2.533283
0.47558697146049667,2.533157
0.4756763171248702,2.533322
0.47576566278924376,2.533235
0.47585500845361733,2.533144
0.47594435411799085,2.532898
0.47603369978236454,2.532991
0.476123045446738,2.532821
0.47621239111111163,2.533109
0.4763017367754852,2.533023
0.4763910824398587,2.532861
0.4764804281042323,2.533115
0.4765697737686058,2.533005
0.47665911943297945,2.532982
0.476748465097353,2.532867
0.4768378107617266,2.533017
0.4769271564261002,2.532648
0.47701650209047364,2.532493
0.47710584775484727,2.53251
0.47719519341922084,2.532412
0.4772845390835944,2.53231
0.47737388474796794,2.532245
0.47746323041234157,2.532194
0.4775525760767151,2.531931
0.47764192174108866,2.532164
0.4777312674054623,2.532183
0.47782061306983575,2.531989
0.47790995873420944,2.531692
0.4779993043985829,2.531668
0.47808865006295653,2.53164
0.4781779957273301,2.5315
0.4782673413917036,2.531449
0.4783566870560772,2.531397
0.4784460327204508,2.531384
0.47853537838482435,2.531764
0.4786247240491979,2.531453
0.47871406971357156,2.53156
0.4788034153779451,2.531567
0.4788927610423186,2.531385
0.47898210670669217,2.531266
0.47907145237106574,2.530912
0.4791607980354393,2.530815
0.47925014369981284,2.530961
0.47933948936418647,2.530937
0.47942883502856004,2.530621
0.47951818069293356,2.530651
0.4796075263573072,2.53074
0.47969687202168065,2.530553
0.47978621768605434,2.530385
0.47987556335042786,2.530307
0.4799649090148014,2.530123
0.48005425467917495,2.530005
0.48014360034354847,2.529965
0.4802329460079221,2.530176
0.4803222916722957,2.530169
0.48041163733666925,2.530071
0.4805009830010428,2.5301
0.48059032866541646,2.52983
0.48067967432979,2.529625
0.4807690199941635,2.529703
0.48085836565853707,2.529754
0.4809477113229106,2.529761
0.4810370569872842,2.529778
0.48112640265165774,2.529644
0.48121574831603137,2.529414
0.48130509398040494,2.529371
0.48139443964477846,2.529412
0.4814837853091521,2.529366
0.48157313097352566,2.529172
0.48166247663789924,2.529123
0.4817518223022727,2.528836
0.48184116796664633,2.528902
0.48193051363101985,2.528676
0.4820198592953934,2.528366
0.482109204959767,2.528467
0.4821985506241406,2.528423
0.4822878962885142,2.528552
0.4823772419528877,2.528442
0.48246658761726136,2.528424
0.4825559332816349,2.528193
0.48264527894600834,2.528396
0.48273462461038197,2.528246
0.4828239702747555,2.528597
0.4829133159391291,2.528491
0.4830026616035027,2.528469
0.48309200726787627,2.528366
0.48318135293224984,2.528354
0.48327069859662347,2.528228
0.483360044260997,2.528047
0.4834493899253705,2.528038
0.48353873558974403,2.528248
0.4836280812541176,2.528134
0.48371742691849123,2.528252
0.48380677258286475,2.527894
0.4838961182472384,2.527785
0.48398546391161196,2.527961
0.4840748095759855,2.527912
0.4841641552403591,2.527664
0.4842535009047326,2.527744
0.4843428465691062,2.527573
0.4844321922334798,2.527451
0.4845215378978533,2.527387
0.48461088356222687,2.527129
0.48470022922660044,2.527194
0.484789574890974,2.527068
0.4848789205553476,2.527142
0.4849682662197212,2.52709
0.48505761188409474,2.527379
0.4851469575484683,2.52741
0.48523630321284184,2.527024
0.4853256488772154,2.527071
0.48541499454158904,2.526889
0.4855043402059625,2.526542
0.48559368587033613,2.526938
0.48568303153470965,2.526788
0.4857723771990833,2.526774
0.48586172286345686,2.526792
0.4859510685278304,2.526671
0.48604041419220395,2.526837
0.4861297598565775,2.526424
0.4862191055209511,2.52672
0.4863084511853247,2.526593
0.4863977968496983,2.52605
0.48648714251407177,2.525887
0.48657648817844534,2.525829
0.4866658338428189,2.526008
0.4867551795071925,2.52595
0.48684452517156607,2.526006
0.48693387083593964,2.525833
0.4870232165003132,2.525715
0.4871125621646868,2.525599
0.4872019078290603,2.525433
0.48729125349343394,2.525396
0.4873805991578074,2.525216
0.48746994482218103,2.525289
0.4875592904865546,2.525077
0.4876486361509282,2.525151
0.48773798181530176,2.525535
0.4878273274796753,2.525275
0.48791667314404885,2.525166
0.4880060188084224,2.525015
0.488095364472796,2.525023
0.4881847101371696,2.524555
0.4882740558015432,2.524516
0.48836340146591667,2.524659
0.48845274713029024,2.52446
0.4885420927946639,2.524426
0.4886314384590374,2.524514
0.48872078412341097,2.524538
0.4888101297877845,2.524361
0.4888994754521581,2.524547
0.4889888211165317,2.524144
0.4890781667809052,2.524319
0.48916751244527884,2.52416
0.4892568581096524,2.524173
0.48934620377402593,2.523814
0.4894355494383995,2.523879
0.4895248951027731,2.523883
0.4896142407671466,2.523854
0.4897035864315202,2.523732
0.48979293209589375,2.523822
0.4898822777602673,2.523387
0.48997162342464096,2.523175
0.4900609690890145,2.523461
0.4901503147533881,2.523721
0.4902396604177617,2.523131
0.49032900608213514,2.523185
0.4904183517465087,2.523172
0.49050769741088224,2.523376
0.49059704307525587,2.523134
0.49068638873962944,2.523021
0.490775734404003,2.522929
0.4908650800683766,2.522893
0.4909544257327501,2.52271
0.49104377139712374,2.522752
0.4911331170614973,2.522544
0.4912224627258709,2.522317
0.49131180839024435,2.522412
0.491401154054618,2.522215
0.4914904997189915,2.522043
0.4915798453833651,2.522019
0.4916691910477387,2.52187
0.4917585367121122,2.52202
0.49184788237648586,2.52193
0.4919372280408594,2.521986
0.492026573705233,2.521904
0.49211591936960647,2.52186
0.49220526503398004,2.521557
0.4922946106983536,2.521283
0.4923839563627272,2.521514
0.49247330202710077,2.521548
0.49256264769147434,2.521415
0.492651993355848,2.521126
0.4927413390202215,2.521169
0.4928306846845951,2.521102
0.49292003034896864,2.521108
0.4930093760133422,2.521011
0.4930987216777158,2.521135
0.49318806734208925,2.52115
0.4932774130064629,2.520947
0.4933667586708364,2.520703
0.49345610433521003,2.520753
0.4935454499995836,2.520717
0.4936347956639571,2.520605
0.49372414132833076,2.520371
0.49381348699270433,2.520455
0.49390283265707785,2.5205
0.49399217832145137,2.520719
0.49408152398582506,2.520646
0.4941708696501985,2.521
0.4942602153145721,2.520517
0.49434956097894567,2.520287
0.49443890664331924,2.520101
0.4945282523076929,2.520193
0.4946175979720664,2.520048
0.49470694363643997,2.520011
0.49479628930081354,2.52
0.494885634965187,2.519889
0.4949749806295607,2.519834
0.49506432629393415,2.519822
0.4951536719583078,2.519665
0.49524301762268136,2.519579
0.49533236328705493,2.519648
0.4954217089514285,2.519931
0.4955110546158021,2.519834
0.4956004002801756,2.519705
0.4956897459445492,2.519641
0.4957790916089228,2.519382
0.49586843727329627,2.519509
0.49595778293766996,2.519416
0.4960471286020434,2.519419
0.496136474266417,2.519175
0.4962258199307906,2.519448
0.49631516559516414,2.519397
0.4964045112595377,2.519258
0.4964938569239113,2.518983
0.49658320258828487,2.518986
0.49667254825265844,2.518914
0.4967618939170319,2.518968
0.4968512395814056,2.518761
0.4969405852457791,2.518931
0.4970299309101527,2.518767
0.49711927657452626,2.518572
0.4972086222388999,2.518663
0.4972979679032734,2.518391
0.4973873135676469,2.518234
0.4974766592320205,2.518237
0.4975660048963941,2.518319
0.4976553505607677,2.518312
0.4977446962251412,2.518354
0.49783404188951486,2.518602
0.49792338755388843,2.518265
0.4980127332182619,2.518165
0.4981020788826355,2.518024
0.49819142454700904,2.518098
0.4982807702113826,2.517889
0.4983701158757562,2.518004
0.49845946154012977,2.517881
0.49854880720450334,2.518119
0.4986381528688768,2.517932
0.4987274985332505,2.51781
0.498816844197624,2.51773
0.4989061898619976,2.517636
0.49899553552637116,2.517679
0.49908488119074473,2.5176
0.49917422685511825,2.517596
0.4992635725194918,2.517417
0.49935291818386546,2.516979
0.499442263848239,2.516982
0.4995316095126126,2.517021
0.4996209551769861,2.517153
0.49971030084135976,2.517137
0.49979964650573333,2.517377
0.4998889921701068,2.516801
0.49997833783448037,2.516599
0.500067683498854,2.51675
0.5001570291632276,2.51698
0.500246374827601,2.516901
0.5003357204919747,2.516526
0.5004250661563482,2.516631
0.5005144118207218,2.5167
0.5006037574850953,2.516621
0.5006931031494689,2.516304
0.5007824488138425,2.51631
0.5008717944782161,2.516258
0.5009611401425896,2.516231
0.5010504858069632,2.516283
0.5011398314713367,2.51602
0.5012291771357104,2.51585
0.5013185228000838,2.515981
0.5014078684644575,2.515907
0.5014972141288311,2.516023
0.5015865597932047,2.515929
0.5016759054575781,2.515785
0.5017652511219517,2.515683
0.5018545967863253,2.515255
0.5019439424506988,2.515267
0.5020332881150724,2.515292
0.502122633779446,2.515474
0.5022119794438197,2.515655
0.5023013251081931,2.515372
0.5023906707725667,2.515486
0.5024800164369403,2.515306
0.5025693621013139,2.515307
0.5026587077656874,2.51515
0.5027480534300609,2.51501
0.5028373990944346,2.514716
0.5029267447588082,2.514467
0.5030160904231817,2.514456
0.5031054360875553,2.514534
0.5031947817519288,2.514487
0.5032841274163024,2.514107
0.5033734730806759,2.514364
0.5034628187450495,2.514011
0.5035521644094231,2.513968
0.5036415100737966,2.513849
0.5037308557381702,2.513707
0.5038202014025438,2.513899
0.5039095470669174,2.51363
0.5039988927312908,2.513701
0.5040882383956645,2.513531
0.504177584060038,2.513474
0.5042669297244116,2.513373
0.5043562753887851,2.513491
0.5044456210531587,2.513673
0.5045349667175323,2.513595
0.5046243123819059,2.513365
0.5047136580462794,2.513296
0.504803003710653,2.513419
0.5048923493750267,2.513292
0.5049816950394002,2.513265
0.5050710407037737,2.513342
0.5051603863681473,2.513174
0.5052497320325208,2.513177
0.5053390776968945,2.513073
0.5054284233612679,2.512876
0.5055177690256416,2.51299
0.5056071146900152,2.512847
0.5056964603543886,2.512659
0.5057858060187623,2.512641
0.5058751516831358,2.512561
0.5059644973475095,2.512637
0.5060538430118829,2.512459
0.5061431886762565,2.512441
0.5062325343406301,2.512434
0.5063218800050037,2.512311
0.5064112256693772,2.512124
0.5065005713337508,2.511953
0.5065899169981244,2.511879
0.506679262662498,2.511742
0.5067686083268715,2.511803
0.5068579539912451,2.511971
0.5069472996556186,2.511855
0.5070366453199922,2.511584
0.5071259909843657,2.511999
0.5072153366487393,2.511723
0.5073046823131129,2.511824
0.5073940279774865,2.511854
0.50748337364186,2.511325
0.5075727193062336,2.511488
0.5076620649706072,2.511503
0.5077514106349806,2.511296
0.5078407562993542,2.511267
0.5079301019637278,2.511354
0.5080194476281015,2.511294
0.5081087932924749,2.511061
0.5081981389568485,2.511089
0.5082874846212221,2.510993
0.5083768302855957,2.510799
0.5084661759499693,2.510703
0.5085555216143428,2.511117
0.5086448672787164,2.51096
0.50873421294309,2.511024
0.5088235586074634,2.510777
0.5089129042718371,2.510656
0.5090022499362106,2.510697
0.5090915956005843,2.510547
0.5091809412649578,2.510396
0.5092702869293314,2.510394
0.509359632593705,2.510462
0.5094489782580784,2.510222
0.509538323922452,2.509925
0.5096276695868256,2.510054
0.5097170152511992,2.509879
0.5098063609155727,2.509634
0.5098957065799463,2.509958
0.5099850522443199,2.509778
0.5100743979086935,2.509663
0.510163743573067,2.509655
0.5102530892374406,2.509832
0.5103424349018142,2.509469
0.5104317805661878,2.50949
0.5105211262305613,2.50933
0.5106104718949349,2.509589
0.5106998175593084,2.509393
0.510789163223682,2.509366
0.5108785088880555,2.50944
0.5109678545524291,2.509136
0.5110572002168027,2.509191
0.5111465458811763,2.509243
0.5112358915455498,2.50916
0.5113252372099234,2.508944
0.511414582874297,2.508859
0.5115039285386705,2.508697
0.5115932742030441,2.508526
0.5116826198674176,2.508602
0.5117719655317913,2.508497
0.5118613111961648,2.508499
0.5119506568605384,2.508571
0.512040002524912,2.508138
0.5121293481892855,2.50812
0.512218693853659,2.508132
0.5123080395180326,2.507857
0.5123973851824062,2.507867
0.5124867308467798,2.50775
0.5125760765111534,2.507734
0.5126654221755269,2.507524
0.5127547678399005,2.507442
0.5128441135042741,2.50746
0.5129334591686476,2.507378
0.5130228048330212,2.507052
0.5131121504973947,2.507203
0.5132014961617684,2.507055
0.5132908418261419,2.506993
0.5133801874905154,2.507184
0.5134695331548891,2.507126
0.5135588788192625,2.507127
0.5136482244836361,2.506996
0.5137375701480097,2.507101
0.5138269158123833,2.50686
0.5139162614767568,2.506806
0.5140056071411304,2.507039
0.514094952805504,2.506923
0.5141842984698776,2.506574
0.5142736441342511,2.506425
0.5143629897986247,2.506253
0.5144523354629983,2.506123
0.5145416811273718,2.506077
0.5146310267917453,2.506031
0.5147203724561189,2.506136
0.5148097181204925,2.506145
0.514899063784866,2.505839
0.5149884094492396,2.505825
0.5150777551136132,2.505955
0.5151671007779868,2.50628
0.5152564464423603,2.506353
0.515345792106734,2.506186
0.5154351377711075,2.505774
0.5155244834354811,2.505509
0.5156138290998545,2.505481
0.5157031747642282,2.505697
0.5157925204286017,2.505342
0.5158818660929753,2.505392
0.5159712117573488,2.505316
0.5160605574217225,2.50517
0.516149903086096,2.505244
0.5162392487504697,2.504875
0.5163285944148431,2.504936
0.5164179400792167,2.504976
0.5165072857435902,2.504791
0.5165966314079639,2.504959
0.5166859770723373,2.50488
0.516775322736711,2.504975
0.5168646684010845,2.504894
0.5169540140654582,2.504586
0.5170433597298316,2.504458
0.5171327053942053,2.504135
0.5172220510585789,2.504192
0.5173113967229525,2.503963
0.517400742387326,2.504197
0.5174900880516995,2.504191
0.5175794337160731,2.504329
0.5176687793804466,2.504039
0.5177581250448201,2.504082
0.5178474707091938,2.504071
0.5179368163735674,2.503721
0.5180261620379409,2.503571
0.5181155077023145,2.503356
0.5182048533666881,2.503432
0.5182941990310616,2.503276
0.5183835446954351,2.503536
0.5184728903598087,2.503293
0.5185622360241823,2.503357
0.5186515816885559,2.503252
0.5187409273529294,2.50334
0.518830273017303,2.503009
0.5189196186816767,2.50305
0.5190089643460502,2.503282
0.5190983100104237,2.5028
0.5191876556747972,2.503099
0.5192770013391709,2.502745
0.5193663470035443,2.502276
0.519455692667918,2.502446
0.5195450383322915,2.502286
0.5196343839966652,2.502465
0.5197237296610386,2.502433
0.5198130753254123,2.502334
0.5199024209897859,2.502131
0.5199917666541594,2.502181
0.520081112318533,2.502172
0.5201704579829065,2.501879
0.52025980364728,2.501828
0.5203491493116537,2.501626
0.5204384949760271,2.501837
0.5205278406404008,2.50164
0.5206171863047744,2.501678
0.520706531969148,2.501737
0.5207958776335215,2.501776
0.5208852232978951,2.501544
0.5209745689622687,2.501451
0.5210639146266421,2.501276
0.5211532602910158,2.501073
0.5212426059553893,2.501198
0.5213319516197629,2.501224
0.5214212972841364,2.500845
0.52151064294851,2.500893
0.5215999886128836,2.50088
0.5216893342772572,2.50043
0.5217786799416307,2.500519
0.5218680256060043,2.500497
0.5219573712703779,2.500591
0.5220467169347514,2.500408
0.522136062599125,2.500183
0.5222254082634985,2.500169
0.5223147539278721,2.500186
0.5224040995922457,2.500371
0.5224934452566192,2.500075
0.5225827909209928,2.499769
0.5226721365853664,2.499744
0.5227614822497401,2.49994
0.5228508279141135,2.499821
0.522940173578487,2.49973
0.5230295192428607,2.499619
0.5231188649072341,2.499507
0.5232082105716078,2.49961
0.5232975562359813,2.499605
0.523386901900355,2.49947
0.5234762475647285,2.49924
0.523565593229102,2.498872
0.5236549388934757,2.498819
0.5237442845578492,2.49877
0.5238336302222228,2.499014
0.5239229758865963,2.499229
0.52401232155097,2.498881
0.5241016672153435,2.498986
0.524191012879717,2.498834
0.5242803585440906,2.498714
0.5243697042084642,2.498569
0.5244590498728378,2.498703
0.5245483955372113,2.498702
0.5246377412015849,2.498256
0.5247270868659585,2.498272
0.5248164325303319,2.498069
0.5249057781947056,2.497889
0.5249951238590791,2.497732
0.5250844695234527,2.497851
0.5251738151878262,2.497589
0.5252631608521998,2.49763
0.5253525065165734,2.497907
0.525441852180947,2.497864
0.5255311978453205,2.49778
0.5256205435096941,2.497519
0.5257098891740677,2.497726
0.5257992348384413,2.497732
0.5258885805028148,2.497518
0.5259779261671883,2.497321
0.5260672718315619,2.497324
0.5261566174959356,2.497207
0.526245963160309,2.496929
0.5263353088246827,2.497164
0.5264246544890562,2.497054
0.5265140001534299,2.497006
0.5266033458178033,2.496727
0.5266926914821768,2.49673
0.5267820371465505,2.496663
0.526871382810924,2.496487
0.5269607284752975,2.496603
0.5270500741396712,2.496575
0.5271394198040447,2.49623
0.5272287654684183,2.496043
0.5273181111327918,2.496016
0.5274074567971655,2.495746
0.527496802461539,2.495774
0.5275861481259126,2.495384
0.5276754937902861,2.495548
0.5277648394546597,2.495245
0.5278541851190331,2.495035
0.5279435307834068,2.495098
0.5280328764477804,2.49529
0.528122222112154,2.495449
0.5282115677765276,2.495276
0.5283009134409011,2.495086
0.5283902591052747,2.494932
0.5284796047696483,2.494701
0.5285689504340217,2.494688
0.5286582960983953,2.494849
0.528747641762769,2.494942
0.5288369874271425,2.494875
0.528926333091516,2.494653
0.5290156787558897,2.494501
0.5291050244202632,2.494406
0.5291943700846368,2.494281
0.5292837157490103,2.494266
0.5293730614133839,2.494104
0.5294624070777575,2.494013
0.5295517527421311,2.49381
0.5296410984065045,2.493735
0.5297304440708782,2.493697
0.5298197897352517,2.493798
0.5299091353996254,2.493644
0.5299984810639988,2.493636
0.5300878267283725,2.493611
0.530177172392746,2.493447
0.5302665180571197,2.493324
0.5303558637214931,2.49317
0.5304452093858667,2.493348
0.5305345550502402,2.493384
0.5306239007146138,2.493057
0.5307132463789875,2.492784
0.530802592043361,2.492715
0.5308919377077346,2.492701
0.5309812833721081,2.492452
0.5310706290364817,2.492371
0.5311599747008553,2.492523
0.5312493203652288,2.492314
0.5313386660296023,2.492128
0.531428011693976,2.491854
0.5315173573583495,2.491811
0.5316067030227232,2.491995
0.5316960486870967,2.491759
0.5317853943514702,2.49174
0.5318747400158438,2.49168
0.5319640856802174,2.491525
0.5320534313445909,2.491479
0.5321427770089645,2.491712
0.532232122673338,2.491389
0.5323214683377117,2.49132
0.5324108140020851,2.491432
0.5325001596664588,2.491315
0.5325895053308324,2.491316
0.5326788509952058,2.491067
0.5327681966595795,2.490921
0.532857542323953,2.4911
0.5329468879883266,2.490915
0.5330362336527001,2.490772
0.5331255793170736,2.490339
0.5332149249814473,2.490451
0.5333042706458209,2.490301
0.5333936163101943,2.490317
0.533482961974568,2.490448
0.5335723076389417,2.490285
0.5336616533033152,2.490144
0.5337509989676886,2.490389
0.5338403446320622,2.490134
0.5339296902964358,2.490273
0.5340190359608094,2.49042
0.5341083816251829,2.490146
0.5341977272895565,2.489776
0.5342870729539302,2.489768
0.5343764186183037,2.489826
0.5344657642826773,2.489714
0.5345551099470508,2.489408
0.5346444556114244,2.489395
0.5347338012757978,2.489194
0.5348231469401715,2.489144
0.534912492604545,2.489099
0.5350018382689187,2.48924
0.5350911839332921,2.489326
0.5351805295976658,2.489325
0.5352698752620394,2.489302
0.535359220926413,2.489188
0.5354485665907865,2.489347
0.53553791225516,2.48927
0.5356272579195336,2.489347
0.5357166035839072,2.489314
0.5358059492482806,2.489154
0.5358952949126543,2.489071
0.5359846405770279,2.489034
0.5360739862414015,2.488673
0.536163331905775,2.48868
0.5362526775701486,2.488643
0.5363420232345222,2.488313
0.5364313688988956,2.488051
0.5365207145632692,2.487806
0.5366100602276428,2.488008
0.5366994058920164,2.487861
0.5367887515563899,2.487968
0.5368780972207635,2.487837
0.5369674428851372,2.487708
0.5370567885495107,2.48756
0.5371461342138844,2.487628
0.5372354798782578,2.487573
0.5373248255426314,2.487578
0.5374141712070049,2.487543
0.5375035168713784,2.487377
0.537592862535752,2.487515
0.5376822082001257,2.487079
0.5377715538644992,2.486839
0.5378608995288728,2.486892
0.5379502451932463,2.486804
0.53803959085762,2.486705
0.5381289365219935,2.486554
0.538218282186367,2.486356
0.5383076278507405,2.486369
0.5383969735151142,2.486599
0.5384863191794876,2.486516
0.5385756648438613,2.486045
0.5386650105082348,2.48596
0.5387543561726085,2.486158
0.538843701836982,2.486074
0.5389330475013556,2.485851
0.5390223931657292,2.485574
0.5391117388301027,2.485961
0.5392010844944763,2.48591
0.5392904301588498,2.486017
0.5393797758232233,2.485914
0.539469121487597,2.485767
0.5395584671519705,2.485674
0.5396478128163441,2.485482
0.5397371584807177,2.485464
0.5398265041450913,2.485614
0.5399158498094648,2.485412
0.5400051954738384,2.485562
0.540094541138212,2.485435
0.5401838868025854,2.485419
0.540273232466959,2.485227
0.5403625781313326,2.485323
0.5404519237957062,2.485315
0.5405412694600799,2.48532
0.5406306151244533,2.485138
0.5407199607888269,2.484796
0.5408093064532005,2.484687
0.540898652117574,2.48469
0.5409879977819475,2.484622
0.5410773434463212,2.484734
0.5411666891106947,2.484668
0.5412560347750683,2.48444
0.5413453804394418,2.484344
0.5414347261038155,2.484434
0.5415240717681891,2.484268
0.5416134174325626,2.484324
0.5417027630969362,2.484221
0.5417921087613097,2.48404
0.5418814544256834,2.483827
0.5419708000900568,2.484044
0.5420601457544303,2.484106
0.542149491418804,2.484107
0.5422388370831775,2.483575
0.5423281827475511,2.483883
0.5424175284119247,2.484069
0.5425068740762983,2.483844
0.5425962197406718,2.483729
0.5426855654050453,2.483853
0.542774911069419,2.483562
0.5428642567337925,2.48322
0.5429536023981661,2.483094
0.5430429480625396,2.483142
0.5431322937269132,2.483091
0.5432216393912868,2.483028
0.5433109850556603,2.482816
0.5434003307200339,2.482737
0.5434896763844075,2.482652
0.5435790220487811,2.48288
0.5436683677131546,2.482553
0.5437577133775282,2.482177
0.5438470590419018,2.48227
0.5439364047062752,2.482189
0.5440257503706488,2.482206
0.5441150960350225,2.482247
0.544204441699396,2.482319
0.5442937873637695,2.482356
0.5443831330281432,2.482315
0.5444724786925167,2.481911
0.5445618243568903,2.482012
0.5446511700212638,2.48197
0.5447405156856374,2.481853
0.544829861350011,2.481555
0.5449192070143845,2.481605
0.5450085526787581,2.481154
0.5450978983431317,2.481184
0.5451872440075052,2.481281
0.5452765896718789,2.48133
0.5453659353362523,2.481185
0.545455281000626,2.481322
0.5455446266649995,2.481275
0.5456339723293732,2.48102
0.5457233179937466,2.481039
0.5458126636581203,2.481268
0.5459020093224938,2.481307
0.5459913549868673,2.48079
0.5460807006512409,2.481072
0.5461700463156145,2.481107
0.5462593919799881,2.480845
0.5463487376443616,2.480983
0.5464380833087351,2.480672
0.5465274289731088,2.480527
0.5466167746374823,2.480138
0.546706120301856,2.479782
0.5467954659662295,2.479531
0.546884811630603,2.479497
0.5469741572949766,2.479413
0.5470635029593501,2.479614
0.5471528486237237,2.479471
0.5472421942880973,2.479439
0.5473315399524709,2.47949
0.5474208856168444,2.479184
0.547510231281218,2.479184
0.5475995769455916,2.478903
0.5476889226099652,2.479031
0.5477782682743387,2.479007
0.5478676139387122,2.478703
0.5479569596030859,2.478285
0.5480463052674593,2.47822
0.548135650931833,2.478178
0.5482249965962065,2.478235
0.5483143422605801,2.477991
0.5484036879249536,2.477987
0.5484930335893273,2.477872
0.5485823792537008,2.477752
0.5486717249180744,2.477829
0.5487610705824478,2.477643
0.5488504162468215,2.477541
0.5489397619111951,2.477413
0.5490291075755687,2.477306
0.5491184532399421,2.477392
0.5492077989043158,2.47743
0.5492971445686893,2.477363
0.549386490233063,2.477221
0.5494758358974364,2.477158
0.54956518156181,2.476969
0.5496545272261837,2.477014
0.5497438728905572,2.477127
0.5498332185549307,2.476871
0.5499225642193043,2.476636
0.5500119098836779,2.476705
0.5501012555480514,2.476647
0.550190601212425,2.476598
0.5502799468767986,2.476506
0.5503692925411722,2.476339
0.5504586382055456,2.476124
0.5505479838699193,2.476074
0.5506373295342929,2.476081
0.5507266751986664,2.475997
0.55081602086304,2.47609
0.5509053665274135,2.476303
0.5509947121917871,2.47617
0.5510840578561607,2.475959
0.5511734035205342,2.476104
0.5512627491849078,2.475811
0.5513520948492814,2.47577
0.551441440513655,2.475562
0.5515307861780285,2.475475
0.551620131842402,2.475458
0.5517094775067757,2.475213
0.5517988231711491,2.474894
0.5518881688355228,2.475042
0.5519775144998963,2.475028
0.5520668601642699,2.474907
0.5521562058286434,2.474987
0.552245551493017,2.475049
0.5523348971573907,2.474991
0.5524242428217642,2.47487
0.5525135884861379,2.474843
0.5526029341505113,2.474699
0.552692279814885,2.47452
0.5527816254792585,2.474418
0.5528709711436319,2.474318
0.5529603168080055,2.474558
0.5530496624723792,2.474303
0.5531390081367527,2.474131
0.5532283538011263,2.474141
0.5533176994654999,2.474022
0.5534070451298735,2.473684
0.553496390794247,2.473933
0.5535857364586205,2.473805
0.5536750821229941,2.473694
0.5537644277873677,2.473532
0.5538537734517412,2.473461
0.5539431191161148,2.473328
0.5540324647804883,2.473222
0.554121810444862,2.473145
0.5542111561092355,2.473256
0.5543005017736091,2.473374
0.5543898474379827,2.473099
0.5544791931023562,2.47281
0.5545685387667298,2.473092
0.5546578844311033,2.472863
0.5547472300954769,2.47279
0.5548365757598505,2.472813
0.554925921424224,2.472864
0.5550152670885976,2.472672
0.5551046127529712,2.472624
0.5551939584173449,2.472672
0.5552833040817183,2.472578
0.5553726497460918,2.472319
0.5554619954104655,2.472404
0.555551341074839,2.47247
0.5556406867392125,2.472085
0.5557300324035861,2.471993
0.5558193780679597,2.471876
0.5559087237323334,2.471951
0.5559980693967068,2.471756
0.5560874150610805,2.472149
0.556176760725454,2.471836
0.5562661063898277,2.471795
0.5563554520542011,2.471452
0.5564447977185747,2.471296
0.5565341433829482,2.471335
0.5566234890473218,2.47134
0.5567128347116953,2.471039
0.556802180376069,2.471058
0.5568915260404426,2.470813
0.5569808717048161,2.470798
0.5570702173691897,2.470462
0.5571595630335633,2.470488
0.5572489086979368,2.470625
0.5573382543623103,2.47069
0.5574276000266838,2.4705
0.5575169456910575,2.470363
0.557606291355431,2.470443
0.5576956370198046,2.470295
0.5577849826841782,2.470227
0.5578743283485518,2.470222
0.5579636740129253,2.470238
0.5580530196772989,2.470286
0.5581423653416725,2.470317
0.558231711006046,2.470287
0.5583210566704195,2.470126
0.5584104023347931,2.470202
0.5584997479991667,2.469909
0.5585890936635404,2.469691
0.5586784393279138,2.469497
0.5587677849922875,2.469303
0.558857130656661,2.469441
0.5589464763210346,2.469517
0.5590358219854081,2.469341
0.5591251676497817,2.469139
0.5592145133141552,2.469069
0.5593038589785289,2.469074
0.5593932046429023,2.469333
0.559482550307276,2.468977
0.5595718959716495,2.468732
0.5596612416360232,2.468627
0.5597505873003967,2.468735
0.5598399329647703,2.468553
0.5599292786291438,2.468429
0.5600186242935173,2.468219
0.5601079699578908,2.468219
0.5601973156222645,2.468328
0.560286661286638,2.467996
0.5603760069510116,2.467921
0.5604653526153852,2.468037
0.5605546982797588,2.467946
0.5606440439441324,2.467765
0.5607333896085059,2.467797
0.5608227352728795,2.467687
0.560912080937253,2.467617
0.5610014266016267,2.467569
0.5610907722660001,2.467276
0.5611801179303737,2.46715
0.5612694635947473,2.467079
0.5613588092591209,2.467164
0.5614481549234945,2.466886
0.561537500587868,2.466729
0.5616268462522416,2.466636
0.5617161919166151,2.466747
0.5618055375809886,2.466649
0.5618948832453623,2.4664
0.5619842289097358,2.466246
0.5620735745741093,2.466128
0.562162920238483,2.466225
0.5622522659028565,2.466251
0.5623416115672302,2.465812
0.5624309572316036,2.465858
0.5625203028959772,2.465756
0.5626096485603508,2.465851
0.5626989942247244,2.465698
0.5627883398890979,2.465314
0.5628776855534715,2.465352
0.562967031217845,2.465219
0.5630563768822187,2.465206
0.5631457225465923,2.46512
0.5632350682109658,2.465405
0.5633244138753394,2.465286
0.5634137595397128,2.465127
0.5635031052040865,2.464978
0.56359245086846,2.465098
0.5636817965328335,2.465017
0.5637711421972071,2.46511
0.5638604878615808,2.464988
0.5639498335259543,2.464829
0.564039179190328,2.464884
0.5641285248547014,2.464512
0.564217870519075,2.464577
0.5643072161834485,2.464488
0.5643965618478222,2.464419
0.5644859075121956,2.46408
0.5645752531765693,2.463929
0.5646645988409428,2.463879
0.5647539445053165,2.46386
0.5648432901696899,2.463737
0.5649326358340635,2.46363
0.5650219814984371,2.463152
0.5651113271628107,2.463559
0.5652006728271842,2.463555
0.5652900184915578,2.463346
0.5653793641559314,2.463136
0.565468709820305,2.463132
0.5655580554846784,2.463283
0.5656474011490521,2.462913
0.5657367468134257,2.462671
0.5658260924777991,2.462727
0.5659154381421728,2.462944
0.5660047838065464,2.462575
0.5660941294709199,2.462116
0.5661834751352934,2.462105
0.566272820799667,2.462036
0.5663621664640406,2.462076
0.5664515121284142,2.462036
0.5665408577927877,2.462077
0.5666302034571613,2.462005
0.566719549121535,2.462032
0.5668088947859085,2.462112
0.566898240450282,2.4622
0.5669875861146555,2.461822
0.5670769317790292,2.461974
0.5671662774434026,2.462042
0.5672556231077763,2.462202
0.5673449687721498,2.462048
0.5674343144365235,2.461886
0.5675236601008969,2.461503
0.5676130057652706,2.46145
0.5677023514296442,2.461407
0.5677916970940177,2.461307
0.5678810427583912,2.461199
0.5679703884227648,2.461053
0.5680597340871384,2.460932
0.568149079751512,2.460852
0.5682384254158854,2.460654
0.5683277710802591,2.460281
0.5684171167446327,2.460239
0.5685064624090063,2.460283
0.5685958080733798,2.460116
0.5686851537377534,2.459923
0.5687744994021269,2.459844
0.5688638450665005,2.459535
0.568953190730874,2.459504
0.5690425363952476,2.459225
0.5691318820596212,2.459206
0.5692212277239947,2.459305
0.5693105733883683,2.459037
0.5693999190527419,2.459042
0.5694892647171155,2.459182
0.569578610381489,2.458954
0.5696679560458625,2.458948
0.5697573017102362,2.458818
0.5698466473746097,2.458874
0.5699359930389833,2.458938
0.5700253387033568,2.458856
0.5701146843677305,2.4586
0.570204030032104,2.458641
0.5702933756964775,2.458628
0.5703827213608511,2.458405
0.5704720670252247,2.458249
0.5705614126895984,2.458028
0.5706507583539718,2.458062
0.5707401040183453,2.45801
0.570829449682719,2.45809
0.5709187953470924,2.457943
0.5710081410114661,2.457733
0.5710974866758396,2.457886
0.5711868323402132,2.457587
0.5712761780045869,2.458012
0.5713655236689603,2.457703
0.571454869333334,2.457525
0.5715442149977075,2.457135
0.5716335606620812,2.457106
0.5717229063264546,2.456822
0.5718122519908282,2.457014
0.5719015976552018,2.456816
0.5719909433195753,2.456792
0.5720802889839489,2.456916
0.5721696346483225,2.456888
0.5722589803126961,2.45709
0.5723483259770696,2.45684
0.5724376716414432,2.456955
0.5725270173058167,2.456839
0.5726163629701903,2.456579
0.5727057086345638,2.456463
0.5727950542989374,2.456734
0.572884399963311,2.456408
0.5729737456276845,2.45619
0.5730630912920581,2.456118
0.5731524369564317,2.456315
0.5732417826208053,2.456179
0.5733311282851788,2.455934
0.5734204739495523,2.455805
0.573509819613926,2.455804
0.5735991652782995,2.455693
0.5736885109426731,2.455706
0.5737778566070466,2.455354
0.5738672022714202,2.45528
0.5739565479357939,2.454925
0.5740458936001673,2.454906
0.574135239264541,2.454858
0.5742245849289145,2.454993
0.5743139305932882,2.454488
0.5744032762576616,2.454596
0.5744926219220351,2.454785
0.5745819675864088,2.454879
0.5746713132507824,2.454563
0.5747606589151558,2.454474
0.5748500045795295,2.454344
0.5749393502439031,2.454415
0.5750286959082767,2.454576
0.5751180415726501,2.454386
0.5752073872370238,2.454289
0.5752967329013973,2.454263
0.575386078565771,2.454124
0.5754754242301444,2.453797
0.575564769894518,2.453858
0.5756541155588915,2.453557
0.5757434612232651,2.453604
0.5758328068876387,2.453586
0.5759221525520123,2.453404
0.5760114982163859,2.453328
0.5761008438807594,2.453388
0.576190189545133,2.453293
0.5762795352095065,2.453231
0.57636888087388,2.453089
0.5764582265382536,2.453061
0.5765475722026272,2.452694
0.5766369178670008,2.452895
0.5767262635313744,2.45268
0.576815609195748,2.452416
0.5769049548601215,2.452474
0.5769943005244951,2.452522
0.5770836461888686,2.452539
0.5771729918532421,2.452191
0.5772623375176157,2.452147
0.5773516831819893,2.452237
0.5774410288463628,2.45194
0.5775303745107365,2.45196
0.57761972017511,2.452022
0.5777090658394837,2.451872
0.5777984115038571,2.451972
0.5778877571682308,2.45168
0.5779771028326043,2.451461
0.578066448496978,2.451492
0.5781557941613514,2.451439
0.578245139825725,2.451379
0.5783344854900985,2.451499
0.5784238311544722,2.451402
0.5785131768188457,2.451208
0.5786025224832193,2.451332
0.5786918681475929,2.451186
0.5787812138119665,2.451063
0.57887055947634,2.450994
0.5789599051407136,2.450886
0.5790492508050871,2.450828
0.5791385964694606,2.45089
0.5792279421338342,2.450427
0.5793172877982078,2.45013
0.5794066334625814,2.450184
0.579495979126955,2.449983
0.5795853247913285,2.4498
0.5796746704557021,2.44978
0.5797640161200757,2.44988
0.5798533617844492,2.449902
0.5799427074488228,2.449829
0.5800320531131963,2.449548
0.5801213987775699,2.44943
0.5802107444419435,2.449588
0.580300090106317,2.449076
0.5803894357706907,2.448825
0.5804787814350642,2.448694
0.5805681270994378,2.44854
0.5806574727638113,2.448269
0.5807468184281849,2.448352
0.5808361640925584,2.448582
0.580925509756932,2.448235
0.5810148554213055,2.448049
0.5811042010856792,2.448094
0.5811935467500526,2.448384
0.5812828924144263,2.448375
0.5813722380787999,2.448214
0.5814615837431735,2.44819
0.5815509294075469,2.448105
0.5816402750719205,2.448113
0.5817296207362941,2.447957
0.5818189664006677,2.447791
0.5819083120650411,2.447654
0.5819976577294148,2.447449
0.5820870033937885,2.447545
0.582176349058162,2.447603
0.5822656947225355,2.447282
0.5823550403869091,2.447049
0.5824443860512827,2.446976
0.5825337317156561,2.446543
0.5826230773800298,2.446571
0.5827124230444033,2.44682
0.582801768708777,2.446692
0.5828911143731504,2.44654
0.5829804600375241,2.446416
0.5830698057018977,2.446206
0.5831591513662712,2.446379
0.5832484970306447,2.446202
0.5833378426950183,2.446093
0.5834271883593919,2.44578
0.5835165340237655,2.445835
0.5836058796881389,2.445566
0.5836952253525126,2.445483
0.5837845710168862,2.44563
0.5838739166812597,2.4459
0.5839632623456333,2.445509
0.5840526080100068,2.445691
0.5841419536743804,2.445814
0.584231299338754,2.445604
0.5843206450031275,2.445303
0.5844099906675011,2.444968
0.5844993363318747,2.444814
0.5845886819962482,2.445009
0.5846780276606218,2.444986
0.5847673733249955,2.444896
0.584856718989369,2.444629
0.5849460646537427,2.444323
0.5850354103181161,2.444319
0.5851247559824897,2.444387
0.5852141016468632,2.444278
0.5853034473112367,2.444066
0.5853927929756103,2.444112
0.585482138639984,2.443834
0.5855714843043575,2.443717
0.5856608299687311,2.443544
0.5857501756331046,2.443614
0.5858395212974783,2.443536
0.5859288669618519,2.443088
0.5860182126262253,2.443165
0.5861075582905988,2.442855
0.5861969039549725,2.442663
0.5862862496193461,2.442546
0.5863755952837196,2.4426
0.5864649409480931,2.44269
0.5865542866124668,2.442494
0.5866436322768402,2.4427
0.5867329779412139,2.442843
0.5868223236055874,2.442599
0.586911669269961,2.442354
0.5870010149343344,2.442233
0.5870903605987082,2.442264
0.5871797062630817,2.441926
0.5872690519274553,2.441959
0.5873583975918288,2.442055
0.5874477432562024,2.441936
0.587537088920576,2.441703
0.5876264345849496,2.4418
0.587715780249323,2.441536
0.5878051259136966,2.441656
0.5878944715780702,2.441358
0.5879838172424439,2.441255
0.5880731629068173,2.44104
0.5881625085711909,2.441246
0.5882518542355645,2.44097
0.5883411998999382,2.440859
0.5884305455643116,2.440894
0.5885198912286852,2.440976
0.5886092368930587,2.440778
0.5886985825574322,2.44089
0.588787928221806,2.440603
0.5888772738861795,2.440374
0.588966619550553,2.440262
0.5890559652149266,2.440059
0.5891453108793001,2.440143
0.5892346565436738,2.439816
0.5893240022080474,2.439646
0.5894133478724208,2.439631
0.5895026935367944,2.439782
0.5895920392011681,2.4398
0.5896813848655417,2.439843
0.5897707305299151,2.439509
0.5898600761942886,2.439411
0.5899494218586623,2.43921
0.5900387675230359,2.439181
0.5901281131874094,2.439229
0.590217458851783,2.438924
0.5903068045161566,2.438533
0.59039615018053,2.43875
0.5904854958449037,2.438447
0.5905748415092772,2.438275
0.5906641871736508,2.438316
0.5907535328380243,2.438387
0.590842878502398,2.438331
0.5909322241667715,2.4383
0.5910215698311452,2.437977
0.5911109154955186,2.437805
0.5912002611598922,2.437872
0.5912896068242659,2.437765
0.5913789524886394,2.437646
0.5914682981530128,2.437469
0.5915576438173864,2.437346
0.5916469894817602,2.4373
0.5917363351461337,2.437121
0.5918256808105071,2.437117
0.5919150264748808,2.437194
0.5920043721392543,2.436968
0.5920937178036279,2.436864
0.5921830634680015,2.43671
0.592272409132375,2.436765
0.5923617547967485,2.436893
0.592451100461122,2.437253
0.5925404461254958,2.436917
0.5926297917898693,2.436511
0.5927191374542428,2.436608
0.5928084831186164,2.436508
0.59289782878299,2.436341
0.5929871744473635,2.43613
0.5930765201117372,2.435976
0.5931658657761106,2.436175
0.5932552114404841,2.436019
0.5933445571048579,2.435749
0.5934339027692315,2.435534
0.5935232484336049,2.43552
0.5936125940979785,2.435205
0.5937019397623521,2.435714
0.5937912854267257,2.435625
0.5938806310910992,2.435093
0.5939699767554728,2.435181
0.5940593224198463,2.435116
0.5941486680842201,2.434664
0.5942380137485935,2.434556
0.5943273594129671,2.434591
0.5944167050773406,2.434315
0.5945060507417141,2.434131
0.5945953964060877,2.434221
0.5946847420704613,2.434214
0.5947740877348349,2.434242
0.5948634333992084,2.434044
0.5949527790635819,2.433853
0.5950421247279556,2.433876
0.5951314703923292,2.433731
0.5952208160567026,2.433667
0.5953101617210763,2.433416
0.5953995073854499,2.432985
0.5954888530498235,2.432846
0.595578198714197,2.43272
0.5956675443785706,2.432758
0.5957568900429441,2.432687
0.5958462357073178,2.432607
0.5959355813716913,2.43273
0.5960249270360648,2.432786
0.5961142727004383,2.432886
0.5962036183648118,2.432725
0.5962929640291856,2.432817
0.596382309693559,2.432795
0.5964716553579327,2.432617
0.5965610010223061,2.432188
0.5966503466866798,2.432223
0.5967396923510534,2.432145
0.5968290380154269,2.431956
0.5969183836798004,2.432088
0.597007729344174,2.432005
0.5970970750085477,2.431909
0.5971864206729212,2.432153
0.5972757663372947,2.432095
0.5973651120016683,2.432
0.5974544576660419,2.431583
0.5975438033304155,2.431213
0.597633148994789,2.430904
0.5977224946591626,2.430768
0.5978118403235362,2.430627
0.5979011859879099,2.430681
0.5979905316522833,2.430678
0.5980798773166569,2.430308
0.5981692229810304,2.430495
0.5982585686454039,2.430492
0.5983479143097775,2.430129
0.5984372599741511,2.430058
0.5985266056385247,2.429874
0.5986159513028982,2.429846
0.5987052969672717,2.429554
0.5987946426316454,2.429701
0.598883988296019,2.429575
0.5989733339603924,2.429463
0.5990626796247661,2.42924
0.5991520252891397,2.429218
0.5992413709535133,2.429082
0.5993307166178868,2.429168
0.5994200622822604,2.428863
0.5995094079466339,2.42868
0.5995987536110076,2.428616
0.5996880992753811,2.428648
0.5997774449397546,2.428441
0.5998667906041283,2.427961
0.5999561362685016,2.428135
0.6000454819328754,2.428067
0.600134827597249,2.427653
0.6002241732616226,2.427944
0.6003135189259959,2.428087
0.6004028645903696,2.427717
0.6004922102547432,2.427831
0.6005815559191167,2.427654
0.6006709015834902,2.427795
0.6007602472478638,2.427436
0.6008495929122375,2.427088
0.600938938576611,2.427026
0.6010282842409846,2.426827
0.6011176299053581,2.426828
0.6012069755697317,2.426605
0.6012963212341054,2.426632
0.6013856668984788,2.426387
0.6014750125628524,2.426272
0.601564358227226,2.426144
0.6016537038915997,2.426049
0.6017430495559731,2.426348
0.6018323952203468,2.425868
0.6019217408847203,2.425961
0.6020110865490937,2.426086
0.6021004322134675,2.425902
0.6021897778778409,2.425585
0.6022791235422145,2.425536
0.6023684692065879,2.425493
0.6024578148709617,2.425366
0.6025471605353352,2.425242
0.6026365061997088,2.425148
0.6027258518640823,2.424947
0.6028151975284559,2.425079
0.6029045431928295,2.425196
0.6029938888572031,2.42491
0.6030832345215766,2.424734
0.6031725801859501,2.424809
0.6032619258503237,2.424768
0.6033512715146974,2.424578
0.6034406171790709,2.424327
0.6035299628434444,2.424511
0.6036193085078181,2.424321
0.6037086541721917,2.423952
0.603797999836565,2.424204
0.6038873455009388,2.424037
0.6039766911653122,2.424081
0.6040660368296857,2.424064
0.6041553824940594,2.424069
0.604244728158433,2.42362
0.6043340738228065,2.423576
0.6044234194871801,2.42371
0.6045127651515536,2.423764
0.6046021108159272,2.423402
0.6046914564803009,2.423296
0.6047808021446743,2.423181
0.6048701478090479,2.422972
0.6049594934734216,2.422906
0.6050488391377952,2.423214
0.6051381848021686,2.422649
0.6052275304665422,2.422504
0.6053168761309158,2.422295
0.6054062217952894,2.422315
0.6054955674596629,2.422236
0.6055849131240365,2.421798
0.6056742587884101,2.421731
0.6057636044527834,2.421822
0.6058529501171573,2.421541
0.6059422957815307,2.421762
0.6060316414459043,2.422034
0.6061209871102778,2.421724
0.6062103327746515,2.421637
0.606299678439025,2.421139
0.6063890241033986,2.42121
0.6064783697677721,2.421012
0.6065677154321456,2.421102
0.6066570610965194,2.421069
0.6067464067608929,2.421096
0.6068357524252664,2.42074
0.6069250980896399,2.420679
0.6070144437540136,2.420549
0.6071037894183872,2.420526
0.6071931350827607,2.420437
0.6072824807471343,2.420438
0.6073718264115078,2.420151
0.6074611720758815,2.420153
0.607550517740255,2.420103
0.6076398634046286,2.420061
0.607729209069002,2.420141
0.6078185547333756,2.419923
0.6079079003977492,2.41978
0.6079972460621228,2.41951
0.6080865917264963,2.419532
0.6081759373908698,2.419541
0.6082652830552434,2.419211
0.608354628719617,2.41926
0.6084439743839907,2.418944
0.6085333200483641,2.418744
0.6086226657127377,2.418751
0.6087120113771114,2.418553
0.608801357041485,2.418798
0.6088907027058584,2.418519
0.608980048370232,2.418325
0.6090693940346056,2.418404
0.6091587396989792,2.418259
0.6092480853633528,2.417964
0.6093374310277263,2.417962
0.6094267766920999,2.418004
0.6095161223564732,2.417691
0.6096054680208471,2.417659
0.6096948136852205,2.41739
0.6097841593495941,2.417393
0.6098735050139676,2.417453
0.6099628506783412,2.417205
0.6100521963427148,2.417091
0.6101415420070884,2.416965
0.6102308876714619,2.417103
0.6103202333358354,2.416832
0.6104095790002092,2.417041
0.6104989246645827,2.416811
0.6105882703289562,2.416894
0.6106776159933298,2.416655
0.6107669616577034,2.416392
0.610856307322077,2.416375
0.6109456529864505,2.416719
0.6110349986508241,2.41626
0.6111243443151976,2.416077
0.6112136899795714,2.416164
0.6113030356439448,2.415974
0.6113923813083184,2.415945
0.6114817269726918,2.415818
0.6115710726370656,2.415612
0.611660418301439,2.415624
0.6117497639658125,2.415447
0.6118391096301862,2.415288
0.6119284552945596,2.415018
0.6120178009589333,2.415028
0.6121071466233069,2.414612
0.6121964922876805,2.414553
0.6122858379520539,2.41439
0.6123751836164276,2.414486
0.6124645292808012,2.414588
0.6125538749451747,2.414479
0.6126432206095483,2.414466
0.6127325662739218,2.41414
0.6128219119382954,2.414067
0.6129112576026691,2.413985
0.6130006032670426,2.413669
0.6130899489314161,2.413387
0.6131792945957897,2.413322
0.6132686402601634,2.41323
0.6133579859245367,2.413043
0.6134473315889103,2.413054
0.6135366772532839,2.412698
0.6136260229176574,2.412616
0.613715368582031,2.41255
0.6138047142464047,2.412303
0.6138940599107782,2.412231
0.6139834055751517,2.412142
0.6140727512395252,2.411876
0.6141620969038989,2.411682
0.6142514425682725,2.411483
0.6143407882326459,2.411707
0.6144301338970196,2.411626
0.6145194795613932,2.41143
0.6146088252257668,2.411201
0.6146981708901403,2.411579
0.6147875165545139,2.411621
0.6148768622188874,2.4111
0.6149662078832611,2.411044
0.6150555535476346,2.411156
0.615144899212008,2.410914
0.6152342448763818,2.410539
0.6153235905407551,2.410431
0.6154129362051288,2.410273
0.6155022818695024,2.410458
0.615591627533876,2.410199
0.6156809731982494,2.410188
0.6157703188626231,2.4102
0.6158596645269967,2.409791
0.6159490101913702,2.409705
0.6160383558557437,2.409586
0.6161277015201173,2.409509
0.616217047184491,2.409292
0.6163063928488645,2.409135
0.6163957385132381,2.409062
0.6164850841776116,2.408803
0.6165744298419852,2.408885
0.6166637755063589,2.408862
0.6167531211707323,2.408875
0.6168424668351059,2.408562
0.6169318124994795,2.408516
0.6170211581638532,2.408389
0.6171105038282265,2.408487
0.6171998494926003,2.408386
0.6172891951569737,2.408126
0.6173785408213472,2.407846
0.617467886485721,2.407959
0.6175572321500944,2.407858
0.617646577814468,2.407741
0.6177359234788415,2.407736
0.6178252691432151,2.407645
0.6179146148075887,2.407596
0.6180039604719623,2.407729
0.6180933061363358,2.407577
0.6181826518007094,2.407452
0.618271997465083,2.407251
0.6183613431294567,2.407285
0.6184506887938301,2.407248
0.6185400344582037,2.407042
0.6186293801225773,2.407044
0.6187187257869509,2.407283
0.6188080714513244,2.407341
0.6188974171156978,2.406929
0.6189867627800716,2.406901
0.6190761084444449,2.406383
0.6191654541088186,2.40634
0.6192547997731922,2.406021
0.6193441454375658,2.405665
0.6194334911019392,2.40544
0.6195228367663129,2.405409
0.6196121824306865,2.405464
0.61970152809506,2.4054
0.6197908737594336,2.40536
0.6198802194238071,2.405402
0.6199695650881808,2.405236
0.6200589107525544,2.404907
0.620148256416928,2.40475
0.6202376020813014,2.404582
0.6203269477456751,2.404219
0.6204162934100487,2.404174
0.6205056390744221,2.40379
0.6205949847387957,2.403409
0.6206843304031693,2.403625
0.620773676067543,2.403868
0.6208630217319163,2.403475
0.6209523673962901,2.403371
0.6210417130606635,2.403307
0.621131058725037,2.403365
0.6212204043894108,2.403182
0.6213097500537842,2.402991
0.6213990957181578,2.40273
0.6214884413825313,2.40276
0.621577787046905,2.402543
0.6216671327112785,2.402563
0.6217564783756522,2.402198
0.6218458240400256,2.402086
0.6219351697043992,2.401981
0.6220245153687729,2.402004
0.6221138610331464,2.401682
0.6222032066975199,2.401423
0.6222925523618934,2.401401
0.6223818980262671,2.40132
0.6224712436906407,2.40133
0.6225605893550142,2.401172
0.6226499350193878,2.400844
0.6227392806837614,2.4008
0.622828626348135,2.400791
0.6229179720125085,2.400388
0.623007317676882,2.400059
0.6230966633412555,2.400182
0.6231860090056291,2.400006
