sod,voltage
0.0,3.144378
6.0424524460736006e-05,3.115504
0.00012084904892147201,3.100341
0.00018127357338220803,3.089833
0.00024169809784294402,3.081605
0.00030212262230368004,3.074121
0.00036254714676441606,3.067791
0.000422971671225152,3.062162
0.00048339619568588804,3.056444
0.000543820720146624,3.050932
0.0006042452446073601,3.045815
0.0006646697690680961,3.040921
0.0007250942935288321,3.035609
0.000785518817989568,3.031211
0.000845943342450304,3.026718
0.0009063678669110401,3.022516
0.0009667923913717761,3.018602
0.0010272169158325123,3.014262
0.001087641440293248,3.010479
0.001148065964753984,3.007688
0.0012084904892147202,3.004143
0.0012689150136754562,3.00063
0.0013293395381361922,2.997485
0.0013897640625969282,2.994583
0.0014501885870576642,2.991779
0.0015106131115184003,2.988877
0.001571037635979136,2.985881
0.0016314621604398723,2.983068
0.001691886684900608,2.98065
0.0017523112093613443,2.977786
0.0018127357338220801,2.975331
0.001873160258282816,2.973494
0.0019335847827435522,2.970985
0.001994009307204288,2.968562
0.0020544338316650246,2.96671
0.0021148583561257602,2.96391
0.002175282880586496,2.961659
0.0022357074050472323,2.960006
0.002296131929507968,2.95782
0.0023565564539687043,2.955478
0.0024169809784294403,2.953811
0.002477405502890176,2.951416
0.0025378300273509124,2.94952
0.0025982545518116484,2.94793
0.0026586790762723844,2.945962
0.00271910360073312,2.943874
0.0027795281251938564,2.942528
0.002839952649654592,2.94043
0.0029003771741153285,2.93862
0.002960801698576064,2.937041
0.0030212262230368005,2.935274
0.0030816507474975365,2.93375
0.003142075271958272,2.932257
0.003202499796419008,2.930334
0.0032629243208797446,2.92832
0.00332334884534048,2.927243
0.003383773369801216,2.925907
0.003444197894261952,2.92459
0.0035046224187226887,2.923038
0.0035650469431834243,2.921498
0.0036254714676441603,2.919506
0.003685895992104896,2.918109
0.003746320516565632,2.916567
0.0038067450410263683,2.914948
0.0038671695654871044,2.913774
0.003927594089947841,2.911942
0.003988018614408576,2.910711
0.004048443138869312,2.910059
0.004108867663330049,2.908571
0.004169292187790785,2.907456
0.0042297167122515205,2.906524
0.0042901412367122565,2.905093
0.004350565761172992,2.903617
0.004410990285633729,2.902635
0.0044714148100944645,2.90126
0.004531839334555201,2.900014
0.004592263859015936,2.899049
0.004652688383476673,2.897514
0.004713112907937409,2.896566
0.004773537432398145,2.895504
0.004833961956858881,2.894073
0.004894386481319617,2.893203
0.004954811005780352,2.892242
0.00501523553024109,2.891227
0.005075660054701825,2.890214
0.005136084579162561,2.889354
0.005196509103623297,2.888158
0.005256933628084033,2.886941
0.005317358152544769,2.886077
0.005377782677005505,2.884803
0.00543820720146624,2.883914
0.005498631725926976,2.883191
0.005559056250387713,2.881588
0.005619480774848449,2.880927
0.005679905299309184,2.879782
0.00574032982376992,2.878466
0.005800754348230657,2.877689
0.005861178872691392,2.876818
0.005921603397152128,2.875644
0.005982027921612864,2.874371
0.006042452446073601,2.873695
0.006102876970534337,2.872658
0.006163301494995073,2.871701
0.006223726019455808,2.870884
0.006284150543916544,2.869898
0.006344575068377283,2.869146
0.006404999592838016,2.868448
0.006465424117298752,2.867143
0.006525848641759489,2.866358
0.006586273166220225,2.865562
0.00664669769068096,2.864211
0.006707122215141696,2.863529
0.006767546739602432,2.863378
0.006827971264063168,2.861977
0.006888395788523904,2.861457
0.00694882031298464,2.860792
0.007009244837445377,2.859788
0.007069669361906114,2.85859
0.0071300938863668485,2.858229
0.0071905184108275845,2.857337
0.0072509429352883206,2.856523
0.007311367459749057,2.856026
0.007371791984209792,2.855189
0.007432216508670528,2.85398
0.007492641033131264,2.85316
0.007553065557592002,2.852559
0.007613490082052737,2.852213
0.007673914606513473,2.851739
0.007734339130974209,2.850444
0.007794763655434945,2.849834
0.007855188179895682,2.848894
0.007915612704356416,2.847372
0.007976037228817153,2.846817
0.008036461753277888,2.846574
0.008096886277738625,2.845645
0.00815731080219936,2.845273
0.008217735326660099,2.84469
0.008278159851120834,2.843551
0.00833858437558157,2.842799
0.008399008900042304,2.842384
0.008459433424503041,2.841537
0.008519857948963776,2.840708
0.008580282473424513,2.840523
0.008640706997885248,2.839368
0.008701131522345983,2.838473
0.008761556046806722,2.837981
0.008821980571267459,2.836934
0.008882405095728192,2.836469
0.008942829620188929,2.835967
0.009003254144649666,2.834925
0.009063678669110403,2.834307
0.009124103193571136,2.833984
0.009184527718031871,2.833217
0.009244952242492608,2.832469
0.009305376766953345,2.831913
0.00936580129141408,2.83124
0.009426225815874817,2.830451
0.009486650340335552,2.830186
0.00954707486479629,2.829284
0.009607499389257026,2.828594
0.009667923913717761,2.827969
0.009728348438178498,2.827243
0.009788772962639233,2.826672
0.00984919748709997,2.826113
0.009909622011560704,2.825569
0.00997004653602144,2.824929
0.01003047106048218,2.824613
0.010090895584942914,2.823454
0.01015132010940365,2.822707
0.010211744633864385,2.822539
0.010272169158325122,2.82147
0.010332593682785857,2.820817
0.010393018207246594,2.820351
0.010453442731707329,2.819756
0.010513867256168066,2.819308
0.010574291780628802,2.818725
0.010634716305089538,2.818446
0.010695140829550275,2.817781
0.01075556535401101,2.817784
0.010815989878471747,2.816214
0.01087641440293248,2.815517
0.010936838927393217,2.81519
0.010997263451853952,2.814583
0.011057687976314689,2.814017
0.011118112500775426,2.813491
0.011178537025236161,2.812812
0.011238961549696898,2.812231
0.011299386074157633,2.811788
0.011359810598618368,2.811235
0.011420235123079103,2.810831
0.01148065964753984,2.810306
0.011541084172000579,2.80962
0.011601508696461314,2.808929
0.011661933220922049,2.808957
0.011722357745382784,2.808285
0.011782782269843521,2.807649
0.011843206794304256,2.806853
0.011903631318764993,2.806417
0.011964055843225728,2.806174
0.012024480367686465,2.80592
0.012084904892147202,2.805115
0.012145329416607937,2.804914
0.012205753941068674,2.804606
0.01226617846552941,2.804022
0.012326602989990146,2.80337
0.01238702751445088,2.802984
0.012447452038911616,2.802345
0.012507876563372352,2.802044
0.012568301087833088,2.801542
0.012628725612293825,2.800592
0.012689150136754566,2.799982
0.012749574661215296,2.800121
0.012809999185676033,2.799519
0.01287042371013677,2.799076
0.012930848234597505,2.798681
0.012991272759058241,2.798019
0.013051697283518978,2.7974
0.013112121807979714,2.79697
0.01317254633244045,2.79639
0.013232970856901184,2.795977
0.01329339538136192,2.796024
0.013353819905822656,2.795305
0.013414244430283393,2.794772
0.013474668954744128,2.794749
0.013535093479204865,2.793847
0.013595518003665602,2.793482
0.013655942528126337,2.793322
0.013716367052587074,2.792827
0.013776791577047807,2.792399
0.013837216101508544,2.791992
0.01389764062596928,2.791692
0.013958065150430018,2.791135
0.014018489674890755,2.791216
0.01407891419935149,2.790724
0.014139338723812228,2.790103
0.014199763248272965,2.789608
0.014260187772733697,2.788893
0.014320612297194432,2.788718
0.014381036821655169,2.788526
0.014441461346115904,2.787784
0.014501885870576641,2.787267
0.014562310395037378,2.787333
0.014622734919498113,2.786776
0.01468315944395885,2.785916
0.014743583968419583,2.786024
0.01480400849288032,2.785508
0.014864433017341055,2.785007
0.014924857541801792,2.785141
0.014985282066262528,2.78451
0.015045706590723264,2.784272
0.015106131115184005,2.784281
0.015166555639644742,2.78344
0.015226980164105473,2.783297
0.015287404688566208,2.783271
0.015347829213026945,2.782445
0.01540825373748768,2.782214
0.015468678261948417,2.782378
0.015529102786409154,2.781682
0.01558952731086989,2.781387
0.015649951835330626,2.781488
0.015710376359791365,2.780444
0.015770800884252097,2.780128
0.015831225408712832,2.780145
0.015891649933173567,2.779676
0.015952074457634306,2.779186
0.01601249898209504,2.779365
0.016072923506555776,2.778764
0.016133348031016514,2.778376
0.01619377255547725,2.778227
0.016254197079937985,2.778152
0.01631462160439872,2.777646
0.01637504612885946,2.777251
0.016435470653320197,2.776885
0.016495895177780932,2.777005
0.016556319702241667,2.776704
0.016616744226702403,2.775991
0.01667716875116314,2.775668
0.016737593275623873,2.775525
0.016798017800084608,2.775012
0.016858442324545343,2.774843
0.016918866849006082,2.774964
0.016979291373466817,2.774415
0.017039715897927552,2.773939
0.01710014042238829,2.77405
0.017160564946849026,2.773738
0.01722098947130976,2.773276
0.017281413995770496,2.772992
0.01734183852023123,2.772678
0.017402263044691967,2.772452
0.017462687569152705,2.772242
0.017523112093613444,2.771795
0.017583536618074182,2.771512
0.017643961142534918,2.77161
0.017704385666995653,2.771445
0.017764810191456384,2.771186
0.01782523471591712,2.771127
0.017885659240377858,2.77092
0.017946083764838597,2.770392
0.018006508289299332,2.77033
0.018066932813760067,2.769872
0.018127357338220806,2.769833
0.01818778186268154,2.769732
0.018248206387142273,2.769372
0.018308630911603008,2.768917
0.018369055436063743,2.768603
0.01842947996052448,2.768054
0.018489904484985217,2.767846
0.018550329009445952,2.767799
0.01861075353390669,2.767606
0.01867117805836743,2.767378
0.01873160258282816,2.767818
0.018792027107288896,2.767217
0.018852451631749634,2.766824
0.018912876156210373,2.766949
0.018973300680671105,2.766818
0.019033725205131843,2.76663
0.01909414972959258,2.766276
0.019154574254053317,2.766121
0.019214998778514052,2.765996
0.019275423302974784,2.766257
0.019335847827435523,2.765596
0.019396272351896258,2.765845
0.019456696876356996,2.765535
0.019517121400817728,2.765071
0.019577545925278467,2.764719
0.019637970449739202,2.76469
0.01969839497419994,2.764464
0.019758819498660676,2.764349
0.019819244023121407,2.764334
0.019879668547582146,2.764222
0.01994009307204288,2.763811
0.02000051759650362,2.763665
0.02006094212096436,2.763167
0.02012136664542509,2.762866
0.02018179116988583,2.763313
0.020242215694346564,2.762876
0.0203026402188073,2.762552
0.020363064743268034,2.763003
0.02042348926772877,2.762706
0.020483913792189508,2.762291
0.020544338316650243,2.76253
0.02060476284111098,2.76217
0.020665187365571713,2.7617
0.02072561189003245,2.761706
0.020786036414493187,2.7614
0.02084646093895392,2.761312
0.020906885463414657,2.761374
0.020967309987875393,2.760558
0.02102773451233613,2.760966
0.021088159036796866,2.761023
0.021148583561257605,2.760561
0.021209008085718337,2.760522
0.021269432610179075,2.760529
0.02132985713463981,2.760425
0.02139028165910055,2.760235
0.02145070618356128,2.760059
0.02151113070802202,2.759762
0.021571555232482754,2.759536
0.021631979756943493,2.75947
0.021692404281404228,2.759371
0.02175282880586496,2.759405
0.0218132533303257,2.759232
0.021873677854786434,2.758568
0.021934102379247172,2.758631
0.021994526903707904,2.758537
0.022054951428168643,2.75856
0.022115375952629378,2.75863
0.022175800477090116,2.75869
0.02223622500155085,2.758265
0.022296649526011583,2.758013
0.022357074050472322,2.758077
0.022417498574933057,2.757817
0.022477923099393796,2.75775
0.022538347623854527,2.757799
0.022598772148315266,2.757614
0.022659196672776,2.757639
0.022719621197236736,2.757525
0.022780045721697475,2.757584
0.022840470246158207,2.757549
0.022900894770618945,2.757592
0.02296131929507968,2.757144
0.02302174381954042,2.756972
0.023082168344001158,2.757112
0.02314259286846189,2.756601
0.023203017392922628,2.756175
0.023263441917383363,2.756346
0.023323866441844098,2.756128
0.023384290966304833,2.756157
0.02344471549076557,2.756486
0.023505140015226307,2.756085
0.023565564539687042,2.755597
0.02362598906414778,2.755794
0.023686413588608513,2.755484
0.023746838113069248,2.755275
0.023807262637529986,2.755387
0.02386768716199072,2.755029
0.023928111686451457,2.754708
0.023988536210912192,2.754496
0.02404896073537293,2.754312
0.024109385259833666,2.754273
0.024169809784294404,2.754512
0.024230234308755136,2.754051
0.024290658833215874,2.754188
0.02435108335767661,2.754119
0.024411507882137348,2.753963
0.02447193240659808,2.753462
0.02453235693105882,2.753515
0.024592781455519554,2.75341
0.024653205979980292,2.753189
0.024713630504441027,2.753214
0.02477405502890176,2.752804
0.024834479553362498,2.753026
0.024894904077823233,2.753065
0.024955328602283968,2.752623
0.025015753126744703,2.752383
0.02507617765120544,2.752399
0.025136602175666177,2.7523
0.025197026700126912,2.75247
0.02525745122458765,2.752338
0.025317875749048382,2.751739
0.02537830027350913,2.751897
0.02543872479796986,2.752043
0.02549914932243059,2.751948
0.025559573846891333,2.751797
0.025619998371352065,2.751783
0.025680422895812804,2.751591
0.02574084742027354,2.75137
0.025801271944734278,2.751048
0.02586169646919501,2.751162
0.025922120993655748,2.751139
0.025982545518116483,2.751202
0.026042970042577218,2.750653
0.026103394567037957,2.750726
0.02616381909149869,2.750667
0.026224243615959427,2.750249
0.026284668140420162,2.750185
0.0263450926648809,2.750485
0.026405517189341633,2.750328
0.026465941713802368,2.750342
0.026526366238263106,2.750305
0.02658679076272384,2.750145
0.02664721528718458,2.749933
0.026707639811645312,2.750202
0.02676806433610605,2.749859
0.026828488860566786,2.749635
0.026888913385027524,2.750066
0.026949337909488256,2.749321
0.02700976243394899,2.749186
0.02707018695840973,2.74941
0.027130611482870465,2.749429
0.027191036007331203,2.749585
0.027251460531791935,2.749819
0.027311885056252674,2.749591
0.02737230958071341,2.749467
0.027432734105174147,2.749349
0.02749315862963488,2.749011
0.027553583154095614,2.748649
0.027614007678556353,2.748811
0.027674432203017088,2.748489
0.027734856727477834,2.748588
0.02779528125193856,2.748975
0.027855705776399307,2.748563
0.027916130300860036,2.748168
0.02797655482532077,2.748528
0.02803697934978151,2.748108
0.02809740387424224,2.74828
0.02815782839870298,2.748461
0.028218252923163715,2.748084
0.028278677447624457,2.747852
0.028339101972085185,2.74786
0.02839952649654593,2.747517
0.02845995102100666,2.747365
0.028520375545467394,2.747541
0.028580800069928133,2.747288
0.028641224594388864,2.747451
0.028701649118849603,2.747505
0.028762073643310338,2.747216
0.028822498167771077,2.747235
0.02888292269223181,2.747123
0.028943347216692544,2.746747
0.029003771741153282,2.746765
0.029064196265614017,2.746741
0.029124620790074756,2.746623
0.029185045314535488,2.746673
0.029245469838996226,2.746905
0.02930589436345696,2.746452
0.0293663188879177,2.746196
0.029426743412378432,2.746487
0.029487167936839167,2.746191
0.029547592461299906,2.745886
0.02960801698576064,2.746092
0.02966844151022138,2.74597
0.02972886603468211,2.745796
0.02978929055914285,2.745713
0.029849715083603585,2.745457
0.029910139608064323,2.745268
0.029970564132525055,2.745434
0.03003098865698579,2.74499
0.03009141318144653,2.744733
0.030151837705907264,2.74508
0.03021226223036801,2.744723
0.030272686754828734,2.744938
0.030333111279289483,2.744924
0.03039353580375021,2.744808
0.030453960328210947,2.744576
0.03051438485267169,2.744439
0.030574809377132417,2.744182
0.03063523390159316,2.744313
0.03069565842605389,2.744395
0.030756082950514633,2.744307
0.03081650747497536,2.744193
0.030876931999436107,2.744434
0.030937356523896835,2.744092
0.03099778104835757,2.74368
0.03105820557281831,2.744045
0.03111863009727904,2.743384
0.03117905462173978,2.743301
0.031239479146200514,2.743685
0.03129990367066125,2.743448
0.03136032819512199,2.743085
0.03142075271958273,2.743342
0.03148117724404346,2.743312
0.03154160176850419,2.743219
0.03160202629296493,2.742899
0.031662450817425664,2.742697
0.031722875341886406,2.742674
0.031783299866347134,2.742919
0.031843724390807876,2.742639
0.03190414891526861,2.742679
0.031964573439729346,2.74278
0.03202499796419008,2.742615
0.03208542248865082,2.742263
0.03214584701311155,2.74245
0.03220627153757229,2.742059
0.03226669606203303,2.74187
0.03232712058649376,2.742129
0.0323875451109545,2.741977
0.032447969635415234,2.741869
0.03250839415987597,2.741958
0.032568818684336705,2.741774
0.03262924320879744,2.741498
0.03268966773325819,2.741303
0.03275009225771892,2.741359
0.03281051678217966,2.741303
0.032870941306640394,2.741609
0.03293136583110113,2.741339
0.032991790355561865,2.741129
0.03305221488002259,2.741196
0.033112639404483335,2.740853
0.03317306392894406,2.740926
0.033233488453404805,2.740716
0.03329391297786554,2.740853
0.03335433750232628,2.740721
0.03341476202678701,2.741009
0.033475186551247746,2.740763
0.03353561107570849,2.740644
0.033596035600169216,2.740974
0.03365646012462996,2.740504
0.033716884649090686,2.740332
0.03377730917355143,2.740438
0.033837733698012164,2.740094
0.033898158222472906,2.739935
0.033958582746933634,2.740548
0.03401900727139437,2.740387
0.034079431795855104,2.739934
0.03413985632031584,2.739753
0.03420028084477658,2.739549
0.03426070536923731,2.739188
0.03432112989369805,2.739323
0.03438155441815879,2.739246
0.03444197894261952,2.739224
0.03450240346708026,2.739144
0.03456282799154099,2.738805
0.03462325251600173,2.738859
0.03468367704046246,2.739226
0.034744101564923205,2.738716
0.03480452608938393,2.738804
0.034864950613844675,2.738938
0.03492537513830541,2.73895
0.034985799662766146,2.73865
0.03504622418722689,2.738472
0.035106648711687616,2.738244
0.035167073236148365,2.738598
0.03522749776060909,2.738649
0.035287922285069835,2.738594
0.03534834680953057,2.738283
0.035408771333991305,2.738308
0.03546919585845204,2.737823
0.03552962038291277,2.738019
0.03559004490737351,2.738214
0.03565046943183424,2.737498
0.03571089395629499,2.737628
0.035771318480755716,2.737666
0.03583174300521646,2.737767
0.035892167529677194,2.73782
0.03595259205413792,2.737658
0.036013016578598664,2.737228
0.03607344110305939,2.737305
0.036133865627520134,2.737253
0.03619429015198086,2.736847
0.03625471467644161,2.736957
0.03631513920090234,2.736974
0.03637556372536308,2.736972
0.03643598824982381,2.736729
0.036496412774284545,2.737058
0.03655683729874529,2.736667
0.036617261823206015,2.736706
0.03667768634766676,2.736711
0.036738110872127486,2.736816
0.036798535396588235,2.736605
0.03685895992104896,2.736851
0.036919384445509705,2.73648
0.03697980896997043,2.736336
0.03704023349443117,2.73638
0.037100658018891904,2.736413
0.03716108254335264,2.736403
0.03722150706781338,2.736366
0.03728193159227411,2.736142
0.03734235611673486,2.735846
0.037402780641195586,2.73598
0.03746320516565632,2.735648
0.037523629690117064,2.735484
0.03758405421457779,2.735916
0.037644478739038534,2.735708
0.03770490326349927,2.73602
0.03776532778796001,2.736142
0.037825752312420746,2.735688
0.03788617683688148,2.73562
0.03794660136134221,2.73559
0.038007025885802945,2.735382
0.03806745041026369,2.735346
0.03812787493472442,2.735284
0.03818829945918516,2.735103
0.03824872398364589,2.734818
0.038309148508106634,2.734643
0.03836957303256737,2.734517
0.038429997557028105,2.734586
0.03849042208148883,2.73483
0.03855084660594957,2.734613
0.03861127113041031,2.734591
0.038671695654871045,2.734426
0.03873212017933178,2.734237
0.038792544703792516,2.7343
0.03885296922825326,2.73455
0.03891339375271399,2.73407
0.03897381827717473,2.733898
0.039034242801635456,2.733985
0.03909466732609619,2.734185
0.03915509185055693,2.73441
0.03921551637501767,2.734428
0.039275940899478404,2.733959
0.03933636542393914,2.733931
0.03939678994839988,2.733974
0.039457214472860616,2.734033
0.03951763899732135,2.73393
0.03957806352178208,2.734148
0.039638488046242815,2.734072
0.03969891257070356,2.734004
0.03975933709516429,2.733907
0.039819761619625034,2.733599
0.03988018614408576,2.73344
0.0399406106685465,2.733315
0.04000103519300724,2.73333
0.040061459717467975,2.733214
0.04012188424192872,2.73355
0.040182308766389445,2.733254
0.04024273329085018,2.733382
0.040303157815310915,2.733513
0.04036358233977166,2.733217
0.04042400686423239,2.733447
0.04048443138869313,2.73314
0.04054485591315386,2.733217
0.0406052804376146,2.733333
0.04066570496207534,2.733653
0.04072612948653607,2.733472
0.0407865540109968,2.733383
0.04084697853545754,2.733099
0.04090740305991828,2.732633
0.040967827584379016,2.732697
0.04102825210883975,2.7328
0.041088676633300486,2.732418
0.041149101157761214,2.732502
0.04120952568222196,2.732527
0.04126995020668269,2.732432
0.04133037473114343,2.732342
0.04139079925560416,2.732198
0.0414512237800649,2.731988
0.04151164830452564,2.731618
0.041572072828986374,2.731662
0.04163249735344711,2.7319
0.04169292187790784,2.731812
0.04175334640236859,2.731819
0.041813770926829315,2.73154
0.04187419545129005,2.731622
0.041934619975750785,2.73175
0.04199504450021152,2.731647
0.04205546902467226,2.73148
0.042115893549133,2.73176
0.04217631807359373,2.731547
0.04223674259805446,2.731523
0.04229716712251521,2.731493
0.04235759164697594,2.731559
0.04241801617143667,2.731382
0.042478440695897415,2.731116
0.04253886522035815,2.731111
0.042599289744818886,2.731208
0.04265971426927962,2.73114
0.04272013879374036,2.73081
0.0427805633182011,2.730879
0.04284098784266183,2.73125
0.04290141236712256,2.731141
0.0429618368915833,2.731134
0.04302226141604404,2.730864
0.043082685940504774,2.730495
0.04314311046496551,2.730503
0.043203534989426244,2.730039
0.043263959513886986,2.730278
0.04332438403834772,2.730413
0.043384808562808456,2.730204
0.043445233087269185,2.729746
0.04350565761172992,2.72999
0.04356608213619066,2.729657
0.0436265066606514,2.729957
0.04368693118511213,2.729993
0.04374735570957287,2.729959
0.04380778023403361,2.72962
0.043868204758494345,2.729708
0.04392862928295508,2.729646
0.04398905380741581,2.729429
0.04404947833187654,2.729591
0.044109902856337285,2.729334
0.04417032738079802,2.729333
0.044230751905258756,2.729346
0.04429117642971949,2.729268
0.04435160095418023,2.729223
0.04441202547864097,2.729496
0.0444724500031017,2.729625
0.04453287452756243,2.729303
0.044593299052023166,2.729582
0.04465372357648391,2.729199
0.044714148100944644,2.729118
0.04477457262540538,2.729089
0.044834997149866114,2.728986
0.044895421674326856,2.728961
0.04495584619878759,2.728911
0.045016270723248326,2.728689
0.045076695247709055,2.728509
0.04513711977216979,2.728728
0.04519754429663053,2.728591
0.04525796882109127,2.728482
0.045318393345552,2.728817
0.04537881787001274,2.728351
0.04543924239447347,2.728304
0.045499666918934215,2.728326
0.04556009144339495,2.728299
0.04562051596785568,2.728495
0.04568094049231641,2.728604
0.045741365016777155,2.72829
0.04580178954123789,2.727951
0.04586221406569863,2.727946
0.04592263859015936,2.72779
0.045983063114620096,2.727952
0.04604348763908084,2.727999
0.04610391216354157,2.727917
0.046164336688002315,2.72743
0.04622476121246304,2.727642
0.04628518573692378,2.727532
0.046345610261384514,2.727496
0.046406034785845256,2.727768
0.04646645931030599,2.727808
0.046526883834766726,2.727542
0.04658730835922746,2.727691
0.046647732883688196,2.72709
0.04670815740814894,2.726926
0.04676858193260967,2.727487
0.0468290064570704,2.727576
0.04688943098153114,2.727219
0.04694985550599187,2.727495
0.047010280030452614,2.727424
0.04707070455491335,2.727226
0.047131129079374084,2.727503
0.04719155360383482,2.727064
0.04725197812829556,2.726762
0.04731240265275629,2.727086
0.047372827177217025,2.726969
0.04743325170167776,2.726915
0.047493676226138495,2.727015
0.04755410075059924,2.726424
0.04761452527505997,2.726503
0.04767494979952071,2.726694
0.04773537432398144,2.726519
0.047795798848442185,2.726324
0.04785622337290291,2.726364
0.04791664789736365,2.726006
0.047977072421824384,2.725825
0.04803749694628512,2.726426
0.04809792147074586,2.726235
0.048158345995206596,2.725976
0.04821877051966733,2.726207
0.048279195044128066,2.725909
0.04833961956858881,2.725787
0.04840004409304954,2.725862
0.04846046861751027,2.725892
0.048520893141971014,2.725855
0.04858131766643175,2.726018
0.048641742190892484,2.72555
0.04870216671535322,2.72545
0.04876259123981396,2.725596
0.048823015764274696,2.72543
0.04888344028873543,2.725389
0.04894386481319616,2.725481
0.049004289337656895,2.725096
0.04906471386211764,2.724853
0.04912513838657837,2.725386
0.04918556291103911,2.725251
0.04924598743549984,2.725109
0.049306411959960585,2.725338
0.04936683648442132,2.725036
0.049427261008882055,2.725154
0.04948768553334278,2.725472
0.04954811005780352,2.724816
0.04960853458226426,2.724523
0.049668959106724996,2.725099
0.04972938363118573,2.725124
0.049789808155646466,2.725022
0.04985023268010721,2.725112
0.049910657204567936,2.724974
0.04997108172902868,2.724753
0.050031506253489406,2.725116
0.05009193077795015,2.724502
0.05015235530241088,2.72468
0.05021277982687162,2.724578
0.050273204351332354,2.72426
0.050333628875793096,2.724283
0.050394053400253824,2.724577
0.050454477924714566,2.72429
0.0505149024491753,2.724239
0.05057532697363603,2.724652
0.050635751498096765,2.724182
0.05069617602255751,2.72379
0.05075660054701826,2.724042
0.05081702507147898,2.723885
0.05087744959593972,2.723783
0.050937874120400455,2.724026
0.05099829864486118,2.723821
0.051058723169321925,2.723861
0.05111914769378267,2.723822
0.051179572218243395,2.723422
0.05123999674270413,2.7235
0.051300421267164865,2.72383
0.05136084579162561,2.723538
0.051421270316086336,2.723696
0.05148169484054708,2.723416
0.05154211936500781,2.723583
0.051602543889468555,2.723364
0.051662968413929276,2.723442
0.05172339293839002,2.723236
0.051783817462850754,2.723074
0.051844241987311496,2.72298
0.051904666511772224,2.722942
0.051965091036232966,2.722711
0.0520255155606937,2.72331
0.052085940085154436,2.722841
0.05214636460961517,2.723065
0.052206789134075914,2.723326
0.05226721365853664,2.723348
0.05232763818299738,2.723072
0.05238806270745811,2.723268
0.052448487231918854,2.723055
0.05250891175637958,2.722748
0.052569336280840324,2.722993
0.05262976080530106,2.722332
0.0526901853297618,2.722576
0.05275060985422252,2.722866
0.052811034378683265,2.722661
0.052871458903144,2.72284
0.052931883427604735,2.722889
0.05299230795206547,2.72242
0.05305273247652621,2.7224
0.05311315700098696,2.722503
0.05317358152544768,2.722362
0.05323400604990842,2.722366
0.05329443057436916,2.722466
0.05335485509882991,2.721984
0.053415279623290624,2.721724
0.053475704147751366,2.721903
0.0535361286722121,2.721997
0.053596553196672836,2.721735
0.05365697772113357,2.721713
0.05371740224559431,2.721579
0.05377782677005505,2.721777
0.05383825129451578,2.722038
0.05389867581897651,2.721651
0.053959100343437254,2.721615
0.05401952486789798,2.721619
0.054079949392358724,2.721453
0.05414037391681946,2.721084
0.0542007984412802,2.721522
0.05426122296574093,2.721545
0.05432164749020167,2.721361
0.05438207201466241,2.721583
0.054442496539123135,2.72102
0.05450292106358387,2.7208
0.05456334558804461,2.721331
0.05462377011250535,2.721101
0.05468419463696608,2.721112
0.05474461916142682,2.721797
0.05480504368588756,2.721146
0.054865468210348295,2.721124
0.05492589273480903,2.721137
0.05498631725926976,2.720777
0.0550467417837305,2.72077
0.05510716630819123,2.721049
0.05516759083265197,2.720968
0.055228015357112706,2.720795
0.05528843988157345,2.720964
0.055348864406034176,2.720739
0.05540928893049492,2.720855
0.05546971345495567,2.7212
0.05553013797941638,2.720731
0.05559056250387712,2.720856
0.05565098702833786,2.721062
0.055711411552798615,2.720834
0.05577183607725933,2.720526
0.05583226060172007,2.7205
0.055892685126180806,2.719955
0.05595310965064154,2.720037
0.05601353417510228,2.720375
0.05607395869956302,2.720226
0.05613438322402375,2.720097
0.05619480774848448,2.720176
0.05625523227294522,2.720117
0.05631565679740596,2.71997
0.056376081321866695,2.719914
0.05643650584632743,2.719788
0.056496930370788165,2.719825
0.056557354895248914,2.720104
0.05661777941970963,2.719948
0.05667820394417037,2.719548
0.056738628468631105,2.719625
0.05679905299309186,2.719533
0.056859477517552576,2.719449
0.05691990204201332,2.719241
0.05698032656647405,2.718881
0.05704075109093479,2.719028
0.05710117561539552,2.71958
0.057161600139856265,2.719142
0.057222024664316994,2.718976
0.05728244918877773,2.719337
0.057342873713238464,2.718711
0.057403298237699206,2.718773
0.057463722762159934,2.719383
0.057524147286620676,2.719212
0.05758457181108141,2.719104
0.057644996335542154,2.719291
0.057705420860002875,2.719184
0.05776584538446362,2.719126
0.05782626990892435,2.718947
0.05788669443338509,2.718958
0.05794711895784582,2.718962
0.058007543482306564,2.719166
0.05806796800676731,2.718743
0.058128392531228035,2.71865
0.05818881705568878,2.718733
0.05824924158014951,2.71883
0.05830966610461026,2.71893
0.058370090629070975,2.718881
0.05843051515353172,2.718554
0.05849093967799245,2.718215
0.05855136420245319,2.718924
0.05861178872691392,2.7186
0.058672213251374665,2.718669
0.0587326377758354,2.719049
0.058793062300296135,2.71852
0.058853486824756863,2.718649
0.05891391134921762,2.718832
0.058974335873678334,2.718343
0.059034760398139076,2.718096
0.05909518492259981,2.718299
0.05915560944706056,2.717938
0.05921603397152128,2.717829
0.05927645849598202,2.717963
0.05933688302044276,2.717747
0.05939730754490349,2.717524
0.05945773206936422,2.717747
0.059518156593824964,2.717534
0.0595785811182857,2.718024
0.059639005642746434,2.717986
0.05969943016720717,2.717766
0.05975985469166791,2.717973
0.05982027921612865,2.718243
0.05988070374058938,2.717786
0.05994112826505011,2.717806
0.06000155278951085,2.717966
0.06006197731397158,2.717521
0.06012240183843232,2.717324
0.06018282636289306,2.717422
0.06024325088735381,2.716951
0.06030367541181453,2.716921
0.06036409993627527,2.717361
0.06042452446073602,2.717063
0.06048494898519673,2.717222
0.06054537350965747,2.717439
0.06060579803411821,2.717056
0.06066622255857897,2.716943
0.06072664708303968,2.717148
0.06078707160750042,2.71694
0.06084749613196116,2.716946
0.06090792065642189,2.717115
0.06096834518088263,2.716969
0.06102876970534338,2.716877
0.0610891942298041,2.717333
0.061149618754264834,2.717042
0.06121004327872557,2.716912
0.06127046780318632,2.717644
0.061330892327647046,2.717281
0.06139131685210778,2.717252
0.06145174137656852,2.717247
0.061512165901029266,2.716985
0.06157259042548998,2.717126
0.06163301494995072,2.716984
0.06169343947441146,2.716756
0.06175386399887221,2.716599
0.06181428852333293,2.716865
0.06187471304779367,2.716333
0.061935137572254405,2.716222
0.06199556209671514,2.716663
0.062055986621175875,2.71622
0.06211641114563662,2.71619
0.062176835670097345,2.71665
0.06223726019455808,2.716707
0.062297684719018816,2.716672
0.06235810924347956,2.71697
0.062418533767940286,2.716318
0.06247895829240103,2.716397
0.06253938281686176,2.716715
0.0625998073413225,2.716459
0.06266023186578323,2.716379
0.06272065639024398,2.716533
0.06278108091470472,2.716176
0.06284150543916546,2.715747
0.06290192996362617,2.716044
0.06296235448808692,2.715791
0.06302277901254767,2.715912
0.06308320353700839,2.716218
0.06314362806146913,2.715764
0.06320405258592986,2.715574
0.06326447711039061,2.715824
0.06332490163485133,2.715713
0.06338532615931208,2.715657
0.06344575068377281,2.71614
0.06350617520823354,2.715931
0.06356659973269427,2.715726
0.06362702425715502,2.71581
0.06368744878161575,2.71571
0.06374787330607648,2.715533
0.06380829783053722,2.715676
0.06386872235499796,2.715039
0.06392914687945869,2.71516
0.06398957140391943,2.715325
0.06404999592838016,2.715129
0.06411042045284092,2.715021
0.06417084497730163,2.71501
0.06423126950176238,2.714947
0.0642916940262231,2.715128
0.06435211855068386,2.715574
0.06441254307514457,2.715116
0.06447296759960532,2.715043
0.06453339212406606,2.715339
0.06459381664852679,2.714989
0.06465424117298751,2.714953
0.06471466569744827,2.71493
0.064775090221909,2.714839
0.06483551474636973,2.714792
0.06489593927083047,2.715076
0.06495636379529121,2.715049
0.06501678831975194,2.715022
0.06507721284421268,2.715062
0.06513763736867341,2.714744
0.06519806189313417,2.714746
0.06525848641759488,2.715018
0.06531891094205562,2.714476
0.06537933546651638,2.714944
0.06543975999097709,2.714987
0.06550018451543783,2.714763
0.06556060903989856,2.714528
0.06562103356435932,2.715044
0.06568145808882003,2.714656
0.06574188261328079,2.714796
0.0658023071377415,2.714848
0.06586273166220226,2.714567
0.06592315618666297,2.714603
0.06598358071112373,2.714921
0.06604400523558446,2.714684
0.06610442976004519,2.714786
0.06616485428450593,2.714695
0.06622527880896667,2.714174
0.06628570333342741,2.71425
0.06634612785788813,2.714611
0.06640655238234887,2.714004
0.06646697690680961,2.713946
0.06652740143127034,2.713905
0.06658782595573108,2.714117
0.06664825048019181,2.714211
0.06670867500465257,2.714354
0.06676909952911328,2.714187
0.06682952405357402,2.713966
0.06688994857803475,2.714136
0.06695037310249549,2.713809
0.06701079762695622,2.713831
0.06707122215141698,2.714203
0.0671316466758777,2.714204
0.06719207120033843,2.713988
0.06725249572479917,2.714154
0.06731292024925992,2.713824
0.06737334477372063,2.714022
0.06743376929818137,2.714011
0.06749419382264212,2.71367
0.06755461834710286,2.713765
0.06761504287156359,2.714136
0.06767546739602433,2.713659
0.06773589192048507,2.713496
0.06779631644494581,2.713705
0.06785674096940653,2.713621
0.06791716549386727,2.713555
0.06797759001832802,2.713669
0.06803801454278874,2.71331
0.06809843906724948,2.713466
0.06815886359171021,2.713729
0.06821928811617096,2.713481
0.06827971264063168,2.713526
0.06834013716509243,2.713663
0.06840056168955316,2.713153
0.06846098621401389,2.713095
0.06852141073847462,2.713413
0.06858183526293538,2.713128
0.0686422597873961,2.713243
0.06870268431185683,2.713434
0.06876310883631757,2.713023
0.06882353336077832,2.713115
0.06888395788523904,2.713352
0.06894438240969979,2.713134
0.06900480693416051,2.713527
0.06906523145862127,2.713809
0.06912565598308199,2.713148
0.06918608050754273,2.712996
0.06924650503200346,2.713075
0.06930692955646421,2.712863
0.06936735408092493,2.712526
0.06942777860538568,2.713317
0.06948820312984641,2.712791
0.06954862765430714,2.712602
0.06960905217876787,2.712648
0.06966947670322862,2.712776
0.06972990122768935,2.71289
0.06979032575215008,2.712908
0.06985075027661082,2.712621
0.06991117480107156,2.712617
0.06997159932553229,2.712891
0.07003202384999303,2.712601
0.07009244837445378,2.7126
0.07015287289891452,2.712598
0.07021329742337523,2.712216
0.07027372194783597,2.712453
0.07033414647229673,2.712528
0.07039457099675744,2.712048
0.07045499552121819,2.712058
0.07051542004567891,2.712327
0.07057584457013967,2.712153
0.07063626909460038,2.712304
0.07069669361906114,2.712452
0.07075711814352187,2.71226
0.07081754266798261,2.712206
0.07087796719244333,2.712314
0.07093839171690408,2.711994
0.07099881624136481,2.712327
0.07105924076582554,2.712404
0.07111966529028628,2.712016
0.07118008981474702,2.712005
0.07124051433920776,2.712416
0.07130093886366848,2.712255
0.07136136338812922,2.712108
0.07142178791258998,2.712117
0.07148221243705069,2.711833
0.07154263696151143,2.711943
0.07160306148597216,2.712047
0.07166348601043292,2.711823
0.07172391053489363,2.711466
0.07178433505935439,2.711892
0.0718447595838151,2.711632
0.07190518410827584,2.711578
0.07196560863273657,2.711942
0.07202603315719733,2.711899
0.07208645768165806,2.711954
0.07214688220611878,2.712215
0.07220730673057953,2.711711
0.07226773125504027,2.711954
0.07232815577950101,2.712113
0.07238858030396172,2.712026
0.07244900482842247,2.712082
0.07250942935288322,2.712289
0.07256985387734394,2.71211
0.07263027840180468,2.712051
0.07269070292626542,2.711972
0.07275112745072616,2.711478
0.07281155197518689,2.711701
0.07287197649964762,2.711624
0.07293240102410838,2.711259
0.07299282554856909,2.711546
0.07305325007302985,2.711886
0.07311367459749057,2.711704
0.07317409912195132,2.711514
0.07323452364641203,2.711554
0.07329494817087279,2.711466
0.07335537269533352,2.711538
0.07341579721979424,2.711807
0.07347622174425497,2.711713
0.07353664626871573,2.711285
0.07359707079317647,2.711384
0.0736574953176372,2.711293
0.07371791984209793,2.711489
0.07377834436655867,2.711685
0.07383876889101941,2.71126
0.07389919341548014,2.711471
0.07395961793994087,2.711756
0.07402004246440162,2.711502
0.07408046698886234,2.711521
0.07414089151332309,2.711953
0.07420131603778381,2.71153
0.07426174056224456,2.711221
0.07432216508670528,2.711601
0.07438258961116602,2.711435
0.07444301413562676,2.711507
0.07450343866008749,2.711584
0.07456386318454822,2.711032
0.07462428770900897,2.710976
0.07468471223346972,2.71106
0.07474513675793044,2.711036
0.07480556128239117,2.71103
0.07486598580685191,2.71102
0.07492641033131264,2.710504
0.07498683485577338,2.710221
0.07504725938023413,2.710673
0.07510768390469487,2.710802
0.07516810842915558,2.711046
0.07522853295361634,2.711693
0.07528895747807707,2.711287
0.0753493820025378,2.710719
0.07540980652699854,2.711047
0.07547023105145927,2.710854
0.07553065557592002,2.710754
0.07559108010038074,2.71118
0.07565150462484149,2.710855
0.07571192914930222,2.710587
0.07577235367376296,2.710992
0.07583277819822369,2.710859
0.07589320272268442,2.710907
0.07595362724714516,2.710848
0.07601405177160589,2.710431
0.07607447629606663,2.710537
0.07613490082052737,2.71107
0.07619532534498812,2.710339
0.07625574986944884,2.710224
0.07631617439390959,2.710728
0.07637659891837031,2.710282
0.07643702344283104,2.710397
0.07649744796729178,2.710858
0.07655787249175251,2.710569
0.07661829701621327,2.710267
0.07667872154067398,2.710635
0.07673914606513474,2.71053
0.07679957058959547,2.710633
0.07685999511405621,2.71116
0.07692041963851694,2.710845
0.07698084416297767,2.710593
0.07704126868743841,2.710692
0.07710169321189914,2.71015
0.07716211773635988,2.710397
0.07722254226082062,2.710631
0.07728296678528136,2.710557
0.07734339130974209,2.710479
0.07740381583420283,2.710795
0.07746424035866356,2.710557
0.07752466488312429,2.710359
0.07758508940758503,2.710524
0.07764551393204577,2.709989
0.07770593845650652,2.710113
0.07776636298096724,2.71049
0.07782678750542799,2.710328
0.07788721202988871,2.71019
0.07794763655434946,2.710377
0.07800806107881018,2.710218
0.07806848560327091,2.71001
0.07812891012773167,2.710215
0.07818933465219238,2.710543
0.07824975917665314,2.710418
0.07831018370111387,2.710603
0.07837060822557461,2.710449
0.07843103275003534,2.710281
0.07849145727449608,2.710397
0.07855188179895681,2.710089
0.07861230632341754,2.710109
0.07867273084787828,2.710048
0.07873315537233902,2.709785
0.07879357989679976,2.710145
0.07885400442126049,2.710479
0.07891442894572123,2.710191
0.07897485347018196,2.710048
0.0790352779946427,2.710356
0.07909570251910343,2.710295
0.07915612704356416,2.710375
0.07921655156802491,2.710406
0.07927697609248563,2.709988
0.07933740061694639,2.710244
0.07939782514140711,2.710564
0.07945824966586786,2.710084
0.07951867419032858,2.710117
0.07957909871478933,2.710443
0.07963952323925007,2.709846
0.07969994776371078,2.710092
0.07976037228817152,2.710159
0.07982079681263227,2.709919
0.079881221337093,2.709955
0.07994164586155374,2.710253
0.08000207038601448,2.709616
0.08006249491047521,2.710072
0.08012291943493595,2.710127
0.08018334395939668,2.709782
0.08024376848385743,2.709598
0.08030419300831816,2.709919
0.08036461753277889,2.709567
0.08042504205723963,2.70979
0.08048546658170036,2.710092
0.0805458911061611,2.709773
0.08060631563062183,2.709768
0.08066674015508257,2.70967
0.08072716467954331,2.709486
0.08078758920400403,2.70991
0.08084801372846478,2.710085
0.08090843825292551,2.709533
0.08096886277738626,2.709667
0.08102928730184698,2.709676
0.08108971182630773,2.709309
0.08115013635076845,2.709434
0.0812105608752292,2.709669
0.08127098539968992,2.709339
0.08133140992415068,2.7094
0.0813918344486114,2.709719
0.08145225897307214,2.709475
0.08151268349753288,2.70943
0.0815731080219936,2.70981
0.08163353254645435,2.709503
0.08169395707091508,2.709676
0.0817543815953758,2.710006
0.08181480611983656,2.709725
0.08187523064429728,2.709266
0.08193565516875803,2.709522
0.08199607969321876,2.709223
0.0820565042176795,2.709399
0.08211692874214023,2.709816
0.08217735326660097,2.70948
0.08223777779106171,2.709444
0.08229820231552243,2.709697
0.08235862683998318,2.709597
0.08241905136444393,2.70973
0.08247947588890464,2.709686
0.08253990041336538,2.709432
0.08260032493782613,2.709519
0.08266074946228685,2.709696
0.0827211739867476,2.709446
0.08278159851120832,2.709739
0.08284202303566908,2.709867
0.0829024475601298,2.7097
0.08296287208459055,2.709607
0.08302329660905128,2.709577
0.083083721133512,2.709595
0.08314414565797275,2.709805
0.08320457018243348,2.709886
0.08326499470689422,2.709653
0.08332541923135496,2.709715
0.08338584375581568,2.70976
0.08344626828027643,2.709527
0.08350669280473717,2.70987
0.0835671173291979,2.709919
0.08362754185365863,2.709598
0.08368796637811937,2.709576
0.0837483909025801,2.70963
0.08380881542704084,2.709388
0.08386923995150157,2.709831
0.08392966447596233,2.709836
0.08399008900042304,2.709578
0.0840505135248838,2.709596
0.08411093804934452,2.70953
0.08417136257380525,2.709446
0.084231787098266,2.709325
0.08429221162272672,2.709698
0.08435263614718747,2.709319
0.0844130606716482,2.7096
0.08447348519610892,2.709791
0.08453390972056968,2.709791
0.08459433424503042,2.709587
0.08465475876949115,2.709471
0.08471518329395188,2.709255
0.08477560781841262,2.709407
0.08483603234287335,2.70972
0.08489645686733409,2.709557
0.08495688139179483,2.709476
0.08501730591625557,2.709364
0.0850777304407163,2.70927
0.08513815496517704,2.709818
0.08519857948963777,2.709788
0.0852590040140985,2.709845
0.08531942853855924,2.70954
0.08537985306301997,2.70944
0.08544027758748073,2.709151
0.08550070211194144,2.709089
0.0855611266364022,2.7094
0.08562155116086292,2.70932
0.08568197568532367,2.70932
0.0857424002097844,2.709025
0.08580282473424512,2.708944
0.08586324925870586,2.708944
0.0859236737831666,2.709285
0.08598409830762734,2.709356
0.08604452283208808,2.709584
0.08610494735654882,2.70966
0.08616537188100955,2.709903
0.08622579640547029,2.709893
0.08628622092993102,2.709672
0.08634664545439175,2.709124
0.08640706997885249,2.709513
0.08646749450331322,2.709664
0.08652791902777397,2.709532
0.08658834355223469,2.709457
0.08664876807669544,2.709491
0.08670919260115617,2.709448
0.08676961712561691,2.709585
0.08683004165007764,2.709449
0.08689046617453837,2.709276
0.08695089069899913,2.708889
0.08701131522345984,2.708914
0.08707173974792058,2.709049
0.08713216427238132,2.709177
0.08719258879684207,2.708948
0.0872530133213028,2.708717
0.08731343784576354,2.709387
0.08737386237022426,2.709179
0.08743428689468499,2.709271
0.08749471141914573,2.709301
0.08755513594360646,2.709049
0.08761556046806722,2.709039
0.08767598499252793,2.709254
0.08773640951698869,2.709233
0.08779683404144942,2.709163
0.08785725856591016,2.709557
0.08791768309037089,2.70917
0.08797810761483162,2.708969
0.08803853213929236,2.70904
0.08809895666375309,2.7092
0.08815938118821383,2.708891
0.08821980571267457,2.708965
0.08828023023713531,2.708791
0.08834065476159604,2.708926
0.08840107928605678,2.70925
0.08846150381051751,2.709155
0.08852192833497824,2.708889
0.08858235285943898,2.709613
0.08864277738389971,2.70936
0.08870320190836047,2.709029
0.08876362643282118,2.709416
0.08882405095728194,2.709057
0.08888447548174266,2.708778
0.0889449000062034,2.708971
0.08900532453066413,2.709274
0.08906574905512486,2.709327
0.0891261735795856,2.709469
0.08918659810404633,2.709129
0.08924702262850708,2.709027
0.08930744715296782,2.708887
0.08936787167742853,2.708969
0.08942829620188929,2.708827
0.08948872072635003,2.708921
0.08954914525081076,2.708519
0.08960956977527149,2.708758
0.08966999429973223,2.709274
0.08973041882419297,2.709057
0.08979084334865371,2.709232
0.08985126787311444,2.709432
0.08991169239757518,2.709122
0.08997211692203591,2.708982
0.09003254144649665,2.70915
0.09009296597095738,2.709138
0.09015339049541811,2.709126
0.09021381501987887,2.709142
0.09027423954433958,2.708908
0.09033466406880034,2.709085
0.09039508859326106,2.709279
0.0904555131177218,2.709533
0.09051593764218253,2.70922
0.09057636216664328,2.709447
0.090636786691104,2.709028
0.09069721121556473,2.708605
0.09075763574002547,2.709474
0.09081806026448622,2.709024
0.09087848478894694,2.708933
0.09093890931340769,2.709123
0.09099933383786843,2.709296
0.09105975836232916,2.709285
0.0911201828867899,2.709047
0.09118060741125063,2.708708
0.09124103193571136,2.708976
0.09130145646017211,2.70939
0.09136188098463283,2.708745
0.09142230550909358,2.708983
0.09148273003355431,2.709262
0.09154315455801505,2.709055
0.09160357908247578,2.708915
0.09166400360693652,2.708964
0.09172442813139726,2.709007
0.09178485265585798,2.709128
0.09184527718031872,2.709548
0.09190570170477946,2.709269
0.09196612622924019,2.709177
0.09202655075370093,2.70932
0.09208697527816168,2.708661
0.0921473998026224,2.708505
0.09220782432708315,2.708692
0.09226824885154387,2.70831
0.09232867337600463,2.708346
0.09238909790046534,2.708831
0.09244952242492609,2.708547
0.09250994694938683,2.708501
0.09257037147384756,2.708677
0.0926307959983083,2.708332
0.09269122052276903,2.708622
0.09275164504722977,2.708807
0.09281206957169051,2.708712
0.09287249409615123,2.708896
0.09293291862061198,2.709247
0.09299334314507271,2.708835
0.09305376766953345,2.708976
0.09311419219399418,2.709357
0.09317461671845492,2.708798
0.09323504124291565,2.708552
0.09329546576737639,2.708689
0.09335589029183712,2.708688
0.09341631481629788,2.708312
0.09347673934075859,2.708736
0.09353716386521933,2.70862
0.09359758838968008,2.708592
0.0936580129141408,2.709004
0.09371843743860155,2.708545
0.09377886196306227,2.708653
0.09383928648752302,2.708717
0.09389971101198374,2.708384
0.09396013553644447,2.708558
0.09402056006090523,2.708364
0.09408098458536596,2.708169
0.0941414091098267,2.708528
0.09420183363428743,2.708692
0.09426225815874817,2.70835
0.0943226826832089,2.708224
0.09438310720766964,2.70855
0.09444353173213038,2.708316
0.09450395625659112,2.708236
0.09456438078105185,2.708475
0.09462480530551258,2.708243
0.09468522982997332,2.708525
0.09474565435443405,2.708671
0.09480607887889479,2.708371
0.09486650340335552,2.708228
0.09492692792781628,2.708554
0.09498735245227699,2.708045
0.09504777697673775,2.708298
0.09510820150119847,2.708497
0.0951686260256592,2.708218
0.09522905055011995,2.708071
0.09528947507458067,2.708406
0.09534989959904142,2.708178
0.09541032412350214,2.708119
0.09547074864796289,2.708406
0.09553117317242363,2.708183
0.09559159769688437,2.708112
0.0956520222213451,2.708486
0.09571244674580583,2.70822
0.09577287127026657,2.708363
0.0958332957947273,2.708677
0.09589372031918804,2.708287
0.09595414484364877,2.708325
0.09601456936810952,2.708504
0.09607499389257024,2.708143
0.096135418417031,2.707939
0.09619584294149172,2.708584
0.09625626746595245,2.708141
0.09631669199041319,2.708006
0.09637711651487392,2.70842
0.09643754103933466,2.708171
0.09649796556379539,2.708427
0.09655839008825613,2.708821
0.09661881461271687,2.70846
0.09667923913717762,2.708495
0.09673966366163834,2.708616
0.09680008818609907,2.708316
0.09686051271055982,2.708269
0.09692093723502054,2.7088
0.09698136175948129,2.708571
0.09704178628394203,2.708353
0.09710221080840277,2.708634
0.0971626353328635,2.708291
0.09722305985732424,2.708192
0.09728348438178497,2.708817
0.0973439089062457,2.708354
0.09740433343070644,2.708552
0.09746475795516717,2.708864
0.09752518247962792,2.70857
0.09758560700408864,2.708445
0.09764603152854939,2.708586
0.09770645605301012,2.708416
0.09776688057747086,2.708476
0.09782730510193159,2.70889
0.09788772962639232,2.708399
0.09794815415085306,2.708073
0.09800857867531379,2.708434
0.09806900319977453,2.708119
0.09812942772423527,2.707964
0.09818985224869602,2.708202
0.09825027677315674,2.707933
0.09831070129761749,2.70817
0.09837112582207821,2.708517
0.09843155034653894,2.708287
0.09849197487099969,2.708187
0.09855239939546041,2.708353
0.09861282391992117,2.708156
0.09867324844438188,2.707945
0.09873367296884264,2.708421
0.09879409749330337,2.708294
0.09885452201776411,2.708301
0.09891494654222484,2.708604
0.09897537106668557,2.707952
0.09903579559114631,2.707979
0.09909622011560704,2.708354
0.09915664464006778,2.708261
0.09921706916452852,2.708241
0.09927749368898926,2.708432
0.09933791821344999,2.708088
0.0993983427379107,2.708128
0.09945876726237146,2.708314
0.09951919178683219,2.708008
0.09957961631129293,2.708005
0.09964004083575367,2.708511
0.09970046536021442,2.708139
0.09976088988467514,2.707807
0.09982131440913587,2.708552
0.09988173893359661,2.708312
0.09994216345805736,2.708385
0.10000258798251808,2.708445
0.10006301250697881,2.708187
0.10012343703143957,2.708468
0.1001838615559003,2.708694
0.10024428608036104,2.708418
0.10030471060482175,2.708385
0.10036513512928251,2.70853
0.10042555965374324,2.707975
0.10048598417820398,2.708203
0.10054640870266471,2.708648
0.10060683322712546,2.708254
0.10066725775158619,2.708124
0.1007276822760469,2.708641
0.10078810680050765,2.708302
0.10084853132496839,2.708239
0.10090895584942913,2.708444
0.10096938037388986,2.708399
0.1010298048983506,2.708344
0.10109022942281135,2.708366
0.10115065394727206,2.708262
0.1012110784717328,2.708165
0.10127150299619353,2.708501
0.10133192752065429,2.70845
0.10139235204511501,2.708356
0.10145277656957576,2.708654
0.10151320109403653,2.708159
0.10157362561849723,2.708065
0.10163405014295795,2.708308
0.10169447466741868,2.708038
0.10175489919187944,2.708314
0.10181532371634017,2.708269
0.10187574824080091,2.707972
0.10193617276526164,2.708154
0.10199659728972237,2.708323
0.10205702181418311,2.707914
0.10211744633864385,2.707872
0.10217787086310458,2.708414
0.10223829538756533,2.708083
0.10229871991202606,2.707956
0.10235914443648679,2.708521
0.10241956896094752,2.708254
0.10247999348540826,2.708258
0.102540418009869,2.708547
0.10260084253432973,2.708188
0.10266126705879047,2.708192
0.10272169158325122,2.708013
0.10278211610771196,2.70804
0.10284254063217267,2.708094
0.1029029651566334,2.708493
0.10296338968109416,2.70792
0.10302381420555488,2.708041
0.10308423873001563,2.708281
0.10314466325447635,2.708353
0.10320508777893711,2.707832
0.10326551230339784,2.708369
0.10332593682785855,2.708412
0.1033863613523193,2.708188
0.10344678587678004,2.708157
0.10350721040124078,2.708124
0.10356763492570151,2.708434
0.10362805945016228,2.708494
0.10368848397462299,2.708169
0.10374890849908372,2.708044
0.10380933302354445,2.708394
0.10386975754800518,2.707901
0.10393018207246593,2.707642
0.10399060659692666,2.707897
0.1040510311213874,2.707591
0.10411145564584817,2.70753
0.10417188017030887,2.707657
0.1042323046947696,2.707792
0.10429272921923034,2.707711
0.10435315374369108,2.708346
0.10441357826815183,2.707999
0.10447400279261256,2.708141
0.10453442731707328,2.708512
0.10459485184153403,2.708018
0.10465527636599475,2.708029
0.1047157008904555,2.708285
0.10477612541491622,2.707971
0.10483654993937698,2.708206
0.10489697446383771,2.70863
0.10495739898829845,2.708387
0.10501782351275916,2.708193
0.1050782480372199,2.708533
0.10513867256168065,2.707989
0.10519909708614138,2.708161
0.10525952161060212,2.70821
0.10531994613506286,2.708413
0.1053803706595236,2.708073
0.10544079518398432,2.708289
0.10550121970844505,2.707997
0.1055616442329058,2.70786
0.10562206875736653,2.708226
0.10568249328182727,2.707753
0.105742917806288,2.707943
0.10580334233074876,2.708292
0.10586376685520947,2.708008
0.10592419137967021,2.707924
0.10598461590413094,2.708067
0.1060450404285917,2.708109
0.10610546495305243,2.708358
0.10616588947751315,2.708568
0.10622631400197392,2.708167
0.10628673852643462,2.708323
0.10634716305089537,2.708685
0.1064075875753561,2.708354
0.10646801209981684,2.708434
0.10652843662427758,2.708409
0.10658886114873832,2.708255
0.10664928567319905,2.708205
0.10670971019765982,2.708773
0.10677013472212052,2.708817
0.10683055924658125,2.708608
0.10689098377104199,2.708954
0.10695140829550273,2.70885
0.10701183281996347,2.708874
0.1070722573444242,2.708966
0.10713268186888494,2.708557
0.10719310639334567,2.708861
0.1072535309178064,2.709136
0.10731395544226714,2.708598
0.10737437996672787,2.708626
0.10743480449118863,2.708871
0.10749522901564935,2.708417
0.1075556535401101,2.708597
0.10761607806457081,2.708946
0.10767650258903157,2.708592
0.1077369271134923,2.708343
0.10779735163795302,2.708567
0.10785777616241377,2.708613
0.10791820068687451,2.708225
0.10797862521133525,2.708793
0.10803904973579596,2.708535
0.1080994742602567,2.708483
0.10815989878471745,2.70879
0.10822032330917819,2.708421
0.10828074783363892,2.708192
0.10834117235809965,2.708856
0.1084015968825604,2.708433
0.10846202140702112,2.708263
0.10852244593148186,2.708404
0.10858287045594259,2.708107
0.10864329498040334,2.708445
0.10870371950486407,2.708551
0.10876414402932481,2.708232
0.10882456855378557,2.708315
0.10888499307824627,2.708809
0.10894541760270701,2.708221
0.10900584212716774,2.708651
0.1090662666516285,2.708915
0.10912669117608922,2.708556
0.10918711570054997,2.708899
0.1092475402250107,2.708914
0.10930796474947141,2.708681
0.10936838927393217,2.70856
0.1094288137983929,2.708731
0.10948923832285364,2.708584
0.10954966284731438,2.708392
0.10961008737177512,2.70859
0.10967051189623585,2.707955
0.10973093642069659,2.708231
0.10979136094515732,2.708872
0.10985178546961806,2.708526
0.10991220999407879,2.708558
0.10997263451853952,2.708608
0.11003305904300027,2.708313
0.110093483567461,2.708741
0.11015390809192174,2.70885
0.11021433261638246,2.708138
0.11027475714084321,2.708191
0.11033518166530394,2.708267
0.11039560618976468,2.70837
0.11045603071422541,2.708236
0.11051645523868617,2.708517
0.1105768797631469,2.708164
0.11063730428760761,2.707908
0.11069772881206835,2.708072
0.1107581533365291,2.707812
0.11081857786098984,2.708028
0.11087900238545056,2.708348
0.11093942690991133,2.707815
0.11099985143437206,2.708197
0.11106027595883276,2.708698
0.1111207004832935,2.708387
0.11118112500775423,2.708587
0.11124154953221499,2.708492
0.11130197405667572,2.70808
0.11136239858113646,2.708185
0.11142282310559723,2.707918
0.11148324763005793,2.707882
0.11154367215451866,2.707894
0.11160409667897939,2.708157
0.11166452120344014,2.707826
0.11172494572790087,2.707883
0.11178537025236161,2.708276
0.11184579477682234,2.707668
0.11190621930128308,2.707923
0.11196664382574381,2.708421
0.11202706835020455,2.707895
0.11208749287466528,2.708202
0.11214791739912604,2.708503
0.11220834192358677,2.708259
0.1122687664480475,2.708024
0.11232919097250822,2.708224
0.11238961549696896,2.708039
0.1124500400214297,2.708356
0.11251046454589043,2.708234
0.11257088907035118,2.708039
0.11263131359481192,2.707813
0.11269173811927266,2.707996
0.11275216264373339,2.707825
0.1128125871681941,2.707974
0.11287301169265486,2.708324
0.11293343621711559,2.708139
0.11299386074157633,2.708392
0.11305428526603706,2.708599
0.11311470979049783,2.708426
0.11317513431495854,2.708525
0.11323555883941926,2.708348
0.11329598336388,2.707998
0.11335640788834074,2.707969
0.11341683241280148,2.708473
0.11347725693726221,2.708093
0.11353768146172298,2.708142
0.11359810598618372,2.708532
0.11365853051064442,2.708129
0.11371895503510515,2.708024
0.11377937955956588,2.708196
0.11383980408402664,2.707717
0.11390022860848736,2.707948
0.1139606531329481,2.708365
0.11402107765740888,2.707796
0.11408150218186958,2.707762
0.1141419267063303,2.707961
0.11420235123079105,2.708043
0.11426277575525179,2.708144
0.11432320027971253,2.708364
0.11438362480417326,2.707898
0.11444404932863399,2.708041
0.11450447385309473,2.708281
0.11456489837755546,2.708082
0.1146253229020162,2.708057
0.11468574742647693,2.708198
0.11474617195093768,2.707822
0.11480659647539841,2.70797
0.11486702099985915,2.7084
0.11492744552431987,2.707626
0.11498787004878061,2.707882
0.11504829457324135,2.708029
0.11510871909770208,2.707679
0.11516914362216282,2.707934
0.11522956814662359,2.708167
0.11528999267108431,2.707879
0.11535041719554502,2.707839
0.11541084172000575,2.707978
0.1154712662444665,2.707992
0.11553169076892723,2.708097
0.11559211529338798,2.708027
0.1156525398178487,2.707705
0.11571296434230947,2.707553
0.11577338886677017,2.708264
0.11583381339123092,2.707716
0.11589423791569164,2.707551
0.1159546624401524,2.707994
0.11601508696461313,2.707787
0.11607551148907386,2.707917
0.11613593601353463,2.70815
0.11619636053799537,2.707862
0.11625678506245607,2.707674
0.1163172095869168,2.708135
0.11637763411137755,2.708105
0.11643805863583828,2.708034
0.11649848316029902,2.70793
0.11655890768475975,2.707632
0.11661933220922052,2.70771
0.11667975673368122,2.707912
0.11674018125814195,2.707736
0.11680060578260269,2.707785
0.11686103030706343,2.708154
0.11692145483152418,2.707739
0.1169818793559849,2.707863
0.11704230388044565,2.708241
0.11710272840490638,2.708263
0.1171631529293671,2.707786
0.11722357745382785,2.708095
0.11728400197828857,2.707983
0.11734442650274933,2.708003
0.11740485102721006,2.708129
0.1174652755516708,2.708119
0.11752570007613151,2.707999
0.11758612460059227,2.708388
0.117646549125053,2.708037
0.11770697364951373,2.708018
0.11776739817397447,2.708238
0.11782782269843524,2.707889
0.11788824722289595,2.70801
0.11794867174735667,2.708571
0.11800909627181741,2.708392
0.11806952079627815,2.708169
0.1181299453207389,2.70857
0.11819036984519962,2.708437
0.11825079436966039,2.708027
0.11831121889412112,2.708611
0.11837164341858182,2.708099
0.11843206794304256,2.708179
0.11849249246750329,2.708536
0.11855291699196405,2.708392
0.11861334151642478,2.708497
0.11867376604088552,2.708606
0.11873419056534627,2.708376
0.11879461508980697,2.708267
0.11885503961426772,2.708451
0.11891546413872844,2.70784
0.1189758886631892,2.707864
0.11903631318764993,2.708047
0.11909673771211067,2.707843
0.1191571622365714,2.708004
0.11921758676103217,2.708608
0.11927801128549287,2.708369
0.1193384358099536,2.708384
0.11939886033441434,2.708505
0.11945928485887508,2.708223
0.11951970938333582,2.708416
0.11958013390779655,2.708552
0.1196405584322573,2.708133
0.11970098295671802,2.708396
0.11976140748117876,2.708713
0.11982183200563949,2.708472
0.11988225653010022,2.708498
0.11994268105456099,2.708109
0.1200031055790217,2.707868
0.12006353010348245,2.707849
0.12012395462794316,2.707867
0.12018437915240392,2.707585
0.12024480367686464,2.707657
0.12030522820132539,2.708309
0.12036565272578612,2.70819
0.12042607725024689,2.708234
0.12048650177470761,2.708226
0.12054692629916831,2.707825
0.12060735082362906,2.708021
0.1206677753480898,2.70831
0.12072819987255054,2.708118
0.12078862439701127,2.708112
0.12084904892147204,2.708463
0.12090947344593277,2.708074
0.12096989797039347,2.708235
0.12103032249485421,2.708329
0.12109074701931494,2.70796
0.1211511715437757,2.707888
0.12121159606823642,2.708224
0.12127202059269716,2.708279
0.12133244511715793,2.708115
0.12139286964161863,2.708375
0.12145329416607936,2.707952
0.12151371869054009,2.707826
0.12157414321500085,2.708073
0.12163456773946157,2.708017
0.12169499226392232,2.708169
0.12175541678838304,2.708542
0.12181584131284379,2.708
0.12187626583730451,2.707666
0.12193669036176526,2.708122
0.12199711488622599,2.70797
0.12205753941068676,2.707988
0.12211796393514747,2.708111
0.1221783884596082,2.707807
0.12223881298406894,2.707905
0.12229923750852967,2.708301
0.12235966203299041,2.708196
0.12242008655745114,2.707963
0.12248051108191188,2.708502
0.12254093560637264,2.70799
0.12260136013083336,2.708272
0.12266178465529409,2.708251
0.12272220917975481,2.707663
0.12278263370421556,2.707749
0.12284305822867629,2.708248
0.12290348275313703,2.70788
0.12296390727759776,2.708159
0.12302433180205853,2.708691
0.12308475632651926,2.708437
0.12314518085097996,2.708239
0.1232056053754407,2.708396
0.12326602989990144,2.708101
0.12332645442436219,2.708177
0.12338687894882291,2.708261
0.12344730347328368,2.708025
0.12350772799774443,2.707867
0.12356815252220513,2.707922
0.12362857704666586,2.707749
0.12368900157112661,2.707668
0.12374942609558734,2.707976
0.12380985062004807,2.707875
0.12387027514450881,2.707814
0.12393069966896958,2.707979
0.12399112419343028,2.708045
0.12405154871789101,2.707812
0.12411197324235175,2.708001
0.1241723977668125,2.707815
0.12423282229127323,2.7081
0.12429324681573396,2.708535
0.12435367134019469,2.708219
0.12441409586465543,2.708134
0.12447452038911616,2.708205
0.1245349449135769,2.707878
0.12459536943803763,2.708119
0.1246557939624984,2.708447
0.12471621848695912,2.708078
0.12477664301141986,2.707867
0.12483706753588057,2.70815
0.12489749206034131,2.708171
0.12495791658480206,2.707677
0.1250183411092628,2.707733
0.12507876563372353,2.707459
0.12513919015818428,2.707775
0.125199614682645,2.708042
0.12526003920710574,2.70835
0.12532046373156647,2.708137
0.12538088825602722,2.708483
0.12544131278048795,2.707969
0.12550173730494868,2.70791
0.12556216182940944,2.708112
0.1256225863538702,2.707887
0.12568301087833092,2.707672
0.12574343540279162,2.708364
0.12580385992725235,2.7085
0.1258642844517131,2.708208
0.12592470897617383,2.708488
0.12598513350063456,2.708053
0.12604555802509534,2.708141
0.12610598254955607,2.708342
0.12616640707401677,2.708034
0.1262268315984775,2.708359
0.12628725612293826,2.70843
0.12634768064739899,2.708182
0.1264081051718597,2.708068
0.12646852969632047,2.708148
0.12652895422078123,2.708017
0.12658937874524193,2.707913
0.12664980326970265,2.708113
0.12671022779416338,2.707989
0.12677065231862417,2.707944
0.12683107684308487,2.707841
0.12689150136754562,2.707775
0.12695192589200635,2.707992
0.12701235041646708,2.708199
0.1270727749409278,2.707639
0.12713319946538854,2.707778
0.1271936239898493,2.707881
0.12725404851431005,2.707906
0.12731447303877078,2.70794
0.1273748975632315,2.708479
0.12743532208769223,2.708259
0.12749574661215296,2.708244
0.12755617113661372,2.708226
0.12761659566107444,2.708014
0.12767702018553517,2.708061
0.12773744470999593,2.70812
0.12779786923445668,2.708078
0.12785829375891739,2.708365
0.1279187182833781,2.708473
0.12797914280783887,2.708472
0.1280395673322996,2.708226
0.12809999185676033,2.708458
0.12816041638122108,2.70822
0.12822084090568184,2.707933
0.12828126543014254,2.707828
0.12834168995460327,2.707872
0.128402114479064,2.708051
0.12846253900352475,2.708226
0.12852296352798548,2.708055
0.1285833880524462,2.708086
0.128643812576907,2.708137
0.12870423710136772,2.707897
0.12876466162582842,2.708302
0.12882508615028915,2.708128
0.12888551067474993,2.707996
0.12894593519921063,2.708095
0.12900635972367136,2.70823
0.12906678424813212,2.707992
0.12912720877259287,2.708137
0.12918763329705357,2.708124
0.1292480578215143,2.707769
0.12930848234597503,2.708123
0.1293689068704358,2.708074
0.12942933139489654,2.707861
0.12948975591935727,2.708077
0.129550180443818,2.708001
0.12961060496827873,2.707812
0.12967102949273945,2.70795
0.1297314540172002,2.707965
0.12979187854166094,2.707728
0.1298523030661217,2.708114
0.12991272759058242,2.708331
0.12997315211504315,2.708103
0.13003357663950388,2.708463
0.1300940011639646,2.708139
0.13015442568842536,2.707842
0.1302148502128861,2.70785
0.13027527473734682,2.708094
0.13033569926180757,2.707789
0.13039612378626833,2.707879
0.13045654831072903,2.707947
0.13051697283518976,2.708001
0.13057739735965052,2.708343
0.13063782188411124,2.707911
0.13069824640857197,2.707952
0.13075867093303276,2.70817
0.13081909545749348,2.707888
0.13087951998195418,2.707959
0.1309399445064149,2.708308
0.13100036903087567,2.708264
0.1310607935553364,2.708037
0.13112121807979712,2.708202
0.13118164260425785,2.708367
0.13124206712871864,2.708071
0.13130249165317934,2.708216
0.13136291617764007,2.708199
0.1314233407021008,2.707848
0.13148376522656158,2.707818
0.13154418975102228,2.708035
0.131604614275483,2.707855
0.13166503879994376,2.70786
0.13172546332440452,2.707777
0.13178588784886522,2.707817
0.13184631237332595,2.708226
0.1319067368977867,2.708136
0.13196716142224746,2.708057
0.1320275859467082,2.707957
0.13208801047116892,2.70769
0.13214843499562964,2.707533
0.13220885952009037,2.707966
0.1322692840445511,2.707904
0.13232970856901186,2.707646
0.13239013309347258,2.707696
0.13245055761793334,2.707612
0.13251098214239407,2.707852
0.13257140666685482,2.708038
0.13263183119131552,2.707864
0.13269225571577625,2.70804
0.132752680240237,2.708101
0.13281310476469774,2.707843
0.1328735292891585,2.708083
0.13293395381361922,2.708296
0.13299437833807998,2.708324
0.13305480286254068,2.708452
0.1331152273870014,2.708704
0.13317565191146216,2.70848
0.1332360764359229,2.708206
0.13329650096038362,2.708606
0.1333569254848444,2.708145
0.13341735000930513,2.708106
0.13347777453376583,2.708125
0.13353819905822656,2.708254
0.13359862358268731,2.708162
0.13365904810714804,2.708455
0.13371947263160877,2.708072
0.1337798971560695,2.708401
0.13384032168053028,2.708588
0.13390074620499098,2.708437
0.1339611707294517,2.708499
0.13402159525391244,2.708325
0.13408201977837322,2.708026
0.13414244430283395,2.708302
0.13420286882729468,2.708749
0.1342632933517554,2.708627
0.13432371787621614,2.70835
0.13438414240067686,2.708163
0.1344445669251376,2.708129
0.13450499144959835,2.708126
0.1345654159740591,2.708157
0.13462584049851983,2.708207
0.13468626502298056,2.708016
0.13474668954744126,2.708047
0.13480711407190202,2.708174
0.13486753859636275,2.70826
0.1349279631208235,2.708224
0.13498838764528423,2.70786
0.135048812169745,2.708005
0.13510923669420571,2.708203
0.13516966121866647,2.707981
0.13523008574312717,2.707767
0.13529051026758793,2.708006
0.13535093479204865,2.707764
0.13541135931650938,2.707537
0.13547178384097014,2.707897
0.1355322083654309,2.707905
0.13559263288989162,2.707994
0.13565305741435232,2.708195
0.13571348193881305,2.707803
0.1357739064632738,2.707731
0.13583433098773454,2.707906
0.13589475551219526,2.707837
0.13595518003665605,2.707947
0.13601560456111678,2.708465
0.13607602908557748,2.70816
0.1361364536100382,2.708332
0.13619687813449896,2.708449
0.13625730265895972,2.70808
0.13631772718342042,2.708154
0.13637815170788117,2.708316
0.13643857623234193,2.707803
0.13649900075680263,2.707805
0.13655942528126336,2.708086
0.1366198498057241,2.707978
0.13668027433018487,2.707944
0.1367406988546456,2.708298
0.13680112337910633,2.708216
0.13686154790356705,2.708117
0.13692197242802778,2.708354
0.1369823969524885,2.707731
0.13704282147694924,2.707634
0.13710324600141,2.707825
0.13716367052587075,2.707685
0.13722409505033148,2.707973
0.1372845195747922,2.708674
0.13734494409925294,2.708186
0.13740536862371366,2.708248
0.13746579314817442,2.708252
0.13752621767263515,2.707687
0.13758664219709588,2.708351
0.13764706672155663,2.708673
0.1377074912460174,2.7089
0.1377679157704781,2.708631
0.13782834029493882,2.708991
0.13788876481939957,2.70873
0.1379491893438603,2.708848
0.13800961386832103,2.709193
0.13807003839278179,2.708565
0.13813046291724254,2.708397
0.13819088744170327,2.708606
0.13825131196616397,2.708378
0.13831173649062473,2.708144
0.13837216101508545,2.708525
0.13843258553954618,2.708157
0.1384930100640069,2.708158
0.1385534345884677,2.708688
0.13861385911292842,2.708368
0.13867428363738912,2.708023
0.13873470816184985,2.70845
0.13879513268631063,2.70821
0.13885555721077136,2.708192
0.13891598173523206,2.708403
0.13897640625969282,2.708129
0.13903683078415358,2.707976
0.13909725530861428,2.708365
0.139157679833075,2.707956
0.13921810435753573,2.707897
0.13927852888199652,2.708208
0.13933895340645724,2.707927
0.13939937793091797,2.707837
0.1394598024553787,2.708134
0.13952022697983943,2.707968
0.13958065150430016,2.707934
0.1396410760287609,2.708269
0.13970150055322164,2.707849
0.1397619250776824,2.707804
0.13982234960214313,2.708238
0.13988277412660388,2.707589
0.13994319865106458,2.707649
0.1400036231755253,2.707787
0.14006404769998607,2.707603
0.1401244722244468,2.707989
0.14018489674890755,2.708184
0.14024532127336828,2.707957
0.14030574579782903,2.707703
0.14036617032228974,2.707845
0.14042659484675046,2.707816
0.14048701937121122,2.708051
0.14054744389567195,2.708096
0.14060786842013268,2.707799
0.14066829294459346,2.707864
0.1407287174690542,2.708091
0.1407891419935149,2.707768
0.14084956651797562,2.707732
0.14090999104243637,2.707859
0.14097041556689713,2.707573
0.14103084009135783,2.707611
0.14109126461581856,2.707643
0.14115168914027934,2.707645
0.14121211366474007,2.707953
0.14127253818920077,2.708333
0.1413329627136615,2.707726
0.14139338723812228,2.707688
0.141453811762583,2.707921
0.14151423628704374,2.707663
0.14157466081150447,2.707756
0.14163508533596522,2.708204
0.14169550986042592,2.707508
0.14175593438488665,2.707532
0.1418163589093474,2.707843
0.14187678343380816,2.707746
0.1419372079582689,2.707863
0.14199763248272962,2.707852
0.14205805700719037,2.70756
0.14211848153165108,2.707542
0.1421789060561118,2.707851
0.14223933058057256,2.707807
0.1422997551050333,2.707848
0.14236017962949404,2.708364
0.14242060415395477,2.707926
0.14248102867841553,2.707846
0.14254145320287623,2.708034
0.14260187772733696,2.707756
0.1426623022517977,2.707885
0.14272272677625844,2.708249
0.1427831513007192,2.707801
0.14284357582517995,2.707602
0.14290400034964068,2.707888
0.14296442487410138,2.70754
0.1430248493985621,2.707556
0.14308527392302287,2.707632
0.1431456984474836,2.707832
0.14320612297194432,2.707821
0.1432665474964051,2.70834
0.14332697202086583,2.708073
0.14338739654532653,2.707857
0.14344782106978726,2.707961
0.14350824559424802,2.707942
0.14356867011870877,2.708292
0.1436290946431695,2.708682
0.1436895191676302,2.708016
0.143749943692091,2.708022
0.1438103682165517,2.708024
0.14387079274101242,2.707773
0.14393121726547314,2.707721
0.14399164178993393,2.708354
0.14405206631439466,2.708248
0.14411249083885538,2.70841
0.1441729153633161,2.708357
0.14423333988777684,2.708149
0.14429376441223757,2.708259
0.1443541889366983,2.708311
0.14441461346115905,2.707579
0.1444750379856198,2.708003
0.14453546251008054,2.70834
0.14459588703454127,2.708088
0.14465631155900202,2.708042
0.14471673608346272,2.708503
0.14477716060792345,2.707758
0.1448375851323842,2.707441
0.14489800965684493,2.708015
0.1449584341813057,2.707791
0.14501885870576645,2.707722
0.14507928323022717,2.708001
0.14513970775468787,2.707379
0.14520013227914863,2.707893
0.14526055680360936,2.708127
0.1453209813280701,2.707772
0.14538140585253084,2.707829
0.1454418303769916,2.70823
0.14550225490145233,2.707825
0.14556267942591303,2.707714
0.14562310395037378,2.708008
0.1456835284748345,2.707827
0.14574395299929524,2.708229
0.14580437752375597,2.708433
0.14586480204821675,2.707969
0.14592522657267748,2.707997
0.14598565109713818,2.708269
0.1460460756215989,2.707788
0.1461065001460597,2.707637
0.14616692467052042,2.707906
0.14622734919498115,2.70748
0.14628777371944188,2.707499
0.14634819824390263,2.707796
0.14640862276836333,2.70775
0.14646904729282406,2.70769
0.1465294718172848,2.708441
0.14658989634174557,2.708149
0.1466503208662063,2.707783
0.14671074539066703,2.708039
0.14677116991512776,2.70765
0.1468315944395885,2.707801
0.14689201896404921,2.708075
0.14695244348850994,2.707471
0.1470128680129707,2.707499
0.14707329253743145,2.707745
0.14713371706189218,2.70699
0.14719414158635294,2.707245
0.14725456611081364,2.708031
0.1473149906352744,2.707763
0.14737541515973512,2.707518
0.14743583968419585,2.70759
0.1474962642086566,2.70745
0.14755668873311734,2.707051
0.1476171132575781,2.707588
0.14767753778203882,2.707544
0.14773796230649952,2.7077
0.14779838683096028,2.707843
0.147858811355421,2.707623
0.14791923587988173,2.707796
0.1479796604043425,2.707947
0.14804008492880324,2.707388
0.14810050945326397,2.707384
0.14816093397772467,2.70756
0.14822135850218543,2.70709
0.14828178302664619,2.706987
0.1483422075511069,2.707377
0.14840263207556761,2.707037
0.1484630566000284,2.707051
0.14852348112448913,2.707527
0.14858390564894983,2.707421
0.14864433017341055,2.707549
0.14870475469787134,2.707455
0.14876517922233204,2.707206
0.1488256037467928,2.707041
0.14888602827125352,2.707377
0.14894645279571425,2.707245
0.14900687732017498,2.707023
0.14906730184463574,2.70742
0.14912772636909644,2.707167
0.1491881508935572,2.707222
0.14924857541801795,2.707604
0.14930899994247868,2.707152
0.14936942446693943,2.707087
0.14942984899140013,2.707493
0.1494902735158609,2.707346
0.14955069804032162,2.70736
0.14961112256478235,2.707457
0.1496715470892431,2.707436
0.14973197161370383,2.707296
0.14979239613816459,2.707443
0.14985282066262529,2.707331
0.14991324518708604,2.707331
0.14997366971154677,2.707386
0.1500340942360075,2.707056
0.15009451876046825,2.707109
0.15015494328492898,2.707578
0.15021536780938974,2.707139
0.15027579233385044,2.707147
0.15033621685831117,2.707478
0.15039664138277192,2.707311
0.15045706590723268,2.707333
0.15051749043169338,2.707644
0.15057791495615414,2.707375
0.1506383394806149,2.707192
0.1506987640050756,2.707348
0.15075918852953632,2.70696
0.15081961305399708,2.707008
0.15088003757845783,2.707228
0.15094046210291853,2.706694
0.1510008866273793,2.706723
0.15106131115184004,2.706935
0.15112173567630074,2.70692
0.15118216020076147,2.706785
0.15124258472522223,2.707292
0.15130300924968298,2.706987
0.15136343377414369,2.707122
0.15142385829860444,2.706902
0.15148428282306517,2.706782
0.15154470734752593,2.706765
0.15160513187198663,2.707249
0.15166555639644738,2.706711
0.1517259809209081,2.70692
0.15178640544536884,2.707515
0.1518468299698296,2.707314
0.15190725449429032,2.707098
0.15196767901875108,2.707426
0.15202810354321178,2.70688
0.15208852806767253,2.706713
0.15214895259213326,2.706855
0.152209377116594,2.706727
0.15226980164105475,2.706559
0.15233022616551548,2.70666
0.15239065068997623,2.706794
0.15245107521443693,2.706788
0.1525114997388977,2.706965
0.15257192426335842,2.706988
0.15263234878781917,2.707243
0.1526927733122799,2.707626
0.15275319783674063,2.707349
0.15281362236120138,2.707092
0.15287404688566208,2.707251
0.15293447141012284,2.707021
0.15299489593458357,2.706705
0.15305532045904433,2.706914
0.15311574498350503,2.706501
0.15317616950796578,2.706513
0.15323659403242654,2.706728
0.15329701855688724,2.706597
0.15335744308134797,2.706688
0.15341786760580872,2.707214
0.15347829213026948,2.706918
0.15353871665473018,2.706846
0.15359914117919093,2.707138
0.1536595657036517,2.706728
0.15371999022811242,2.706844
0.15378041475257312,2.707213
0.15384083927703388,2.706699
0.15390126380149463,2.706978
0.15396168832595533,2.706984
0.1540221128504161,2.706533
0.15408253737487682,2.706671
0.15414296189933757,2.706761
0.15420338642379827,2.706722
0.15426381094825903,2.706775
0.15432423547271976,2.706761
0.15438465999718048,2.706338
0.15444508452164124,2.70643
0.15450550904610197,2.706439
0.15456593357056272,2.70648
0.15462635809502343,2.706214
0.15468678261948418,2.706793
0.1547472071439449,2.706427
0.15480763166840567,2.706712
0.1548680561928664,2.707053
0.15492848071732712,2.706767
0.15498890524178788,2.706939
0.15504932976624858,2.707072
0.15510975429070933,2.706785
0.15517017881517006,2.70697
0.15523060333963082,2.707102
0.15529102786409155,2.706931
0.15535145238855227,2.706836
0.15541187691301303,2.706894
0.15547230143747373,2.706533
0.1555327259619345,2.706829
0.15559315048639522,2.706896
0.15565357501085597,2.706546
0.15571399953531667,2.706513
0.15577442405977743,2.706742
0.15583484858423818,2.706579
0.1558952731086989,2.706498
0.1559556976331596,2.706893
0.15601612215762037,2.706656
0.15607654668208112,2.707004
0.15613697120654182,2.70714
0.15619739573100258,2.706889
0.15625782025546334,2.706531
0.15631824477992406,2.706553
0.15637866930438477,2.706428
0.15643909382884552,2.706546
0.15649951835330628,2.70664
0.15655994287776698,2.706242
0.15662036740222773,2.706352
0.1566807919266885,2.706897
0.15674121645114922,2.706339
0.15680164097560992,2.706573
0.15686206550007067,2.706889
0.1569224900245314,2.706233
0.15698291454899216,2.706193
0.1570433390734529,2.706335
0.15710376359791361,2.70589
0.15716418812237437,2.706243
0.15722461264683507,2.7068
0.15728503717129583,2.706471
0.15734546169575656,2.706211
0.1574058862202173,2.706816
0.15746631074467804,2.706773
0.15752673526913877,2.706871
0.15758715979359952,2.707269
0.15764758431806022,2.707172
0.15770800884252098,2.706835
0.1577684333669817,2.706722
0.15782885789144246,2.70675
0.1578892824159032,2.706811
0.15794970694036392,2.707018
0.15801013146482468,2.706964
0.1580705559892854,2.706737
0.15813098051374613,2.706882
0.15819140503820686,2.706671
0.15825182956266762,2.70677
0.15831225408712832,2.706842
0.15837267861158907,2.706311
0.15843310313604983,2.706164
0.15849352766051056,2.706787
0.15855395218497126,2.706487
0.15861437670943201,2.706351
0.15867480123389277,2.706495
0.15873522575835347,2.70637
0.15879565028281423,2.706381
0.15885607480727498,2.706511
0.1589164993317357,2.706477
0.1589769238561964,2.706594
0.15903734838065717,2.70662
0.15909777290511792,2.706327
0.15915819742957865,2.70641
0.15921862195403938,2.706548
0.15927904647850014,2.706187
0.15933947100296086,2.706308
0.15939989552742156,2.706418
0.15946032005188232,2.70629
0.15952074457634305,2.70624
0.1595811691008038,2.706769
0.15964159362526453,2.706186
0.15970201814972526,2.706221
0.159762442674186,2.706392
0.15982286719864672,2.70601
0.15988329172310747,2.706257
0.1599437162475682,2.706439
0.16000414077202896,2.705918
0.16006456529648969,2.706189
0.16012498982095041,2.706798
0.16018541434541114,2.706076
0.1602458388698719,2.705853
0.16030626339433263,2.706442
0.16036668791879335,2.70614
0.1604271124432541,2.706162
0.16048753696771487,2.706555
0.16054796149217557,2.706124
0.16060838601663632,2.706245
0.16066881054109705,2.706456
0.16072923506555778,2.706155
0.1607896595900185,2.706004
0.16085008411447926,2.706338
0.16091050863893996,2.706174
0.16097093316340072,2.70637
0.16103135768786148,2.706475
0.1610917822123222,2.706168
0.1611522067367829,2.706329
0.16121263126124366,2.706356
0.16127305578570442,2.706369
0.16133348031016514,2.706371
0.16139390483462587,2.706592
0.16145432935908663,2.706316
0.16151475388354736,2.706094
0.16157517840800806,2.706266
0.1616356029324688,2.706136
0.16169602745692957,2.705961
0.1617564519813903,2.706234
0.16181687650585103,2.705943
0.16187730103031178,2.706191
0.1619377255547725,2.706439
0.1619981500792332,2.705986
0.16205857460369397,2.706121
0.16211899912815472,2.706453
0.16217942365261545,2.706318
0.16223984817707618,2.706213
0.1623002727015369,2.70635
0.16236069722599764,2.705958
0.1624211217504584,2.70628
0.16248154627491912,2.706421
0.16254197079937985,2.705946
0.1626023953238406,2.705862
0.16266281984830136,2.706316
0.16272324437276206,2.705972
0.1627836688972228,2.705937
0.16284409342168354,2.70598
0.16290451794614427,2.705881
0.162964942470605,2.705711
0.16302536699506576,2.706356
0.1630857915195265,2.705868
0.1631462160439872,2.705708
0.16320664056844794,2.705932
0.1632670650929087,2.705832
0.16332748961736943,2.705987
0.16338791414183015,2.706224
0.1634483386662909,2.705772
0.1635087631907516,2.706024
0.16356918771521237,2.706103
0.16362961223967312,2.705902
0.16369003676413385,2.706047
0.16375046128859455,2.706229
0.1638108858130553,2.705914
0.16387131033751606,2.706027
0.1639317348619768,2.706342
0.16399215938643752,2.70623
0.16405258391089828,2.706381
0.164113008435359,2.706666
0.1641734329598197,2.706484
0.16423385748428046,2.706539
0.16429428200874122,2.706725
0.16435470653320194,2.706282
0.16441513105766267,2.705807
0.16447555558212343,2.706304
0.16453598010658416,2.706133
0.16459640463104486,2.705995
0.1646568291555056,2.706332
0.16471725367996637,2.706215
0.1647776782044271,2.705978
0.16483810272888785,2.706529
0.16489852725334855,2.706095
0.16495895177780928,2.706081
0.16501937630227004,2.70623
0.16507980082673077,2.705953
0.1651402253511915,2.705958
0.16520064987565225,2.706337
0.165261074400113,2.70614
0.1653214989245737,2.705953
0.16538192344903443,2.706153
0.1654423479734952,2.705789
0.16550277249795592,2.705506
0.16556319702241665,2.705959
0.1656236215468774,2.705656
0.16568404607133816,2.706018
0.16574447059579886,2.706429
0.1658048951202596,2.705937
0.16586531964472034,2.705922
0.1659257441691811,2.706143
0.1659861686936418,2.706329
0.16604659321810256,2.706113
0.16610701774256328,2.70661
0.166167442267024,2.70599
0.16622786679148474,2.706449
0.1662882913159455,2.706885
0.1663487158404062,2.706343
0.16640914036486695,2.706031
0.1664695648893277,2.706389
0.16652998941378844,2.705924
0.16659041393824917,2.706251
0.16665083846270992,2.706498
0.16671126298717065,2.706071
0.16677168751163135,2.705945
0.1668321120360921,2.706065
0.16689253656055286,2.70554
0.1669529610850136,2.705889
0.16701338560947435,2.706138
0.16707381013393507,2.70585
0.1671342346583958,2.705903
0.16719465918285653,2.706371
0.16725508370731726,2.705922
0.16731550823177802,2.705865
0.16737593275623874,2.706142
0.1674363572806995,2.705825
0.1674967818051602,2.705731
0.16755720632962096,2.705988
0.16761763085408168,2.706039
0.1676780553785424,2.70587
0.16773847990300314,2.706099
0.1677989044274639,2.705815
0.16785932895192465,2.705939
0.16791975347638535,2.706412
0.16798017800084608,2.706004
0.16804060252530684,2.706211
0.1681010270497676,2.706184
0.1681614515742283,2.705791
0.16822187609868905,2.706097
0.1682823006231498,2.706383
0.1683427251476105,2.706074
0.16840314967207123,2.706074
0.168463574196532,2.706393
0.16852399872099275,2.706215
0.16858442324545345,2.705965
0.1686448477699142,2.70598
0.16870527229437493,2.705401
0.16876569681883566,2.705863
0.1688261213432964,2.706122
0.16888654586775714,2.705775
0.16894697039221784,2.705783
0.1690073949166786,2.70585
0.16906781944113936,2.705625
0.16912824396560008,2.705792
0.16918866849006084,2.705755
0.16924909301452154,2.705673
0.1693095175389823,2.705751
0.16936994206344302,2.705904
0.16943036658790375,2.705614
0.1694907911123645,2.705665
0.16955121563682524,2.70549
0.169611640161286,2.705385
0.1696720646857467,2.705694
0.16973248921020745,2.705858
0.16979291373466818,2.705314
0.1698533382591289,2.705561
0.16991376278358966,2.70594
0.1699741873080504,2.705529
0.17003461183251115,2.705626
0.17009503635697185,2.70588
0.1701554608814326,2.705626
0.17021588540589333,2.705563
0.1702763099303541,2.705408
0.1703367344548148,2.705472
0.17039715897927554,2.705477
0.1704575835037363,2.705689
0.170518008028197,2.705482
0.17057843255265773,2.705585
0.17063885707711848,2.705773
0.17069928160157924,2.705391
0.17075970612603994,2.705437
0.1708201306505007,2.705549
0.17088055517496145,2.70507
0.17094097969942215,2.705324
0.17100140422388288,2.705737
0.17106182874834364,2.705184
0.1711222532728044,2.705147
0.1711826777972651,2.705442
0.17124310232172585,2.705077
0.1713035268461866,2.705167
0.17136395137064733,2.705404
0.17142437589510803,2.70546
0.1714848004195688,2.705195
0.17154522494402952,2.705395
0.17160564946849025,2.704913
0.171666073992951,2.705524
0.17172649851741173,2.705281
0.17178692304187249,2.705189
0.1718473475663332,2.705318
0.17190777209079394,2.705421
0.17196819661525467,2.705148
0.1720286211397154,2.705169
0.17208904566417615,2.705183
0.17214947018863688,2.704934
0.17220989471309764,2.705193
0.17227031923755834,2.704905
0.1723307437620191,2.705144
0.17239116828647982,2.705196
0.17245159281094058,2.704952
0.1725120173354013,2.704815
0.17257244185986204,2.705423
0.1726328663843228,2.705238
0.1726932909087835,2.704854
0.17275371543324425,2.704884
0.17281413995770498,2.705269
0.17287456448216573,2.705109
0.17293498900662643,2.705246
0.1729954135310872,2.70509
0.17305583805554794,2.704962
0.17311626258000865,2.704831
0.17317668710446937,2.704756
0.17323711162893013,2.704874
0.17329753615339089,2.704861
0.17335796067785159,2.704888
0.17341838520231234,2.705015
0.1734788097267731,2.705415
0.17353923425123383,2.705269
0.17359965877569453,2.705335
0.17366008330015528,2.705302
0.17372050782461604,2.704969
0.17378093234907674,2.704825
0.1738413568735375,2.704945
0.17390178139799825,2.705087
0.17396220592245898,2.704755
0.17402263044691968,2.705133
0.17408305497138044,2.705066
0.17414347949584116,2.704986
0.1742039040203019,2.70494
0.17426432854476265,2.705023
0.1743247530692234,2.70504
0.17438517759368413,2.70503
0.17444560211814483,2.705067
0.1745060266426056,2.70492
0.17456645116706634,2.705044
0.17462687569152707,2.705217
0.1746873002159878,2.705089
0.17474772474044853,2.705324
0.17480814926490928,2.705271
0.17486857378936999,2.705065
0.17492899831383074,2.705287
0.17498942283829147,2.705364
0.17504984736275223,2.705153
0.17511027188721293,2.705226
0.17517069641167368,2.705125
0.17523112093613444,2.704978
0.17529154546059514,2.704884
0.17535196998505587,2.705129
0.17541239450951662,2.70495
0.17547281903397738,2.705098
0.1755332435584381,2.705102
0.17559366808289883,2.705009
0.1756540926073596,2.705184
0.17571451713182032,2.705052
0.17577494165628105,2.70522
0.17583536618074178,2.705594
0.17589579070520253,2.70521
0.17595621522966323,2.704924
0.176016639754124,2.705422
0.17607706427858472,2.705177
0.1761374888030455,2.705326
0.17619791332750617,2.705314
0.17625833785196693,2.705215
0.17631876237642766,2.705074
0.17637918690088839,2.705107
0.17643961142534914,2.705073
0.1765000359498099,2.704929
0.17656046047427063,2.705333
0.17662088499873133,2.704906
0.17668130952319208,2.704721
0.17674173404765284,2.705127
0.17680215857211357,2.705001
0.1768625830965743,2.704958
0.17692300762103502,2.705027
0.17698343214549578,2.70512
0.17704385666995648,2.704754
0.17710428119441723,2.705035
0.17716470571887796,2.70514
0.17722513024333872,2.704869
0.17728555476779942,2.704899
0.1773459792922602,2.70507
0.17740640381672093,2.705029
0.17746682834118163,2.705125
0.17752725286564236,2.705164
0.17758767739010314,2.704868
0.17764810191456387,2.705077
0.1777085264390246,2.704632
0.17776895096348533,2.704709
0.17782937548794608,2.705029
0.1778898000124068,2.704679
0.17795022453686754,2.704511
0.17801064906132827,2.704711
0.17807107358578902,2.704685
0.17813149811024973,2.704484
0.17819192263471048,2.704672
0.1782523471591712,2.70451
0.17831277168363197,2.704453
0.17837319620809267,2.704864
0.17843362073255342,2.704963
0.17849404525701415,2.704634
0.17855446978147493,2.704742
0.17861489430593563,2.704819
0.1786753188303964,2.704547
0.17873574335485706,2.704804
0.17879616787931785,2.704642
0.17885659240377857,2.704605
0.17891701692823933,2.704896
0.17897744145270006,2.7048
0.1790378659771608,2.704835
0.17909829050162152,2.705037
0.17915871502608227,2.704968
0.17921913955054297,2.704798
0.17927956407500373,2.704948
0.17933998859946446,2.704614
0.1794004131239252,2.704717
0.17946083764838594,2.70522
0.1795212621728467,2.705147
0.17958168669730742,2.7054
0.17964211122176812,2.705364
0.17970253574622888,2.704958
0.17976296027068964,2.705095
0.17982338479515037,2.705302
0.1798838093196111,2.705013
0.17994423384407182,2.704931
0.18000465836853258,2.705218
0.1800650828929933,2.705343
0.18012550741745403,2.70511
0.18018593194191476,2.705187
0.18024635646637552,2.705054
0.18030678099083622,2.705049
0.18036720551529697,2.705194
0.18042763003975773,2.704915
0.18048805456421846,2.704877
0.18054847908867916,2.705322
0.18060890361313992,2.705119
0.18066932813760067,2.704916
0.18072975266206143,2.705197
0.18079017718652213,2.704662
0.18085060171098288,2.704862
0.1809110262354436,2.70511
0.18097145075990434,2.705045
0.18103187528436507,2.705111
0.18109229980882582,2.705432
0.18115272433328655,2.705186
0.18121314885774728,2.705061
0.181273573382208,2.705393
0.18133399790666876,2.705004
0.18139442243112947,2.704636
0.18145484695559022,2.705055
0.18151527148005095,2.704508
0.18157569600451173,2.704559
0.18163612052897243,2.704857
0.1816965450534332,2.704792
0.1817569695778939,2.704732
0.18181739410235467,2.704924
0.18187781862681537,2.704437
0.18193824315127613,2.704329
0.18199866767573686,2.704713
0.1820590922001976,2.704412
0.18211951672465831,2.704185
0.18217994124911907,2.704649
0.1822403657735798,2.704416
0.18230079029804053,2.704597
0.18236121482250126,2.704627
0.182421639346962,2.704198
0.1824820638714227,2.704182
0.1825424883958835,2.704259
0.18260291292034422,2.704108
0.18266333744480495,2.704234
0.18272376196926565,2.704655
0.18278418649372644,2.704264
0.18284461101818716,2.704511
0.18290503554264792,2.704881
0.18296546006710862,2.704671
0.18302588459156938,2.704711
0.1830863091160301,2.704849
0.18314673364049083,2.704012
0.18320715816495156,2.704277
0.18326758268941232,2.704568
0.18332800721387305,2.704278
0.18338843173833377,2.704151
0.18344885626279453,2.704257
0.18350928078725526,2.703971
0.18356970531171596,2.703968
0.18363012983617671,2.704473
0.18369055436063744,2.704029
0.18375097888509823,2.704118
0.18381140340955893,2.704158
0.18387182793401968,2.704145
0.18393225245848038,2.704009
0.18399267698294117,2.704478
0.18405310150740187,2.704367
0.18411352603186262,2.703967
0.18417395055632335,2.704175
0.18423437508078408,2.703858
0.1842947996052448,2.704028
0.18435522412970556,2.704107
0.1844156486541663,2.70396
0.18447607317862702,2.704594
0.18453649770308775,2.704385
0.1845969222275485,2.704052
0.18465734675200926,2.703989
0.18471777127647,2.704329
0.1847781958009307,2.704104
0.18483862032539145,2.70399
0.18489904484985217,2.704331
0.18495946937431293,2.704067
0.18501989389877366,2.703872
0.1850803184232344,2.704137
0.1851407429476951,2.703759
0.18520116747215587,2.703584
0.1852615919966166,2.703824
0.18532201652107733,2.703258
0.18538244104553805,2.703743
0.1854428655699988,2.704171
0.18550329009445954,2.703682
0.18556371461892027,2.703635
0.18562413914338102,2.703954
0.18568456366784175,2.703729
0.18574498819230245,2.703719
0.1858054127167632,2.704242
0.18586583724122396,2.703918
0.18592626176568472,2.704015
0.18598668629014542,2.704185
0.18604711081460618,2.703731
0.1861075353390669,2.70395
0.18616795986352766,2.703901
0.18622838438798836,2.70359
0.18628880891244912,2.703958
0.18634923343690984,2.704306
0.18640965796137057,2.704074
0.1864700824858313,2.703766
0.18653050701029206,2.704029
0.18659093153475279,2.703454
0.1866513560592135,2.703519
0.18671178058367424,2.703612
0.18677220510813503,2.703388
0.18683262963259575,2.703526
0.18689305415705648,2.703876
0.18695347868151718,2.70367
0.18701390320597797,2.703551
0.18707432773043867,2.703704
0.18713475225489942,2.703609
0.18719517677936015,2.703732
0.1872556013038209,2.703902
0.1873160258282816,2.703753
0.18737645035274236,2.703702
0.1874368748772031,2.703938
0.18749729940166382,2.703669
0.18755772392612455,2.703948
0.1876181484505853,2.704151
0.18767857297504603,2.703604
0.18773899749950682,2.703414
0.1877994220239675,2.70373
0.18785984654842824,2.703174
0.18792027107288894,2.703382
0.18798069559734973,2.703446
0.18804112012181046,2.703235
0.1881015446462712,2.702993
0.1881619691707319,2.703653
0.18822239369519267,2.703221
0.1882828182196534,2.703421
0.18834324274411415,2.703696
0.18840366726857485,2.703403
0.1884640917930356,2.703504
0.18852451631749634,2.703885
0.18858494084195707,2.703476
0.1886453653664178,2.70336
0.18870578989087855,2.703501
0.18876621441533928,2.703107
0.1888266389398,2.703232
0.18888706346426076,2.703309
0.18894748798872152,2.703077
0.18900791251318225,2.703288
0.18906833703764298,2.703586
0.1891287615621037,2.703433
0.18918918608656446,2.703249
0.18924961061102516,2.703971
0.18931003513548592,2.70352
0.18937045965994664,2.703436
0.1894308841844074,2.703475
0.1894913087088681,2.703135
0.18955173323332886,2.703149
0.18961215775778958,2.703502
0.1896725822822503,2.703367
0.18973300680671104,2.703096
0.1897934313311718,2.703444
0.18985385585563255,2.703408
0.1899142803800933,2.703444
0.18997470490455398,2.703375
0.19003512942901474,2.703118
0.1900955539534755,2.703296
0.19015597847793622,2.703353
0.19021640300239695,2.703092
0.1902768275268577,2.703055
0.1903372520513184,2.703343
0.19039767657577916,2.703013
0.1904581011002399,2.702941
0.19051852562470065,2.703355
0.19057895014916135,2.702966
0.1906393746736221,2.702777
0.19069979919808283,2.703178
0.19076022372254361,2.702904
0.1908206482470043,2.702858
0.19088107277146504,2.703026
0.19094149729592577,2.702742
0.1910019218203865,2.703011
0.19106234634484726,2.703324
0.191122770869308,2.702834
0.19118319539376874,2.702272
0.19124361991822944,2.702822
0.1913040444426902,2.702437
0.19136446896715095,2.702779
0.19142489349161165,2.703213
0.1914853180160724,2.702678
0.19154574254053314,2.702767
0.1916061670649939,2.702771
0.1916665915894546,2.702296
0.19172701611391535,2.702151
0.19178744063837608,2.702851
0.1918478651628368,2.702688
0.19190828968729753,2.702829
0.19196871421175832,2.702922
0.19202913873621905,2.702501
0.1920895632606798,2.702606
0.19214998778514047,2.70274
0.19221041230960126,2.702284
0.192270836834062,2.702393
0.19233126135852271,2.702809
0.19239168588298344,2.702621
0.1924521104074442,2.702386
0.1925125349319049,2.702443
0.19257295945636566,2.702389
0.19263338398082638,2.702393
0.19269380850528714,2.702936
0.19275423302974784,2.702632
0.1928146575542086,2.702242
0.19287508207866932,2.70247
0.1929355066031301,2.70225
0.19299593112759078,2.702188
0.19305635565205154,2.702418
0.19311678017651226,2.701913
0.19317720470097305,2.701931
0.19323762922543375,2.702121
0.1932980537498945,2.701932
0.19335847827435523,2.701407
0.19341890279881596,2.702016
0.1934793273232767,2.70203
0.19353975184773745,2.702062
0.19360017637219815,2.70209
0.1936606008966589,2.701759
0.19372102542111963,2.701852
0.1937814499455804,2.702143
0.1938418744700411,2.701871
0.19390229899450184,2.701504
0.19396272351896257,2.701657
0.1940231480434233,2.701163
0.19408357256788406,2.701354
0.1941439970923448,2.701825
0.19420442161680554,2.70158
0.19426484614126624,2.701453
0.194325270665727,2.702167
0.19438569519018775,2.701615
0.19444611971464848,2.701723
0.1945065442391092,2.702029
0.19456696876356994,2.701632
0.1946273932880307,2.701607
0.1946878178124914,2.7016
0.19474824233695215,2.701165
0.19480866686141288,2.701273
0.19486909138587363,2.701349
0.19492951591033433,2.701035
0.1949899404347951,2.701072
0.19505036495925585,2.7013
0.19511078948371655,2.701253
0.19517121400817727,2.701231
0.19523163853263803,2.701374
0.19529206305709879,2.700961
0.19535248758155954,2.70134
0.19541291210602024,2.701614
0.195473336630481,2.701375
0.19553376115494173,2.701404
0.19559418567940245,2.701454
0.19565461020386318,2.701076
0.19571503472832394,2.701542
0.19577545925278464,2.701586
0.1958358837772454,2.701334
0.19589630830170612,2.701267
0.1959567328261669,2.701678
0.19601715735062758,2.701323
0.19607758187508834,2.701173
0.19613800639954906,2.701571
0.19619843092400985,2.701264
0.19625885544847055,2.701298
0.1963192799729313,2.701673
0.19637970449739203,2.701294
0.1964401290218528,2.701087
0.1965005535463135,2.70145
0.19656097807077424,2.701092
0.19662140259523497,2.701215
0.1966818271196957,2.701261
0.19674225164415643,2.701162
0.19680267616861719,2.701088
0.19686310069307789,2.701342
0.19692352521753864,2.701185
0.19698394974199937,2.701116
0.19704437426646013,2.701325
0.19710479879092083,2.701363
0.1971652233153816,2.701211
0.19722564783984234,2.701544
0.19728607236430304,2.701041
0.19734649688876377,2.701147
0.19740692141322455,2.701513
0.19746734593768528,2.701274
0.19752777046214604,2.700917
0.19758819498660674,2.701326
0.1976486195110675,2.700729
0.19770904403552822,2.700783
0.19776946855998895,2.701366
0.19782989308444968,2.700915
0.19789031760891043,2.700867
0.19795074213337113,2.700827
0.1980111666578319,2.700506
0.19807159118229262,2.700512
0.1981320157067534,2.700839
0.19819244023121407,2.700872
0.19825286475567486,2.700911
0.19831328928013556,2.701194
0.19837371380459629,2.700834
0.19843413832905704,2.700746
0.19849456285351777,2.701051
0.19855498737797853,2.700892
0.19861541190243928,2.700947
0.19867583642689998,2.701231
0.19873626095136074,2.701087
0.1987966854758214,2.701114
0.1988571100002822,2.701258
0.19891753452474292,2.70067
0.19897795904920368,2.700938
0.19903838357366438,2.700971
0.19909880809812516,2.700469
0.19915923262258586,2.700813
0.19921965714704662,2.70102
0.19928008167150735,2.700433
0.19934050619596808,2.700484
0.19940093072042883,2.700727
0.19946135524488953,2.700622
0.1995217797693503,2.700441
0.19958220429381104,2.700651
0.19964262881827174,2.700438
0.19970305334273253,2.70054
0.19976347786719323,2.700923
0.19982390239165398,2.700313
0.1998843269161147,2.700918
0.1999447514405755,2.700949
0.20000517596503617,2.700635
0.20006560048949695,2.70071
0.20012602501395763,2.700995
0.20018644953841838,2.70058
0.20024687406287914,2.700719
0.20030729858733987,2.700999
0.2003677231118006,2.700622
0.20042814763626132,2.700561
0.20048857216072208,2.701033
0.20054899668518283,2.700746
0.2006094212096435,2.700577
0.2006698457341043,2.700998
0.20073027025856502,2.700894
0.20079069478302577,2.700702
0.20085111930748648,2.70079
0.20091154383194726,2.701035
0.20097196835640796,2.700904
0.2010323928808687,2.701097
0.20109281740532942,2.70068
0.20115324192979017,2.700431
0.20121366645425093,2.700757
0.20127409097871163,2.700238
0.20133451550317238,2.700186
0.20139494002763314,2.700482
0.2014553645520938,2.700353
0.2015157890765546,2.700349
0.2015762136010153,2.700803
0.20163663812547608,2.700556
0.20169706264993678,2.700113
0.20175748717439754,2.700613
0.20181791169885827,2.700552
0.20187833622331902,2.700554
0.20193876074777972,2.700598
0.20199918527224048,2.70021
0.2020596097967012,2.700009
0.20212003432116193,2.700126
0.2021804588456227,2.699875
0.20224088337008342,2.700104
0.20230130789454412,2.700484
0.2023617324190049,2.700161
0.2024221569434656,2.700098
0.2024825814679264,2.700308
0.20254300599238706,2.700355
0.20260343051684784,2.700243
0.20266385504130857,2.700346
0.20272427956576927,2.700246
0.20278470409023003,2.699975
0.20284512861469078,2.699869
0.2029055531391515,2.699831
0.20296597766361227,2.699421
0.20302640218807305,2.699507
0.20308682671253372,2.699434
0.20314725123699445,2.699613
0.20320767576145518,2.699735
0.2032681002859159,2.699062
0.2033285248103767,2.699446
0.20338894933483737,2.699818
0.20344937385929815,2.699518
0.20350979838375888,2.699618
0.2035702229082196,2.699743
0.20363064743268033,2.699703
0.20369107195714106,2.699613
0.20375149648160182,2.699882
0.20381192100606257,2.699502
0.20387234553052327,2.699408
0.20393277005498403,2.699728
0.20399319457944473,2.699673
0.20405361910390551,2.699528
0.20411404362836622,2.699593
0.20417446815282697,2.699304
0.2042348926772877,2.699672
0.20429531720174848,2.699846
0.20435574172620916,2.699246
0.2044161662506699,2.699116
0.20447659077513067,2.699732
0.20453701529959137,2.699718
0.20459743982405212,2.699493
0.20465786434851285,2.699789
0.20471828887297358,2.699368
0.20477871339743434,2.699184
0.20483913792189504,2.699406
0.20489956244635582,2.699261
0.20495998697081652,2.699442
0.20502041149527728,2.699994
0.205080836019738,2.699306
0.2051412605441988,2.699142
0.20520168506865946,2.699674
0.20526210959312022,2.699203
0.20532253411758095,2.69926
0.20538295864204167,2.699449
0.20544338316650243,2.699147
0.20550380769096316,2.699228
0.20556423221542391,2.699607
0.20562465673988461,2.699079
0.20568508126434534,2.698768
0.20574550578880613,2.699424
0.2058059303132668,2.699251
0.20586635483772758,2.699091
0.2059267793621883,2.69935
0.20598720388664907,2.699092
0.20604762841110977,2.698937
0.2061080529355705,2.699
0.20616847746003125,2.698884
0.206228901984492,2.698894
0.2062893265089527,2.699252
0.20634975103341346,2.698936
0.20641017555787422,2.69881
0.20647060008233492,2.698847
0.20653102460679568,2.69873
0.20659144913125643,2.698908
0.2066518736557171,2.699033
0.2067122981801779,2.698459
0.2067727227046386,2.698882
0.20683314722909937,2.698898
0.20689357175356007,2.698533
0.20695399627802083,2.698509
0.20701442080248156,2.699039
0.20707484532694231,2.698688
0.20713526985140301,2.698807
0.20719569437586377,2.698852
0.20725611890032455,2.698343
0.20731654342478525,2.698622
0.20737696794924598,2.698837
0.2074373924737067,2.698304
0.20749781699816744,2.698292
0.20755824152262822,2.698962
0.2076186660470889,2.698679
0.20767909057154968,2.699012
0.20773951509601035,2.699314
0.20779993962047114,2.698901
0.20786036414493186,2.69886
0.2079207886693926,2.699313
0.20798121319385332,2.698847
0.20804163771831408,2.699162
0.2081020622427748,2.699117
0.20816248676723556,2.698713
0.20822291129169634,2.6987
0.20828333581615702,2.699008
0.20834376034061775,2.698797
0.2084041848650785,2.698643
0.2084646093895392,2.698975
0.20852503391399999,2.698698
0.20858545843846069,2.69888
0.20864588296292147,2.699354
0.20870630748738217,2.699255
0.2087667320118429,2.69911
0.20882715653630365,2.699277
0.20888758106076435,2.6993
0.2089480055852251,2.69901
0.20900843010968587,2.6989
0.20906885463414657,2.698774
0.20912927915860732,2.698859
0.20918970368306805,2.699159
0.2092501282075288,2.698799
0.2093105527319895,2.698435
0.20937097725645026,2.698948
0.209431401780911,2.69868
0.20949182630537178,2.698741
0.20955225082983245,2.698802
0.2096126753542932,2.698549
0.20967309987875396,2.698663
0.20973352440321466,2.698889
0.20979394892767542,2.698671
0.20985437345213614,2.699128
0.2099147979765969,2.699153
0.20997522250105763,2.698801
0.21003564702551833,2.698811
0.2100960715499791,2.699159
0.2101564960744398,2.698752
0.21021692059890057,2.6988
0.2102773451233613,2.698825
0.21033776964782208,2.698158
0.21039819417228275,2.698413
0.2104586186967435,2.698463
0.21051904322120424,2.698207
0.210579467745665,2.698363
0.21063989227012572,2.698324
0.21070031679458645,2.698361
0.2107607413190472,2.698457
0.21082116584350796,2.698608
0.21088159036796864,2.698106
0.21094201489242942,2.698207
0.2110024394168901,2.698795
0.21106286394135088,2.698615
0.2111232884658116,2.698546
0.21118371299027236,2.698484
0.21124413751473306,2.697635
0.2113045620391938,2.698022
0.21136498656365454,2.698415
0.2114254110881153,2.69817
0.211485835612576,2.698437
0.21154626013703676,2.698602
0.2116066846614975,2.698181
0.21166710918595824,2.698407
0.21172753371041894,2.69834
0.21178795823487973,2.698147
0.21184838275934043,2.697976
0.2119088072838012,2.698207
0.21196923180826188,2.698152
0.21202965633272267,2.698326
0.2120900808571834,2.698657
0.2121505053816441,2.698542
0.21221092990610485,2.698534
0.2122713544305656,2.69842
0.2123317789550263,2.698065
0.21239220347948706,2.697979
0.21245262800394785,2.698231
0.21251305252840855,2.697948
0.21257347705286925,2.698081
0.21263390157733,2.698521
0.21269432610179073,2.698017
0.21275475062625152,2.697935
0.2128151751507122,2.698669
0.21287559967517297,2.698184
0.21293602419963367,2.698157
0.21299644872409446,2.698221
0.21305687324855516,2.69788
0.21311729777301588,2.698048
0.21317772229747664,2.698272
0.21323814682193737,2.698245
0.2132985713463981,2.6981
0.21335899587085885,2.69816
0.21341942039531964,2.697963
0.2134798449197803,2.69808
0.21354026944424104,2.698285
0.2136006939687018,2.698068
0.2136611184931625,2.698183
0.21372154301762328,2.698532
0.21378196754208398,2.698084
0.21384239206654476,2.698074
0.21390281659100546,2.698197
0.2139632411154662,2.69806
0.21402366563992695,2.698015
0.21408409016438765,2.698296
0.2141445146888484,2.697871
0.21420493921330916,2.69834
0.2142653637377699,2.698415
0.21432578826223062,2.698223
0.21438621278669134,2.69821
0.2144466373111521,2.698414
0.2145070618356128,2.69818
0.21456748636007358,2.697999
0.21462791088453428,2.698242
0.21468833540899507,2.69804
0.21474875993345574,2.697946
0.2148091844579165,2.697978
0.21486960898237725,2.697699
0.21493003350683798,2.697855
0.2149904580312987,2.698019
0.21505088255575944,2.69758
0.2151113070802202,2.697316
0.21517173160468095,2.697426
0.21523215612914162,2.697562
0.2152925806536024,2.697564
0.21535300517806313,2.697675
0.21541342970252386,2.697708
0.2154738542269846,2.69783
0.21553427875144537,2.69776
0.21559470327590605,2.697524
0.2156551278003668,2.697778
0.21571555232482753,2.69753
0.2157759768492883,2.697543
0.21583640137374902,2.697617
0.21589682589820974,2.697464
0.2159572504226705,2.697576
0.21601767494713126,2.697174
0.21607809947159193,2.697194
0.2161385239960527,2.697165
0.2161989485205134,2.697196
0.2162593730449742,2.697186
0.2163197975694349,2.696663
0.21638022209389565,2.696836
0.21644064661835638,2.697022
0.2165010711428171,2.696793
0.21656149566727784,2.696645
0.2166219201917386,2.696739
0.2166823447161993,2.696397
0.21674276924066005,2.696556
0.2168031937651208,2.696455
0.21686361828958153,2.696424
0.21692404281404223,2.696949
0.21698446733850302,2.697349
0.21704489186296372,2.696826
0.2171053163874245,2.696826
0.21716574091188517,2.696687
0.21722616543634596,2.696434
0.2172865899608067,2.696442
0.2173470144852674,2.696756
0.21740743900972814,2.696164
0.2174678635341889,2.696244
0.21752828805864963,2.696579
0.21758871258311036,2.696312
0.21764913710757114,2.696406
0.21770956163203184,2.696514
0.21776998615649254,2.696509
0.2178304106809533,2.696358
0.21789083520541402,2.696314
0.2179512597298748,2.696069
0.21801168425433548,2.696043
0.21807210877879626,2.695949
0.218132533303257,2.695708
0.2181929578277177,2.696062
0.21825338235217845,2.696229
0.21831380687663918,2.69599
0.21837423140109993,2.696241
0.2184346559255607,2.696186
0.2184950804500214,2.695363
0.21855550497448215,2.69543
0.21861592949894282,2.695545
0.2186763540234036,2.695479
0.21873677854786433,2.69563
0.21879720307232509,2.695279
0.2188576275967858,2.695545
0.21891805212124657,2.695739
0.21897847664570727,2.695822
0.21903890117016805,2.695882
0.21909932569462875,2.69586
0.21915975021908948,2.69574
0.21922017474355024,2.695659
0.21928059926801094,2.695571
0.2193410237924717,2.695433
0.21940144831693245,2.695248
0.21946187284139318,2.695113
0.21952229736585394,2.695259
0.21958272189031464,2.695476
0.2196431464147754,2.695302
0.21970357093923612,2.6954
0.2197639954636969,2.694799
0.21982441998815758,2.694952
0.21988484451261836,2.694919
0.21994526903707903,2.694591
0.2200056935615398,2.694718
0.22006611808600055,2.694852
0.22012654261046127,2.695012
0.220186967134922,2.695337
0.22024739165938273,2.695424
0.22030781618384349,2.694899
0.22036824070830424,2.695409
0.22042866523276491,2.695195
0.2204890897572257,2.694975
0.22054951428168643,2.695266
0.22060993880614718,2.695134
0.22067036333060788,2.694949
0.22073078785506867,2.695312
0.22079121237952937,2.694974
0.2208516369039901,2.694778
0.22091206142845082,2.694886
0.22097248595291158,2.695034
0.22103291047737234,2.694762
0.22109333500183304,2.695448
0.2211537595262938,2.695195
0.22121418405075455,2.695036
0.22127460857521522,2.695518
0.221335033099676,2.69542
0.2213954576241367,2.695243
0.2214558821485975,2.695356
0.2215163066730582,2.695415
0.22157673119751894,2.694974
0.22163715572197967,2.695238
0.22169758024644043,2.695167
0.22175800477090113,2.695135
0.22181842929536189,2.695246
0.22187885381982267,2.694973
0.22193927834428334,2.694814
0.22199970286874413,2.694839
0.22206012739320483,2.694932
0.22212055191766553,2.694762
0.2221809764421263,2.69503
0.222241400966587,2.694621
0.2223018254910478,2.694417
0.22236225001550847,2.695
0.22242267453996925,2.694773
0.22248309906442998,2.694515
0.22254352358889068,2.694566
0.22260394811335144,2.694512
0.2226643726378122,2.694492
0.22272479716227292,2.694553
0.22278522168673368,2.694112
0.22284564621119446,2.694158
0.22290607073565513,2.694807
0.22296649526011586,2.694679
0.2230269197845766,2.694812
0.22308734430903732,2.694757
0.2231477688334981,2.694605
0.22320819335795877,2.694668
0.22326861788241956,2.694587
0.22332904240688028,2.694259
0.223389466931341,2.694298
0.22344989145580174,2.694889
0.22351031598026247,2.694503
0.22357074050472323,2.694624
0.22363116502918398,2.69479
0.22369158955364468,2.694565
0.22375201407810544,2.694408
0.22381243860256617,2.694561
0.22387286312702692,2.694062
0.22393328765148762,2.694055
0.22399371217594838,2.694443
0.2240541367004091,2.69388
0.2241145612248699,2.69414
0.22417498574933056,2.694137
0.22423541027379132,2.694026
0.22429583479825208,2.694286
0.22435625932271278,2.694469
0.22441668384717353,2.694026
0.22447710837163426,2.694488
0.224537532896095,2.694548
0.22459795742055574,2.694427
0.22465838194501644,2.69422
0.22471880646947723,2.694597
0.22477923099393793,2.694341
0.22483965551839868,2.694256
0.2249000800428594,2.694782
0.2249605045673202,2.69419
0.22502092909178087,2.694147
0.22508135361624163,2.694473
0.22514177814070235,2.693983
0.22520220266516308,2.693975
0.22526262718962384,2.694032
0.22532305171408457,2.693834
0.22538347623854532,2.694059
0.22544390076300605,2.694215
0.22550432528746678,2.693965
0.22556474981192753,2.694088
0.2256251743363882,2.694449
0.225685598860849,2.694147
0.22574602338530972,2.693999
0.22580644790977047,2.694453
0.22586687243423118,2.694207
0.22592729695869196,2.694158
0.22598772148315266,2.69458
0.22604814600761342,2.694381
0.22610857053207412,2.69398
0.22616899505653487,2.694336
0.22622941958099566,2.694256
0.22628984410545633,2.694209
0.22635026862991708,2.69469
0.22641069315437784,2.694112
0.2264711176788385,2.694268
0.2265315422032993,2.694591
0.22659196672776,2.694376
0.22665239125222078,2.694198
0.22671281577668148,2.694606
0.22677324030114224,2.694311
0.22683366482560297,2.694222
0.22689408935006372,2.694545
0.22695451387452442,2.694048
0.22701493839898518,2.694254
0.22707536292344596,2.694525
0.22713578744790666,2.693865
0.22719621197236745,2.693857
0.22725663649682812,2.694942
0.22731706102128885,2.69459
0.22737748554574963,2.694128
0.2274379100702103,2.69424
0.2274983345946711,2.69384
0.22755875911913176,2.694091
0.22761918364359254,2.694243
0.22767960816805327,2.694271
0.227740032692514,2.694333
0.22780045721697473,2.694669
0.22786088174143548,2.69429
0.2279213062658962,2.69431
0.22798173079035697,2.694193
0.22804215531481775,2.693748
0.22810257983927842,2.693752
0.22816300436373915,2.694235
0.2282234288881999,2.693921
0.2282838534126606,2.694094
0.2283442779371214,2.694622
0.2284047024615821,2.694026
0.22846512698604288,2.694497
0.22852555151050358,2.69484
0.2285859760349643,2.694359
0.22864640055942506,2.694417
0.22870682508388576,2.694652
0.22876724960834652,2.694574
0.22882767413280727,2.694532
0.22888809865726797,2.69508
0.22894852318172873,2.694778
0.22900894770618946,2.694667
0.22906937223065021,2.694827
0.22912979675511091,2.694579
0.2291902212795717,2.694682
0.2292506458040324,2.695077
0.22931107032849318,2.694886
0.22937149485295386,2.694474
0.2294319193774146,2.694905
0.22949234390187537,2.694548
0.22955276842633607,2.694391
0.22961319295079682,2.694803
0.22967361747525755,2.694609
0.2297340419997183,2.694619
0.22979446652417904,2.694753
0.22985489104863974,2.694497
0.22991531557310052,2.694644
0.22997574009756122,2.695087
0.23003616462202198,2.694876
0.2300965891464827,2.694877
0.2301570136709435,2.69512
0.23021743819540416,2.694798
0.23027786271986492,2.694913
0.23033828724432565,2.694952
0.2303987117687864,2.694617
0.23045913629324719,2.694726
0.23051956081770786,2.694798
0.23057998534216861,2.694636
0.23064040986662937,2.694623
0.23070083439109004,2.695136
0.23076125891555083,2.694663
0.2308216834400115,2.694492
0.23088210796447228,2.694683
0.230942532488933,2.694161
0.23100295701339377,2.694314
0.23106338153785447,2.694582
0.23112380606231522,2.694363
0.23118423058677595,2.694249
0.2312446551112367,2.694394
0.2313050796356974,2.694439
0.23136550416015816,2.694611
0.23142592868461895,2.695014
0.23148635320907965,2.694633
0.23154677773354035,2.694456
0.23160720225800113,2.694959
0.23166762678246183,2.69436
0.23172805130692262,2.694508
0.2317884758313833,2.694819
0.23184890035584407,2.694257
0.2319093248803048,2.694283
0.23196974940476553,2.69498
0.23203017392922626,2.694533
0.232090598453687,2.694575
0.23215102297814771,2.69481
0.23221144750260847,2.694098
0.23227187202706925,2.694311
0.23233229655152995,2.694556
0.23239272107599074,2.693753
0.2324531456004514,2.693838
0.23251357012491214,2.694106
0.23257399464937292,2.693697
0.2326344191738336,2.694096
0.23269484369829438,2.694148
0.2327552682227551,2.693804
0.23281569274721586,2.69396
0.23287611727167656,2.694043
0.2329365417961373,2.693959
0.23299696632059805,2.693946
0.23305739084505878,2.694118
0.2331178153695195,2.693638
0.23317823989398026,2.693532
0.23323866441844104,2.693815
0.23329908894290172,2.693615
0.23335951346736244,2.693449
0.2334199379918232,2.693926
0.2334803625162839,2.694044
0.23354078704074469,2.693981
0.23360121156520539,2.694324
0.23366163608966617,2.693651
0.23372206061412687,2.693611
0.2337824851385876,2.694
0.23384290966304835,2.693561
0.23390333418750905,2.693449
0.2339637587119698,2.693933
0.23402418323643057,2.693615
0.2340846077608913,2.693582
0.23414503228535202,2.693968
0.23420545680981275,2.693457
0.2342658813342735,2.69349
0.2343263058587342,2.693939
0.234386730383195,2.693099
0.2344471549076557,2.693288
0.23450757943211648,2.693804
0.23456800395657715,2.693543
0.2346284284810379,2.693247
0.23468885300549866,2.693964
0.2347492775299594,2.693659
0.23480970205442012,2.693877
0.23487012657888084,2.694193
0.2349305511033416,2.693581
0.23499097562780236,2.693689
0.23505140015226303,2.693879
0.2351118246767238,2.693564
0.23517224920118454,2.693611
0.23523267372564527,2.693765
0.235293098250106,2.693331
0.23535352277456678,2.6933
0.23541394729902745,2.693409
0.2354743718234882,2.693484
0.23553479634794894,2.693873
0.2355952208724097,2.693857
0.23565564539687048,2.69368
0.23571606992133115,2.694044
0.2357764944457919,2.694016
0.23583691897025266,2.693764
0.23589734349471334,2.693777
0.23595776801917412,2.693578
0.23601819254363482,2.69345
0.2360786170680956,2.69349
0.2361390415925563,2.693777
0.23619946611701706,2.693309
0.2362598906414778,2.693564
0.23632031516593852,2.693589
0.23638073969039924,2.693414
0.23644116421486,2.693548
0.23650158873932078,2.693323
0.23656201326378146,2.693183
0.23662243778824224,2.693312
0.23668286231270294,2.693645
0.23674328683716364,2.693429
0.23680371136162442,2.69326
0.23686413588608513,2.693781
0.2369245604105459,2.693526
0.23698498493500658,2.693495
0.23704540945946737,2.693824
0.2371058339839281,2.693911
0.2371662585083888,2.693721
0.23722668303284955,2.694046
0.2372871075573103,2.693316
0.23734753208177103,2.693515
0.23740795660623176,2.693626
0.23746838113069255,2.693599
0.23752880565515325,2.693438
0.23758923017961395,2.693696
0.2376496547040747,2.692775
0.23771007922853543,2.692819
0.23777050375299622,2.693387
0.2378309282774569,2.692927
0.23789135280191767,2.692904
0.2379517773263784,2.693296
0.23801220185083916,2.693095
0.23807262637529986,2.692926
0.23813305089976058,2.693438
0.23819347542422134,2.692977
0.2382538999486821,2.693316
0.2383143244731428,2.693869
0.23837474899760355,2.693304
0.23843517352206434,2.693217
0.238495598046525,2.693241
0.23855602257098574,2.693087
0.2386164470954465,2.693184
0.2386768716199072,2.693381
0.23873729614436798,2.693081
0.23879772066882868,2.6929
0.23885814519328946,2.693111
0.23891856971775016,2.692881
0.2389789942422109,2.692907
0.23903941876667165,2.693126
0.23909984329113237,2.69277
0.2391602678155931,2.692514
0.23922069234005386,2.692641
0.2392811168645146,2.692752
0.23934154138897534,2.69275
0.23940196591343604,2.692752
0.2394623904378968,2.692441
0.23952281496235753,2.692421
0.2395832394868183,2.692802
0.23964366401127898,2.692317
0.23970408853573977,2.692075
0.23976451306020044,2.692481
0.2398249375846612,2.692264
0.23988536210912198,2.692371
0.23994578663358268,2.692513
0.2400062111580434,2.691976
0.24006663568250416,2.692222
0.2401270602069649,2.692229
0.24018748473142565,2.692043
0.24024790925588632,2.692304
0.2403083337803471,2.69277
0.24036875830480783,2.692178
0.2404291828292686,2.692327
0.2404896073537293,2.692711
0.24055003187819007,2.692187
0.24061045640265077,2.692379
0.2406708809271115,2.692625
0.24073130545157223,2.692743
0.240791729976033,2.692574
0.24085215450049377,2.692611
0.24091257902495444,2.692568
0.24097300354941523,2.692689
0.24103342807387595,2.692925
0.24109385259833663,2.692373
0.2411542771227974,2.692497
0.2412147016472581,2.692696
0.2412751261717189,2.692567
0.2413355506961796,2.692207
0.24139597522064035,2.692727
0.24145639974510108,2.69236
0.24151682426956184,2.692302
0.24157724879402254,2.692749
0.2416376733184833,2.692595
0.24169809784294408,2.692514
0.24175852236740475,2.692569
0.24181894689186553,2.692
0.24187937141632623,2.69227
0.24193979594078693,2.692505
0.24200022046524772,2.692529
0.24206064498970842,2.692415
0.2421210695141692,2.692665
0.24218149403862987,2.692451
0.24224191856309066,2.692273
0.2423023430875514,2.692478
0.24236276761201211,2.691951
0.24242319213647284,2.692455
0.2424836166609336,2.692854
0.24254404118539433,2.692184
0.24260446570985508,2.69202
0.24266489023431587,2.692386
0.24272531475877654,2.692161
0.24278573928323727,2.692257
0.242846163807698,2.692842
0.24290658833215872,2.692343
0.2429670128566195,2.692126
0.24302743738108018,2.692427
0.24308786190554096,2.692286
0.2431482864300017,2.692437
0.24320871095446242,2.69261
0.24326913547892315,2.692448
0.24332956000338388,2.692352
0.24338998452784463,2.69245
0.2434504090523054,2.692177
0.2435108335767661,2.692258
0.24357125810122685,2.692509
0.24363168262568757,2.69243
0.24369210715014833,2.692133
0.24375253167460903,2.692553
0.2438129561990698,2.692194
0.24387338072353051,2.691958
0.2439338052479913,2.691881
0.24399422977245197,2.691739
0.24405465429691273,2.691662
0.2441150788213735,2.691808
0.24417550334583418,2.691416
0.24423592787029494,2.691502
0.24429635239475567,2.69137
0.2443567769192164,2.69155
0.24441720144367715,2.691208
0.24447762596813788,2.6914
0.24453805049259864,2.69101
0.24459847501705934,2.69122
0.2446588995415201,2.691646
0.24471932406598082,2.691206
0.2447797485904416,2.690753
0.24484017311490228,2.691112
0.24490059763936306,2.690878
0.24496102216382376,2.69096
0.2450214466882845,2.691322
0.24508187121274527,2.691132
0.24514229573720597,2.691046
0.24520272026166673,2.690987
0.24526314478612746,2.690747
0.24532356931058819,2.69066
0.24538399383504894,2.690988
0.24544441835950961,2.690936
0.2455048428839704,2.690777
0.24556526740843113,2.690941
0.24562569193289188,2.690906
0.24568611645735258,2.690618
0.24574654098181337,2.690877
0.24580696550627407,2.690547
0.24586739003073482,2.690667
0.24592781455519552,2.691005
0.24598823907965628,2.690476
0.24604866360411706,2.690419
0.24610908812857774,2.690929
0.24616951265303852,2.690691
0.24622993717749925,2.690617
0.24629036170195992,2.690802
0.2463507862264207,2.690632
0.2464112107508814,2.690528
0.2464716352753422,2.691317
0.2465320597998029,2.691265
0.24659248432426364,2.691201
0.24665290884872437,2.691413
0.24671333337318513,2.690596
0.24677375789764583,2.690813
0.24683418242210658,2.691145
0.24689460694656737,2.69068
0.24695503147102807,2.690912
0.24701545599548885,2.691212
0.24707588051994953,2.690593
0.24713630504441025,2.690579
0.24719672956887104,2.690621
0.2472571540933317,2.690497
0.2473175786177925,2.690191
0.24737800314225322,2.690627
0.24743842766671395,2.690564
0.24749885219117468,2.690373
0.2475592767156354,2.69079
0.24761970124009614,2.6902
0.2476801257645569,2.690351
0.24774055028901762,2.69054
0.24780097481347838,2.689825
0.24786139933793916,2.689854
0.24792182386239983,2.690259
0.24798224838686056,2.689591
0.24804267291132132,2.689483
0.24810309743578202,2.689906
0.2481635219602428,2.689494
0.2482239464847035,2.689796
0.24828437100916428,2.690041
0.248344795533625,2.68963
0.2484052200580857,2.68951
0.24846564458254647,2.689734
0.24852606910700717,2.689442
0.24858649363146793,2.689565
0.24864691815592868,2.689757
0.24870734268038938,2.689318
0.24876776720485014,2.689378
0.24882819172931087,2.689538
0.24888861625377162,2.68916
0.24894904077823232,2.689319
0.2490094653026931,2.689882
0.2490698898271538,2.689237
0.2491303143516146,2.689369
0.24919073887607526,2.689354
0.24925116340053602,2.688819
0.2493115879249968,2.688605
0.24937201244945748,2.6889
0.24943243697391823,2.688634
0.24949286149837896,2.688827
0.24955328602283972,2.689224
0.24961371054730044,2.688677
0.24967413507176114,2.688892
0.24973455959622193,2.688906
0.24979498412068263,2.688738
0.24985540864514338,2.688731
0.2499158331696041,2.688884
0.2499762576940649,2.688703
0.2500366822185256,2.688856
0.25009710674298635,2.68909
0.25015753126744705,2.688577
0.2502179557919078,2.688567
0.25027838031636856,2.688974
0.25033880484082927,2.688625
0.25039922936529,2.688468
0.2504596538897508,2.688908
0.2505200784142115,2.688513
0.25058050293867223,2.688657
0.25064092746313293,2.688655
0.2507013519875937,2.68838
0.25076177651205445,2.688384
0.25082220103651515,2.688594
0.2508826255609759,2.688522
0.25094305008543666,2.688551
0.25100347460989736,2.689018
0.2510638991343581,2.688772
0.25112432365881887,2.688928
0.25118474818327957,2.688876
0.2512451727077404,2.688732
0.25130559723220103,2.688542
0.25136602175666184,2.688999
0.25142644628112254,2.688935
0.25148687080558324,2.688549
0.251547295330044,2.68901
0.2516077198545047,2.68869
0.2516681443789655,2.689014
0.2517285689034262,2.689125
0.25178899342788696,2.688818
0.25184941795234767,2.688724
0.2519098424768084,2.688725
0.2519702670012691,2.688475
0.2520306915257299,2.688371
0.2520911160501907,2.688774
0.25215154057465133,2.688507
0.25221196509911215,2.688571
0.25227238962357285,2.688728
0.25233281414803355,2.688351
0.2523932386724943,2.688317
0.252453663196955,2.68881
0.2525140877214158,2.688145
0.2525745122458765,2.688322
0.25263493677033727,2.688768
0.25269536129479797,2.688438
0.25275578581925867,2.688195
0.2528162103437194,2.688345
0.2528766348681802,2.688101
0.25293705939264094,2.688272
0.25299748391710164,2.688616
0.25305790844156245,2.688131
0.25311833296602315,2.68847
0.25317875749048385,2.688414
0.2532391820149446,2.687923
0.2532996065394053,2.688251
0.2533600310638661,2.688451
0.25342045558832677,2.68828
0.2534808801127876,2.688197
0.25354130463724833,2.688308
0.253601729161709,2.688123
0.25366215368616973,2.688002
0.2537225782106305,2.688599
0.25378300273509125,2.688504
0.253843427259552,2.688263
0.2539038517840127,2.688547
0.25396427630847346,2.688108
0.25402470083293416,2.688024
0.2540851253573949,2.688144
0.2541455498818556,2.687939
0.2542059744063164,2.687905
0.25426639893077707,2.688281
0.2543268234552379,2.687899
0.2543872479796986,2.687793
0.25444767250415934,2.68771
0.2545080970286201,2.687479
0.2545685215530808,2.6877
0.25462894607754155,2.687845
0.2546893706020023,2.687529
0.254749795126463,2.687357
0.25481021965092376,2.68765
0.25487064417538446,2.68733
0.2549310686998452,2.687515
0.2549914932243059,2.688
0.2550519177487667,2.687739
0.25511234227322743,2.687605
0.2551727667976882,2.688005
0.2552331913221489,2.687405
0.25529361584660965,2.687632
0.25535404037107035,2.687886
0.2554144648955311,2.687374
0.25547488941999186,2.687105
0.25553531394445256,2.687433
0.25559573846891337,2.686982
0.25565616299337407,2.687163
0.25571658751783477,2.68732
0.2557770120422955,2.68716
0.2558374365667562,2.687268
0.255897861091217,2.68733
0.25595828561567774,2.687022
0.2560187101401385,2.687326
0.2560791346645992,2.687779
0.25613955918905995,2.687365
0.25619998371352065,2.687609
0.2562604082379814,2.687683
0.25632083276244216,2.687288
0.25638125728690286,2.687359
0.2564416818113637,2.687552
0.2565021063358243,2.687226
0.2565625308602851,2.687401
0.25662295538474583,2.687489
0.25668337990920653,2.687242
0.2567438044336673,2.687252
0.256804228958128,2.687192
0.2568646534825888,2.686891
0.2569250780070495,2.68706
0.2569855025315102,2.687486
0.25704592705597096,2.687332
0.2571063515804317,2.687989
0.2571667761048924,2.687695
0.25722720062935317,2.687493
0.257287625153814,2.687678
0.2573480496782746,2.687721
0.25740847420273544,2.687275
0.25746889872719614,2.68707
0.25752932325165684,2.687165
0.2575897477761176,2.686943
0.2576501723005783,2.686832
0.2577105968250391,2.687127
0.25777102134949986,2.687019
0.25783144587396056,2.687241
0.25789187039842126,2.687172
0.25795229492288196,2.686826
0.2580127194473427,2.686969
0.2580731439718035,2.687014
0.25813356849626423,2.686717
0.258193993020725,2.686624
0.25825441754518574,2.687176
0.25831484206964644,2.686984
0.25837526659410714,2.686726
0.25843569111856796,2.686943
0.2584961156430286,2.686552
0.2585565401674894,2.686692
0.25861696469195006,2.686424
0.25867738921641087,2.686428
0.2587378137408716,2.686401
0.2587982382653323,2.686806
0.2588586627897931,2.686664
0.2589190873142538,2.686679
0.25897951183871454,2.686742
0.2590399363631753,2.686393
0.259100360887636,2.686463
0.25916078541209675,2.686961
0.25922120993655745,2.686623
0.2592816344610182,2.686963
0.2593420589854789,2.686935
0.2594024835099397,2.68646
0.2594629080344004,2.686729
0.2595233325588612,2.686988
0.2595837570833219,2.687072
0.25964418160778263,2.686916
0.2597046061322434,2.686916
0.2597650306567041,2.686705
0.25982545518116484,2.686815
0.2598858797056256,2.687201
0.2599463042300863,2.686818
0.26000672875454706,2.686894
0.26006715327900776,2.686997
0.2601275778034685,2.686583
0.2601880023279292,2.68688
0.26024842685238997,2.687134
0.2603088513768507,2.686835
0.2603692759013115,2.686673
0.2604297004257722,2.686767
0.26049012495023294,2.686604
0.26055054947469364,2.686689
0.2606109739991544,2.686666
0.26067139852361515,2.68643
0.26073182304807585,2.686679
0.26079224757253666,2.686464
0.26085267209699736,2.68644
0.26091309662145806,2.686852
0.2609735211459188,2.686997
0.2610339456703795,2.686603
0.2610943701948403,2.686724
0.26115479471930103,2.686691
0.2612152192437618,2.68654
0.2612756437682225,2.686702
0.26133606829268324,2.686787
0.26139649281714394,2.686759
0.2614569173416047,2.686595
0.2615173418660655,2.686604
0.26157776639052616,2.686319
0.26163819091498697,2.686597
0.2616986154394476,2.686712
0.26175903996390837,2.686538
0.2618194644883691,2.686776
0.2618798890128298,2.686756
0.2619403135372906,2.686654
0.26200073806175134,2.687075
0.2620611625862121,2.687098
0.2621215871106728,2.686492
0.2621820116351335,2.686709
0.26224243615959425,2.68663
0.262302860684055,2.686403
0.2623632852085157,2.68645
0.26242370973297646,2.686338
0.2624841342574373,2.686481
0.262544558781898,2.686871
0.2626049833063587,2.68662
0.26266540783081943,2.686546
0.26272583235528013,2.686738
0.26278625687974094,2.686756
0.2628466814042016,2.686365
0.2629071059286624,2.686446
0.26296753045312315,2.686276
0.2630279549775838,2.686253
0.26308837950204456,2.686526
0.2631488040265053,2.686391
0.263209228550966,2.686655
0.26326965307542677,2.687064
0.2633300775998875,2.686547
0.2633905021243483,2.686442
0.26345092664880904,2.68653
0.26351135117326974,2.68673
0.26357177569773044,2.686806
0.26363220022219125,2.686976
0.2636926247466519,2.686728
0.2637530492711127,2.686519
0.2638134737955734,2.686532
0.26387389832003416,2.686516
0.2639343228444949,2.686533
0.2639947473689556,2.686596
0.2640551718934164,2.686701
0.2641155964178771,2.68653
0.26417602094233783,2.686723
0.2642364454667986,2.686744
0.2642968699912593,2.686762
0.26435729451572004,2.68701
0.26441771904018074,2.686777
0.2644781435646415,2.686474
0.2645385680891022,2.686947
0.264598992613563,2.686793
0.2646594171380237,2.686709
0.26471984166248447,2.687207
0.26478026618694517,2.68661
0.2648406907114059,2.686237
0.2649011152358667,2.686512
0.2649615397603274,2.686425
0.26502196428478814,2.686107
0.2650823888092489,2.686847
0.26514281333370965,2.686483
0.26520323785817035,2.686314
0.26526366238263105,2.68656
0.2653240869070918,2.686122
0.2653845114315525,2.68635
0.26544493595601326,2.686736
0.265505360480474,2.686429
0.2655657850049348,2.686706
0.2656262095293955,2.687057
0.26568663405385623,2.686792
0.265747058578317,2.686713
0.2658074831027777,2.686732
0.26586790762723844,2.686519
0.26592833215169914,2.686282
0.26598875667615995,2.686752
0.26604918120062065,2.686263
0.26610960572508136,2.686265
0.2661700302495421,2.686489
0.2662304547740028,2.686197
0.26629087929846357,2.686144
0.2663513038229243,2.686295
0.2664117283473851,2.686572
0.2664721528718458,2.686557
0.26653257739630654,2.686809
0.26659300192076724,2.686479
0.266653426445228,2.686082
0.2667138509696888,2.686502
0.26677427549414945,2.686273
0.26683470001861026,2.686157
0.26689512454307096,2.686018
0.26695554906753166,2.685655
0.2670159735919924,2.685616
0.2670763981164531,2.685721
0.26713682264091393,2.68589
0.26719724716537463,2.685593
0.2672576716898354,2.685903
0.2673180962142961,2.685781
0.2673785207387568,2.685494
0.26743894526321754,2.685539
0.2674993697876783,2.685171
0.267559794312139,2.685241
0.26762021883659975,2.685842
0.26768064336106057,2.685453
0.26774106788552127,2.685615
0.26780149240998197,2.686082
0.2678619169344427,2.685608
0.2679223414589034,2.685963
0.26798276598336424,2.685989
0.2680431905078249,2.685737
0.2681036150322857,2.685839
0.26816403955674645,2.685933
0.2682244640812071,2.68623
0.2682848886056679,2.685915
0.2683453131301286,2.68655
0.26840573765458936,2.686203
0.26846616217905006,2.686164
0.2685265867035108,2.686302
0.2685870112279716,2.686119
0.2686474357524323,2.686006
0.26870786027689303,2.686048
0.26876828480135373,2.685608
0.26882870932581454,2.685536
0.2688891338502752,2.686182
0.268949558374736,2.685691
0.2690099828991967,2.685219
0.26907040742365745,2.685827
0.2691308319481182,2.685463
0.2691912564725789,2.685522
0.26925168099703967,2.686138
0.2693121055215004,2.685761
0.2693725300459611,2.686032
0.2694329545704219,2.686384
0.2694933790948825,2.685756
0.26955380361934334,2.685704
0.26961422814380404,2.686199
0.2696746526682648,2.685484
0.2697350771927255,2.685086
0.2697955017171863,2.685735
0.269855926241647,2.685479
0.26991635076610776,2.685179
0.26997677529056846,2.685449
0.2700371998150292,2.685209
0.27009762433949,2.684875
0.2701580488639507,2.685449
0.27021847338841143,2.685139
0.2702788979128722,2.68487
0.27033932243733294,2.684947
0.27039974696179364,2.684758
0.27046017148625434,2.685035
0.2705205960107151,2.685033
0.27058102053517585,2.68465
0.27064144505963655,2.684588
0.2707018695840973,2.684582
0.27076229410855807,2.684109
0.27082271863301877,2.684319
0.2708831431574795,2.684616
0.2709435676819403,2.684616
0.271003992206401,2.684343
0.2710644167308618,2.684673
0.27112484125532244,2.68467
0.27118526577978325,2.684823
0.27124569030424395,2.685444
0.27130611482870465,2.68512
0.2713665393531654,2.68513
0.2714269638776261,2.685367
0.2714873884020869,2.684919
0.2715478129265476,2.685393
0.27160823745100837,2.685612
0.2716686619754691,2.684942
0.27172908649992983,2.685076
0.27178951102439053,2.685272
0.2718499355488513,2.685045
0.2719103600733121,2.684938
0.27197078459777274,2.685137
0.27203120912223355,2.684787
0.27209163364669425,2.684745
0.27215205817115495,2.685398
0.2722124826956157,2.685255
0.2722729072200764,2.685246
0.2723333317445372,2.685315
0.2723937562689979,2.685093
0.2724541807934587,2.685073
0.27251460531791943,2.685117
0.2725750298423801,2.684867
0.27263545436684083,2.685011
0.2726958788913016,2.685216
0.27275630341576235,2.685267
0.27281672794022305,2.685249
0.27287715246468386,2.685573
0.27293757698914456,2.685323
0.27299800151360526,2.68511
0.273058426038066,2.685127
0.2731188505625267,2.684791
0.2731792750869875,2.684971
0.2732396996114482,2.685189
0.273300124135909,2.68496
0.27336054866036974,2.685209
0.2734209731848304,2.68565
0.2734813977092912,2.685305
0.2735418222337519,2.685106
0.27360224675821265,2.685048
0.2736626712826734,2.684664
0.2737230958071341,2.68474
0.27378352033159487,2.685161
0.27384394485605557,2.684725
0.2739043693805163,2.684952
0.273964793904977,2.685113
0.27402521842943783,2.684876
0.2740856429538985,2.684925
0.2741460674783593,2.685513
0.27420649200282,2.684968
0.27426691652728075,2.685144
0.2743273410517415,2.685299
0.2743877655762022,2.684604
0.27444819010066296,2.684678
0.2745086146251237,2.685054
0.2745690391495844,2.685201
0.27462946367404517,2.685091
0.27468988819850587,2.685152
0.2747503127229666,2.685122
0.27481073724742733,2.685098
0.2748711617718881,2.685331
0.27493158629634884,2.685014
0.2749920108208096,2.684885
0.2750524353452703,2.685008
0.27511285986973105,2.684685
0.27517328439419175,2.68481
0.2752337089186525,2.685281
0.27529413344311326,2.685024
0.27535455796757397,2.685046
0.2754149824920348,2.685667
0.2754754070164955,2.6854
0.2755358315409562,2.685412
0.27559625606541693,2.685585
0.27565668058987763,2.68517
0.2757171051143384,2.684964
0.27577752963879915,2.685397
0.2758379541632599,2.68487
0.2758983786877206,2.684975
0.27595880321218136,2.685215
0.27601922773664206,2.685018
0.2760796522611028,2.684979
0.27614007678556357,2.685199
0.27620050131002427,2.685133
0.2762609258344851,2.685065
0.2763213503589457,2.685253
0.27638177488340654,2.684941
0.27644219940786724,2.684779
0.27650262393232794,2.685003
0.2765630484567887,2.68499
0.27662347298124945,2.684896
0.2766838975057102,2.685282
0.2767443220301709,2.685214
0.27680474655463166,2.685156
0.27686517107909236,2.685629
0.2769255956035531,2.685038
0.2769860201280138,2.685189
0.2770464446524746,2.685457
0.2771068691769354,2.685237
0.27716729370139603,2.684973
0.27722771822585685,2.685507
0.27728814275031755,2.685143
0.27734856727477825,2.685254
0.277408991799239,2.685266
0.2774694163236997,2.685225
0.2775298408481605,2.685282
0.27759026537262127,2.685667
0.27765068989708197,2.685544
0.2777111144215427,2.685305
0.27777153894600337,2.685234
0.2778319634704641,2.685338
0.2778923879949249,2.6855
0.27795281251938564,2.685308
0.2780132370438464,2.685222
0.27807366156830715,2.685263
0.27813408609276785,2.685355
0.27819451061722855,2.6854
0.27825493514168936,2.68538
0.27831535966615,2.685587
0.2783757841906108,2.685375
0.27843620871507146,2.684801
0.2784966332395323,2.685349
0.27855705776399303,2.685067
0.27861748228845373,2.685389
0.2786779068129145,2.685745
0.2787383313373752,2.685197
0.27879875586183595,2.685159
0.2788591803862967,2.68573
0.2789196049107574,2.685414
0.27898002943521816,2.685263
0.27904045395967886,2.68545
0.2791008784841396,2.685031
0.2791613030086003,2.685138
0.2792217275330611,2.685512
0.2792821520575218,2.685134
0.2793425765819826,2.685021
0.2794030011064433,2.685161
0.27946342563090404,2.685006
0.2795238501553648,2.685139
0.2795842746798255,2.685205
0.27964469920428625,2.685205
0.279705123728747,2.685189
0.27976554825320776,2.685477
0.27982597277766846,2.684973
0.27988639730212916,2.684908
0.2799468218265899,2.685153
0.2800072463510506,2.685055
0.2800676708755114,2.685098
0.28012809539997213,2.68532
0.2801885199244329,2.685168
0.2802489444488936,2.685107
0.28030936897335434,2.685307
0.2803697934978151,2.685036
0.2804302180222758,2.685043
0.28049064254673656,2.685274
0.28055106707119726,2.685297
0.28061149159565807,2.685555
0.28067191612011877,2.685686
0.28073234064457947,2.685266
0.2807927651690402,2.685357
0.2808531896935009,2.685523
0.2809136142179617,2.685096
0.28097403874242244,2.685273
0.2810344632668832,2.685516
0.2810948877913439,2.684963
0.28115531231580465,2.684797
0.28121573684026535,2.684949
0.2812761613647261,2.68458
0.2813365858891869,2.684934
0.28139701041364756,2.685344
0.2814574349381084,2.684848
0.281517859462569,2.684611
0.2815782839870298,2.684971
0.28163870851149053,2.68476
0.28169913303595123,2.6846
0.281759557560412,2.684783
0.28181998208487274,2.684576
0.2818804066093335,2.684703
0.28194083113379426,2.685178
0.2820012556582549,2.684538
0.28206168018271566,2.685109
0.2821221047071764,2.685564
0.2821825292316371,2.685072
0.28224295375609787,2.685223
0.2823033782805587,2.685412
0.2823638028050194,2.685015
0.28242422732948014,2.684878
0.28248465185394084,2.685126
0.28254507637840154,2.684983
0.28260550090286235,2.684762
0.282665925427323,2.685182
0.2827263499517838,2.685042
0.28278677447624456,2.685205
0.28284719900070526,2.68543
0.282907623525166,2.684865
0.2829680480496267,2.68505
0.2830284725740875,2.685162
0.2830888970985482,2.684755
0.28314932162300893,2.684971
0.2832097461474697,2.685157
0.28327017067193044,2.685163
0.28333059519639114,2.684871
0.28339101972085184,2.685495
0.28345144424531266,2.684876
0.2835118687697733,2.684853
0.2835722932942341,2.68516
0.2836327178186948,2.684959
0.28369314234315557,2.684982
0.2837535668676163,2.685051
0.283813991392077,2.684481
0.2838744159165378,2.684607
0.2839348404409985,2.684684
0.28399526496545924,2.684607
0.28405568948992,2.684718
0.28411611401438075,2.685089
0.28417653853884145,2.68485
0.28423696306330215,2.684672
0.2842973875877629,2.684993
0.2843578121122236,2.684421
0.2844182366366844,2.685095
0.2844786611611451,2.685344
0.2845390856856059,2.684889
0.2845995102100666,2.684693
0.28465993473452733,2.684931
0.2847203592589881,2.684479
0.2847807837834488,2.684487
0.28484120830790954,2.684614
0.2849016328323703,2.684269
0.28496205735683106,2.684518
0.28502248188129176,2.684726
0.28508290640575246,2.684132
0.2851433309302132,2.684376
0.2852037554546739,2.684696
0.28526417997913467,2.684411
0.2853246045035954,2.684223
0.2853850290280562,2.684587
0.2854454535525169,2.684206
0.28550587807697764,2.684246
0.2855663026014384,2.684795
0.2856267271258991,2.684481
0.2856871516503599,2.684139
0.28574757617482055,2.684241
0.28580800069928136,2.683915
0.28586842522374206,2.683919
0.28592884974820276,2.684472
0.2859892742726635,2.684397
0.2860496987971242,2.68432
0.286110123321585,2.684704
0.28617054784604573,2.684255
0.2862309723705065,2.684129
0.2862913968949672,2.684641
0.28635182141942794,2.684109
0.28641224594388864,2.684104
0.2864726704683494,2.684397
0.2865330949928102,2.684326
0.28659351951727086,2.684454
0.28665394404173167,2.684959
0.28671436856619237,2.684405
0.28677479309065307,2.684332
0.2868352176151138,2.684378
0.2868956421395745,2.684081
0.28695606666403534,2.684283
0.28701649118849604,2.684966
0.2870769157129568,2.684519
0.28713734023741755,2.684446
0.2871977647618782,2.684685
0.287258189286339,2.684526
0.2873186138107997,2.684244
0.2873790383352604,2.684971
0.28743946285972116,2.684112
0.287499887384182,2.684011
0.2875603119086427,2.684231
0.2876207364331034,2.683938
0.28768116095756413,2.683782
0.28774158548202483,2.684456
0.28780201000648564,2.683949
0.2878624345309463,2.683681
0.2879228590554071,2.684248
0.28798328357986785,2.684087
0.2880437081043285,2.684351
0.2881041326287893,2.684379
0.28816455715325,2.684095
0.28822498167771077,2.68404
0.28828540620217147,2.684212
0.2883458307266322,2.68391
0.288406255251093,2.684117
0.2884666797755537,2.684322
0.28852710430001444,2.683767
0.28858752882447514,2.683711
0.28864795334893595,2.683923
0.2887083778733966,2.683797
0.2887688023978574,2.683946
0.2888292269223181,2.684286
0.28888965144677886,2.68402
0.2889500759712396,2.684154
0.2890105004957003,2.684168
0.2890709250201611,2.68345
0.28913134954462183,2.683809
0.28919177406908253,2.684081
0.2892521985935433,2.683589
0.28931262311800404,2.683594
0.28937304764246474,2.683785
0.28943347216692544,2.68377
0.2894938966913862,2.683717
0.2895543212158469,2.684037
0.2896147457403077,2.683759
0.2896751702647684,2.683866
0.28973559478922917,2.684265
0.28979601931368987,2.683939
0.2898564438381506,2.683939
0.2899168683626114,2.68404
0.2899772928870721,2.683897
0.2900377174115329,2.683713
0.2900981419359936,2.684117
0.29015856646045435,2.683738
0.29021899098491505,2.68391
0.29027941550937575,2.683996
0.2903398400338365,2.683701
0.29040026455829726,2.683945
0.29046068908275796,2.684321
0.2905211136072187,2.684006
0.2905815381316795,2.683874
0.2906419626561402,2.684261
0.29070238718060093,2.683546
0.2907628117050617,2.683511
0.2908232362295224,2.683904
0.2908836607539832,2.684045
0.29094408527844384,2.683971
0.29100450980290465,2.684216
0.29106493432736535,2.683892
0.29112535885182605,2.684153
0.2911857833762868,2.684537
0.29124620790074757,2.684147
0.2913066324252083,2.683924
0.291367056949669,2.684168
0.2914274814741298,2.683578
0.2914879059985905,2.683757
0.29154833052305124,2.683893
0.29160875504751194,2.683461
0.2916691795719727,2.683231
0.2917296040964335,2.683633
0.29179002862089415,2.683312
0.29185045314535496,2.683316
0.29191087766981566,2.683843
0.29197130219427636,2.683446
0.2920317267187371,2.683433
0.2920921512431978,2.684099
0.29215257576765863,2.6837
0.2922130002921194,2.683802
0.2922734248165801,2.684193
0.29233384934104084,2.683722
0.2923942738655015,2.68389
0.2924546983899623,2.684257
0.292515122914423,2.683945
0.29257554743888375,2.684127
0.29263597196334445,2.684114
0.29269639648780527,2.683589
0.29275682101226597,2.683892
0.29281724553672667,2.684128
0.2928776700611874,2.683632
0.2929380945856481,2.683755
0.29299851911010893,2.684014
0.2930589436345696,2.683727
0.2931193681590304,2.683851
0.29317979268349115,2.684149
0.29324021720795185,2.683987
0.2933006417324126,2.68404
0.2933610662568733,2.684277
0.29342149078133406,2.68372
0.2934819153057948,2.683629
0.2935423398302555,2.684011
0.2936027643547163,2.683627
0.293663188879177,2.683964
0.29372361340363773,2.684392
0.29378403792809843,2.683899
0.29384446245255924,2.683631
0.2939048869770199,2.683919
0.2939653115014807,2.683231
0.2940257360259414,2.683449
0.29408616055040215,2.683779
0.2941465850748629,2.683847
0.2942070095993236,2.683971
0.29426743412378437,2.683964
0.2943278586482451,2.683742
0.2943882831727059,2.683662
0.2944487076971666,2.683959
0.2945091322216273,2.683513
0.29456955674608803,2.683519
0.2946299812705488,2.683501
0.2946904057950095,2.683285
0.29475083031947025,2.683532
0.294811254843931,2.683665
0.2948716793683917,2.683709
0.29493210389285246,2.68349
0.2949925284173132,2.683742
0.2950529529417739,2.683571
0.29511337746623467,2.683503
0.2951738019906954,2.683815
0.2952342265151562,2.683277
0.2952946510396169,2.683158
0.29535507556407764,2.683548
0.29541550008853834,2.683437
0.29547592461299904,2.68318
0.2955363491374598,2.683423
0.29559677366192055,2.683338
0.2956571981863813,2.683393
0.295717622710842,2.683668
0.29577804723530277,2.683343
0.29583847175976347,2.683358
0.2958988962842242,2.683769
0.295959320808685,2.68342
0.2960197453331457,2.683215
0.2960801698576065,2.683425
0.29614059438206713,2.683089
0.29620101890652795,2.683194
0.29626144343098865,2.683258
0.29632186795544935,2.682807
0.2963822924799101,2.682899
0.29644271700437086,2.683085
0.2965031415288316,2.682877
0.29656356605329237,2.683214
0.29662399057775307,2.683247
0.2966844151022138,2.683164
0.29674483962667453,2.683352
0.29680526415113523,2.683463
0.296865688675596,2.683136
0.2969261132000568,2.682798
0.29698653772451744,2.683239
0.29704696224897825,2.682757
0.29710738677343895,2.682686
0.29716781129789965,2.683012
0.2972282358223604,2.683124
0.2972886603468211,2.682763
0.2973490848712819,2.682966
0.2974095093957427,2.682963
0.2974699339202034,2.683147
0.2975303584446641,2.683201
0.2975907829691248,2.682924
0.2976512074935856,2.682877
0.29771163201804635,2.683303
0.29777205654250705,2.683071
0.2978324810669678,2.682834
0.2978929055914285,2.683398
0.2979533301158892,2.683324
0.29801375464034996,2.683538
0.29807417916481077,2.683678
0.29813460368927147,2.682974
0.2981950282137322,2.682775
0.29825545273819287,2.68297
0.29831587726265374,2.682938
0.2983763017871144,2.682796
0.2984367263115751,2.683152
0.2984971508360359,2.683109
0.29855757536049665,2.683135
0.29861799988495735,2.683234
0.2986784244094181,2.682928
0.29873884893387886,2.683589
0.29879927345833956,2.683561
0.29885969798280027,2.683395
0.298920122507261,2.683556
0.2989805470317218,2.68378
0.29904097155618253,2.683267
0.29910139608064323,2.683404
0.29916182060510405,2.683541
0.2992222451295647,2.683361
0.2992826696540254,2.683393
0.2993430941784862,2.683653
0.2994035187029469,2.683393
0.29946394322740766,2.683372
0.2995243677518684,2.683978
0.29958479227632917,2.683648
0.29964521680078987,2.683625
0.29970564132525057,2.683626
0.2997660658497113,2.683404
0.2998264903741721,2.683199
0.29988691489863284,2.683729
0.29994733942309354,2.683248
0.30000776394755435,2.683019
0.300068188472015,2.68324
0.3001286129964757,2.682945
0.3001890375209365,2.683066
0.3002494620453972,2.683692
0.30030988656985796,2.68334
0.30037031109431866,2.68315
0.3004307356187795,2.683445
0.30049116014324023,2.68314
0.3005515846677009,2.682915
0.30061200919216163,2.683362
0.30067243371662233,2.683326
0.30073285824108315,2.683204
0.30079328276554385,2.683346
0.3008537072900046,2.683122
0.30091413181446536,2.68292
0.300974556338926,2.683158
0.30103498086338676,2.682922
0.3010954053878475,2.683318
0.30115582991230827,2.683302
0.30121625443676897,2.682814
0.3012766789612298,2.682954
0.3013371034856904,2.68325
0.3013975280101512,2.6831
0.30145795253461194,2.683155
0.30151837705907264,2.683074
0.30157880158353345,2.683181
0.30163922610799415,2.683075
0.3016996506324549,2.683052
0.30176007515691566,2.683038
0.30182049968137636,2.683056
0.30188092420583706,2.682976
0.3019413487302978,2.682752
0.3020017732547586,2.682962
0.3020621977792193,2.683275
0.3021226223036801,2.682977
0.3021830468281408,2.682857
0.3022434713526015,2.68327
0.30230389587706225,2.683025
0.30236432040152295,2.682973
0.30242474492598376,2.68328
0.30248516945044446,2.682769
0.3025455939749052,2.682955
0.30260601849936597,2.683017
0.3026664430238267,2.682894
0.30272686754828737,2.682554
0.30278729207274807,2.682946
0.3028477165972089,2.682727
0.30290814112166964,2.682937
0.30296856564613034,2.6828
0.3030289901705911,2.682067
0.30308941469505185,2.682457
0.3031498392195125,2.682371
0.30321026374397325,2.682312
0.30327068826843406,2.682627
0.30333111279289476,2.682724
0.3033915373173555,2.6825
0.3034519618418162,2.682517
0.30351238636627703,2.683105
0.3035728108907377,2.682487
0.3036332354151984,2.682542
0.3036936599396592,2.68284
0.30375408446411994,2.682272
0.30381450898858064,2.682287
0.3038749335130414,2.682413
0.30393535803750216,2.682233
0.30399578256196286,2.682367
0.30405620708642356,2.682682
0.3041166316108843,2.682316
0.30417705613534507,2.682699
0.3042374806598058,2.682637
0.3042979051842665,2.68229
0.30435832970872734,2.682608
0.304418754233188,2.682221
0.3044791787576487,2.681934
0.3045396032821095,2.682334
0.3046000278065702,2.682354
0.30466045233103095,2.682213
0.3047208768554917,2.682496
0.30478130137995246,2.682709
0.3048417259044132,2.682587
0.30490215042887386,2.682688
0.3049625749533346,2.682365
0.3050229994777954,2.682352
0.30508342400225613,2.682493
0.30514384852671683,2.682439
0.30520427305117764,2.682281
0.30526469757563834,2.682547
0.305325122100099,2.682512
0.3053855466245598,2.682342
0.3054459711490205,2.68247
0.30550639567348126,2.682328
0.30556682019794196,2.681947
0.30562724472240277,2.682286
0.3056876692468635,2.682388
0.30574809377132417,2.682182
0.3058085182957849,2.681977
0.3058689428202457,2.681772
0.30592936734470644,2.681894
0.30598979186916714,2.682377
0.30605021639362795,2.682417
0.30611064091808865,2.682036
0.30617106544254935,2.682288
0.30623148996701005,2.682288
0.3062919144914708,2.68206
0.30635233901593156,2.682319
0.30641276354039226,2.682472
0.3064731880648531,2.682263
0.3065336125893138,2.682343
0.3065940371137745,2.682501
0.30665446163823523,2.682299
0.30671488616269593,2.682316
0.30677531068715674,2.682398
0.30683573521161744,2.682197
0.3068961597360782,2.682115
0.30695658426053896,2.681908
0.3070170087849996,2.682059
0.30707743330946036,2.682041
0.3071378578339211,2.682089
0.30719828235838187,2.681977
0.3072587068828426,2.682434
0.3073191314073034,2.681978
0.3073795559317641,2.682108
0.30743998045622484,2.682564
0.30750040498068554,2.682642
0.30756082950514624,2.681997
0.30762125402960705,2.682467
0.30768167855406775,2.682084
0.3077421030785285,2.68184
0.30780252760298926,2.682305
0.30786295212745,2.681917
0.30792337665191066,2.682005
0.30798380117637136,2.682102
0.3080442257008322,2.681884
0.30810465022529293,2.681874
0.30816507474975363,2.682158
0.3082254992742144,2.682188
0.30828592379867514,2.682343
0.3083463483231358,2.682438
0.30840677284759654,2.682401
0.30846719737205736,2.682225
0.30852762189651806,2.682426
0.3085880464209788,2.68258
0.3086484709454395,2.682065
0.3087088954699003,2.682112
0.30876931999436097,2.682296
0.30882974451882167,2.681902
0.3088901690432825,2.682028
0.30895059356774324,2.682215
0.30901101809220394,2.682081
0.3090714426166647,2.682029
0.30913186714112545,2.681947
0.3091922916655862,2.682081
0.30925271619004685,2.682052
0.3093131407145076,2.682069
0.30937356523896836,2.681803
0.3094339897634291,2.681778
0.3094944142878898,2.681534
0.30955483881235063,2.681351
0.30961526333681133,2.681421
0.309675687861272,2.681124
0.3097361123857328,2.681138
0.3097965369101935,2.681559
0.30985696143465424,2.681557
0.309917385959115,2.681863
0.30997781048357576,2.682075
0.3100382350080365,2.681777
0.31009865953249716,2.681436
0.3101590840569579,2.681539
0.31021950858141867,2.68158
0.3102799331058794,2.681095
0.3103403576303401,2.681287
0.31040078215480094,2.681285
0.31046120667926164,2.68117
0.3105216312037223,2.681219
0.3105820557281831,2.680946
0.3106424802526438,2.68106
0.31070290477710455,2.681057
0.31076332930156525,2.680751
0.31082375382602606,2.680674
0.3108841783504868,2.681077
0.31094460287494746,2.68087
0.3110050273994082,2.681189
0.311065451923869,2.68143
0.31112587644832973,2.681109
0.31118630097279043,2.680978
0.31124672549725124,2.681432
0.31130715002171194,2.681188
0.3113675745461727,2.681025
0.31142799907063334,2.681628
0.3114884235950941,2.681169
0.31154884811955486,2.681248
0.31160927264401556,2.681337
0.31166969716847637,2.68124
0.31173012169293707,2.680918
0.3117905462173978,2.681157
0.3118509707418585,2.681198
0.3119113952663192,2.681113
0.31197181979078004,2.681181
0.31203224431524074,2.681085
0.3120926688397015,2.680906
0.31215309336416225,2.681182
0.3122135178886229,2.681048
0.31227394241308365,2.681145
0.3123343669375444,2.681594
0.31239479146200516,2.681283
0.3124552159864659,2.681147
0.3125156405109267,2.681569
0.3125760650353874,2.681273
0.31263648955984813,2.681423
0.31269691408430883,2.68141
0.31275733860876953,2.68121
0.31281776313323034,2.680932
0.31287818765769104,2.681376
0.3129386121821518,2.681133
0.31299903670661255,2.680918
0.31305946123107325,2.681361
0.31311988575553396,2.680581
0.3131803102799947,2.68075
0.31324073480445547,2.681302
0.3133011593289162,2.680936
0.313361583853377,2.680507
0.3134220083778377,2.681208
0.31348243290229844,2.680677
0.3135428574267592,2.680603
0.31360328195121984,2.680947
0.31366370647568065,2.680999
0.31372413100014135,2.681042
0.3137845555246021,2.681316
0.3138449800490628,2.680707
0.31390540457352356,2.680876
0.3139658290979843,2.681457
0.31402625362244496,2.680854
0.3140866781469058,2.681066
0.31414710267136653,2.681416
0.31420752719582723,2.680695
0.314267951720288,2.68083
0.31432837624474874,2.681336
0.3143888007692095,2.680629
0.31444922529367014,2.680517
0.3145096498181309,2.680849
0.31457007434259165,2.68084
0.3146304988670524,2.680671
0.3146909233915131,2.681233
0.3147513479159739,2.681076
0.3148117724404346,2.680916
0.31487219696489527,2.681008
0.3149326214893561,2.680701
0.3149930460138168,2.680542
0.31505347053827754,2.680853
0.3151138950627383,2.680415
0.31517431958719905,2.680507
0.3152347441116598,2.681149
0.31529516863612045,2.681012
0.3153555931605812,2.681049
0.31541601768504196,2.680894
0.3154764422095027,2.680508
0.3155368667339634,2.680566
0.31559729125842423,2.68072
0.31565771578288493,2.680657
0.3157181403073456,2.680589
0.3157785648318064,2.680993
0.3158389893562671,2.680588
0.31589941388072784,2.68042
0.31595983840518854,2.680738
0.31602026292964935,2.680334
0.3160806874541101,2.680663
0.3161411119785708,2.680833
0.3162015365030315,2.68045
0.31626196102749227,2.68042
0.316322385551953,2.680578
0.3163828100764137,2.680219
0.31644323460087453,2.680326
0.31650365912533523,2.680914
0.316564083649796,2.680552
0.31662450817425664,2.680622
0.3166849326987174,2.680961
0.31674535722317815,2.680557
0.31680578174763885,2.680489
0.31686620627209966,2.680687
0.3169266307965604,2.680392
0.3169870553210211,2.680456
0.3170474798454818,2.680557
0.3171079043699425,2.680495
0.31716832889440333,2.680333
0.31722875341886403,2.680454
0.3172891779433248,2.680279
0.31734960246778554,2.680305
0.31741002699224624,2.680458
0.31747045151670694,2.680477
0.3175308760411677,2.680286
0.31759130056562845,2.680271
0.3176517250900892,2.680345
0.31771214961454997,2.680843
0.31777257413901067,2.681297
0.3178329986634714,2.68067
0.3178934231879322,2.680741
0.3179538477123928,2.680883
0.31801427223685363,2.680205
0.31807469676131434,2.680559
0.3181351212857751,2.680834
0.31819554581023585,2.680263
0.31825597033469655,2.680275
0.3183163948591573,2.680568
0.318376819383618,2.680489
0.31843724390807876,2.680432
0.3184976684325395,2.680616
0.31855809295700027,2.680169
0.31861851748146097,2.680257
0.31867894200592173,2.680592
0.3187393665303825,2.680336
0.31879979105484313,2.680553
0.31886021557930394,2.680787
0.31892064010376464,2.680504
0.3189810646282254,2.68062
0.3190414891526861,2.68071
0.31910191367714685,2.680201
0.3191623382016076,2.680193
0.31922276272606825,2.680171
0.31928318725052907,2.680064
0.3193436117749898,2.68035
0.3194040362994505,2.680579
0.3194644608239113,2.680138
0.319524885348372,2.679861
0.3195853098728328,2.680232
0.31964573439729344,2.679981
0.3197061589217542,2.680205
0.31976658344621495,2.68027
0.3198270079706757,2.68005
0.3198874324951364,2.680308
0.31994785701959716,2.680425
0.3200082815440579,2.680083
0.32006870606851856,2.679848
0.32012913059297937,2.679911
0.3201895551174401,2.679628
0.32024997964190083,2.679643
0.3203104041663616,2.680081
0.3203708286908223,2.680108
0.3204312532152831,2.679946
0.3204916777397438,2.680351
0.3205521022642045,2.679907
0.32061252678866525,2.679757
0.320672951313126,2.680366
0.3207333758375867,2.679739
0.3207938003620475,2.679884
0.3208542248865082,2.679679
0.320914649410969,2.679556
0.32097507393542973,2.679839
0.3210354984598904,2.680029
0.32109592298435113,2.679509
0.32115634750881183,2.6797
0.32121677203327265,2.679898
0.3212771965577334,2.679827
0.3213376210821941,2.679767
0.3213980456066548,2.679618
0.32145847013111556,2.679536
0.3215188946555763,2.679577
0.321579319180037,2.680171
0.3216397437044978,2.679947
0.3217001682289585,2.679804
0.3217605927534193,2.680158
0.32182101727787993,2.679619
0.3218814418023407,2.679624
0.32194186632680144,2.679966
0.32200229085126214,2.679428
0.32206271537572295,2.679536
0.3221231399001837,2.679711
0.3221835644246444,2.679273
0.32224398894910516,2.679836
0.3223044134735658,2.680125
0.3223648379980266,2.6799
0.3224252625224873,2.679769
0.3224856870469481,2.680009
0.32254611157140883,2.679684
0.32260653609586953,2.679445
0.3226669606203303,2.679787
0.322727385144791,2.679829
0.32278780966925175,2.679549
0.3228482341937125,2.67991
0.32290865871817326,2.679528
0.32296908324263396,2.679672
0.3230295077670947,2.680023
0.32308993229155547,2.679415
0.3231503568160161,2.679452
0.3232107813404769,2.68002
0.3232712058649376,2.679543
0.3233316303893984,2.679614
0.32339205491385914,2.679863
0.32345247943831984,2.679544
0.3235129039627806,2.679644
0.3235733284872413,2.679745
0.32363375301170205,2.679572
0.3236941775361628,2.67941
0.32375460206062356,2.680096
0.32381502658508426,2.679473
0.323875451109545,2.679283
0.3239358756340058,2.679588
0.3239963001584664,2.679378
0.3240567246829273,2.679423
0.32411714920738793,2.679792
0.3241775737318487,2.679781
0.32423799825630945,2.679892
0.32429842278077015,2.679936
0.3243588473052309,2.679385
0.32441927182969155,2.679395
0.32447969635415236,2.679814
0.3245401208786131,2.679495
0.3246005454030738,2.679561
0.32466096992753457,2.679729
0.32472139445199527,2.679266
0.3247818189764561,2.678903
0.3248422435009168,2.679327
0.3249026680253775,2.679342
0.32496309254983824,2.679482
0.325023517074299,2.679631
0.3250839415987597,2.679307
0.32514436612322045,2.679343
0.3252047906476812,2.679717
0.32526521517214185,2.679276
0.3253256396966027,2.678872
0.32538606422106336,2.679327
0.3254464887455241,2.679178
0.3255069132699849,2.678885
0.3255673377944456,2.67897
0.3256277623189064,2.678915
0.3256881868433671,2.678986
0.3257486113678278,2.67911
0.32580903589228855,2.679055
0.3258694604167493,2.678966
0.32592988494121,2.679139
0.32599030946567076,2.679009
0.3260507339901315,2.678936
0.32611115851459227,2.679411
0.326171583039053,2.679131
0.32623200756351367,2.678979
0.3262924320879744,2.679371
0.3263528566124351,2.678905
0.3264132811368959,2.679075
0.3264737056613567,2.679402
0.3265341301858174,2.678957
0.32659455471027815,2.679022
0.32665497923473885,2.679498
0.3267154037591996,2.679123
0.3267758282836603,2.679307
0.3268362528081211,2.679726
0.3268966773325818,2.679796
0.3269571018570426,2.679803
0.3270175263815032,2.679884
0.327077950905964,2.679436
0.32713837543042473,2.679563
0.3271987999548855,2.680012
0.32725922447934624,2.679494
0.327319649003807,2.679309
0.3273800735282677,2.679741
0.32744049805272846,2.679559
0.3275009225771891,2.679303
0.3275613471016499,2.679457
0.3276217716261106,2.67909
0.32768219615057137,2.679216
0.3277426206750321,2.679639
0.3278030451994929,2.679112
0.3278634697239536,2.679148
0.3279238942484143,2.679158
0.32798431877287504,2.679048
0.3280447432973358,2.678982
0.32810516782179655,2.678958
0.32816559234625725,2.678414
0.328226016870718,2.678425
0.32828644139517876,2.678783
0.3283468659196394,2.678529
0.3284072904441003,2.678799
0.3284677149685609,2.679268
0.3285281394930217,2.679172
0.32858856401748243,2.679128
0.32864898854194313,2.679152
0.3287094130664039,2.678686
0.32876983759086464,2.67924
0.32883026211532534,2.679471
0.3288906866397861,2.679282
0.32895111116424686,2.679247
0.32901153568870756,2.679383
0.3290719602131683,2.678991
0.32913238473762907,2.678829
0.3291928092620897,2.679337
0.3292532337865506,2.679015
0.3293136583110112,2.678891
0.329374082835472,2.679261
0.32943450735993274,2.679084
0.32949493188439344,2.679345
0.3295553564088542,2.679864
0.32961578093331484,2.679137
0.3296762054577757,2.679047
0.3297366299822364,2.679199
0.3297970545066971,2.679122
0.32985747903115786,2.678848
0.32991790355561856,2.679155
0.3299783280800794,2.678709
0.3300387526045401,2.678815
0.3300991771290008,2.679111
0.33015960165346153,2.679022
0.3302200261779223,2.678781
0.330280450702383,2.679446
0.33034087522684374,2.67909
0.3304012997513045,2.679073
0.3304617242757652,2.679305
0.330522148800226,2.678856
0.33058257332468666,2.678942
0.3306429978491474,2.679038
0.33070342237360817,2.678864
0.33076384689806887,2.678911
0.3308242714225297,2.679004
0.3308846959469904,2.678574
0.33094512047145114,2.678863
0.33100554499591184,2.67895
0.3310659695203726,2.678881
0.3311263940448333,2.678936
0.33118681856929405,2.679428
0.3312472430937548,2.679021
0.33130766761821556,2.678791
0.3313680921426763,2.678907
0.33142851666713696,2.67828
0.3314889411915977,2.678332
0.3315493657160585,2.67876
0.3316097902405192,2.678628
0.33167021476498,2.678647
0.3317306392894407,2.678471
0.33179106381390144,2.67821
0.3318514883383622,2.678124
0.3319119128628229,2.678605
0.3319723373872836,2.678512
0.3320327619117443,2.678085
0.3320931864362051,2.678398
0.33215361096066587,2.678272
0.33221403548512657,2.678199
0.33227446000958727,2.678217
0.332334884534048,2.677673
0.3323953090585088,2.677668
0.3324557335829695,2.677975
0.3325161581074303,2.677715
0.332576582631891,2.678127
0.33263700715635175,2.678198
0.3326974316808124,2.677643
0.33275785620527326,2.677886
0.3328182807297339,2.677842
0.3328787052541946,2.677636
0.3329391297786554,2.677657
0.3329995543031162,2.677948
0.3330599788275769,2.677564
0.33312040335203763,2.67755
0.33318082787649833,2.677786
0.3332412524009591,2.67728
0.33330167692541984,2.677446
0.33336210144988054,2.67759
0.3334225259743413,2.677545
0.33348295049880206,2.677782
0.3335433750232627,2.677711
0.33360379954772357,2.677711
0.3336642240721842,2.677786
0.33372464859664497,2.678122
0.3337850731211057,2.677676
0.3338454976455664,2.677721
0.3339059221700272,2.677671
0.33396634669448794,2.677262
0.3340267712189487,2.677485
0.3340871957434094,2.677927
0.33414762026787015,2.677712
0.33420804479233085,2.677314
0.3342684693167916,2.677803
0.33432889384125236,2.677123
0.33438931836571306,2.677372
0.3344497428901739,2.677672
0.3345101674146345,2.677249
0.3345705919390953,2.677343
0.33463101646355603,2.677508
0.33469144098801673,2.67708
0.3347518655124775,2.677421
0.3348122900369382,2.67773
0.334872714561399,2.677022
0.33493313908585975,2.677116
0.3349935636103204,2.677167
0.33505398813478116,2.676952
0.3351144126592419,2.676709
0.33517483718370267,2.677265
0.33523526170816337,2.676827
0.3352956862326242,2.676935
0.3353561107570848,2.677321
0.3354165352815456,2.677052
0.3354769598060063,2.677022
0.33553738433046704,2.677152
0.3355978088549278,2.676979
0.33565823337938855,2.677076
0.3357186579038493,2.677444
0.33577908242830995,2.677074
0.3358395069527707,2.676719
0.33589993147723146,2.676965
0.33596035600169216,2.676503
0.336020780526153,2.677075
0.3360812050506137,2.677186
0.33614162957507443,2.677062
0.3362020540995352,2.677496
0.3362624786239959,2.677652
0.3363229031484566,2.677236
0.33638332767291734,2.677385
0.3364437521973781,2.677638
0.33650417672183885,2.677466
0.3365646012462996,2.677377
0.33662502577076026,2.677488
0.336685450295221,2.677057
0.33674587481968177,2.676756
0.33680629934414247,2.677125
0.3368667238686033,2.676879
0.336927148393064,2.676884
0.33698757291752474,2.677231
0.3370479974419855,2.676946
0.33710842196644625,2.676875
0.3371688464909069,2.676993
0.3372292710153676,2.676747
0.3372896955398284,2.67676
0.33735012006428916,2.677093
0.33741054458874986,2.67666
0.3374709691132106,2.676701
0.3375313936376713,2.6772
0.3375918181621321,2.676742
0.3376522426865928,2.676392
0.3377126672110536,2.676308
0.3377730917355143,2.675982
0.33783351625997504,2.675934
0.3378939407844357,2.676351
0.33795436530889655,2.676112
0.3380147898333572,2.676469
0.3380752143578179,2.676788
0.3381356388822787,2.67634
0.33819606340673947,2.67623
0.33825648793120017,2.676665
0.3383169124556609,2.67611
0.3383773369801217,2.676265
0.3384377615045824,2.676522
0.3384981860290431,2.675987
0.33855861055350384,2.675914
0.3386190350779646,2.676378
0.33867945960242535,2.676077
0.33873988412688605,2.67634
0.33880030865134686,2.676309
0.3388607331758075,2.675526
0.3389211577002682,2.675613
0.338981582224729,2.675748
0.3390420067491897,2.675292
0.3391024312736505,2.675693
0.33916285579811123,2.675872
0.339223280322572,2.675302
0.33928370484703274,2.675416
0.3393441293714934,2.67618
0.33940455389595414,2.675754
0.3394649784204149,2.675617
0.33952540294487565,2.67565
0.33958582746933635,2.675437
0.33964625199379717,2.675889
0.3397066765182578,2.676063
0.33976710104271857,2.675647
0.3398275255671793,2.675426
0.33988795009164,2.675865
0.3399483746161008,2.675543
0.3400087991405615,2.675274
0.3400692236650223,2.675604
0.34012964818948305,2.675278
0.3401900727139437,2.675282
0.34025049723840445,2.675763
0.3403109217628652,2.675514
0.34037134628732596,2.675649
0.34043177081178666,2.675597
0.34049219533624747,2.675258
0.3405526198607082,2.675575
0.3406130443851689,2.675351
0.3406734689096296,2.675073
0.34073389343409033,2.675075
0.3407943179585511,2.675669
0.34085474248301184,2.675142
0.3409151670074726,2.675222
0.34097559153193324,2.675544
0.341036016056394,2.675001
0.34109644058085475,2.674948
0.34115686510531545,2.675409
0.34121728962977627,2.674809
0.34127771415423697,2.675423
0.3413381386786977,2.675619
0.3413985632031585,2.675313
0.34145898772761923,2.675214
0.3415194122520799,2.675197
0.34157983677654064,2.674883
0.3416402613010014,2.674765
0.34170068582546215,2.675142
0.3417611103499229,2.675079
0.3418215348743836,2.675318
0.3418819593988443,2.675496
0.34194238392330506,2.675495
0.34200280844776576,2.675314
0.34206323297222657,2.675562
0.3421236574966873,2.675071
0.34218408202114803,2.674969
0.3422445065456088,2.675148
0.34230493107006954,2.674948
0.3423653555945302,2.675034
0.34242578011899094,2.675151
0.3424862046434517,2.674629
0.34254662916791245,2.674737
0.3426070536923732,2.674726
0.3426674782168339,2.674715
0.34272790274129467,2.675088
0.34278832726575537,2.675238
0.34284875179021607,2.67478
0.3429091763146769,2.674922
0.3429696008391376,2.674625
0.34303002536359833,2.674487
0.34309044988805903,2.674508
0.34315087441251985,2.675045
0.3432112989369805,2.674721
0.3432717234614412,2.674683
0.343332147985902,2.674861
0.34339257251036276,2.674911
0.34345299703482346,2.674878
0.3435134215592842,2.674723
0.34357384608374497,2.674422
0.3436342706082057,2.674723
0.3436946951326664,2.674904
0.34375511965712713,2.674569
0.3438155441815879,2.674415
0.34387596870604864,2.674791
0.34393639323050934,2.674761
0.34399681775497015,2.67455
0.3440572422794308,2.674713
0.3441176668038915,2.674373
0.3441780913283523,2.674382
0.344238515852813,2.674561
0.34429894037727377,2.674266
0.3443593649017345,2.674186
0.3444197894261953,2.674559
0.34448021395065603,2.674365
0.3445406384751167,2.674422
0.34460106299957743,2.67465
0.3446614875240382,2.674287
0.34472191204849895,2.674228
0.34478233657295965,2.674592
0.34484276109742046,2.674233
0.34490318562188116,2.674543
0.34496361014634186,2.674899
0.3450240346708026,2.674635
0.3450844591952633,2.674448
0.34514488371972407,2.674811
0.34520530824418477,2.674461
0.3452657327686456,2.674587
0.34532615729310634,2.674666
0.345386581817567,2.674163
0.34544700634202774,2.674492
0.3455074308664885,2.674711
0.34556785539094925,2.674204
0.34562827991540995,2.673724
0.34568870443987076,2.673907
0.34574912896433146,2.6739
0.3458095534887922,2.67419
0.34586997801325287,2.674187
0.3459304025377136,2.673862
0.3459908270621744,2.673736
0.34605125158663513,2.673798
0.3461116761110959,2.673552
0.34617210063555665,2.673994
0.3462325251600173,2.674185
0.34629294968447805,2.674002
0.34635337420893875,2.674159
0.34641379873339956,2.674161
0.34647422325786026,2.673661
0.346534647782321,2.673917
0.34659507230678177,2.674014
0.3466554968312425,2.673976
0.34671592135570317,2.674044
0.3467763458801639,2.673928
0.3468367704046247,2.674079
0.34689719492908544,2.67418
0.3469576194535462,2.674031
0.3470180439780069,2.673685
0.34707846850246765,2.673719
0.34713889302692835,2.674018
0.34719931755138905,2.673896
0.34725974207584986,2.674061
0.34732016660031056,2.674115
0.3473805911247713,2.673645
0.3474410156492321,2.673925
0.34750144017369283,2.674065
0.3475618646981535,2.673747
0.34762228922261423,2.673823
0.347682713747075,2.674355
0.34774313827153575,2.674127
0.3478035627959965,2.674148
0.3478639873204572,2.674383
0.34792441184491796,2.673824
0.3479848363693787,2.673927
0.34804526089383936,2.673979
0.34810568541830017,2.673799
0.34816610994276087,2.67401
0.3482265344672216,2.674224
0.3482869589916823,2.674015
0.34834738351614314,2.674061
0.3484078080406038,2.674247
0.34846823256506454,2.673979
0.3485286570895253,2.674204
0.34858908161398605,2.674174
0.3486495061384468,2.673785
0.3487099306629075,2.673957
0.34877035518736826,2.673873
0.348830779711829,2.673686
0.34889120423628966,2.673949
0.3489516287607504,2.673712
0.3490120532852112,2.673725
0.34907247780967193,2.673897
0.3491329023341327,2.673818
0.3491933268585934,2.673551
0.34925375138305415,2.673281
0.34931417590751485,2.673255
0.3493746004319756,2.673276
0.3494350249564363,2.674011
0.34949544948089706,2.674206
0.34955587400535776,2.673944
0.34961629852981857,2.673865
0.3496767230542792,2.673711
0.34973714757873997,2.673677
0.3497975721032008,2.673923
0.3498579966276615,2.67397
0.34991842115212224,2.673895
0.34997884567658294,2.673965
0.35003927020104375,2.673769
0.35009969472550445,2.673791
0.3501601192499651,2.673883
0.35022054377442585,2.673844
0.35028096829888666,2.673596
0.35034139282334736,2.673752
0.3504018173478081,2.673681
0.3504622418722689,2.673241
0.35052266639672963,2.673532
0.3505830909211903,2.673587
0.35064351544565103,2.673199
0.35070393997011173,2.673574
0.35076436449457254,2.673651
0.35082478901903325,2.673358
0.350885213543494,2.673509
0.35094563806795476,2.673581
0.3510060625924155,2.67346
0.3510664871168762,2.673577
0.3511269116413369,2.673744
0.35118733616579767,2.673472
0.3512477606902584,2.673668
0.3513081852147192,2.673474
0.3513686097391799,2.673372
0.35142903426364064,2.673354
0.3514894587881013,2.673542
0.3515498833125621,2.673398
0.35161030783702285,2.673558
0.35167073236148355,2.673343
0.35173115688594436,2.673237
0.35179158141040506,2.673575
0.3518520059348657,2.673594
0.35191243045932646,2.673541
0.35197285498378716,2.673428
0.352033279508248,2.673761
0.35209370403270873,2.673459
0.35215412855716943,2.673724
0.35221455308163024,2.673504
0.352274977606091,2.673434
0.3523354021305517,2.673539
0.35239582665501235,2.673337
0.35245625117947316,2.673465
0.35251667570393386,2.673489
0.3525771002283946,2.673027
0.3526375247528553,2.672639
0.3526979492773161,2.673204
0.35275837380177677,2.673253
0.3528187983262375,2.67311
0.3528792228506983,2.67329
0.35293964737515904,2.673074
0.3530000718996198,2.672807
0.3530604964240805,2.673177
0.35312092094854125,2.673009
0.353181345473002,2.672887
0.35324176999746265,2.673097
0.3533021945219234,2.672812
0.35336261904638416,2.672754
0.3534230435708449,2.672972
0.3534834680953057,2.672734
0.35354389261976643,2.672747
0.35360431714422713,2.672869
0.3536647416686878,2.67253
0.3537251661931486,2.672749
0.3537855907176093,2.672839
0.35384601524207004,2.67259
0.35390643976653074,2.672424
0.35396686429099156,2.672409
0.3540272888154523,2.672496
0.35408771333991296,2.672848
0.35414813786437377,2.67329
0.35420856238883447,2.67311
0.3542689869132952,2.672549
0.3543294114377559,2.672728
0.35438983596221674,2.672615
0.35445026048667744,2.672498
0.3545106850111382,2.672825
0.35457110953559884,2.673107
0.35463153406005965,2.672893
0.3546919585845204,2.672811
0.3547523831089811,2.672959
0.35481280763344186,2.672496
0.3548732321579026,2.672928
0.35493365668236326,2.672843
0.354994081206824,2.672753
0.3550545057312847,2.673028
0.35511493025574553,2.672765
0.3551753547802063,2.67275
0.355235779304667,2.672918
0.35529620382912774,2.672713
0.3553566283535885,2.672703
0.3554170528780492,2.672733
0.3554774774025099,2.672303
0.35553790192697066,2.672485
0.3555983264514314,2.672707
0.35565875097589217,2.672343
0.35571917550035287,2.672639
0.3557796000248136,2.672902
0.35584002454927444,2.672601
0.3559004490737351,2.672658
0.35596087359819584,2.672856
0.35602129812265654,2.672808
0.35608172264711735,2.672512
0.35614214717157805,2.67272
0.3562025716960387,2.672603
0.35626299622049945,2.672544
0.35632342074496026,2.672881
0.35638384526942096,2.672671
0.3564442697938817,2.672727
0.3565046943183424,2.673006
0.35656511884280323,2.672488
0.35662554336726393,2.672411
0.3566859678917247,2.672679
0.35674639241618533,2.672593
0.35680681694064614,2.672514
0.35686724146510684,2.673007
0.3569276659895676,2.672455
0.3569880905140283,2.672438
0.3570485150384891,2.672677
0.35710893956294987,2.672486
0.3571693640874105,2.672286
0.35722978861187127,2.672493
0.357290213136332,2.67202
0.3573506376607928,2.672123
0.3574110621852535,2.672528
0.3574714867097141,2.672194
0.357531911234175,2.671611
0.3575923357586357,2.672226
0.3576527602830964,2.672113
0.35771318480755715,2.672294
0.35777360933201796,2.672618
0.35783403385647866,2.672176
0.35789445838093936,2.671964
0.3579548829054001,2.672536
0.35801530742986076,2.672425
0.3580757319543216,2.672177
0.3581361564787823,2.672256
0.35819658100324303,2.672059
0.35825700552770384,2.67199
0.35831743005216454,2.672502
0.3583778545766253,2.672073
0.35843827910108594,2.672136
0.35849870362554676,2.672416
0.35855912815000746,2.67205
0.3586195526744682,2.671728
0.3586799771989289,2.672278
0.3587404017233897,2.671704
0.3588008262478504,2.671581
0.3588612507723112,2.672049
0.3589216752967719,2.671547
0.35898209982123264,2.671499
0.3590425243456934,2.671939
0.3591029488701541,2.671634
0.35916337339461485,2.671734
0.3592237979190756,2.671905
0.35928422244353625,2.671672
0.359344646967997,2.671845
0.35940507149245776,2.671817
0.3594654960169185,2.671328
0.3595259205413793,2.671766
0.35958634506584003,2.671913
0.35964676959030073,2.671919
0.3597071941147615,2.671969
0.3597676186392222,2.672056
0.3598280431636829,2.671596
0.35988846768814364,2.671664
0.35994889221260434,2.671899
0.36000931673706515,2.67187
0.36006974126152586,2.671994
0.3601301657859866,2.672072
0.3601905903104474,2.671824
0.36025101483490807,2.671782
0.3603114393593688,2.671979
0.3603718638838295,2.671363
0.36043228840829034,2.671489
0.36049271293275104,2.672184
0.3605531374572117,2.671772
0.36061356198167244,2.671593
0.36067398650613325,2.671983
0.36073441103059395,2.671656
0.3607948355550547,2.671591
0.36085526007951546,2.671916
0.3609156846039762,2.671688
0.3609761091284369,2.67129
0.3610365336528977,2.671773
0.3610969581773583,2.671842
0.36115738270181913,2.671621
0.36121780722627983,2.671917
0.3612782317507406,2.671819
0.36133865627520134,2.671927
0.3613990807996621,2.672165
0.36145950532412285,2.671678
0.3615199298485835,2.671749
0.36158035437304425,2.671891
0.361640778897505,2.672002
0.36170120342196577,2.671901
0.36176162794642647,2.672215
0.3618220524708872,2.671811
0.361882476995348,2.671813
0.3619429015198087,2.672451
0.36200332604426944,2.671923
0.36206375056873014,2.671878
0.36212417509319095,2.671843
0.36218459961765165,2.671631
0.36224502414211235,2.671847
0.3623054486665731,2.671743
0.36236587319103375,2.671565
0.36242629771549456,2.671637
0.3624867222399553,2.671955
0.362547146764416,2.671374
0.36260757128887683,2.671489
0.36266799581333753,2.671614
0.3627284203377983,2.67128
0.36278884486225893,2.671463
0.36284926938671974,2.671706
0.36290969391118044,2.67154
0.3629701184356412,2.671392
0.3630305429601019,2.671777
0.3630909674845627,2.671322
0.36315139200902347,2.671326
0.36321181653348417,2.671508
0.36327224105794487,2.671209
0.3633326655824056,2.671568
0.3633930901068664,2.671993
0.3634535146313271,2.671571
0.3635139391557878,2.671772
0.3635743636802486,2.671709
0.36363478820470935,2.671646
0.36369521272917,2.671422
0.36375563725363075,2.671673
0.3638160617780915,2.671159
0.36387648630255226,2.670786
0.36393691082701296,2.671226
0.3639973353514737,2.671056
0.3640577598759345,2.670837
0.3641181844003952,2.671062
0.3641786089248559,2.671118
0.36423903344931663,2.67155
0.36429945797377733,2.671686
0.36435988249823814,2.671522
0.3644203070226989,2.671328
0.3644807315471596,2.671429
0.3645411560716204,2.670936
0.36460158059608105,2.671065
0.3646620051205418,2.671075
0.3647224296450025,2.670854
0.3647828541694632,2.671242
0.364843278693924,2.671442
0.3649037032183848,2.670949
0.3649641277428454,2.670884
0.36502455226730623,2.671414
0.365084976791767,2.671347
0.3651454013162277,2.67128
0.36520582584068845,2.671566
0.3652662503651492,2.670707
0.3653266748896099,2.670546
0.36538709941407066,2.670975
0.3654475239385313,2.670793
0.3655079484629921,2.670723
0.36556837298745287,2.670767
0.3656287975119136,2.670595
0.36568922203637433,2.670636
0.3657496465608351,2.671098
0.36581007108529584,2.670573
0.3658704956097565,2.670779
0.36593092013421724,2.671173
0.365991344658678,2.671073
0.36605176918313875,2.670911
0.36611219370759945,2.671045
0.3661726182320602,2.670921
0.366233042756521,2.670878
0.36629346728098167,2.671236
0.3663538918054424,2.670732
0.3664143163299031,2.670656
0.36647474085436393,2.670937
0.36653516537882463,2.67056
0.36659558990328533,2.670664
0.3666560144277461,2.670642
0.3667164389522069,2.670427
0.36677686347666755,2.670758
0.3668372880011283,2.670797
0.36689771252558906,2.670788
0.3669581370500498,2.670741
0.3670185615745105,2.671072
0.36707898609897127,2.670561
0.3671394106234319,2.67071
0.36719983514789273,2.670756
0.36726025967235343,2.670643
0.3673206841968142,2.670524
0.3673811087212749,2.67082
0.3674415332457357,2.670251
0.36750195777019645,2.670353
0.36756238229465715,2.670561
0.36762280681911785,2.670271
0.3676832313435786,2.670326
0.36774365586803937,2.67054
0.36780408039250007,2.670341
0.36786450491696077,2.670191
0.3679249294414216,2.670292
0.36798535396588233,2.670203
0.368045778490343,2.670121
0.36810620301480373,2.670384
0.36816662753926455,2.670203
0.36822705206372525,2.670478
0.36828747658818595,2.670616
0.3683479011126467,2.669974
0.36840832563710735,2.670056
0.36846875016156816,2.670403
0.36852917468602886,2.670289
0.3685895992104896,2.670096
0.3686500237349504,2.670396
0.3687104482594111,2.670038
0.3687708727838719,2.670417
0.3688312973083326,2.670338
0.3688917218327934,2.6695
0.36895214635725404,2.670158
0.3690125708817148,2.670616
0.3690729954061755,2.670341
0.3691334199306363,2.670234
0.369193844455097,2.670205
0.36925426897955776,2.669955
0.3693146935040185,2.67035
0.3693751180284792,2.67011
0.36943554255294,2.669361
0.3694959670774007,2.669608
0.3695563916018614,2.669846
0.3696168161263222,2.669562
0.3696772406507829,2.670039
0.36973766517524365,2.670334
0.36979808969970435,2.669977
0.3698585142241651,2.670272
0.36991893874862586,2.67044
0.36997936327308656,2.669808
0.3700397877975473,2.669844
0.37010021232200807,2.669836
0.3701606368464688,2.669911
0.37022106137092947,2.669991
0.3702814858953902,2.670131
0.370341910419851,2.669793
0.37040233494431174,2.669927
0.3704627594687725,2.670214
0.3705231839932332,2.669498
0.370583608517694,2.669543
0.37064403304215465,2.66968
0.3707044575666154,2.669389
0.3707648820910761,2.669246
0.3708253066155368,2.669741
0.3708857311399976,2.669361
0.3709461556644584,2.669268
0.3710065801889191,2.669722
0.3710670047133799,2.669419
0.37112742923784053,2.669652
0.3711878537623013,2.669859
0.37124827828676205,2.669441
0.3713087028112228,2.669306
0.3713691273356835,2.669894
0.37142955186014426,2.669774
0.3714899763846049,2.669431
0.3715504009090657,2.66962
0.3716108254335264,2.669455
0.37167124995798717,2.669672
0.3717316744824479,2.669763
0.3717920990069087,2.669764
0.37185252353136944,2.669564
0.37191294805583014,2.669758
0.37197337258029084,2.669271
0.3720337971047516,2.669188
0.37209422162921235,2.669576
0.37215464615367305,2.668891
0.3722150706781338,2.668856
0.37227549520259456,2.669276
0.3723359197270553,2.668791
0.3723963442515161,2.669023
0.3724567687759767,2.669302
0.37251719330043753,2.669103
0.37257761782489823,2.669056
0.37263804234935893,2.669288
0.3726984668738197,2.668643
0.37275889139828033,2.668736
0.37281931592274115,2.669525
0.3728797404472019,2.669258
0.3729401649716626,2.669367
0.3730005894961234,2.669376
0.3730610140205841,2.669192
0.37312143854504487,2.669165
0.37318186306950557,2.669326
0.3732422875939664,2.669092
0.373302712118427,2.669064
0.3733631366428878,2.66907
0.3734235611673485,2.668951
0.3734839856918093,2.668927
0.37354441021627005,2.669037
0.37360483474073075,2.66924
0.3736652592651915,2.668899
0.3737256837896522,2.669077
0.37378610831411296,2.66857
0.37384653283857366,2.668717
0.37390695736303436,2.668921
0.3739673818874952,2.668688
0.37402780641195593,2.668568
0.37408823093641663,2.668778
0.37414865546087733,2.66888
0.37420907998533814,2.669069
0.37426950450979884,2.669657
0.37432992903425955,2.669142
0.3743903535587203,2.669122
0.37445077808318106,2.669348
0.3745112026076418,2.668789
0.37457162713210246,2.668491
0.3746320516565632,2.668586
0.3746924761810239,2.668707
0.3747529007054847,2.668673
0.3748133252299455,2.668957
0.3748737497544062,2.668483
0.374934174278867,2.668669
0.37499459880332764,2.669061
0.3750550233277884,2.668556
0.3751154478522491,2.668467
0.3751758723767098,2.669014
0.3752362969011706,2.668179
0.37529672142563136,2.668215
0.37535714595009206,2.6686
0.3754175704745529,2.668268
0.37547799499901363,2.668391
0.3755384195234743,2.668503
0.375598844047935,2.668161
0.3756592685723958,2.66818
0.3757196930968565,2.668399
0.37578011762131724,2.668141
0.3758405421457779,2.667916
0.3759009666702387,2.668802
0.37596139119469946,2.668405
0.37602181571916016,2.668418
0.3760822402436209,2.668867
0.37614266476808167,2.668425
0.3762030892925424,2.668269
0.3762635138170031,2.668271
0.3763239383414638,2.667727
0.3763843628659246,2.667975
0.37644478739038534,2.668745
0.37650521191484604,2.66814
0.3765656364393068,2.668379
0.3766260609637676,2.668509
0.3766864854882283,2.668187
0.37674691001268906,2.667773
0.3768073345371497,2.668147
0.3768677590616104,2.66799
0.3769281835860712,2.668223
0.3769886081105319,2.668694
0.3770490326349927,2.668041
0.3771094571594535,2.668185
0.37716988168391413,2.66821
0.3772303062083749,2.667769
0.3772907307328356,2.668035
0.3773511552572964,2.668164
0.3774115797817571,2.668281
0.37747200430621786,2.668113
0.37753242883067856,2.668039
0.37759285335513937,2.667775
0.3776532778796,2.667825
0.37771370240406077,2.667855
0.3777741269285215,2.667665
0.3778345514529823,2.667553
0.37789497597744304,2.66827
0.37795540050190374,2.667891
0.3780158250263645,2.667855
0.3780762495508252,2.667809
0.37813667407528595,2.667504
0.37819709859974665,2.667501
0.3782575231242074,2.667863
0.37831794764866816,2.667607
0.3783783721731289,2.667716
0.3784387966975896,2.667951
0.3784992212220503,2.667492
0.37855964574651113,2.667503
0.37862007027097183,2.667504
0.37868049479543253,2.66725
0.3787409193198933,2.666932
0.37880134384435404,2.667222
0.3788617683688148,2.667096
0.37892219289327544,2.667094
0.3789826174177362,2.667344
0.379043041942197,2.66693
0.3791034664666577,2.666961
0.37916389099111847,2.667474
0.37922431551557917,2.667204
0.37928474004004,2.667141
0.3793451645645006,2.667648
0.3794055890889614,2.667604
0.3794660136134221,2.667489
0.3795264381378829,2.66789
0.3795868626623436,2.6675
0.37964728718680435,2.667561
0.3797077117112651,2.667733
0.37976813623572586,2.667376
0.3798285607601866,2.667691
0.37988898528464726,2.667678
0.37994940980910796,2.667226
0.3800098343335688,2.666962
0.3800702588580295,2.667306
0.38013068338249023,2.667246
0.380191107906951,2.667216
0.3802515324314117,2.667062
0.38031195695587244,2.66695
0.38037238148033314,2.667385
0.3804328060047939,2.667315
0.38049323052925466,2.667095
0.3805536550537154,2.667035
0.38061407957817606,2.667434
0.3806745041026368,2.667077
0.38073492862709757,2.667022
0.3807953531515583,2.667156
0.3808557776760191,2.666718
0.3809162022004798,2.666945
0.3809766267249406,2.667217
0.3810370512494013,2.666567
0.38109747577386205,2.666602
0.3811579002983227,2.667112
0.3812183248227834,2.667123
0.3812787493472442,2.667218
0.38133917387170496,2.667309
0.38139959839616566,2.66678
0.3814600229206265,2.667161
0.38152044744508723,2.667248
0.3815808719695479,2.667026
0.3816412964940086,2.667094
0.3817017210184694,2.667558
0.3817621455429301,2.667259
0.38182257006739084,2.667477
0.38188299459185154,2.667533
0.38194341911631235,2.66729
0.382003843640773,2.667292
0.38206426816523376,2.667367
0.3821246926896945,2.667083
0.38218511721415527,2.667046
0.382245541738616,2.667396
0.3823059662630767,2.66705
0.3823663907875375,2.667153
0.3824268153119982,2.667301
0.3824872398364589,2.666943
0.38254766436091964,2.667073
0.3826080888853804,2.667363
0.38266851340984115,2.667464
0.3827289379343019,2.66755
0.38278936245876266,2.667594
0.3828497869832233,2.667121
0.38291021150768406,2.667569
0.3829706360321448,2.667639
0.3830310605566055,2.667677
0.3830914850810663,2.667533
0.383151909605527,2.667864
0.3832123341299878,2.66743
0.38327275865444854,2.667147
0.3833331831789092,2.667418
0.38339360770337,2.667256
0.3834540322278307,2.667043
0.38351445675229145,2.667557
0.38357488127675216,2.667055
0.38363530580121297,2.66708
0.3836957303256736,2.66741
0.38375615485013437,2.667195
0.38381657937459507,2.667251
0.3838770038990559,2.66706
0.38393742842351664,2.666878
0.38399785294797734,2.667061
0.3840582774724381,2.667811
0.38411870199689885,2.667005
0.3841791265213596,2.667364
0.38423955104582025,2.667553
0.38429997557028095,2.667035
0.38436040009474176,2.666762
0.3844208246192025,2.667342
0.3844812491436632,2.667166
0.384541673668124,2.667128
0.3846020981925848,2.667352
0.38466252271704543,2.666823
0.38472294724150613,2.666914
0.3847833717659669,2.667377
0.38484379629042764,2.666981
0.3849042208148884,2.66672
0.38496464533934904,2.667091
0.3850250698638098,2.666708
0.3850854943882706,2.666747
0.3851459189127313,2.666888
0.38520634343719207,2.666381
0.38526676796165277,2.666561
0.3853271924861136,2.667238
0.3853876170105743,2.667274
0.38544804153503504,2.667231
0.3855084660594957,2.667325
0.3855688905839565,2.666858
0.3856293151084172,2.666901
0.38568973963287795,2.666887
0.38575016415733865,2.666566
0.38581058868179946,2.666518
0.3858710132062602,2.666819
0.38593143773072086,2.666614
0.38599186225518156,2.66702
0.3860522867796424,2.667125
0.3861127113041031,2.667112
0.38617313582856383,2.667355
0.38623356035302453,2.667412
0.38629398487748534,2.667362
0.3863544094019461,2.666955
0.38641483392640674,2.667303
0.3864752584508675,2.666832
0.38653568297532825,2.666794
0.386596107499789,2.667234
0.3866565320242497,2.667274
0.38671695654871047,2.666919
0.38677738107317117,2.667326
0.3868378055976319,2.666958
0.3868982301220926,2.666961
0.3869586546465534,2.667059
0.3870190791710142,2.66685
0.3870795036954749,2.66674
0.38713992821993565,2.667041
0.3872003527443963,2.666653
0.387260777268857,2.666978
0.3873212017933178,2.66701
0.3873816263177785,2.66677
0.38744205084223926,2.666646
0.38750247536670007,2.666721
0.3875628998911608,2.666502
0.38762332441562153,2.666601
0.3876837489400822,2.666866
0.387744173464543,2.666606
0.3878045979890037,2.66649
0.38786502251346444,2.666583
0.38792544703792514,2.666393
0.38798587156238595,2.666357
0.3880462960868466,2.666457
0.38810672061130735,2.666074
0.3881671451357681,2.666263
0.38822756966022887,2.666606
0.3882879941846896,2.666513
0.3883484187091503,2.66635
0.3884088432336111,2.666623
0.38846926775807183,2.666367
0.3885296922825325,2.666368
0.38859011680699324,2.666601
0.388650541331454,2.666322
0.38871096585591475,2.666281
0.3887713903803755,2.666844
0.38883181490483626,2.666606
0.38889223942929696,2.666826
0.38895266395375766,2.666831
0.3890130884782184,2.666409
0.3890735130026791,2.666747
0.3891339375271399,2.666922
0.38919436205160063,2.666614
0.3892547865760614,2.666484
0.38931521110052203,2.666498
0.3893756356249828,2.666072
0.3894360601494436,2.665956
0.3894964846739043,2.66615
0.38955690919836505,2.665828
0.38961733372282575,2.666238
0.38967775824728657,2.666304
0.38973818277174727,2.666403
0.3897986072962079,2.666352
0.38985903182066867,2.66638
0.3899194563451295,2.666369
0.3899798808695902,2.666523
0.39004030539405093,2.66647
0.3901007299185117,2.666279
0.39016115444297245,2.666265
0.3902215789674331,2.666459
0.39028200349189385,2.666112
0.39034242801635455,2.66616
0.39040285254081536,2.666554
0.39046327706527606,2.66625
0.3905237015897368,2.666201
0.39058412611419757,2.66635
0.3906445506386583,2.666095
0.3907049751631191,2.666076
0.39076539968757973,2.665803
0.3908258242120405,2.665835
0.39088624873650124,2.666342
0.390946673260962,2.666398
0.3910070977854227,2.666074
0.39106752230988345,2.665775
0.39112794683434415,2.666061
0.3911883713588049,2.665864
0.39124879588326567,2.666122
0.39130922040772637,2.666383
0.3913696449321872,2.666333
0.3914300694566479,2.666153
0.39149049398110863,2.666181
0.3915509185055693,2.665832
0.39161134303003,2.666051
0.3916717675544908,2.666138
0.39173219207895155,2.665462
0.39179261660341225,2.665201
0.39185304112787306,2.665483
0.3919134656523338,2.665335
0.3919738901767945,2.665383
0.39203431470125516,2.665475
0.39209473922571597,2.66538
0.39215516375017667,2.665689
0.39221558827463743,2.665981
0.39227601279909813,2.665529
0.39233643732355894,2.665752
0.3923968618480197,2.665975
0.39245728637248034,2.666077
0.3925177108969411,2.666135
0.39257813542140185,2.665609
0.3926385599458626,2.665308
0.3926989844703233,2.665682
0.39275940899478406,2.665704
0.3928198335192448,2.665442
0.3928802580437056,2.665752
0.3929406825681662,2.665732
0.393001107092627,2.665433
0.39306153161708773,2.665401
0.3931219561415485,2.665643
0.39318238066600925,2.665462
0.39324280519046995,2.665556
0.39330322971493065,2.665658
0.3933636542393914,2.665241
0.3934240787638521,2.665762
0.39348450328831286,2.665748
0.39354492781277356,2.665587
0.39360535233723437,2.665789
0.3936657768616951,2.665703
0.39372620138615577,2.665391
0.3937866259106166,2.665689
0.3938470504350773,2.665309
0.39390747495953804,2.665549
0.39396789948399874,2.665662
0.39402832400845955,2.66546
0.39408874853292025,2.665036
0.394149173057381,2.665466
0.39420959758184165,2.66562
0.39427002210630246,2.665446
0.3943304466307632,2.665671
0.3943908711552239,2.665705
0.3944512956796847,2.665432
0.39451172020414543,2.665667
0.3945721447286061,2.665575
0.39463256925306683,2.665699
0.39469299377752753,2.665881
0.39475341830198835,2.665552
0.3948138428264491,2.665294
0.3948742673509098,2.665389
0.39493469187537056,2.66527
0.3949951163998313,2.665276
0.39505554092429207,2.665469
0.3951159654487527,2.665424
0.39517638997321347,2.665325
0.3952368144976742,2.665231
0.395297239022135,2.665128
0.3953576635465957,2.665242
0.39541808807105644,2.665493
0.39547851259551725,2.665517
0.3955389371199779,2.66518
0.39559936164443865,2.665401
0.39565978616889935,2.665128
0.39572021069336016,2.665127
0.39578063521782086,2.665267
0.3958410597422815,2.665285
0.39590148426674227,2.665222
0.3959619087912031,2.665504
0.3960223333156638,2.665296
0.39608275784012453,2.665248
0.39614318236458523,2.665432
0.39620360688904604,2.665478
0.3962640314135068,2.665291
0.3963244559379675,2.665388
0.39638488046242815,2.665023
0.39644530498688896,2.664786
0.3965057295113497,2.66506
0.3965661540358104,2.664951
0.3966265785602711,2.664718
0.3966870030847319,2.664874
0.39674742760919257,2.665075
0.3968078521336533,2.66506
0.3968682766581141,2.664901
0.39692870118257484,2.664985
0.39698912570703554,2.664811
0.39704955023149635,2.664657
0.39710997475595705,2.664241
0.3971703992804178,2.664604
0.39723082380487856,2.664626
0.3972912483293392,2.664488
0.39735167285379996,2.664258
0.3974120973782608,2.664583
0.3974725219027215,2.664785
0.3975329464271822,2.66515
0.3975933709516428,2.66507
0.39765379547610374,2.664678
0.3977142200005644,2.664624
0.3977746445250251,2.664923
0.39783506904948585,2.664801
0.39789549357394666,2.664588
0.39795591809840736,2.664953
0.3980163426228681,2.664665
0.39807676714732876,2.664662
0.39813719167178946,2.664815
0.3981976161962503,2.664428
0.398258040720711,2.66428
0.3983184652451717,2.66461
0.39837888976963254,2.664394
0.39843931429409324,2.664685
0.398499738818554,2.66479
0.3985601633430147,2.664702
0.39862058786747545,2.664587
0.39868101239193615,2.664776
0.39874143691639696,2.664848
0.39880186144085766,2.664577
0.3988622859653184,2.664714
0.39892271048977906,2.664597
0.3989831350142398,2.664479
0.3990435595387006,2.664635
0.39910398406316133,2.66467
0.3991644085876221,2.664836
0.3992248331120828,2.664879
0.3992852576365435,2.664566
0.39934568216100436,2.664369
0.39940610668546506,2.664569
0.3994665312099257,2.664424
0.39952695573438646,2.66439
0.39958738025884727,2.664559
0.39964780478330797,2.664501
0.3997082293077687,2.664832
0.3997686538322294,2.664842
0.3998290783566901,2.664825
0.399889502881151,2.664935
0.39994992740561164,2.664927
0.40001035193007234,2.664542
0.40007077645453304,2.664481
0.4001312009789939,2.664758
0.4001916255034546,2.664387
0.40025205002791525,2.664521
0.40031247455237606,2.664904
0.40037289907683676,2.664433
0.4004333236012975,2.664502
0.4004937481257583,2.664671
0.40055417265021903,2.664524
0.40061459717467973,2.664249
0.4006750216991404,2.664269
0.4007354462236012,2.664068
0.40079587074806194,2.664305
0.40085629527252264,2.664631
0.4009167197969834,2.664355
0.40097714432144416,2.664465
0.4010375688459049,2.664546
0.40109799337036567,2.664203
0.4011584178948263,2.66397
0.401218842419287,2.664022
0.4012792669437479,2.664244
0.4013396914682086,2.664491
0.4014001159926693,2.664963
0.40146054051713004,2.664387
0.4015209650415908,2.664403
0.40158138956605155,2.664291
0.40164181409051225,2.663764
0.40170223861497295,2.663893
0.4017626631394337,2.664316
0.4018230876638945,2.664021
0.4018835121883552,2.664052
0.4019439367128159,2.664206
0.40200436123727656,2.664088
0.4020647857617374,2.663727
0.40212521028619813,2.664193
0.40218563481065883,2.664401
0.40224605933511964,2.66469
0.40230648385958034,2.664501
0.402366908384041,2.663963
0.40242733290850186,2.664226
0.40248775743296256,2.664572
0.40254818195742326,2.664068
0.402608606481884,2.66431
0.40266903100634477,2.66425
0.4027294555308055,2.664183
0.4027898800552663,2.664143
0.402850304579727,2.664577
0.4029107291041876,2.663876
0.40297115362864855,2.663977
0.4030315781531092,2.664166
0.4030920026775699,2.664032
0.4031524272020306,2.66377
0.4032128517264914,2.664416
0.40327327625095216,2.66396
0.4033337007754128,2.663632
0.40339412529987356,2.663961
0.4034545498243343,2.663771
0.4035149743487951,2.664276
0.40357539887325583,2.664987
0.40363582339771653,2.664263
0.4036962479221773,2.663921
0.40375667244663804,2.664125
0.40381709697109874,2.663691
0.40387752149555944,2.664137
0.4039379460200202,2.664361
0.40399837054448096,2.66358
0.40405879506894166,2.664092
0.4041192195934024,2.664537
0.4041796441178632,2.664336
0.40424006864232387,2.663969
0.40430049316678457,2.664275
0.4043609176912454,2.664086
0.40442134221570614,2.663991
0.40448176674016684,2.664025
0.4045421912646276,2.663525
0.40460261578908824,2.663526
0.40466304031354905,2.663737
0.4047234648380098,2.663595
0.4047838893624705,2.663421
0.4048443138869312,2.663893
0.4049047384113919,2.663638
0.4049651629358528,2.6635
0.4050255874603135,2.663952
0.4050860119847741,2.663797
0.40514643650923493,2.663535
0.4052068610336957,2.664149
0.4052672855581564,2.663939
0.40532771008261714,2.663512
0.4053881346070779,2.663713
0.40544855913153854,2.6635
0.4055089836559994,2.663541
0.40556940818046006,2.663901
0.4056298327049208,2.663096
0.40569025722938157,2.663421
0.40575068175384227,2.663831
0.405811106278303,2.663543
0.40587153080276384,2.663593
0.40593195532722454,2.663813
0.4059923798516852,2.663232
0.4060528043761461,2.663148
0.40611322890060675,2.663407
0.40617365342506745,2.66301
0.40623407794952815,2.663018
0.4062945024739889,2.663557
0.4063549269984497,2.66329
0.40641535152291036,2.663276
0.4064757760473711,2.663702
0.4065362005718318,2.663186
0.40659662509629263,2.663002
0.4066570496207534,2.663184
0.4067174741452141,2.663101
0.40677789866967473,2.663126
0.40683832319413554,2.663709
0.4068987477185963,2.66346
0.406959172243057,2.663607
0.40701959676751776,2.663535
0.4070800212919785,2.66303
0.4071404458164392,2.663274
0.4072008703409,2.663782
0.40726129486536067,2.663297
0.4073217193898214,2.663359
0.4073821439142821,2.663513
0.40744256843874294,2.663579
0.40750299296320364,2.663604
0.4075634174876644,2.663758
0.40762384201212515,2.663326
0.4076842665365858,2.663244
0.40774469106104655,2.663732
0.40780511558550736,2.663121
0.40786554010996806,2.663053
0.40792596463442876,2.663112
0.40798638915888946,2.662803
0.40804681368335033,2.662813
0.40810723820781103,2.662854
0.4081676627322717,2.662795
0.40822808725673243,2.662771
0.40828851178119324,2.663105
0.40834893630565394,2.663074
0.4084093608301147,2.662834
0.4084697853545754,2.662791
0.40853020987903604,2.662837
0.40859063440349697,2.662779
0.4086510589279576,2.66253
0.4087114834524183,2.66232
0.4087719079768791,2.662357
0.4088323325013398,2.662747
0.4088927570258006,2.662777
0.40895318155026134,2.66268
0.40901360607472204,2.662898
0.40907403059918274,2.662673
0.40913445512364355,2.662828
0.40919487964810425,2.663129
0.409255304172565,2.662807
0.4093157286970257,2.662538
0.40937615322148646,2.662836
0.40943657774594716,2.662725
0.4094970022704079,2.662686
0.4095574267948687,2.663058
0.4096178513193294,2.662789
0.4096782758437901,2.662657
0.40973870036825094,2.663105
0.40979912489271164,2.66298
0.4098595494171723,2.662592
0.40991997394163304,2.662886
0.40998039846609385,2.662545
0.41004082299055455,2.662335
0.4101012475150153,2.662775
0.410161672039476,2.662745
0.41022209656393677,2.662612
0.4102825210883976,2.662609
0.4103429456128582,2.662342
0.4104033701373189,2.662343
0.4104637946617796,2.662517
0.41052421918624044,2.661975
0.4105846437107012,2.662211
0.4106450682351619,2.662608
0.4107054927596227,2.662248
0.41076591728408335,2.661955
0.4108263418085441,2.662063
0.41088676633300486,2.661928
0.4109471908574656,2.661981
0.4110076153819263,2.662248
0.4110680399063871,2.661782
0.41112846443084783,2.66178
0.41118888895530853,2.66211
0.41124931347976923,2.66156
0.41130973800423,2.661379
0.4113701625286907,2.661894
0.4114305870531515,2.661779
0.41149101157761225,2.661835
0.41155143610207295,2.662123
0.4116118606265336,2.661974
0.4116722851509945,2.661976
0.41173270967545517,2.662233
0.41179313419991587,2.661609
0.4118535587243766,2.661518
0.4119139832488374,2.661858
0.41197440777329813,2.661446
0.4120348322977589,2.661492
0.41209525682221954,2.661651
0.4121556813466803,2.661512
0.412216105871141,2.661356
0.4122765303956018,2.661339
0.4123369549200625,2.660669
0.41239737944452326,2.660883
0.412457803968984,2.661098
0.4125182284934447,2.661233
0.4125786530179054,2.661347
0.41263907754236623,2.661693
0.41269950206682693,2.66101
0.41275992659128763,2.661126
0.41282035111574844,2.661264
0.4128807756402092,2.660832
0.41294120016466984,2.660777
0.4130016246891306,2.661149
0.41306204921359135,2.660847
0.4131224737380521,2.660949
0.41318289826251287,2.661112
0.41324332278697357,2.6606
0.4133037473114342,2.660619
0.41336417183589513,2.661056
0.4134245963603558,2.66067
0.4134850208848165,2.660362
0.4135454454092772,2.660621
0.413605869933738,2.660263
0.41366629445819875,2.660142
0.41372671898265945,2.660744
0.41378714350712015,2.6606
0.4138475680315809,2.660315
0.41390799255604166,2.660575
0.4139684170805024,2.66036
0.4140288416049631,2.660396
0.41408926612942387,2.660388
0.41414969065388463,2.660341
0.4142101151783454,2.660472
0.41427053970280603,2.660311
0.41433096422726684,2.659948
0.41439138875172754,2.659934
0.41445181327618824,2.660565
0.4145122378006491,2.659984
0.4145726623251098,2.659986
0.4146330868495705,2.660372
0.41469351137403115,2.660076
0.41475393589849197,2.65991
0.4148143604229527,2.660262
0.4148747849474134,2.659832
0.4149352094718742,2.660111
0.4149956339963349,2.660401
0.4150560585207957,2.660184
0.41511648304525645,2.660175
0.4151769075697171,2.660737
0.4152373320941778,2.660359
0.4152977566186385,2.660285
0.41535818114309936,2.660911
0.41541860566756006,2.660298
0.4154790301920207,2.660051
0.4155394547164815,2.66016
0.41559987924094227,2.660123
0.41566030376540297,2.660247
0.41572072828986373,2.660227
0.4157811528143245,2.660288
0.4158415773387852,2.660307
0.415902001863246,2.66043
0.41596242638770664,2.66007
0.4160228509121674,2.65983
0.41608327543662815,2.660361
0.41614369996108885,2.660277
0.4162041244855496,2.660439
0.4162645490100104,2.660569
0.4163249735344711,2.660149
0.41638539805893177,2.660079
0.4164458225833927,2.660351
0.41650624710785333,2.659961
0.41656667163231403,2.659961
0.41662709615677473,2.659766
0.4166875206812355,2.659644
0.4167479452056963,2.659675
0.416808369730157,2.660149
0.4168687942546177,2.659882
0.4169292187790784,2.660034
0.4169896433035391,2.6603
0.41705006782799997,2.660064
0.41711049235246067,2.659882
0.41717091687692137,2.660361
0.4172313414013822,2.659944
0.41729176592584294,2.660152
0.4173521904503036,2.660312
0.41741261497476434,2.660311
0.4174730394992251,2.660323
0.4175334640236858,2.660515
0.4175938885481466,2.659844
0.4176543130726073,2.659705
0.417714737597068,2.660159
0.4177751621215287,2.659681
0.41783558664598947,2.659716
0.4178960111704502,2.660215
0.417956435694911,2.659551
0.41801686021937173,2.659594
0.41807728474383243,2.660122
0.41813770926829313,2.659989
0.418198133792754,2.659914
0.41825855831721465,2.660125
0.41831898284167535,2.659855
0.4183794073661361,2.659647
0.4184398318905969,2.659913
0.4185002564150576,2.659592
0.41856068093951826,2.6598
0.418621105463979,2.659829
0.41868152998843977,2.659569
0.4187419545129005,2.659494
0.4188023790373613,2.659744
0.418862803561822,2.659605
0.41892322808628263,2.659599
0.41898365261074355,2.659778
0.4190440771352042,2.659126
0.4191045016596649,2.659496
0.4191649261841257,2.659781
0.4192253507085864,2.659123
0.41928577523304716,2.659516
0.4193461997575079,2.65986
0.4194066242819687,2.659245
0.4194670488064293,2.659485
0.41952747333089013,2.659579
0.41958789785535083,2.659359
0.4196483223798116,2.65926
0.4197087469042723,2.659757
0.41976917142873305,2.659784
0.4198295959531938,2.659508
0.4198900204776545,2.659778
0.41995044500211526,2.659398
0.42001086952657596,2.659576
0.42007129405103666,2.659999
0.4201317185754975,2.659503
0.4201921430999582,2.659135
0.4202525676244189,2.659484
0.4203129921488796,2.659001
0.4203734166733405,2.65887
0.42043384119780114,2.659337
0.4204942657222619,2.659323
0.4205546902467226,2.659281
0.42061511477118335,2.65942
0.42067553929564416,2.659241
0.42073596382010486,2.659438
0.4207963883445655,2.659396
0.42085681286902626,2.659097
0.420917237393487,2.659099
0.4209776619179478,2.659477
0.4210380864424085,2.659614
0.4210985109668693,2.659259
0.42115893549133,2.65937
0.4212193600157907,2.658676
0.42127978454025145,2.659198
0.4213402090647122,2.659455
0.4214006335891729,2.658998
0.42146105811363366,2.658913
0.4215214826380944,2.659263
0.42158190716255517,2.658823
0.4216423316870159,2.658718
0.42170275621147657,2.659117
0.42176318073593727,2.658889
0.42182360526039814,2.659064
0.42188402978485884,2.659291
0.42194445430931954,2.659217
0.4220048788337802,2.659013
0.4220653033582411,2.65927
0.42212572788270175,2.658686
0.42218615240716245,2.658834
0.4222465769316232,2.659107
0.42230700145608396,2.658596
0.4223674259805447,2.658491
0.4224278505050055,2.658679
0.4224882750294661,2.65856
0.4225486995539269,2.658542
0.4226091240783876,2.659027
0.4226695486028484,2.65874
0.4227299731273091,2.658915
0.42279039765176984,2.659524
0.4228508221762306,2.658851
0.42291124670069136,2.658477
0.422971671225152,2.65872
0.4230320957496128,2.658463
0.4230925202740735,2.658656
0.4231529447985342,2.65887
0.423213369322995,2.658573
0.4232737938474558,2.658681
0.4233342183719165,2.658621
0.4233946428963772,2.658066
0.4234550674208379,2.657896
0.4235154919452987,2.658208
0.42357591646975945,2.658021
0.42363634099422015,2.657941
0.42369676551868085,2.658358
0.4237571900431417,2.658124
0.4238176145676024,2.658462
0.42387803909206306,2.658537
0.42393846361652376,2.658066
0.4239988881409846,2.658096
0.42405931266544533,2.658544
0.42411973718990603,2.65836
0.4241801617143668,2.658363
0.4242405862388275,2.658429
0.4243010107632882,2.657972
0.424361435287749,2.658141
0.4244218598122097,2.658268
0.42448228433667046,2.65798
0.4245427088611312,2.65812
0.42460313338559197,2.658343
0.4246635579100526,2.658034
0.4247239824345135,2.657681
0.4247844069589741,2.658063
0.4248448314834348,2.65816
0.4249052560078957,2.657994
0.4249656805323564,2.658473
0.4250261050568171,2.658259
0.42508652958127774,2.658247
0.4251469541057385,2.658014
0.4252073786301993,2.65769
0.42526780315466,2.657925
0.42532822767912076,2.658183
0.42538865220358146,2.657651
0.4254490767280423,2.657522
0.42550950125250303,2.657815
0.4255699257769637,2.657506
0.4256303503014244,2.657508
0.4256907748258852,2.657615
0.42575119935034594,2.657371
0.42581162387480664,2.657758
0.42587204839926734,2.657996
0.42593247292372816,2.657984
0.4259928974481889,2.657793
0.42605332197264956,2.657758
0.4261137464971103,2.657207
0.42617417102157107,2.657375
0.42623459554603177,2.657704
0.4262950200704926,2.657001
0.4263554445949533,2.656957
0.426415869119414,2.657321
0.42647629364387474,2.657218
0.42653671816833544,2.657312
0.4265971426927962,2.657579
0.426657567217257,2.657088
0.4267179917417177,2.656828
0.4267784162661784,2.657048
0.4268388407906393,2.656935
0.4268992653151,2.657018
0.4269596898395606,2.657312
0.4270201143640213,2.656646
0.4270805388884821,2.657096
0.4271409634129429,2.657741
0.4272013879374036,2.657438
0.42726181246186434,2.657217
0.427322236986325,2.657216
0.4273826615107857,2.657042
0.42744308603524656,2.656895
0.42750351055970726,2.657109
0.42756393508416796,2.657275
0.42762435960862877,2.657259
0.4276847841330895,2.657597
0.42774520865755017,2.657233
0.4278056331820109,2.657218
0.4278660577064717,2.657192
0.4279264822309324,2.656956
0.4279869067553932,2.656703
0.4280473312798539,2.657209
0.42810775580431465,2.656903
0.4281681803287753,2.65665
0.42822860485323605,2.657173
0.4282890293776968,2.65677
0.42834945390215756,2.656877
0.4284098784266183,2.657121
0.428470302951079,2.656547
0.4285307274755398,2.656466
0.4285911520000006,2.657171
0.42865157652446123,2.65661
0.42871200104892193,2.656726
0.4287724255733827,2.656901
0.4288328500978435,2.656398
0.4288932746223042,2.656746
0.42895369914676496,2.656821
0.4290141236712256,2.656606
0.42907454819568636,2.656641
0.42913497272014717,2.656144
0.42919539724460787,2.65626
0.42925582176906857,2.656338
0.42931624629352927,2.656467
0.42937667081799014,2.655958
0.42943709534245084,2.655968
0.4294975198669115,2.656366
0.4295579443913723,2.655993
0.429618368915833,2.656188
0.42967879344029375,2.656216
0.4297392179647545,2.656005
0.42979964248921526,2.656341
0.42986006701367596,2.65649
0.4299204915381366,2.656204
0.4299809160625974,2.656161
0.4300413405870582,2.656505
0.4301017651115189,2.6563
0.43016218963597963,2.656311
0.4302226141604404,2.656666
0.43028303868490114,2.656189
0.4303434632093619,2.65638
0.43040388773382254,2.656394
0.43046431225828324,2.656076
0.4305247367827441,2.656411
0.4305851613072048,2.656611
0.4306455858316655,2.656177
0.43070601035612627,2.656183
0.43076643488058697,2.656596
0.4308268594050477,2.656392
0.4308872839295085,2.656286
0.4309477084539692,2.656403
0.43100813297842994,2.656201
0.43106855750289075,2.65631
0.43112898202735145,2.656438
0.4311894065518121,2.65615
0.43124983107627285,2.656382
0.4313102556007336,2.656614
0.43137068012519436,2.656579
0.43143110464965506,2.656224
0.4314915291741159,2.656617
0.4315519536985766,2.656114
0.43161237822303733,2.656135
0.43167280274749803,2.656401
0.4317332272719588,2.656045
0.4317936517964195,2.656247
0.43185407632088024,2.656695
0.431914500845341,2.656131
0.43197492536980175,2.655853
0.4320353498942625,2.656546
0.43209577441872316,2.656201
0.43215619894318386,2.656636
0.4322166234676447,2.656598
0.4322770479921054,2.656096
0.4323374725165661,2.656215
0.4323978970410268,2.656327
0.4324583215654877,2.656022
0.4325187460899484,2.656039
0.43257917061440904,2.656206
0.4326395951388698,2.655546
0.43270001966333055,2.65582
0.4327604441877913,2.655967
0.43282086871225206,2.655709
0.43288129323671276,2.655902
0.43294171776117346,2.656285
0.4330021422856342,2.65599
0.433062566810095,2.655686
0.4331229913345557,2.655824
0.43318341585901643,2.655735
0.4332438403834772,2.655641
0.43330426490793794,2.655831
0.4333646894323986,2.655784
0.43342511395685945,2.655876
0.4334855384813201,2.655967
0.4335459630057808,2.655468
0.4336063875302416,2.655566
0.43366681205470237,2.656231
0.43372723657916307,2.655702
0.4337876611036238,2.6561
0.43384808562808447,2.656023
0.4339085101525453,2.655718
0.43396893467700604,2.655975
0.43402935920146674,2.656212
0.43408978372592744,2.655836
0.4341502082503883,2.656064
0.434210632774849,2.656149
0.43427105729930965,2.655773
0.43433148182377035,2.656021
0.43439190634823116,2.655981
0.4344523308726919,2.656005
0.4345127553971526,2.65608
0.4345731799216134,2.656077
0.43463360444607413,2.655339
0.4346940289705348,2.655627
0.4347544534949956,2.6557
0.4348148780194563,2.655428
0.43487530254391704,2.655719
0.4349357270683778,2.656312
0.43499615159283855,2.6556
0.43505657611729925,2.65589
0.43511700064176007,2.655729
0.4351774251662207,2.655303
0.4352378496906814,2.655409
0.4352982742151423,2.655277
0.435358698739603,2.655132
0.4354191232640637,2.655173
0.4354795477885244,2.6554
0.4355399723129851,2.655092
0.43560039683744595,2.655147
0.4356608213619066,2.655561
0.43572124588636735,2.655758
0.43578167041082805,2.655598
0.43584209493528886,2.655377
0.4359025194597496,2.65512
0.4359629439842103,2.655156
0.43602336850867096,2.65574
0.4360837930331318,2.655303
0.43614421755759253,2.65517
0.43620464208205323,2.65528
0.436265066606514,2.655265
0.43632549113097474,2.655511
0.4363859156554354,2.65555
0.43644634017989625,2.655283
0.4365067647043569,2.654968
0.43656718922881765,2.654748
0.43662761375327835,2.654823
0.43668803827773917,2.655023
0.43674846280219987,2.654962
0.4368088873266606,2.654758
0.4368693118511214,2.655186
0.436929736375582,2.655238
0.4369901609000428,2.65485
0.4370505854245036,2.655038
0.4371110099489643,2.655108
0.437171434473425,2.654758
0.43723185899788564,2.654859
0.43729228352234656,2.655193
0.4373527080468072,2.654993
0.4374131325712679,2.654957
0.43747355709572866,2.655106
0.43753398162018947,2.654719
0.43759440614465017,2.654894
0.43765483066911093,2.655253
0.4377152551935716,2.654963
0.4377756797180323,2.655078
0.43783610424249314,2.654896
0.43789652876695384,2.654836
0.43795695329141454,2.655074
0.43801737781587535,2.655354
0.4380778023403361,2.65506
0.4381382268647968,2.654915
0.4381986513892575,2.654712
0.43825907591371827,2.654755
0.43831950043817897,2.65484
0.4383799249626398,2.654602
0.4384403494871005,2.654287
0.43850077401156123,2.654532
0.4385611985360219,2.654542
0.43862162306048263,2.654511
0.4386820475849434,2.654944
0.43874247210940415,2.654704
0.4388028966338649,2.654417
0.4388633211583256,2.654758
0.43892374568278636,2.65505
0.43898417020724717,2.654869
0.43904459473170787,2.654758
0.4391050192561685,2.65466
0.43916544378062927,2.654858
0.4392258683050901,2.654817
0.4392862928295508,2.654517
0.43934671735401154,2.654154
0.43940714187847224,2.654611
0.43946756640293294,2.654931
0.4395279909273938,2.654606
0.43958841545185445,2.655046
0.43964883997631515,2.655058
0.4397092645007759,2.655198
0.4397696890252367,2.655171
0.4398301135496974,2.655073
0.43989053807415807,2.654934
0.43995096259861893,2.655192
0.4400113871230796,2.654886
0.44007181164754033,2.654568
0.4401322361720011,2.654858
0.44019266069646185,2.654928
0.44025308522092255,2.654758
0.4403135097453833,2.654628
0.440373934269844,2.654856
0.44043435879430476,2.654818
0.44049478331876546,2.654998
0.4405552078432262,2.65485
0.44061563236768697,2.654854
0.4406760568921477,2.654932
0.4407364814166085,2.654717
0.44079690594106913,2.654584
0.44085733046552983,2.654709
0.4409177549899907,2.654527
0.4409781795144514,2.65487
0.4410386040389121,2.655248
0.44109902856337285,2.655066
0.4411594530878336,2.655138
0.44121987761229436,2.654835
0.44128030213675506,2.654687
0.44134072666121577,2.654784
0.4414011511856765,2.65493
0.44146157571013733,2.655156
0.44152200023459803,2.654891
0.44158242475905873,2.655122
0.44164284928351943,2.654898
0.4417032738079802,2.655015
0.44176369833244095,2.655067
0.44182412285690165,2.654909
0.44188454738136246,2.654974
0.44194497190582316,2.654914
0.44200539643028386,2.654634
0.44206582095474467,2.654565
0.4421262454792054,2.654821
0.44218667000366607,2.654535
0.4422470945281268,2.654115
0.4423075190525876,2.654318
0.44236794357704834,2.654447
0.4424283681015091,2.654449
0.4424887926259698,2.654747
0.44254921715043044,2.654665
0.44260964167489136,2.654561
0.442670066199352,2.654938
0.4427304907238127,2.654668
0.4427909152482734,2.654674
0.4428513397727342,2.654635
0.442911764297195,2.654454
0.4429721888216556,2.654262
0.4430326133461164,2.654552
0.44309303787057713,2.654388
0.4431534623950379,2.654503
0.44321388691949865,2.654815
0.44327431144395935,2.654726
0.4433347359684201,2.654521
0.44339516049288086,2.654555
0.44345558501734156,2.654428
0.44351600954180226,2.654405
0.44357643406626307,2.654752
0.44363685859072377,2.654816
0.44369728311518447,2.654689
0.44375770763964534,2.654459
0.44381813216410604,2.654448
0.4438785566885667,2.654523
0.4439389812130274,2.655233
0.44399940573748825,2.655131
0.44405983026194895,2.654803
0.44412025478640965,2.654834
0.4441806793108704,2.654249
0.44424110383533105,2.654162
0.4443015283597919,2.654855
0.4443619528842526,2.654459
0.4444223774087133,2.654888
0.444482801933174,2.654667
0.4445432264576349,2.654554
0.4446036509820956,2.654438
0.4446640755065563,2.654494
0.44472450003101693,2.654466
0.44478492455547775,2.654603
0.4448453490799385,2.654905
0.4449057736043992,2.654513
0.44496619812885996,2.654761
0.4450266226533207,2.655293
0.44508704717778136,2.654372
0.4451474717022422,2.654279
0.44520789622670287,2.654515
0.4452683207511636,2.654143
0.4453287452756244,2.654433
0.44538916980008514,2.654736
0.44544959432454584,2.654619
0.44551001884900665,2.654031
0.44557044337346735,2.654023
0.445630867897928,2.654004
0.4456912924223889,2.654227
0.44575171694684956,2.654538
0.44581214147131026,2.654309
0.44587256599577096,2.65403
0.4459329905202317,2.654324
0.44599341504469253,2.653981
0.4460538395691532,2.653564
0.44611426409361393,2.653856
0.44617468861807463,2.653768
0.44623511314253544,2.653698
0.4462955376669962,2.654067
0.4463559621914569,2.654106
0.44641638671591755,2.653776
0.4464768112403784,2.654107
0.4465372357648391,2.653658
0.4465976602892998,2.653668
0.44665808481376057,2.654068
0.4467185093382213,2.653936
0.446778933862682,2.653727
0.44683935838714284,2.654082
0.4468997829116035,2.653807
0.44696020743606424,2.653906
0.44702063196052494,2.654098
0.44708105648498575,2.653666
0.44714148100944645,2.653387
0.4472019055339072,2.654011
0.44726233005836796,2.653284
0.4473227545828286,2.653447
0.44738317910728936,2.65343
0.4474436036317502,2.653288
0.4475040281562109,2.653647
0.4475644526806716,2.653749
0.44762487720513233,2.653326
0.44768530172959314,2.653301
0.44774572625405384,2.653422
0.4478061507785145,2.653372
0.44786657530297524,2.653278
0.44792699982743606,2.653888
0.44798742435189676,2.653428
0.4480478488763575,2.653297
0.4481082734008182,2.653898
0.4481686979252789,2.653585
0.4482291224497398,2.653271
0.4482895469742004,2.653641
0.4483499714986611,2.653546
0.44841039602312194,2.653737
0.44847082054758264,2.653994
0.4485312450720434,2.653555
0.44859166959650415,2.653378
0.4486520941209649,2.653802
0.44871251864542555,2.653067
0.44877294316988636,2.653145
0.44883336769434706,2.653637
0.4488937922188078,2.653316
0.4489542167432685,2.653315
0.4490146412677293,2.653689
0.44907506579219,2.653502
0.44913549031665073,2.653014
0.4491959148411115,2.653347
0.4492563393655722,2.653394
0.4493167638900329,2.653384
0.44937718841449376,2.653619
0.44943761293895446,2.653155
0.4494980374634151,2.65338
0.44955846198787586,2.653623
0.44961888651233667,2.653127
0.44967931103679737,2.653067
0.4497397355612581,2.653456
0.4498001600857188,2.65319
0.4498605846101796,2.652993
0.4499210091346404,2.653116
0.44998143365910104,2.652932
0.45004185818356174,2.65317
0.4501022827080225,2.653412
0.45016270723248325,2.653296
0.450223131756944,2.65365
0.4502835562814047,2.653677
0.4503439808058655,2.653112
0.45040440533032616,2.6532
0.4504648298547869,2.65341
0.4505252543792477,2.653261
0.45058567890370843,2.653041
0.45064610342816913,2.653465
0.4507065279526299,2.653341
0.45076695247709064,2.653013
0.4508273770015514,2.653053
0.4508878015260121,2.652966
0.4509482260504728,2.652773
0.45100865057493356,2.653084
0.45106907509939437,2.65291
0.45112949962385507,2.652968
0.45118992414831577,2.653268
0.4512503486727764,2.652779
0.45131077319723734,2.652632
0.451371197721698,2.652934
0.4514316222461587,2.652665
0.45149204677061944,2.652802
0.4515524712950802,2.653142
0.45161289581954095,2.652702
0.4516733203440017,2.652868
0.45173374486846235,2.652972
0.4517941693929231,2.652544
0.4518545939173839,2.652361
0.4519150184418446,2.652912
0.4519754429663053,2.652813
0.4520358674907661,2.652786
0.45209629201522683,2.652783
0.45215671653968753,2.652689
0.45221714106414823,2.652599
0.45227756558860904,2.652673
0.45233799011306974,2.652087
0.45239841463753044,2.652124
0.4524588391619913,2.652821
0.452519263686452,2.652576
0.45257968821091266,2.652793
0.4526401127353734,2.652864
0.45270053725983417,2.652753
0.4527609617842949,2.652719
0.4528213863087557,2.652996
0.4528818108332164,2.652406
0.452942235357677,2.65239
0.45300265988213795,2.652775
0.4530630844065986,2.652207
0.4531235089310593,2.652406
0.45318393345552,2.652604
0.4532443579799808,2.652106
0.45330478250444156,2.652097
0.45336520702890226,2.652618
0.45342563155336296,2.65234
0.4534860560778237,2.652513
0.4535464806022845,2.652584
0.45360690512674523,2.652281
0.45366732965120593,2.652888
0.4537277541756667,2.653031
0.45378817870012744,2.652663
0.4538486032245882,2.652431
0.45390902774904884,2.652587
0.45396945227350965,2.652407
0.45402987679797036,2.652711
0.45409030132243106,2.652955
0.4541507258468919,2.652007
0.4542111503713526,2.652217
0.4542715748958133,2.652107
0.45433199942027397,2.651918
0.4543924239447349,2.651896
0.45445284846919554,2.652066
0.45451327299365624,2.652132
0.454573697518117,2.652095
0.4546341220425777,2.652371
0.4546945465670385,2.651805
0.45475497109149926,2.651847
0.4548153956159599,2.652177
0.4548758201404206,2.651899
0.4549362446648814,2.651778
0.4549966691893422,2.652063
0.4550570937138029,2.651926
0.4551175182382635,2.651971
0.4551779427627244,2.652206
0.4552383672871851,2.651977
0.4552987918116458,2.651779
0.45535921633610654,2.65231
0.4554196408605673,2.652103
0.455480065385028,2.651999
0.4555404899094888,2.652316
0.45560091443394946,2.651733
0.4556613389584102,2.65193
0.45572176348287097,2.652096
0.45578218800733167,2.651537
0.4558426125317924,2.651709
0.45590303705625324,2.651828
0.45596346158071394,2.651321
0.4560238861051746,2.651445
0.4560843106296355,2.651691
0.45614473515409615,2.651561
0.45620515967855685,2.651357
0.45626558420301755,2.651897
0.4563260087274783,2.651788
0.4563864332519391,2.651854
0.4564468577763998,2.652084
0.4565072823008605,2.652008
0.4565677068253212,2.651783
0.456628131349782,2.651858
0.4566885558742428,2.651593
0.4567489803987035,2.651631
0.4568094049231642,2.652115
0.456869829447625,2.651505
0.45693025397208575,2.651365
0.4569906784965464,2.651799
0.45705110302100715,2.651499
0.4571115275454679,2.650998
0.4571719520699286,2.651209
0.4572323765943894,2.650831
0.4572928011188501,2.651096
0.4573532256433109,2.651546
0.4574136501677715,2.651358
0.45747407469223234,2.651139
0.45753449921669304,2.651398
0.4575949237411538,2.65102
0.45765534826561455,2.651325
0.45771577279007525,2.651259
0.45777619731453595,2.651081
0.4578366218389968,2.650917
0.45789704636345746,2.651289
0.45795747088791816,2.650887
0.4580178954123789,2.650991
0.45807831993683973,2.651406
0.45813874446130043,2.650887
0.4581991689857612,2.650868
0.45825959351022183,2.651158
0.45832001803468264,2.650812
0.4583804425591434,2.650824
0.4584408670836041,2.651294
0.4585012916080648,2.650982
0.45856171613252555,2.650602
0.45862214065698637,2.650841
0.458682565181447,2.650983
0.4587429897059077,2.650615
0.4588034142303685,2.651145
0.4588638387548292,2.651062
0.45892426327929,2.650935
0.45898468780375073,2.651154
0.4590451123282115,2.650896
0.45910553685267214,2.650915
0.45916596137713295,2.651305
0.45922638590159365,2.650779
0.4592868104260544,2.650643
0.4593472349505151,2.650986
0.45940765947497586,2.650425
0.4594680839994366,2.650037
0.45952850852389737,2.650652
0.4595889330483581,2.650011
0.4596493575728188,2.650422
0.4597097820972795,2.650736
0.45977020662174034,2.650535
0.45983063114620104,2.650486
0.45989105567066174,2.650528
0.45995148019512244,2.650059
0.4600119047195833,2.650068
0.46007232924404395,2.650596
0.4601327537685047,2.650354
0.4601931782929654,2.650215
0.46025360281742617,2.650609
0.460314027341887,2.650574
0.4603744518663477,2.650681
0.4604348763908083,2.65091
0.4604953009152691,2.650624
0.46055572543972984,2.65044
0.4606161499641906,2.650748
0.4606765744886513,2.650364
0.4607369990131121,2.650593
0.4607974235375728,2.651074
0.4608578480620335,2.650659
0.46091827258649437,2.650861
0.460978697110955,2.65113
0.4610391216354157,2.650726
0.46109954615987647,2.650379
0.46115997068433723,2.650346
0.461220395208798,2.650402
0.46128081973325874,2.650496
0.4613412442577194,2.650674
0.4614016687821801,2.650454
0.46146209330664095,2.650295
0.46152251783110165,2.65072
0.46158294235556235,2.650302
0.461643366880023,2.650121
0.4617037914044839,2.650585
0.46176421592894457,2.65017
0.46182464045340527,2.650218
0.461885064977866,2.650555
0.4619454895023268,2.650459
0.46200591402678753,2.650466
0.4620663385512483,2.65067
0.46212676307570894,2.650374
0.4621871876001697,2.650266
0.46224761212463045,2.650729
0.4623080366490912,2.650656
0.4623684611735519,2.650256
0.46242888569801266,2.65077
0.4624893102224734,2.650325
0.46254973474693417,2.650156
0.4626101592713948,2.650307
0.46267058379585563,2.65019
0.46273100832031633,2.650142
0.46279143284477703,2.650248
0.4628518573692379,2.649614
0.4629122818936986,2.649939
0.4629727064181593,2.650263
0.46303313094262,2.649829
0.4630935554670807,2.649809
0.4631539799915415,2.650181
0.46321440451600226,2.649998
0.46327482904046297,2.650234
0.46333525356492367,2.650695
0.46339567808938453,2.650092
0.46345610261384523,2.649747
0.4635165271383059,2.649876
0.4635769516627666,2.649637
0.4636373761872274,2.64999
0.46369780071168815,2.650121
0.46375822523614885,2.649938
0.4638186497606096,2.649773
0.46387907428507036,2.650531
0.46393949880953106,2.649842
0.4639999233339918,2.649627
0.4640603478584525,2.650206
0.46412077238291327,2.649951
0.464181196907374,2.649799
0.4642416214318348,2.649949
0.46430204595629543,2.649744
0.4643624704807563,2.64944
0.46442289500521694,2.649562
0.46448331952967764,2.649331
0.4645437440541385,2.649342
0.4646041685785992,2.649538
0.4646645931030599,2.649583
0.46472501762752055,2.649212
0.4647854421519815,2.649409
0.4648458666764421,2.64945
0.4649062912009028,2.649141
0.4649667157253636,2.649405
0.4650271402498243,2.649705
0.4650875647742851,2.649612
0.46514798929874585,2.65005
0.4652084138232065,2.649496
0.4652688383476672,2.649261
0.465329262872128,2.649432
0.46538968739658876,2.649357
0.46545011192104946,2.649597
0.4655105364455102,2.649465
0.46557096096997097,2.649095
0.4656313854944317,2.649301
0.4656918100188924,2.649698
0.4657522345433531,2.64946
0.4658126590678139,2.649814
0.4658730835922746,2.649978
0.4659335081167354,2.649687
0.4659939326411961,2.649334
0.46605435716565685,2.64973
0.46611478169011755,2.649559
0.46617520621457825,2.649561
0.466235630739039,2.649903
0.4662960552634998,2.649264
0.4663564797879605,2.64939
0.4664169043124212,2.649557
0.4664773288368821,2.649166
0.4665377533613428,2.649438
0.46659817788580343,2.649421
0.46665860241026413,2.648897
0.4667190269347249,2.649026
0.4667794514591857,2.649373
0.4668398759836464,2.649007
0.46690030050810716,2.649328
0.4669607250325678,2.649654
0.46702114955702856,2.649216
0.46708157408148937,2.649221
0.46714199860595007,2.649629
0.46720242313041077,2.649062
0.4672628476548716,2.649159
0.46732327217933234,2.649602
0.467383696703793,2.649376
0.46744412122825374,2.649196
0.4675045457527145,2.649449
0.4675649702771752,2.648837
0.467625394801636,2.648523
0.4676858193260967,2.648768
0.46774624385055746,2.648559
0.4678066683750181,2.648911
0.46786709289947886,2.649188
0.4679275174239396,2.649065
0.4679879419484004,2.648962
0.46804836647286113,2.649214
0.46810879099732183,2.64917
0.4681692155217826,2.649077
0.4682296400462434,2.64901
0.46829006457070405,2.648735
0.46835048909516475,2.648758
0.4684109136196255,2.649191
0.4684713381440863,2.648619
0.468531762668547,2.648928
0.46859218719300777,2.649027
0.4686526117174684,2.648868
0.46871303624192917,2.64894
0.46877346076639,2.649101
0.4688338852908507,2.648841
0.4688943098153114,2.649059
0.46895473433977214,2.649289
0.46901515886423295,2.648817
0.46907558338869365,2.648939
0.4691360079131543,2.649046
0.4691964324376151,2.648923
0.4692568569620758,2.648935
0.46931728148653656,2.649203
0.4693777060109973,2.648611
0.4694381305354581,2.648608
0.4694985550599188,2.648836
0.4695589795843795,2.648653
0.46961940410884023,2.648819
0.469679828633301,2.649143
0.4697402531577617,2.648489
0.46980067768222245,2.648611
0.4698611022066832,2.649154
0.46992152673114396,2.648674
0.4699819512556047,2.648803
0.47004237578006536,2.648936
0.47010280030452606,2.648618
0.4701632248289869,2.648743
0.4702236493534476,2.648693
0.4702840738779083,2.648628
0.4703444984023691,2.648703
0.4704049229268299,2.648817
0.47046534745129054,2.648304
0.4705257719757513,2.648646
0.470586196500212,2.648878
0.47064662102467275,2.648505
0.47070704554913356,2.648511
0.47076747007359426,2.648741
0.4708278945980549,2.648824
0.47088831912251566,2.648302
0.4709487436469764,2.648266
0.4710091681714372,2.648267
0.4710695926958979,2.648585
0.4711300172203587,2.648917
0.4711904417448194,2.648865
0.47125086626928014,2.648843
0.47131129079374096,2.648899
0.4713717153182016,2.648565
0.4714321398426623,2.648366
0.47149256436712306,2.648612
0.4715529888915838,2.64823
0.47161341341604457,2.648179
0.4716738379405053,2.6485
0.47173426246496597,2.648419
0.47179468698942667,2.648433
0.47185511151388754,2.648406
0.47191553603834824,2.648115
0.47197596056280894,2.647963
0.47203638508726964,2.648575
0.4720968096117305,2.648096
0.4721572341361912,2.648056
0.47221765866065185,2.648186
0.4722780831851126,2.647464
0.47233850770957336,2.647891
0.4723989322340341,2.648515
0.4724593567584949,2.647956
0.4725197812829556,2.647874
0.47258020580741633,2.648215
0.47264063033187703,2.647989
0.4727010548563378,2.647733
0.4727614793807985,2.647627
0.4728219039052593,2.647496
0.47288232842972,2.6476
0.47294275295418076,2.647982
0.47300317747864157,2.647813
0.47306360200310227,2.647599
0.4731240265275629,2.647804
0.4731844510520236,2.647256
0.4732448755764845,2.647257
0.4733053001009452,2.647711
0.4733657246254059,2.647519
0.47342614914986664,2.64783
0.4734865736743273,2.647895
0.4735469981987881,2.64769
0.47360742272324885,2.647546
0.47366784724770955,2.647536
0.47372827177217025,2.647917
0.4737886962966311,2.647859
0.4738491208210918,2.648241
0.47390954534555246,2.647774
0.47396996987001316,2.647395
0.474030394394474,2.647475
0.47409081891893473,2.647351
0.47415124344339543,2.647483
0.4742116679678562,2.647578
0.47427209249231694,2.647638
0.4743325170167776,2.64758
0.4743929415412384,2.647687
0.4744533660656991,2.647519
0.47451379059015986,2.647347
0.4745742151146206,2.647423
0.47463463963908137,2.647157
0.47469506416354207,2.647267
0.4747554886880029,2.647405
0.4748159132124635,2.64736
0.4748763377369242,2.647305
0.4749367622613851,2.647429
0.4749971867858458,2.647452
0.4750576113103065,2.647415
0.4751180358347672,2.647822
0.4751784603592279,2.647269
0.47523888488368876,2.647308
0.4752993094081494,2.647228
0.47535973393261016,2.647101
0.47542015845707086,2.646967
0.4754805829815317,2.647441
0.47554100750599243,2.647081
0.47560143203045313,2.647031
0.4756618565549138,2.647581
0.4757222810793746,2.647111
0.47578270560383534,2.646985
0.47584313012829604,2.647358
0.4759035546527568,2.647134
0.47596397917721756,2.647055
0.4760244037016783,2.647128
0.47608482822613907,2.647192
0.4761452527505997,2.646782
0.47620567727506047,2.647093
0.47626610179952117,2.647121
0.476326526323982,2.646922
0.4763869508484427,2.647041
0.47644737537290344,2.647046
0.4765077998973642,2.647091
0.47656822442182484,2.647081
0.4766286489462856,2.646902
0.4766890734707464,2.646826
0.4767494979952071,2.646917
0.4768099225196678,2.646693
0.4768703470441287,2.646647
0.4769307715685894,2.646987
0.47699119609305,2.646829
0.4770516206175107,2.646834
0.4771120451419715,2.64716
0.4771724696664323,2.646756
0.477232894190893,2.646576
0.47729331871535374,2.646742
0.4773537432398144,2.646439
0.47741416776427514,2.646398
0.47747459228873596,2.646534
0.47753501681319666,2.646201
0.47759544133765736,2.646151
0.47765586586211817,2.646567
0.4777162903865789,2.646559
0.4777767149110396,2.646589
0.4778371394355003,2.646566
0.4778975639599611,2.646264
0.4779579884844218,2.646455
0.4780184130088826,2.646492
0.4780788375333433,2.646125
0.47813926205780405,2.646145
0.47819968658226475,2.646269
0.47826011110672545,2.646017
0.4783205356311862,2.646436
0.47838096015564696,2.646338
0.4784413846801077,2.646267
0.4785018092045684,2.646529
0.4785622337290292,2.646444
0.47862265825349,2.646188
0.4786830827779507,2.645981
0.47874350730241133,2.646285
0.4788039318268721,2.64611
0.4788643563513329,2.646166
0.4789247808757936,2.646334
0.47898520540025435,2.646108
0.47904562992471506,2.646117
0.4791060544491758,2.646339
0.4791664789736366,2.646096
0.47922690349809727,2.645977
0.47928732802255797,2.64614
0.4793477525470187,2.645785
0.47940817707147954,2.646129
0.47946860159594024,2.645979
0.4795290261204009,2.645749
0.47958945064486175,2.645904
0.4796498751693224,2.645831
0.47971029969378315,2.645758
0.47977072421824396,2.645918
0.47983114874270466,2.645918
0.47989157326716536,2.645495
0.4799519977916261,2.645885
0.4800124223160868,2.646071
0.4800728468405476,2.645844
0.48013327136500833,2.646153
0.48019369588946903,2.6461
0.4802541204139298,2.645726
0.4803145449383906,2.645857
0.4803749694628513,2.645872
0.48043539398731194,2.645548
0.48049581851177264,2.645497
0.4805562430362335,2.645432
0.4806166675606942,2.645409
0.4806770920851549,2.645686
0.48073751660961567,2.646168
0.4807979411340764,2.645941
0.4808583656585372,2.64564
0.4809187901829979,2.64578
0.4809792147074586,2.64554
0.48103963923191934,2.645807
0.48110006375638015,2.645635
0.48116048828084085,2.645357
0.48122091280530155,2.645875
0.4812813373297623,2.64585
0.481341761854223,2.645515
0.48140218637868376,2.645621
0.48146261090314446,2.645669
0.4815230354276053,2.645764
0.481583459952066,2.645768
0.4816438844765267,2.645593
0.48170430900098754,2.645467
0.48176473352544824,2.645487
0.4818251580499089,2.645353
0.48188558257436964,2.645318
0.48194600709883045,2.645493
0.48200643162329115,2.645546
0.4820668561477519,2.645098
0.4821272806722126,2.645172
0.48218770519667326,2.645411
0.4822481297211342,2.645233
0.4823085542455948,2.645305
0.4823689787700555,2.6451
0.4824294032945162,2.645175
0.4824898278189771,2.645338
0.4825502523434378,2.645263
0.48261067686789844,2.645355
0.4826711013923592,2.645316
0.48273152591681995,2.64537
0.4827919504412807,2.645255
0.48285237496574146,2.645012
0.48291279949020216,2.645085
0.4829732240146629,2.644649
0.4830336485391237,2.644931
0.4830940730635844,2.644991
0.4831544975880451,2.644705
0.4832149221125059,2.644996
0.4832753466369666,2.645143
0.48333577116142734,2.645004
0.48339619568588815,2.644995
0.48345662021034885,2.645051
0.4835170447348095,2.644989
0.4835774692592702,2.645096
0.48363789378373107,2.644747
0.48369831830819177,2.644846
0.48375874283265247,2.644989
0.4838191673571132,2.644782
0.48387959188157387,2.644706
0.48394001640603473,2.644748
0.48400044093049543,2.644614
0.48406086545495614,2.64467
0.48412128997941684,2.644776
0.4841817145038777,2.644743
0.4842421390283384,2.644625
0.4843025635527991,2.645066
0.48436298807725975,2.64489
0.48442341260172056,2.644672
0.4844838371261813,2.64471
0.484544261650642,2.644654
0.4846046861751028,2.644058
0.48466511069956353,2.644555
0.48472553522402423,2.644495
0.48478595974848504,2.644281
0.4848463842729457,2.64442
0.48490680879740644,2.644819
0.4849672333218672,2.644612
0.48502765784632795,2.644713
0.48508808237078865,2.64465
0.48514850689524947,2.644661
0.48520893141971017,2.644657
0.4852693559441708,2.644525
0.48532978046863173,2.64441
0.4853902049930924,2.644534
0.4854506295175531,2.644506
0.4855110540420138,2.644822
0.48557147856647453,2.644911
0.48563190309093535,2.644639
0.485692327615396,2.644127
0.48575275213985675,2.644631
0.48581317666431745,2.6442
0.48587360118877826,2.644049
0.485934025713239,2.644389
0.4859944502376997,2.644585
0.48605487476216036,2.644014
0.4861152992866212,2.644383
0.48617572381108193,2.644622
0.48623614833554263,2.644305
0.4862965728600034,2.644266
0.48635699738446414,2.644233
0.48641742190892484,2.644089
0.48647784643338565,2.644121
0.4865382709578463,2.643962
0.48659869548230705,2.643604
0.48665912000676775,2.643719
0.48671954453122857,2.643713
0.48677996905568927,2.643627
0.48684039358015,2.644033
0.4869008181046108,2.643829
0.4869612426290714,2.643565
0.4870216671535322,2.643775
0.487082091677993,2.643675
0.4871425162024537,2.643744
0.4872029407269144,2.644347
0.48726336525137515,2.643671
0.48732378977583596,2.643731
0.48738421430029666,2.643978
0.48744463882475736,2.643534
0.48750506334921806,2.643878
0.48756548787367887,2.64415
0.4876259123981396,2.643865
0.4876863369226003,2.643906
0.48774676144706103,2.644148
0.4878071859715218,2.643786
0.4878676104959826,2.643528
0.48792803502044324,2.643983
0.48798845954490394,2.643787
0.48804888406936475,2.643372
0.48810930859382545,2.643617
0.4881697331182862,2.643423
0.488230157642747,2.643371
0.4882905821672077,2.643767
0.48835100669166837,2.643701
0.4884114312161292,2.643442
0.4884718557405899,2.644066
0.48853228026505063,2.643853
0.48859270478951133,2.644136
0.4886531293139721,2.644351
0.4887135538384328,2.644157
0.48877397836289355,2.64423
0.4888344028873543,2.644386
0.488894827411815,2.643923
0.48895525193627576,2.643965
0.48901567646073657,2.643913
0.48907610098519727,2.643564
0.4891365255096579,2.643534
0.48919695003411867,2.644194
0.4892573745585795,2.64375
0.4893177990830402,2.64356
0.48937822360750094,2.644031
0.48943864813196164,2.643428
0.4894990726564224,2.643698
0.4895594971808832,2.643467
0.48961992170534385,2.6435
0.48968034622980455,2.64329
0.4897407707542653,2.64351
0.4898011952787261,2.64334
0.4898616198031868,2.643685
0.4899220443276475,2.643816
0.48998246885210833,2.643282
0.490042893376569,2.643283
0.49010331790102973,2.643462
0.49016374242549055,2.643005
0.49022416694995125,2.643216
0.49028459147441195,2.643457
0.4903450159988727,2.643267
0.49040544052333346,2.643161
0.4904658650477942,2.643409
0.4905262895722549,2.643166
0.4905867140967156,2.642846
0.49064713862117637,2.643213
0.4907075631456372,2.642934
0.4907679876700979,2.642952
0.4908284121945586,2.643311
0.49088883671901923,2.642876
0.49094926124348015,2.642318
0.4910096857679408,2.642713
0.4910701102924015,2.642399
0.49113053481686225,2.642713
0.491190959341323,2.642895
0.49125138386578376,2.642651
0.4913118083902445,2.642396
0.49137223291470516,2.642778
0.4914326574391659,2.64244
0.49149308196362673,2.642341
0.49155350648808743,2.642806
0.49161393101254813,2.642411
0.4916743555370089,2.642181
0.49173478006146965,2.642743
0.49179520458593035,2.642143
0.49185562911039105,2.64238
0.49191605363485186,2.642793
0.49197647815931256,2.642222
0.49203690268377326,2.642109
0.4920973272082341,2.642331
0.4921577517326948,2.642219
0.49221817625715547,2.642694
0.4922786007816162,2.642932
0.49233902530607704,2.642294
0.49239944983053774,2.642442
0.4924598743549985,2.642681
0.4925202988794592,2.642503
0.49258072340391984,2.642493
0.49264114792838076,2.642702
0.4927015724528414,2.642252
0.4927619969773021,2.642333
0.4928224215017628,2.642922
0.4928828460262236,2.642212
0.4929432705506844,2.64238
0.4930036950751451,2.642745
0.4930641195996058,2.642318
0.49312454412406653,2.642759
0.4931849686485273,2.642686
0.49324539317298804,2.642344
0.49330581769744875,2.642225
0.4933662422219095,2.642516
0.49342666674637026,2.642025
0.493487091270831,2.641768
0.49354751579529166,2.642001
0.49360794031975247,2.64179
0.49366836484421317,2.641855
0.49372878936867387,2.642375
0.49378921389313474,2.641931
0.49384963841759544,2.64164
0.49391006294205614,2.642012
0.4939704874665168,2.641952
0.4940309119909777,2.641717
0.49409133651543835,2.64213
0.49415176103989905,2.641894
0.4942121855643598,2.641859
0.4942726100888205,2.64202
0.4943330346132813,2.641329
0.4943934591377421,2.641376
0.4944538836622027,2.642148
0.4945143081866634,2.641739
0.49457473271112423,2.642164
0.494635157235585,2.642352
0.4946955817600457,2.641857
0.49475600628450644,2.641702
0.4948164308089672,2.642092
0.4948768553334279,2.64178
0.49493727985788866,2.641865
0.49499770438234936,2.641683
0.4950581289068101,2.641542
0.4951185534312708,2.64156
0.4951789779557316,2.641882
0.49523940248019227,2.641401
0.495299827004653,2.641395
0.4953602515291138,2.641854
0.49542067605357454,2.641706
0.49548110057803524,2.641477
0.49554152510249605,2.641826
0.49560194962695675,2.64135
0.4956623741514174,2.641559
0.4957227986758783,2.641799
0.49578322320033896,2.641542
0.49584364772479966,2.64146
0.49590407224926036,2.641507
0.4959644967737211,2.641124
0.49602492129818193,2.641044
0.49608534582264263,2.641101
0.49614577034710333,2.64106
0.49620619487156403,2.641144
0.49626661939602484,2.641342
0.4963270439204856,2.641306
0.4963874684449463,2.641121
0.496447892969407,2.641442
0.4965083174938678,2.641114
0.49656874201832857,2.64142
0.4966291665427892,2.64136
0.49668959106725,2.641379
0.4967500155917107,2.641151
0.4968104401161714,2.641683
0.49687086464063224,2.641149
0.49693128916509294,2.641276
0.4969917136895537,2.641269
0.49705213821401434,2.640579
0.49711256273847515,2.640503
0.49717298726293585,2.640991
0.4972334117873966,2.641082
0.49729383631185736,2.640998
0.49735426083631806,2.641179
0.49741468536077876,2.640778
0.49747510988523963,2.640867
0.4975355344097003,2.641487
0.497595958934161,2.641117
0.49765638345862173,2.640942
0.49771680798308254,2.64133
0.49777723250754324,2.640813
0.497837657032004,2.640851
0.49789808155646464,2.641139
0.49795850608092546,2.640951
0.4980189306053862,2.640668
0.4980793551298469,2.640968
0.4981397796543076,2.640697
0.49820020417876837,2.640707
0.4982606287032292,2.641063
0.4983210532276898,2.640674
0.4983814777521505,2.640661
0.49844190227661134,2.640629
0.49850232680107204,2.640548
0.4985627513255328,2.640529
0.4986231758499936,2.641065
0.4986836003744543,2.640462
0.49874402489891495,2.640275
0.49880444942337576,2.640988
0.49886487394783646,2.640616
0.4989252984722972,2.640642
0.4989857229967579,2.640841
0.4990461475212187,2.640157
0.49910657204567943,2.640261
0.4991669965701402,2.640858
0.4992274210946009,2.640414
0.4992878456190616,2.640468
0.4993482701435223,2.640965
0.49940869466798316,2.640336
0.49946911919244386,2.640227
0.49952954371690456,2.640399
0.49958996824136526,2.640182
0.4996503927658261,2.639958
0.49971081729028677,2.640435
0.4997712418147475,2.639999
0.4998316663392082,2.640129
0.499892090863669,2.640624
0.4999525153881298,2.640117
0.5000129399125904,2.640349
0.5000733644370512,2.640552
0.500133788961512,2.640309
0.5001942134859727,2.640223
0.5002546380104335,2.640326
0.5003150625348941,2.640022
0.5003754870593549,2.640234
0.5004359115838156,2.640532
0.5004963361082764,2.639932
0.5005567606327371,2.639955
0.5006171851571979,2.640282
0.5006776096816585,2.639955
0.5007380342061193,2.640104
0.50079845873058,2.640453
0.5008588832550408,2.639951
0.5009193077795016,2.640038
0.5009797323039622,2.640216
0.501040156828423,2.640082
0.5011005813528838,2.639864
0.5011610058773445,2.640389
0.5012214304018051,2.639646
0.5012818549262659,2.639545
0.5013422794507267,2.640023
0.5014027039751874,2.639971
0.5014631284996481,2.640086
0.5015235530241089,2.640268
0.5015839775485695,2.639576
0.5016444020730303,2.639431
0.501704826597491,2.640126
0.5017652511219518,2.639602
0.5018256756464126,2.639215
0.5018861001708733,2.639769
0.5019465246953341,2.639363
0.5020069492197947,2.63903
0.5020673737442555,2.639302
0.5021277982687162,2.639272
0.502188222793177,2.639371
0.5022486473176377,2.639906
0.5023090718420985,2.639706
0.5023694963665591,2.639592
0.5024299208910198,2.640063
0.5024903454154808,2.639363
0.5025507699399414,2.639664
0.5026111944644021,2.639775
0.5026716189888628,2.63956
0.5027320435133237,2.639805
0.5027924680377843,2.639774
0.5028528925622451,2.639352
0.5029133170867057,2.639184
0.5029737416111665,2.639736
0.5030341661356273,2.639588
0.503094590660088,2.639588
0.5031550151845487,2.639745
0.5032154397090094,2.639449
0.5032758642334703,2.639318
0.503336288757931,2.639867
0.5033967132823917,2.639643
0.5034571378068524,2.639677
0.5035175623313132,2.639839
0.5035779868557739,2.639601
0.5036384113802347,2.639795
0.5036988359046953,2.639927
0.5037592604291561,2.639641
0.5038196849536168,2.639705
0.5038801094780776,2.639825
0.5039405340025382,2.639627
0.5040009585269991,2.639778
0.5040613830514598,2.639807
0.5041218075759204,2.639635
0.5041822321003814,2.639281
0.504242656624842,2.639388
0.5043030811493027,2.639295
0.5043635056737634,2.638616
0.5044239301982243,2.639035
0.5044843547226849,2.638911
0.5045447792471457,2.638871
0.5046052037716064,2.639107
0.5046656282960671,2.638686
0.5047260528205278,2.638636
0.5047864773449886,2.639025
0.5048469018694494,2.638969
0.50490732639391,2.638672
0.5049677509183709,2.639017
0.5050281754428316,2.638659
0.5050885999672923,2.638817
0.505149024491753,2.639226
0.5052094490162138,2.638817
0.5052698735406745,2.63926
0.5053302980651353,2.639283
0.5053907225895959,2.638821
0.5054511471140567,2.639053
0.5055115716385173,2.63927
0.5055719961629782,2.638717
0.5056324206874389,2.638855
0.5056928452118996,2.639362
0.5057532697363604,2.638968
0.5058136942608211,2.638768
0.5058741187852819,2.639078
0.5059345433097426,2.63856
0.5059949678342033,2.638603
0.506055392358664,2.638771
0.5061158168831249,2.638245
0.5061762414075855,2.638426
0.5062366659320463,2.638433
0.506297090456507,2.63853
0.5063575149809677,2.638648
0.5064179395054285,2.638772
0.5064783640298892,2.638743
0.50653878855435,2.638386
0.5065992130788106,2.638576
0.5066596376032714,2.638263
0.5067200621277322,2.638403
0.5067804866521929,2.638784
0.5068409111766535,2.638394
0.5069013357011144,2.638385
0.5069617602255752,2.638449
0.5070221847500358,2.638247
0.5070826092744967,2.638164
0.5071430337989573,2.638202
0.507203458323418,2.638121
0.5072638828478788,2.638104
0.5073243073723395,2.63834
0.5073847318968002,2.638148
0.507445156421261,2.638257
0.5075055809457217,2.638361
0.5075660054701825,2.638366
0.5076264299946432,2.638019
0.507686854519104,2.638301
0.5077472790435646,2.637912
0.5078077035680254,2.637739
0.5078681280924862,2.637768
0.5079285526169469,2.637755
0.5079889771414076,2.63761
0.5080494016658683,2.638014
0.5081098261903292,2.637944
0.5081702507147898,2.637952
0.5082306752392506,2.638396
0.5082910997637112,2.638259
0.5083515242881721,2.637822
0.5084119488126329,2.638047
0.5084723733370935,2.638117
0.5085327978615541,2.637774
0.5085932223860149,2.638365
0.5086536469104758,2.637994
0.5087140714349364,2.637929
0.5087744959593972,2.638366
0.5088349204838579,2.637847
0.5088953450083187,2.638117
0.5089557695327794,2.638083
0.5090161940572402,2.637634
0.5090766185817008,2.637825
0.5091370431061616,2.638205
0.5091974676306223,2.637877
0.5092578921550831,2.637973
0.5093183166795439,2.638077
0.5093787412040046,2.63789
0.5094391657284653,2.637951
0.509499590252926,2.638195
0.5095600147773868,2.637616
0.5096204393018475,2.637661
0.5096808638263082,2.637846
0.5097412883507689,2.637512
0.5098017128752298,2.637382
0.5098621373996904,2.637817
0.5099225619241511,2.637774
0.5099829864486118,2.637553
0.5100434109730727,2.637761
0.5101038354975334,2.637649
0.5101642600219941,2.637697
0.5102246845464549,2.637753
0.5102851090709155,2.637435
0.5103455335953764,2.63753
0.510405958119837,2.63775
0.5104663826442978,2.63759
0.5105268071687585,2.637547
0.5105872316932193,2.63759
0.51064765621768,2.637633
0.5107080807421407,2.637451
0.5107685052666014,2.637636
0.5108289297910622,2.637323
0.510889354315523,2.636999
0.5109497788399837,2.637289
0.5110102033644445,2.637018
0.5110706278889051,2.637399
0.5111310524133659,2.637692
0.5111914769378267,2.637479
0.5112519014622874,2.637581
0.5113123259867481,2.637769
0.5113727505112088,2.637601
0.5114331750356695,2.637468
0.5114935995601304,2.637848
0.511554024084591,2.637321
0.5116144486090517,2.637291
0.5116748731335125,2.637695
0.5117352976579733,2.637443
0.511795722182434,2.637419
0.5118561467068947,2.637589
0.5119165712313555,2.637166
0.5119769957558162,2.637473
0.512037420280277,2.637875
0.5120978448047376,2.637177
0.5121582693291984,2.637071
0.5122186938536591,2.637287
0.5122791183781199,2.636803
0.5123395429025807,2.63736
0.5123999674270413,2.637588
0.5124603919515022,2.637286
0.5125208164759628,2.636997
0.5125812410004236,2.637167
0.5126416655248843,2.636857
0.5127020900493451,2.636953
0.5127625145738057,2.637347
0.5128229390982664,2.636914
0.5128833636227274,2.637325
0.512943788147188,2.637389
0.5130042126716486,2.637202
0.5130646371961094,2.63697
0.5131250617205702,2.637377
0.5131854862450309,2.636784
0.5132459107694917,2.637027
0.5133063352939524,2.637085
0.5133667598184131,2.636737
0.5134271843428739,2.636839
0.5134876088673346,2.637213
0.5135480333917953,2.63711
0.513608457916256,2.636705
0.5136688824407168,2.636899
0.5137293069651776,2.636951
0.5137897314896382,2.636997
0.513850156014099,2.637221
0.5139105805385598,2.636931
0.5139710050630204,2.636833
0.5140314295874813,2.637381
0.5140918541119419,2.636894
0.5141522786364027,2.636833
0.5142127031608634,2.637032
0.5142731276853242,2.637115
0.5143335522097848,2.63688
0.5143939767342457,2.637137
0.5144544012587063,2.636551
0.5145148257831671,2.636503
0.514575250307628,2.636874
0.5146356748320886,2.636534
0.5146960993565493,2.636308
0.51475652388101,2.636619
0.5148169484054709,2.636568
0.5148773729299315,2.636482
0.5149377974543923,2.636827
0.514998221978853,2.636278
0.5150586465033137,2.636146
0.5151190710277744,2.636443
0.5151794955522352,2.636094
0.515239920076696,2.636338
0.5153003446011566,2.636632
0.5153607691256175,2.636329
0.5154211936500782,2.63649
0.5154816181745389,2.636418
0.5155420426989997,2.636005
0.5156024672234604,2.635852
0.5156628917479211,2.636239
0.5157233162723819,2.636275
0.5157837407968425,2.63621
0.5158441653213033,2.636147
0.5159045898457639,2.636137
0.5159650143702248,2.636259
0.5160254388946854,2.636615
0.5160858634191462,2.636077
0.516146287943607,2.635997
0.5162067124680677,2.636047
0.5162671369925285,2.635939
0.5163275615169892,2.635889
0.51638798604145,2.636147
0.5164484105659106,2.635763
0.5165088350903715,2.636079
0.5165692596148321,2.636415
0.5166296841392929,2.635968
0.5166901086637536,2.636225
0.5167505331882143,2.636553
0.5168109577126752,2.636141
0.5168713822371359,2.63596
0.5169318067615966,2.63659
0.5169922312860572,2.636048
0.517052655810518,2.63622
0.5171130803349788,2.636395
0.5171735048594395,2.635716
0.5172339293839001,2.635921
0.517294353908361,2.635872
0.5173547784328217,2.635448
0.5174152029572824,2.635498
0.5174756274817432,2.635738
0.5175360520062039,2.635253
0.5175964765306647,2.634899
0.5176569010551254,2.635534
0.5177173255795862,2.635052
0.5177777501040468,2.635329
0.5178381746285076,2.635704
0.5178985991529683,2.635419
0.5179590236774291,2.635372
0.5180194482018898,2.635664
0.5180798727263506,2.635548
0.5181402972508112,2.635455
0.518200721775272,2.63603
0.5182611462997327,2.635553
0.5183215708241935,2.635613
0.5183819953486541,2.635544
0.5184424198731149,2.635079
0.5185028443975758,2.635057
0.5185632689220364,2.635557
0.5186236934464972,2.635209
0.5186841179709578,2.63519
0.5187445424954186,2.635476
0.5188049670198794,2.635098
0.5188653915443401,2.635153
0.5189258160688008,2.635385
0.5189862405932615,2.634991
0.5190466651177224,2.634953
0.519107089642183,2.635069
0.5191675141666438,2.6347
0.5192279386911045,2.634895
0.5192883632155653,2.635062
0.519348787740026,2.634961
0.5194092122644868,2.634621
0.5194696367889474,2.634951
0.5195300613134082,2.634662
0.5195904858378689,2.63484
0.5196509103623297,2.635007
0.5197113348867904,2.634541
0.5197717594112512,2.634932
0.5198321839357118,2.634948
0.5198926084601726,2.634657
0.5199530329846335,2.634879
0.5200134575090941,2.634987
0.5200738820335548,2.634504
0.5201343065580155,2.634764
0.5201947310824764,2.634694
0.520255155606937,2.634634
0.5203155801313977,2.63435
0.5203760046558584,2.634565
0.5204364291803193,2.634739
0.5204968537047799,2.634499
0.5205572782292407,2.634711
0.5206177027537015,2.634497
0.5206781272781622,2.634315
0.520738551802623,2.634228
0.5207989763270836,2.63384
0.5208594008515444,2.634273
0.5209198253760051,2.634484
0.5209802499004659,2.634088
0.5210406744249266,2.634175
0.5211010989493873,2.634607
0.5211615234738481,2.634245
0.5212219479983088,2.634267
0.5212823725227695,2.634295
0.5213427970472303,2.634118
0.5214032215716911,2.633936
0.5214636460961517,2.634275
0.5215240706206125,2.634092
0.5215844951450733,2.634198
0.521644919669534,2.634334
0.5217053441939947,2.633733
0.5217657687184554,2.633838
0.5218261932429161,2.634025
0.521886617767377,2.633969
0.5219470422918376,2.633897
0.5220074668162984,2.633907
0.522067891340759,2.633969
0.5221283158652199,2.633904
0.5221887403896806,2.633691
0.5222491649141413,2.633785
0.5223095894386021,2.633909
0.5223700139630628,2.634098
0.5224304384875236,2.633764
0.5224908630119843,2.633686
0.522551287536445,2.633961
0.5226117120609057,2.633589
0.5226721365853665,2.633803
0.5227325611098272,2.634168
0.5227929856342879,2.633935
0.5228534101587488,2.633803
0.5229138346832094,2.63431
0.5229742592076702,2.633656
0.523034683732131,2.633552
0.5230951082565917,2.634026
0.5231555327810523,2.633866
0.5232159573055131,2.633929
0.5232763818299739,2.633847
0.5233368063544346,2.633318
0.5233972308788952,2.63337
0.523457655403356,2.633675
0.5235180799278167,2.633477
0.5235785044522775,2.633573
0.5236389289767382,2.6334
0.523699353501199,2.633152
0.5237597780256597,2.633573
0.5238202025501205,2.633721
0.5238806270745812,2.63316
0.5239410515990419,2.633318
0.5240014761235027,2.633622
0.5240619006479634,2.632997
0.5241223251724242,2.632818
0.5241827496968849,2.632945
0.5242431742213456,2.632835
0.5243035987458063,2.633277
0.524364023270267,2.633324
0.5244244477947279,2.633058
0.5244848723191885,2.633486
0.5245452968436493,2.633731
0.52460572136811,2.633618
0.5246661458925708,2.633371
0.5247265704170314,2.633325
0.5247869949414923,2.633504
0.5248474194659529,2.633458
0.5249078439904137,2.63312
0.5249682685148745,2.633021
0.5250286930393352,2.633154
0.525089117563796,2.633551
0.5251495420882566,2.63334
0.5252099666127173,2.633146
0.5252703911371781,2.633278
0.5253308156616389,2.632851
0.5253912401860996,2.633152
0.5254516647105603,2.633246
0.5255120892350211,2.632989
0.5255725137594819,2.633061
0.5256329382839425,2.633167
0.5256933628084032,2.632883
0.525753787332864,2.632983
0.5258142118573248,2.632913
0.5258746363817854,2.632628
0.5259350609062463,2.632879
0.525995485430707,2.633022
0.5260559099551676,2.632648
0.5261163344796285,2.63281
0.5261767590040891,2.632891
0.5262371835285499,2.632366
0.5262976080530106,2.632722
0.5263580325774714,2.63293
0.526418457101932,2.63288
0.5264788816263928,2.632814
0.5265393061508535,2.632763
0.5265997306753143,2.632436
0.526660155199775,2.632785
0.5267205797242358,2.632827
0.5267810042486966,2.632551
0.5268414287731572,2.632725
0.5269018532976181,2.63265
0.5269622778220787,2.632533
0.5270227023465395,2.63278
0.5270831268710002,2.63282
0.5271435513954609,2.632476
0.5272039759199217,2.632498
0.5272644004443825,2.632456
0.5273248249688431,2.632217
0.5273852494933038,2.632403
0.5274456740177645,2.632527
0.5275060985422254,2.632284
0.527566523066686,2.632844
0.5276269475911468,2.632772
0.5276873721156076,2.632229
0.5277477966400683,2.632122
0.527808221164529,2.632458
0.5278686456889898,2.632133
0.5279290702134505,2.632422
0.5279894947379112,2.632206
0.528049919262372,2.632284
0.5281103437868327,2.632171
0.5281707683112934,2.632502
0.5282311928357541,2.632296
0.5282916173602149,2.632531
0.5283520418846757,2.632672
0.5284124664091364,2.632546
0.5284728909335972,2.632348
0.5285333154580578,2.631985
0.5285937399825186,2.632258
0.5286541645069794,2.632547
0.5287145890314401,2.632594
0.5287750135559007,2.632474
0.5288354380803615,2.632515
0.5288958626048224,2.632404
0.528956287129283,2.632303
0.5290167116537438,2.632731
0.5290771361782044,2.632547
0.5291375607026652,2.632695
0.529197985227126,2.632657
0.5292584097515867,2.63257
0.5293188342760474,2.632317
0.5293792588005082,2.632513
0.5294396833249689,2.632465
0.5295001078494296,2.632164
0.5295605323738903,2.632071
0.5296209568983511,2.631958
0.5296813814228118,2.63174
0.5297418059472726,2.632077
0.5298022304717334,2.631519
0.5298626549961941,2.631301
0.5299230795206548,2.631806
0.5299835040451155,2.631759
0.5300439285695763,2.631746
0.530104353094037,2.631754
0.5301647776184978,2.631847
0.5302252021429584,2.631685
0.5302856266674193,2.632012
0.53034605119188,2.631567
0.5304064757163407,2.631534
0.5304669002408013,2.631791
0.5305273247652621,2.631798
0.530587749289723,2.631623
0.5306481738141836,2.631663
0.5307085983386444,2.631343
0.530769022863105,2.631241
0.5308294473875658,2.631796
0.5308898719120265,2.631409
0.5309502964364873,2.631775
0.531010720960948,2.632054
0.5310711454854088,2.63196
0.5311315700098695,2.631423
0.5311919945343303,2.631587
0.531252419058791,2.631443
0.5313128435832517,2.631292
0.5313732681077125,2.63168
0.5314336926321732,2.631524
0.531494117156634,2.631312
0.5315545416810947,2.631666
0.5316149662055554,2.631712
0.531675390730016,2.631358
0.5317358152544769,2.631689
0.5317962397789376,2.631387
0.5318566643033983,2.630894
0.531917088827859,2.631205
0.5319775133523199,2.631321
0.5320379378767806,2.631338
0.5320983624012413,2.6315
0.532158786925702,2.631146
0.5322192114501627,2.631154
0.5322796359746236,2.631587
0.5323400604990842,2.631227
0.532400485023545,2.630809
0.5324609095480056,2.631069
0.5325213340724664,2.630984
0.5325817585969271,2.630953
0.5326421831213879,2.63136
0.5327026076458486,2.63124
0.5327630321703094,2.631387
0.5328234566947702,2.631455
0.5328838812192309,2.630975
0.5329443057436916,2.631094
0.5330047302681523,2.631421
0.5330651547926131,2.631039
0.5331255793170738,2.630914
0.5331860038415345,2.63074
0.5332464283659953,2.630794
0.533306852890456,2.630892
0.5333672774149167,2.631082
0.5334277019393776,2.630927
0.5334881264638383,2.630783
0.5335485509882989,2.631099
0.5336089755127597,2.630919
0.5336694000372205,2.630687
0.5337298245616812,2.631029
0.5337902490861419,2.631039
0.5338506736106026,2.630845
0.5339110981350633,2.631028
0.5339715226595241,2.631001
0.5340319471839848,2.630825
0.5340923717084456,2.630836
0.5341527962329062,2.630756
0.5342132207573671,2.631012
0.5342736452818279,2.631064
0.5343340698062885,2.630695
0.5343944943307493,2.631051
0.53445491885521,2.631349
0.5345153433796708,2.630981
0.5345757679041315,2.630946
0.5346361924285922,2.631501
0.5346966169530529,2.631019
0.5347570414775136,2.631024
0.5348174660019744,2.631177
0.5348778905264351,2.630626
0.5349383150508958,2.630273
0.5349987395753566,2.630742
0.5350591640998174,2.630564
0.535119588624278,2.630825
0.5351800131487389,2.630871
0.5352404376731995,2.63055
0.5353008621976603,2.630579
0.5353612867221211,2.630784
0.5354217112465818,2.630569
0.5354821357710425,2.63057
0.5355425602955032,2.630832
0.5356029848199639,2.630409
0.5356634093444247,2.630419
0.5357238338688854,2.630648
0.5357842583933462,2.630475
0.5358446829178068,2.630279
0.5359051074422677,2.630662
0.5359655319667285,2.630119
0.5360259564911891,2.630266
0.5360863810156498,2.630365
0.5361468055401106,2.630172
0.5362072300645714,2.629961
0.536267654589032,2.630389
0.5363280791134929,2.629961
0.5363885036379535,2.630196
0.5364489281624142,2.63039
0.536509352686875,2.629927
0.5365697772113358,2.630064
0.5366302017357965,2.63022
0.5366906262602572,2.629666
0.536751050784718,2.629537
0.5368114753091787,2.630126
0.5368718998336394,2.629874
0.5369323243581001,2.62987
0.5369927488825609,2.630017
0.5370531734070216,2.629744
0.5371135979314824,2.629783
0.5371740224559431,2.630097
0.5372344469804038,2.629748
0.5372948715048645,2.629242
0.5373552960293254,2.629764
0.5374157205537861,2.629507
0.5374761450782468,2.629285
0.5375365696027075,2.629692
0.5375969941271683,2.629173
0.5376574186516291,2.629016
0.5377178431760897,2.629776
0.5377782677005504,2.629456
0.5378386922250111,2.62958
0.537899116749472,2.629843
0.5379595412739326,2.629656
0.5380199657983934,2.629817
0.5380803903228542,2.629547
0.5381408148473149,2.629357
0.5382012393717756,2.629392
0.5382616638962364,2.629173
0.5383220884206971,2.629252
0.5383825129451578,2.629037
0.5384429374696186,2.629434
0.5385033619940793,2.629042
0.5385637865185401,2.629206
0.5386242110430008,2.629421
0.5386846355674615,2.629126
0.5387450600919222,2.62891
0.538805484616383,2.629144
0.5388659091408438,2.62908
0.5389263336653044,2.628901
0.538986758189765,2.62926
0.539047182714226,2.6291
0.5391076072386867,2.629189
0.5391680317631473,2.62923
0.5392284562876081,2.62886
0.5392888808120689,2.62918
0.5393493053365296,2.629309
0.5394097298609903,2.62893
0.539470154385451,2.628539
0.5395305789099117,2.628974
0.5395910034343726,2.628556
0.5396514279588333,2.62878
0.539711852483294,2.629068
0.5397722770077548,2.628706
0.5398327015322155,2.628697
0.5398931260566763,2.628893
0.5399535505811369,2.628357
0.5400139751055977,2.628593
0.5400743996300584,2.62878
0.5401348241545192,2.62863
0.54019524867898,2.628586
0.5402556732034407,2.628716
0.5403160977279013,2.628689
0.5403765222523621,2.628791
0.5404369467768229,2.629044
0.5404973713012836,2.628755
0.5405577958257444,2.628493
0.540618220350205,2.62882
0.5406786448746659,2.628581
0.5407390693991266,2.628603
0.5407994939235873,2.628946
0.5408599184480479,2.628724
0.5409203429725087,2.628242
0.5409807674969696,2.628481
0.5410411920214302,2.628228
0.541101616545891,2.628304
0.5411620410703517,2.628515
0.5412224655948124,2.6283
0.5412828901192731,2.628301
0.5413433146437339,2.628457
0.5414037391681946,2.628221
0.5414641636926554,2.628322
0.5415245882171161,2.628737
0.5415850127415769,2.628345
0.5416454372660375,2.628484
0.5417058617904984,2.628458
0.541766286314959,2.628084
0.5418267108394198,2.628443
0.5418871353638806,2.628546
0.5419475598883413,2.628155
0.542007984412802,2.628125
0.5420684089372626,2.628332
0.5421288334617236,2.628112
0.5421892579861842,2.627816
0.5422496825106449,2.628144
0.5423101070351056,2.627872
0.5423705315595665,2.627906
0.5424309560840271,2.628335
0.5424913806084879,2.627832
0.5425518051329485,2.628092
0.5426122296574093,2.628049
0.5426726541818702,2.627791
0.5427330787063308,2.627882
0.5427935032307916,2.628141
0.5428539277552522,2.627849
0.5429143522797131,2.627897
0.5429747768041738,2.628448
0.5430352013286345,2.627706
0.5430956258530952,2.627805
0.543156050377556,2.628228
0.5432164749020167,2.6278
0.5432768994264775,2.62746
0.5433373239509381,2.62785
0.5433977484753989,2.627605
0.5434581729998597,2.627577
0.5435185975243204,2.627639
0.5435790220487811,2.627503
0.5436394465732419,2.627781
0.5436998710977026,2.628155
0.5437602956221633,2.627606
0.5438207201466242,2.627445
0.5438811446710848,2.62756
0.5439415691955455,2.627257
0.5440019937200062,2.627336
0.5440624182444671,2.627625
0.5441228427689278,2.627361
0.5441832672933885,2.62728
0.5442436918178493,2.627682
0.5443041163423099,2.627342
0.5443645408667707,2.627295
0.5444249653912314,2.627428
0.5444853899156922,2.627072
0.5445458144401528,2.627153
0.5446062389646137,2.627529
0.5446666634890744,2.627317
0.5447270880135351,2.627633
0.5447875125379958,2.627563
0.5448479370624566,2.627129
0.5449083615869174,2.62694
0.5449687861113781,2.627182
0.5450292106358389,2.627076
0.5450896351602995,2.626901
0.5451500596847602,2.627333
0.545210484209221,2.627221
0.5452709087336817,2.627166
0.5453313332581424,2.627271
0.5453917577826032,2.626815
0.5454521823070639,2.626766
0.5455126068315247,2.627085
0.5455730313559854,2.626546
0.5456334558804461,2.62705
0.5456938804049069,2.627085
0.5457543049293677,2.626719
0.5458147294538284,2.626966
0.5458751539782891,2.627405
0.5459355785027499,2.626652
0.5459960030272105,2.626771
0.5460564275516714,2.626813
0.546116852076132,2.626999
0.5461772766005928,2.626752
0.5462377011250534,2.626994
0.5462981256495143,2.626763
0.546358550173975,2.626753
0.5464189746984357,2.626779
0.5464793992228963,2.626406
0.5465398237473572,2.626445
0.546600248271818,2.626739
0.5466606727962786,2.626422
0.5467210973207395,2.626375
0.5467815218452001,2.626558
0.5468419463696608,2.626384
0.5469023708941216,2.626576
0.5469627954185824,2.626307
0.547023219943043,2.626269
0.5470836444675038,2.626295
0.5471440689919645,2.626915
0.5472044935164253,2.626604
0.5472649180408861,2.626601
0.5473253425653468,2.626853
0.5473857670898075,2.626406
0.5474461916142682,2.626485
0.547506616138729,2.626758
0.5475670406631897,2.626389
0.5476274651876504,2.626375
0.5476878897121111,2.626747
0.547748314236572,2.626397
0.5478087387610326,2.626464
0.5478691632854934,2.626755
0.547929587809954,2.626188
0.5479900123344149,2.626216
0.5480504368588757,2.62656
0.5481108613833363,2.626201
0.548171285907797,2.626088
0.5482317104322577,2.625968
0.5482921349567186,2.625829
0.5483525594811792,2.625955
0.54841298400564,2.626734
0.5484734085301007,2.62632
0.5485338330545615,2.626142
0.5485942575790222,2.626424
0.548654682103483,2.625888
0.5487151066279436,2.626073
0.5487755311524044,2.626185
0.5488359556768652,2.625758
0.5488963802013259,2.625811
0.5489568047257867,2.625781
0.5490172292502474,2.625719
0.5490776537747081,2.625708
0.5491380782991688,2.626009
0.5491985028236296,2.625672
0.5492589273480903,2.625853
0.549319351872551,2.626406
0.5493797763970117,2.626088
0.5494402009214726,2.62597
0.5495006254459333,2.626619
0.5495610499703939,2.625991
0.5496214744948547,2.62587
0.5496818990193155,2.626003
0.5497423235437762,2.625931
0.5498027480682369,2.625695
0.5498631725926977,2.626148
0.5499235971171583,2.625757
0.5499840216416192,2.625754
0.5500444461660798,2.626061
0.5501048706905406,2.625635
0.5501652952150013,2.625623
0.5502257197394621,2.626121
0.5502861442639229,2.625748
0.5503465687883835,2.625568
0.5504069933128444,2.625941
0.550467417837305,2.625829
0.5505278423617658,2.626096
0.5505882668862265,2.626004
0.5506486914106873,2.625882
0.5507091159351479,2.62607
0.5507695404596087,2.625924
0.5508299649840696,2.625468
0.5508903895085302,2.625694
0.550950814032991,2.62612
0.5510112385574516,2.625424
0.5510716630819124,2.625274
0.5511320876063732,2.625766
0.5511925121308339,2.625506
0.5512529366552945,2.625729
0.5513133611797553,2.625877
0.5513737857042161,2.625694
0.5514342102286768,2.625513
0.5514946347531375,2.625485
0.5515550592775983,2.625167
0.551615483802059,2.625199
0.5516759083265198,2.625238
0.5517363328509804,2.625009
0.5517967573754412,2.625184
0.551857181899902,2.625287
0.5519176064243627,2.624948
0.5519780309488235,2.625333
0.5520384554732841,2.625686
0.552098879997745,2.625117
0.5521593045222056,2.625196
0.5522197290466664,2.625325
0.5522801535711271,2.625046
0.5523405780955879,2.6251
0.5524010026200485,2.625462
0.5524614271445093,2.625351
0.5525218516689702,2.625302
0.5525822761934308,2.625744
0.5526427007178915,2.625241
0.5527031252423522,2.625048
0.5527635497668131,2.625404
0.5528239742912737,2.625035
0.5528843988157345,2.625062
0.5529448233401952,2.625444
0.5530052478646559,2.625463
0.5530656723891167,2.625316
0.5531260969135774,2.625348
0.5531865214380381,2.625224
0.5532469459624989,2.625087
0.5533073704869597,2.625356
0.5533677950114204,2.625016
0.5534282195358812,2.625039
0.5534886440603418,2.625245
0.5535490685848026,2.625206
0.5536094931092633,2.625268
0.5536699176337241,2.62523
0.5537303421581847,2.624912
0.5537907666826455,2.624975
0.5538511912071062,2.625184
0.553911615731567,2.624835
0.5539720402560276,2.624768
0.5540324647804885,2.624636
0.5540928893049492,2.62461
0.5541533138294099,2.62505
0.5542137383538708,2.625073
0.5542741628783314,2.624768
0.5543345874027921,2.624544
0.5543950119272528,2.62489
0.5544554364517137,2.624549
0.5545158609761743,2.624743
0.5545762855006351,2.624681
0.5546367100250958,2.624604
0.5546971345495565,2.624538
0.5547575590740174,2.624582
0.554817983598478,2.624526
0.5548784081229388,2.624453
0.5549388326473994,2.624852
0.5549992571718603,2.624457
0.555059681696321,2.624521
0.5551201062207817,2.624855
0.5551805307452425,2.624621
0.5552409552697032,2.624377
0.5553013797941639,2.624621
0.5553618043186247,2.624393
0.5554222288430855,2.624117
0.5554826533675461,2.624551
0.5555430778920067,2.62425
0.5556035024164676,2.624391
0.5556639269409283,2.624873
0.555724351465389,2.62444
0.5557847759898498,2.624478
0.5558452005143105,2.624258
0.5559056250387713,2.624281
0.555966049563232,2.624146
0.5560264740876928,2.624103
0.5560868986121534,2.623763
0.5561473231366143,2.623951
0.556207747661075,2.624446
0.5562681721855357,2.624024
0.5563285967099965,2.624295
0.5563890212344571,2.624587
0.556449445758918,2.624229
0.5565098702833787,2.624254
0.5565702948078394,2.624331
0.5566307193323,2.624102
0.5566911438567608,2.623802
0.5567515683812216,2.624149
0.5568119929056823,2.623909
0.5568724174301429,2.623841
0.5569328419546038,2.624516
0.5569932664790646,2.623788
0.5570536910035252,2.623935
0.5571141155279861,2.624298
0.5571745400524467,2.623924
0.5572349645769075,2.623984
0.5572953891013682,2.624245
0.557355813625829,2.623864
0.5574162381502896,2.62386
0.5574766626747504,2.624162
0.5575370871992111,2.623657
0.5575975117236719,2.623806
0.5576579362481326,2.62387
0.5577183607725934,2.623603
0.557778785297054,2.623887
0.5578392098215148,2.6243
0.5578996343459756,2.623703
0.5579600588704363,2.623618
0.558020483394897,2.623962
0.5580809079193577,2.623579
0.5581413324438186,2.623572
0.5582017569682792,2.623833
0.55826218149274,2.623532
0.5583226060172006,2.623798
0.5583830305416614,2.623899
0.5584434550661223,2.623455
0.5585038795905829,2.623015
0.5585643041150437,2.623545
0.5586247286395043,2.623084
0.5586851531639652,2.623118
0.5587455776884258,2.623572
0.5588060022128866,2.623326
0.5588664267373473,2.623354
0.5589268512618081,2.623573
0.5589872757862688,2.622838
0.5590477003107296,2.622915
0.5591081248351903,2.623293
0.559168549359651,2.623059
0.5592289738841117,2.623061
0.5592893984085725,2.622983
0.5593498229330333,2.622971
0.559410247457494,2.622801
0.5594706719819547,2.623252
0.5595310965064155,2.623033
0.5595915210308763,2.623176
0.5596519455553369,2.62351
0.5597123700797976,2.623136
0.5597727946042583,2.623019
0.5598332191287192,2.623394
0.5598936436531798,2.62327
0.5599540681776405,2.623361
0.5600144927021012,2.623234
0.5600749172265621,2.622921
0.5601353417510228,2.622895
0.5601957662754835,2.622968
0.5602561907999443,2.622932
0.560316615324405,2.623004
0.5603770398488658,2.623403
0.5604374643733264,2.623065
0.5604978888977872,2.623022
0.5605583134222479,2.623377
0.5606187379467087,2.622921
0.5606791624711694,2.622844
0.5607395869956302,2.622924
0.560800011520091,2.622804
0.5608604360445516,2.622652
0.5609208605690124,2.622833
0.5609812850934731,2.622673
0.5610417096179339,2.622266
0.5611021341423945,2.622903
0.5611625586668553,2.622415
0.5612229831913161,2.622484
0.5612834077157768,2.622677
0.5613438322402375,2.62234
0.5614042567646982,2.62232
0.5614646812891589,2.622417
0.5615251058136198,2.622312
0.5615855303380805,2.622207
0.5616459548625412,2.622468
0.5617063793870019,2.622241
0.5617668039114627,2.621923
0.5618272284359234,2.622201
0.5618876529603841,2.622102
0.5619480774848449,2.622257
0.5620085020093056,2.622392
0.5620689265337664,2.621978
0.5621293510582271,2.622125
0.5621897755826878,2.622674
0.5622502001071485,2.621941
0.5623106246316093,2.62237
0.5623710491560701,2.622658
0.5624314736805307,2.622476
0.5624918982049916,2.622157
0.5625523227294522,2.622391
0.562612747253913,2.622491
0.5626731717783738,2.622209
0.5627335963028345,2.622206
0.5627940208272951,2.622249
0.5628544453517559,2.622095
0.5629148698762168,2.62222
0.5629752944006774,2.621904
0.563035718925138,2.621881
0.5630961434495988,2.621981
0.5631565679740596,2.621713
0.5632169924985203,2.621503
0.5632774170229811,2.621878
0.5633378415474418,2.621758
0.5633982660719025,2.621934
0.5634586905963633,2.622077
0.563519115120824,2.621839
0.5635795396452847,2.621814
0.5636399641697455,2.621851
0.5637003886942062,2.621391
0.563760813218667,2.621541
0.5638212377431278,2.621463
0.5638816622675885,2.621529
0.5639420867920492,2.621665
0.5640025113165098,2.621641
0.5640629358409707,2.621025
0.5641233603654313,2.620852
0.5641837848898921,2.621417
0.5642442094143528,2.621072
0.5643046339388136,2.621074
0.5643650584632742,2.6215
0.5644254829877351,2.621027
0.5644859075121957,2.620967
0.5645463320366565,2.621559
0.5646067565611174,2.621133
0.564667181085578,2.621185
0.5647276056100388,2.621603
0.5647880301344994,2.621296
0.5648484546589603,2.621429
0.5649088791834209,2.621259
0.5649693037078817,2.621301
0.5650297282323424,2.621472
0.5650901527568031,2.621437
0.5651505772812639,2.621284
0.5652110018057247,2.621206
0.5652714263301853,2.621249
0.565331850854646,2.621001
0.5653922753791069,2.62087
0.5654526999035676,2.621215
0.5655131244280283,2.620945
0.5655735489524891,2.620928
0.5656339734769498,2.621082
0.5656943980014105,2.620927
0.5657548225258713,2.620992
0.565815247050332,2.621217
0.5658756715747927,2.620858
0.5659360960992534,2.621021
0.5659965206237142,2.621266
0.566056945148175,2.620754
0.5661173696726356,2.620628
0.5661777941970964,2.620851
0.5662382187215571,2.620275
0.5662986432460179,2.620542
0.5663590677704786,2.62077
0.5664194922949394,2.620261
0.5664799168194,2.620467
0.5665403413438609,2.620642
0.5666007658683215,2.620441
0.5666611903927823,2.620688
0.566721614917243,2.620838
0.5667820394417037,2.620245
0.5668424639661646,2.62072
0.5669028884906253,2.620835
0.566963313015086,2.620613
0.5670237375395466,2.620622
0.5670841620640074,2.620706
0.5671445865884682,2.620208
0.5672050111129289,2.620302
0.5672654356373896,2.620441
0.5673258601618504,2.62055
0.5673862846863111,2.620645
0.5674467092107718,2.620659
0.5675071337352326,2.620087
0.5675675582596933,2.6202
0.567627982784154,2.620566
0.5676884073086148,2.620022
0.5677488318330756,2.620074
0.5678092563575363,2.619912
0.567869680881997,2.619566
0.5679301054064577,2.619731
0.5679905299309185,2.62013
0.5680509544553792,2.620004
0.56811137897984,2.619914
0.5681718035043006,2.620658
0.5682322280287615,2.620331
0.5682926525532223,2.619981
0.5683530770776829,2.620229
0.5684135016021435,2.619849
0.5684739261266043,2.619877
0.5685343506510652,2.619874
0.5685947751755258,2.619863
0.5686551996999866,2.620382
0.5687156242244472,2.620481
0.568776048748908,2.620211
0.5688364732733688,2.620052
0.5688968977978295,2.619783
0.5689573223222902,2.619537
0.569017746846751,2.619502
0.5690781713712117,2.619795
0.5691385958956724,2.61957
0.5691990204201332,2.61959
0.5692594449445939,2.619603
0.5693198694690547,2.619642
0.5693802939935154,2.619973
0.5694407185179762,2.620075
0.5695011430424369,2.61984
0.5695615675668976,2.620025
0.5696219920913583,2.619816
0.5696824166158191,2.61928
0.5697428411402798,2.619296
0.5698032656647406,2.619405
0.5698636901892012,2.619246
0.5699241147136621,2.619437
0.5699845392381229,2.619424
0.5700449637625835,2.619602
0.5701053882870442,2.619551
0.5701658128115049,2.619833
0.5702262373359658,2.619288
0.5702866618604264,2.619189
0.5703470863848872,2.61881
0.5704075109093478,2.618745
0.5704679354338086,2.618921
0.5705283599582693,2.619105
0.5705887844827301,2.619107
0.5706492090071908,2.619047
0.5707096335316516,2.619029
0.5707700580561124,2.618989
0.5708304825805731,2.619396
0.5708909071050338,2.619717
0.5709513316294945,2.619415
0.5710117561539553,2.619262
0.571072180678416,2.619232
0.5711326052028768,2.618793
0.5711930297273375,2.619059
0.5712534542517982,2.619214
0.571313878776259,2.619147
0.5713743033007198,2.619308
0.5714347278251805,2.61936
0.5714951523496411,2.618896
0.5715555768741019,2.619304
0.5716160013985627,2.619477
0.5716764259230234,2.619212
0.5717368504474841,2.619773
0.5717972749719448,2.6194
0.5718576994964055,2.619116
0.5719181240208664,2.619241
0.571978548545327,2.619405
0.5720389730697878,2.618526
0.5720993975942484,2.618788
0.5721598221187093,2.618886
0.57222024664317,2.618894
0.5722806711676307,2.618594
0.5723410956920915,2.618649
0.5724015202165522,2.618716
0.572461944741013,2.618973
0.5725223692654737,2.618937
0.5725827937899344,2.61852
0.5726432183143951,2.618633
0.5727036428388559,2.618513
0.5727640673633166,2.618807
0.5728244918877773,2.618901
0.5728849164122382,2.618713
0.5729453409366988,2.618418
0.5730057654611596,2.61866
0.5730661899856204,2.618386
0.5731266145100811,2.618468
0.5731870390345417,2.618752
0.5732474635590025,2.618311
0.5733078880834633,2.618055
0.573368312607924,2.618254
0.5734287371323847,2.618333
0.5734891616568454,2.618276
0.5735495861813061,2.618478
0.5736100107057669,2.618179
0.5736704352302276,2.617926
0.5737308597546884,2.618279
0.573791284279149,2.618051
0.5738517088036099,2.618003
0.5739121333280707,2.618148
0.5739725578525313,2.618324
0.5740329823769921,2.618158
0.5740934069014528,2.618287
0.5741538314259136,2.618052
0.5742142559503743,2.617723
0.5742746804748351,2.617895
0.5743351049992957,2.617935
0.5743955295237564,2.617471
0.5744559540482173,2.617899
0.574516378572678,2.617964
0.5745768030971387,2.617745
0.5746372276215994,2.617988
0.5746976521460602,2.617988
0.5747580766705208,2.61802
0.5748185011949817,2.61806
0.5748789257194423,2.617721
0.5749393502439031,2.617931
0.574999774768364,2.617715
0.5750601992928246,2.617705
0.5751206238172853,2.617807
0.5751810483417461,2.618014
0.5752414728662067,2.617621
0.5753018973906675,2.617868
0.5753623219151283,2.61734
0.575422746439589,2.616916
0.5754831709640497,2.617106
0.5755435954885105,2.617307
0.5756040200129713,2.617097
0.5756644445374319,2.617097
0.5757248690618926,2.617305
0.5757852935863534,2.61734
0.5758457181108142,2.617122
0.5759061426352748,2.617081
0.5759665671597357,2.616986
0.5760269916841964,2.616706
0.576087416208657,2.616969
0.5761478407331179,2.616814
0.5762082652575786,2.616588
0.5762686897820393,2.616884
0.5763291143065,2.616821
0.5763895388309608,2.616799
0.5764499633554215,2.617019
0.5765103878798823,2.616993
0.5765708124043429,2.61683
0.5766312369288037,2.617059
0.5766916614532644,2.616829
0.5767520859777252,2.616893
0.576812510502186,2.617075
0.5768729350266466,2.616851
0.5769333595511074,2.616863
0.5769937840755682,2.617162
0.5770542086000289,2.616818
0.5771146331244896,2.616509
0.5771750576489503,2.616858
0.5772354821734111,2.616263
0.5772959066978719,2.616537
0.5773563312223325,2.616678
0.5774167557467932,2.61658
0.5774771802712539,2.616592
0.5775376047957148,2.617053
0.5775980293201755,2.616704
0.5776584538446362,2.616356
0.577718878369097,2.616627
0.5777793028935577,2.616479
0.5778397274180184,2.616249
0.5779001519424792,2.616556
0.5779605764669399,2.616219
0.5780210009914006,2.615884
0.5780814255158614,2.616107
0.5781418500403221,2.615997
0.5782022745647829,2.616021
0.5782626990892437,2.616314
0.5783231236137043,2.615918
0.5783835481381651,2.615776
0.5784439726626258,2.615943
0.5785043971870866,2.615517
0.5785648217115472,2.615482
0.5786252462360081,2.61582
0.5786856707604688,2.615391
0.5787460952849295,2.615657
0.5788065198093901,2.615588
0.5788669443338509,2.615141
0.5789273688583118,2.615306
0.5789877933827724,2.615498
0.5790482179072332,2.614688
0.5791086424316938,2.614797
0.5791690669561546,2.615075
0.5792294914806154,2.614762
0.5792899160050761,2.614971
0.5793503405295368,2.615189
0.5794107650539976,2.614743
0.5794711895784583,2.614669
0.5795316141029191,2.615082
0.5795920386273797,2.614562
0.5796524631518405,2.614465
0.5797128876763012,2.615016
0.579773312200762,2.614523
0.5798337367252228,2.61453
0.5798941612496835,2.614715
0.5799545857741442,2.614579
0.5800150102986049,2.614827
0.5800754348230658,2.615095
0.5801358593475264,2.614851
0.5801962838719872,2.614811
0.5802567083964478,2.615027
0.5803171329209087,2.614742
0.5803775574453695,2.614537
0.5804379819698301,2.614872
0.5804984064942907,2.614643
0.5805588310187515,2.614412
0.5806192555432124,2.61434
0.580679680067673,2.614238
0.5807401045921338,2.614263
0.5808005291165945,2.614131
0.5808609536410553,2.614113
0.5809213781655159,2.614017
0.5809818026899767,2.614385
0.5810422272144374,2.613972
0.5811026517388982,2.613741
0.581163076263359,2.614307
0.5812235007878197,2.61409
0.5812839253122803,2.613719
0.5813443498367412,2.613823
0.5814047743612019,2.613667
0.5814651988856626,2.613998
0.5815256234101234,2.614076
0.5815860479345841,2.613693
0.5816464724590448,2.613582
0.5817068969835054,2.614097
0.5817673215079664,2.61369
0.581827746032427,2.61353
0.5818881705568877,2.613634
0.5819485950813484,2.613128
0.5820090196058093,2.61367
0.58206944413027,2.614193
0.5821298686547307,2.613734
0.5821902931791914,2.613699
0.5822507177036521,2.613711
0.582311142228113,2.613325
0.5823715667525736,2.613369
0.5824319912770344,2.613883
0.5824924158014951,2.613692
0.5825528403259559,2.613636
0.5826132648504166,2.613991
0.5826736893748773,2.613544
0.582734113899338,2.613846
0.5827945384237988,2.614055
0.5828549629482596,2.613541
0.5829153874727203,2.613373
0.582975811997181,2.61354
0.5830362365216417,2.613377
0.5830966610461025,2.613252
0.5831570855705632,2.613477
0.5832175100950239,2.613072
0.5832779346194847,2.613099
0.5833383591439454,2.613987
0.5833987836684061,2.613289
0.583459208192867,2.613254
0.5835196327173277,2.613736
0.5835800572417883,2.613126
0.583640481766249,2.612916
0.5837009062907099,2.613424
0.5837613308151706,2.613049
0.5838217553396313,2.612819
0.5838821798640921,2.613047
0.5839426043885527,2.612646
0.5840030289130135,2.612883
0.5840634534374742,2.613588
0.584123877961935,2.613101
0.5841843024863956,2.613105
0.5842447270108565,2.613118
0.5843051515353173,2.612468
0.5843655760597779,2.612577
0.5844260005842388,2.612751
0.5844864251086994,2.612961
0.5845468496331602,2.612619
0.5846072741576209,2.613241
0.5846676986820817,2.612684
0.5847281232065423,2.612909
0.584788547731003,2.613198
0.5848489722554638,2.612961
0.5849093967799246,2.612773
0.5849698213043852,2.613227
0.585030245828846,2.612933
0.5850906703533068,2.612752
0.5851510948777675,2.612805
0.5852115194022283,2.612518
0.5852719439266889,2.612626
0.5853323684511497,2.61263
0.5853927929756105,2.612148
0.5854532175000712,2.612366
0.5855136420245319,2.612526
0.5855740665489927,2.612207
0.5856344910734533,2.612325
0.5856949155979142,2.612543
0.5857553401223748,2.612033
0.5858157646468356,2.611999
0.5858761891712962,2.612092
0.5859366136957571,2.612204
0.5859970382202179,2.612001
0.5860574627446785,2.612162
0.5861178872691392,2.61196
0.5861783117936,2.612053
0.5862387363180608,2.612222
0.5862991608425214,2.611815
0.5863595853669823,2.611847
0.5864200098914429,2.612043
0.5864804344159037,2.611703
0.5865408589403645,2.611827
0.5866012834648252,2.612464
0.5866617079892859,2.611908
0.5867221325137466,2.611557
0.5867825570382074,2.611676
0.5868429815626681,2.611753
0.5869034060871289,2.611837
0.5869638306115896,2.612232
0.5870242551360503,2.611748
0.587084679660511,2.611348
0.5871451041849718,2.612002
0.5872055287094325,2.611273
0.5872659532338932,2.611435
0.587326377758354,2.611639
0.5873868022828148,2.61134
0.5874472268072755,2.611403
0.5875076513317362,2.611808
0.5875680758561969,2.611356
0.5876285003806577,2.611647
0.5876889249051185,2.612078
0.5877493494295791,2.612203
0.5878097739540398,2.612215
0.5878701984785005,2.611976
0.5879306230029614,2.611445
0.587991047527422,2.611416
0.5880514720518828,2.611684
0.5881118965763436,2.611464
0.5881723211008043,2.611685
0.5882327456252651,2.611676
0.5882931701497258,2.611038
0.5883535946741865,2.61079
0.5884140191986472,2.611362
0.588474443723108,2.61121
0.5885348682475687,2.611382
0.5885952927720295,2.611356
0.5886557172964902,2.611
0.5887161418209509,2.610797
0.5887765663454118,2.611447
0.5888369908698724,2.611371
0.5888974153943332,2.611469
0.5889578399187938,2.611541
0.5890182644432546,2.611253
0.5890786889677154,2.611127
0.5891391134921761,2.611497
0.5891995380166367,2.610984
0.5892599625410976,2.610995
0.5893203870655583,2.611121
0.589380811590019,2.611396
0.5894412361144797,2.611108
0.5895016606389405,2.61159
0.5895620851634013,2.611251
0.589622509687862,2.611506
0.5896829342123227,2.61138
0.5897433587367834,2.611161
0.5898037832612442,2.611239
0.5898642077857049,2.611487
0.5899246323101657,2.611277
0.5899850568346264,2.611096
0.5900454813590872,2.61121
0.5901059058835478,2.611217
0.5901663304080086,2.611026
0.5902267549324693,2.611552
0.5902871794569301,2.611393
0.5903476039813907,2.61097
0.5904080285058515,2.611375
0.5904684530303124,2.61098
0.590528877554773,2.610884
0.5905893020792338,2.611276
0.5906497266036944,2.61087
0.5907101511281553,2.610898
0.590770575652616,2.611186
0.5908310001770767,2.610972
0.5908914247015373,2.611177
0.5909518492259981,2.611482
0.591012273750459,2.610928
0.5910726982749196,2.610911
0.5911331227993804,2.611052
0.5911935473238411,2.610579
0.5912539718483019,2.610497
0.5913143963727626,2.611114
0.5913748208972233,2.61046
0.591435245421684,2.610475
0.5914956699461448,2.610679
0.5915560944706055,2.610346
0.5916165189950663,2.610096
0.5916769435195269,2.610584
0.5917373680439878,2.610625
0.5917977925684484,2.610474
0.5918582170929092,2.610767
0.59191864161737,2.61029
0.5919790661418307,2.610268
0.5920394906662914,2.610677
0.5920999151907521,2.610423
0.592160339715213,2.610359
0.5922207642396736,2.6107
0.5922811887641343,2.610216
0.592341613288595,2.610121
0.5924020378130559,2.61053
0.5924624623375165,2.610105
0.5925228868619773,2.609994
0.592583311386438,2.610516
0.5926437359108987,2.6102
0.5927041604353596,2.610281
0.5927645849598202,2.610519
0.592825009484281,2.610188
0.5928854340087417,2.610221
0.5929458585332025,2.610358
0.5930062830576632,2.61031
0.593066707582124,2.610344
0.5931271321065847,2.610232
0.5931875566310454,2.609773
0.5932479811555061,2.60962
0.5933084056799669,2.6102
0.5933688302044277,2.61005
0.5934292547288883,2.610049
0.5934896792533491,2.610279
0.5935501037778098,2.609922
0.5936105283022705,2.610073
0.5936709528267313,2.610241
0.593731377351192,2.609994
0.5937918018756527,2.609854
0.5938522264001136,2.610222
0.5939126509245742,2.60978
0.5939730754490349,2.610154
0.5940334999734956,2.610516
0.5940939244979565,2.609889
0.5941543490224171,2.609928
0.5942147735468779,2.610207
0.5942751980713387,2.609575
0.5943356225957993,2.609626
0.5943960471202602,2.609852
0.5944564716447208,2.609707
0.5945168961691816,2.609568
0.5945773206936422,2.609651
0.5946377452181031,2.609263
0.5946981697425638,2.609562
0.5947585942670245,2.609562
0.5948190187914854,2.609514
0.594879443315946,2.609348
0.5949398678404068,2.609611
0.5950002923648675,2.609236
0.5950607168893282,2.609193
0.5951211414137889,2.609768
0.5951815659382496,2.60953
0.5952419904627105,2.609341
0.5953024149871712,2.609437
0.5953628395116318,2.609371
0.5954232640360927,2.609209
0.5954836885605533,2.609519
0.5955441130850141,2.609361
0.5956045376094748,2.60966
0.5956649621339356,2.609596
0.5957253866583962,2.609288
0.595785811182857,2.6095
0.5958462357073178,2.610044
0.5959066602317784,2.60941
0.5959670847562393,2.609172
0.5960275092806999,2.609293
0.5960879338051608,2.608966
0.5961483583296215,2.609316
0.5962087828540822,2.609454
0.5962692073785429,2.608926
0.5963296319030036,2.609012
0.5963900564274645,2.609562
0.5964504809519251,2.60925
0.5965109054763857,2.609012
0.5965713300008466,2.609496
0.5966317545253075,2.609066
0.5966921790497681,2.609189
0.5967526035742288,2.609582
0.5968130280986895,2.609337
0.5968734526231502,2.609005
0.5969338771476111,2.609596
0.5969943016720718,2.609296
0.5970547261965324,2.609264
0.5971151507209933,2.609277
0.597175575245454,2.608766
0.5972359997699147,2.60868
0.5972964242943755,2.609171
0.5973568488188362,2.609221
0.5974172733432969,2.609185
0.5974776978677577,2.609452
0.5975381223922184,2.609127
0.5975985469166791,2.60913
0.5976589714411399,2.609322
0.5977193959656005,2.609056
0.5977798204900614,2.608627
0.597840245014522,2.608787
0.5979006695389829,2.608696
0.5979610940634436,2.608703
0.5980215185879042,2.608761
0.5980819431123651,2.608593
0.5981423676368257,2.608648
0.5982027921612865,2.609037
0.5982632166857471,2.608284
0.5983236412102081,2.608609
0.5983840657346687,2.608715
0.5984444902591294,2.608483
0.5985049147835901,2.608553
0.5985653393080508,2.608673
0.5986257638325116,2.608502
0.5986861883569724,2.608637
0.5987466128814332,2.608709
0.5988070374058938,2.60818
0.5988674619303546,2.608219
0.5989278864548153,2.608585
0.598988310979276,2.608404
0.5990487355037368,2.608554
0.5991091600281975,2.608713
0.5991695845526583,2.607973
0.599230009077119,2.608012
0.5992904336015797,2.608675
0.5993508581260405,2.608403
0.5994112826505011,2.608777
0.599471707174962,2.609143
0.5995321316994227,2.608816
0.5995925562238833,2.608695
0.5996529807483442,2.608968
0.5997134052728048,2.608335
0.5997738297972657,2.60863
0.5998342543217263,2.608822
0.5998946788461871,2.608086
0.5999551033706477,2.607999
0.6000155278951087,2.608582
0.6000759524195693,2.608209
0.60013637694403,2.60824
0.6001968014684907,2.608653
0.6002572259929514,2.608285
0.6003176505174123,2.608199
0.600378075041873,2.608588
0.6004384995663338,2.608115
0.6004989240907944,2.608058
0.6005593486152552,2.608413
0.6006197731397159,2.608
0.6006801976641766,2.608002
0.6007406221886373,2.608367
0.6008010467130981,2.607804
0.600861471237559,2.607924
0.6009218957620196,2.608196
0.6009823202864805,2.607593
0.6010427448109411,2.607449
0.6011031693354018,2.608017
0.6011635938598626,2.607564
0.6012240183843233,2.607733
0.601284442908784,2.607718
0.6013448674332447,2.607828
0.6014052919577054,2.607664
0.6014657164821663,2.607903
0.6015261410066269,2.607595
0.6015865655310877,2.607557
0.6016469900555483,2.607679
0.6017074145800092,2.607263
0.60176783910447,2.607503
0.6018282636289307,2.607672
0.6018886881533914,2.60774
0.601949112677852,2.607677
0.6020095372023129,2.607762
0.6020699617267735,2.607262
0.6021303862512344,2.607411
0.602190810775695,2.607761
0.6022512353001559,2.607506
0.6023116598246165,2.607408
0.6023720843490772,2.607226
0.6024325088735379,2.607028
0.6024929333979987,2.606908
0.6025533579224596,2.607071
0.6026137824469202,2.606983
0.6026742069713809,2.607285
0.6027346314958417,2.607743
0.6027950560203024,2.607808
0.6028554805447631,2.607483
0.6029159050692239,2.607596
0.6029763295936846,2.607181
0.6030367541181453,2.607242
0.6030971786426061,2.607348
0.6031576031670669,2.606962
0.6032180276915275,2.606919
0.6032784522159883,2.607396
0.603338876740449,2.607073
0.6033993012649098,2.606884
0.6034597257893706,2.60719
0.6035201503138313,2.607099
0.603580574838292,2.607098
0.6036409993627527,2.607069
0.6037014238872135,2.606549
0.6037618484116741,2.606687
0.6038222729361349,2.606882
0.6038826974605956,2.606516
0.6039431219850565,2.606862
0.6040035465095172,2.607174
0.6040639710339778,2.606549
0.6041243955584386,2.606489
0.6041848200828993,2.606871
0.6042452446073602,2.606621
0.6043056691318208,2.606736
0.6043660936562816,2.606776
0.6044265181807423,2.60639
0.604486942705203,2.606788
0.6045473672296637,2.606726
0.6046077917541245,2.606317
0.6046682162785852,2.606555
0.6047286408030459,2.606703
0.6047890653275068,2.606224
0.6048494898519675,2.60639
0.6049099143764282,2.606492
0.6049703389008889,2.60637
0.6050307634253496,2.60648
0.6050911879498104,2.606508
0.6051516124742711,2.606338
0.6052120369987319,2.606383
0.6052724615231926,2.606685
0.6053328860476535,2.606321
0.6053933105721141,2.606319
0.6054537350965747,2.606909
0.6055141596210355,2.60638
0.6055745841454961,2.606254
0.6056350086699571,2.606652
0.6056954331944178,2.606252
0.6057558577188784,2.60617
0.6058162822433393,2.606515
0.6058767067677999,2.606134
0.6059371312922607,2.606006
0.6059975558167214,2.606596
0.6060579803411822,2.606274
0.6061184048656428,2.606003
0.6061788293901037,2.606189
0.6062392539145643,2.606361
0.606299678439025,2.606377
0.6063601029634859,2.606421
0.6064205274879465,2.605903
0.6064809520124074,2.60608
0.6065413765368681,2.606596
0.6066018010613289,2.606431
0.6066622255857895,2.606319
0.6067226501102502,2.606615
0.606783074634711,2.606226
0.6068434991591717,2.606051
0.6069039236836324,2.606361
0.6069643482080932,2.606119
0.6070247727325541,2.606163
0.6070851972570147,2.606537
0.6071456217814754,2.606005
0.6072060463059361,2.605665
0.6072664708303968,2.606045
0.6073268953548577,2.606
0.6073873198793184,2.606107
0.6074477444037791,2.606458
0.6075081689282399,2.606249
0.6075685934527005,2.605765
0.6076290179771613,2.605937
0.607689442501622,2.605563
0.6077498670260828,2.605976
0.6078102915505434,2.606486
0.6078707160750043,2.60609
0.607931140599465,2.605868
0.6079915651239257,2.606106
0.6080519896483865,2.605543
0.6081124141728471,2.605678
0.608172838697308,2.606378
0.6082332632217686,2.605736
0.6082936877462295,2.605963
0.6083541122706901,2.606048
0.6084145367951508,2.605789
0.6084749613196117,2.605964
0.6085353858440723,2.605969
0.608595810368533,2.605941
0.6086562348929937,2.605575
0.6087166594174547,2.605583
0.6087770839419153,2.60545
0.608837508466376,2.605337
0.6088979329908367,2.605695
0.6089583575152974,2.605434
0.6090187820397582,2.605207
0.609079206564219,2.605424
0.6091396310886797,2.60514
0.6092000556131404,2.605384
0.6092604801376011,2.605823
0.6093209046620619,2.605649
0.6093813291865225,2.605552
0.6094417537109834,2.605653
0.6095021782354441,2.605508
0.6095626027599049,2.60523
0.6096230272843656,2.605443
0.6096834518088264,2.6053
0.6097438763332871,2.605277
0.6098043008577477,2.605577
0.6098647253822086,2.605342
0.6099251499066692,2.605408
0.60998557443113,2.605421
0.6100459989555908,2.605196
0.6101064234800514,2.605632
0.6101668480045123,2.605701
0.6102272725289729,2.605265
0.6102876970534337,2.605564
0.6103481215778943,2.605526
0.6104085461023553,2.605177
0.6104689706268159,2.605045
0.6105293951512767,2.605436
0.6105898196757373,2.605068
0.610650244200198,2.605003
0.6107106687246588,2.605213
0.6107710932491196,2.605078
0.6108315177735804,2.605022
0.610891942298041,2.605141
0.6109523668225019,2.60497
0.6110127913469625,2.605191
0.6110732158714232,2.605024
0.6111336403958839,2.604506
0.6111940649203447,2.604938
0.6112544894448055,2.604742
0.6113149139692662,2.604282
0.611375338493727,2.604282
0.6114357630181877,2.603867
0.6114961875426483,2.604012
0.6115566120671092,2.604051
0.6116170365915699,2.604415
0.6116774611160306,2.604016
0.6117378856404914,2.604296
0.6117983101649521,2.604551
0.6118587346894129,2.604004
0.6119191592138735,2.60419
0.6119795837383343,2.604428
0.6120400082627949,2.604012
0.6121004327872559,2.603835
0.6121608573117165,2.604216
0.6122212818361773,2.603922
0.612281706360638,2.604244
0.6123421308850987,2.604542
0.6124025554095595,2.604367
0.6124629799340201,2.604108
0.612523404458481,2.604304
0.6125838289829416,2.603997
0.6126442535074025,2.604051
0.6127046780318631,2.604264
0.6127651025563238,2.603925
0.6128255270807845,2.604018
0.6128859516052453,2.604032
0.6129463761297061,2.603779
0.6130068006541668,2.603922
0.6130672251786276,2.604154
0.6131276497030883,2.603986
0.613188074227549,2.604042
0.6132484987520097,2.603956
0.6133089232764705,2.603714
0.6133693478009312,2.603634
0.6134297723253919,2.603869
0.6134901968498527,2.603796
0.6135506213743135,2.603567
0.6136110458987741,2.604022
0.6136714704232349,2.603745
0.6137318949476955,2.603844
0.6137923194721564,2.603846
0.6138527439966172,2.603714
0.6139131685210779,2.603733
0.6139735930455386,2.604095
0.6140340175699992,2.603858
0.6140944420944601,2.603938
0.6141548666189207,2.604029
0.6142152911433815,2.603448
0.6142757156678422,2.603741
0.6143361401923031,2.603889
0.6143965647167637,2.603736
0.6144569892412244,2.603437
0.6145174137656852,2.603503
0.6145778382901459,2.603522
0.6146382628146068,2.60313
0.6146986873390674,2.603456
0.6147591118635282,2.603403
0.6148195363879889,2.603627
0.6148799609124497,2.603642
0.6149403854369103,2.603559
0.6150008099613711,2.603655
0.6150612344858318,2.6036
0.6151216590102925,2.603519
0.6151820835347533,2.603631
0.6152425080592141,2.603412
0.6153029325836749,2.603118
0.6153633571081355,2.603128
0.6154237816325961,2.603385
0.615484206157057,2.602919
0.6155446306815177,2.603141
0.6156050552059785,2.603381
0.6156654797304392,2.603162
0.6157259042549,2.603117
0.6157863287793607,2.603127
0.6158467533038213,2.60275
0.6159071778282821,2.603182
0.6159676023527427,2.603048
0.6160280268772037,2.603212
0.6160884514016643,2.603152
0.6161488759261251,2.603102
0.6162093004505859,2.602755
0.6162697249750465,2.603251
0.6163301494995073,2.603208
0.616390574023968,2.603164
0.6164509985484288,2.60327
0.6165114230728894,2.603172
0.6165718475973503,2.602882
0.6166322721218109,2.603077
0.6166926966462716,2.603038
0.6167531211707324,2.603194
0.6168135456951931,2.603117
0.616873970219654,2.603163
0.6169343947441147,2.60295
0.6169948192685755,2.603106
0.6170552437930361,2.603025
0.6171156683174968,2.602746
0.6171760928419576,2.603008
0.6172365173664183,2.602933
0.617296941890879,2.602513
0.6173573664153398,2.602545
0.6174177909398006,2.602592
0.6174782154642613,2.602328
0.6175386399887219,2.602426
0.6175990645131827,2.602394
0.6176594890376433,2.602278
0.6177199135621043,2.602357
0.617780338086565,2.602131
0.6178407626110257,2.602533
0.6179011871354865,2.60222
0.6179616116599471,2.602119
0.6180220361844079,2.601851
0.6180824607088686,2.602324
0.6181428852333294,2.602303
0.61820330975779,2.602004
0.6182637342822509,2.602008
0.6183241588067115,2.601928
0.6183845833311724,2.601895
0.618445007855633,2.601973
0.6185054323800937,2.602002
0.6185658569045546,2.601864
0.6186262814290152,2.601793
0.6186867059534761,2.601993
0.6187471304779367,2.601829
0.6188075550023974,2.602182
0.6188679795268582,2.602186
0.6189284040513189,2.601895
0.6189888285757796,2.602022
0.6190492531002404,2.601981
0.6191096776247013,2.60174
0.6191701021491619,2.601728
0.6192305266736227,2.601701
0.6192909511980833,2.601538
0.619351375722544,2.601824
0.6194118002470049,2.601475
0.6194722247714656,2.601445
0.6195326492959263,2.601543
0.619593073820387,2.601419
0.6196534983448478,2.60131
0.6197139228693085,2.601378
0.6197743473937691,2.601437
0.61983477191823,2.6011
0.6198951964426906,2.601317
0.6199556209671515,2.601112
0.6200160454916122,2.601013
0.620076470016073,2.60149
0.6201368945405337,2.601502
0.6201973190649943,2.601659
0.6202577435894552,2.601785
0.6203181681139158,2.601415
0.6203785926383766,2.600954
0.6204390171628373,2.601153
0.6204994416872981,2.601029
0.6205598662117588,2.601054
0.6206202907362195,2.601258
0.6206807152606802,2.600745
0.6207411397851409,2.600535
0.6208015643096019,2.601144
0.6208619888340625,2.600917
0.6209224133585233,2.60095
0.6209828378829839,2.601415
0.6210432624074446,2.601031
0.6211036869319054,2.60128
0.6211641114563662,2.60165
0.6212245359808269,2.60127
0.6212849605052876,2.601258
0.6213453850297482,2.601462
0.6214058095542091,2.600935
0.6214662340786697,2.600971
0.6215266586031305,2.601444
0.6215870831275913,2.600888
0.6216475076520521,2.600969
0.6217079321765128,2.601326
0.6217683567009736,2.600815
0.6218287812254343,2.600808
0.6218892057498949,2.601049
0.6219496302743558,2.600717
0.6220100547988164,2.600658
0.6220704793232772,2.60098
0.622130903847738,2.600726
0.6221913283721987,2.600838
0.6222517528966595,2.600848
0.6223121774211201,2.600641
0.6223726019455809,2.600546
0.6224330264700415,2.600814
0.6224934509945025,2.60042
0.6225538755189631,2.600354
0.6226143000434239,2.600583
0.6226747245678845,2.600623
0.6227351490923454,2.600373
0.622795573616806,2.600336
0.6228559981412667,2.599939
0.6229164226657276,2.599865
0.6229768471901882,2.600111
0.6230372717146491,2.600114
0.6230976962391097,2.600307
0.6231581207635704,2.600704
0.6232185452880311,2.600465
0.6232789698124919,2.600453
0.6233393943369527,2.600457
0.6233998188614134,2.600087
0.6234602433858741,2.600014
0.6235206679103349,2.600148
0.6235810924347956,2.600001
0.6236415169592563,2.600051
0.623701941483717,2.600392
0.6237623660081778,2.600075
0.6238227905326384,2.599662
0.6238832150570993,2.600281
0.6239436395815601,2.59974
0.6240040641060208,2.599911
0.6240644886304815,2.599959
0.6241249131549421,2.600104
0.624185337679403,2.600042
0.6242457622038637,2.600564
0.6243061867283245,2.59991
0.6243666112527851,2.599695
0.6244270357772458,2.599905
0.6244874603017067,2.599503
0.6245478848261673,2.599487
0.624608309350628,2.599975
0.6246687338750888,2.599635
0.6247291583995497,2.599912
0.6247895829240103,2.60037
0.6248500074484711,2.599753
0.6249104319729318,2.599239
0.6249708564973925,2.599545
0.6250312810218533,2.599234
0.625091705546314,2.599355
0.6251521300707747,2.599854
0.6252125545952355,2.599336
0.6252729791196963,2.599346
0.6253334036441569,2.599782
0.6253938281686177,2.599174
0.6254542526930784,2.599442
0.6255146772175391,2.599541
0.6255751017419999,2.599143
0.6256355262664607,2.599041
0.6256959507909214,2.599285
0.6257563753153821,2.598594
0.6258167998398427,2.59886
0.6258772243643036,2.599216
0.6259376488887642,2.598839
0.6259980734132251,2.599122
0.6260584979376858,2.599209
0.6261189224621465,2.598704
0.6261793469866073,2.599058
0.6262397715110679,2.599365
0.6263001960355287,2.598755
0.6263606205599894,2.598708
0.6264210450844503,2.599282
0.6264814696089109,2.598865
0.6265418941333717,2.598666
0.6266023186578324,2.599042
0.6266627431822931,2.598875
0.626723167706754,2.598604
0.6267835922312146,2.599126
0.6268440167556754,2.598982
0.626904441280136,2.598509
0.6269648658045969,2.598697
0.6270252903290575,2.598437
0.6270857148535184,2.598401
0.627146139377979,2.598935
0.6272065639024397,2.5986
0.6272669884269005,2.598354
0.6273274129513613,2.598694
0.627387837475822,2.598427
0.6274482620002827,2.598666
0.6275086865247433,2.598833
0.6275691110492042,2.598679
0.6276295355736649,2.59867
0.6276899600981256,2.598593
0.6277503846225864,2.598705
0.6278108091470471,2.598645
0.6278712336715079,2.598636
0.6279316581959686,2.598344
0.6279920827204293,2.598167
0.6280525072448899,2.598479
0.6281129317693509,2.598091
0.6281733562938115,2.597781
0.6282337808182723,2.598313
0.6282942053427331,2.597886
0.6283546298671938,2.59778
0.6284150543916545,2.597967
0.6284754789161152,2.597684
0.628535903440576,2.597771
0.6285963279650366,2.598173
0.6286567524894975,2.597923
0.6287171770139581,2.598163
0.628777601538419,2.598226
0.6288380260628796,2.597869
0.6288984505873403,2.597964
0.6289588751118012,2.597978
0.6290192996362618,2.597926
0.6290797241607227,2.598137
0.6291401486851833,2.598367
0.6292005732096441,2.597926
0.6292609977341048,2.597975
0.6293214222585655,2.59821
0.6293818467830262,2.59764
0.629442271307487,2.597759
0.6295026958319478,2.598136
0.6295631203564085,2.59759
0.6296235448808692,2.597783
0.6296839694053299,2.598124
0.6297443939297905,2.597686
0.6298048184542515,2.597622
0.6298652429787122,2.597894
0.6299256675031729,2.597681
0.6299860920276336,2.597904
0.6300465165520944,2.598386
0.6301069410765551,2.597574
0.6301673656010157,2.597944
0.6302277901254766,2.598282
0.6302882146499372,2.597846
0.6303486391743981,2.597955
0.6304090636988587,2.597616
0.6304694882233196,2.597417
0.6305299127477803,2.5976
0.6305903372722409,2.597673
0.6306507617967018,2.597003
0.6307111863211624,2.597012
0.6307716108456232,2.597795
0.6308320353700839,2.59741
0.6308924598945447,2.597455
0.6309528844190054,2.597485
0.6310133089434661,2.597146
0.6310737334679268,2.59725
0.6311341579923875,2.59745
0.6311945825168485,2.59725
0.6312550070413091,2.597345
0.6313154315657699,2.597813
0.6313758560902305,2.597238
0.6314362806146911,2.597418
0.631496705139152,2.597735
0.6315571296636128,2.597437
0.6316175541880735,2.597241
0.6316779787125342,2.597855
0.6317384032369949,2.597493
0.6317988277614557,2.597317
0.6318592522859163,2.597745
0.6319196768103771,2.597236
0.6319801013348378,2.597141
0.6320405258592987,2.597383
0.6321009503837594,2.596967
0.6321613749082202,2.596839
0.6322217994326809,2.597311
0.6322822239571416,2.597016
0.6323426484816024,2.596763
0.632403073006063,2.597055
0.6324634975305238,2.596935
0.6325239220549845,2.596983
0.6325843465794453,2.597269
0.632644771103906,2.596788
0.6327051956283668,2.596933
0.6327656201528274,2.596701
0.6328260446772881,2.596599
0.6328864692017491,2.596404
0.6329468937262097,2.596685
0.6330073182506705,2.596617
0.6330677427751311,2.596553
0.633128167299592,2.596821
0.6331885918240526,2.596563
0.6332490163485133,2.596671
0.6333094408729741,2.597107
0.6333698653974348,2.596549
0.6334302899218955,2.5965
0.6334907144463563,2.596774
0.633551138970817,2.596448
0.6336115634952777,2.596287
0.6336719880197385,2.596456
0.6337324125441993,2.596185
0.63379283706866,2.596239
0.6338532615931208,2.596471
0.6339136861175815,2.596193
0.6339741106420422,2.596315
0.634034535166503,2.596603
0.6340949596909636,2.596368
0.6341553842154244,2.596038
0.634215808739885,2.596346
0.6342762332643459,2.596118
0.6343366577888067,2.595938
0.6343970823132674,2.59613
0.6344575068377281,2.596151
0.6345179313621887,2.596194
0.6345783558866496,2.596421
0.6346387804111103,2.596337
0.6346992049355711,2.596362
0.6347596294600317,2.596508
0.6348200539844925,2.596233
0.6348804785089532,2.596099
0.6349409030334139,2.596309
0.6350013275578746,2.596118
0.6350617520823354,2.595921
0.6351221766067963,2.596255
0.6351826011312569,2.596072
0.6352430256557177,2.596188
0.6353034501801784,2.596315
0.6353638747046391,2.595937
0.6354242992290999,2.595896
0.6354847237535606,2.596306
0.6355451482780213,2.596247
0.6356055728024821,2.59602
0.6356659973269428,2.596477
0.6357264218514035,2.595828
0.6357868463758644,2.595659
0.635847270900325,2.596097
0.6359076954247856,2.595874
0.6359681199492465,2.596111
0.6360285444737073,2.596272
0.636088968998168,2.595979
0.6361493935226287,2.595951
0.6362098180470893,2.596291
0.6362702425715502,2.595885
0.6363306670960108,2.595598
0.6363910916204717,2.595994
0.6364515161449323,2.595404
0.6365119406693931,2.595618
0.6365723651938539,2.59614
0.6366327897183146,2.595634
0.6366932142427753,2.595771
0.636753638767236,2.595896
0.6368140632916969,2.595757
0.6368744878161575,2.59579
0.6369349123406183,2.595793
0.636995336865079,2.595612
0.6370557613895398,2.595568
0.6371161859140005,2.595833
0.6371766104384612,2.595635
0.6372370349629219,2.595331
0.6372974594873826,2.596021
0.6373578840118435,2.595221
0.6374183085363041,2.595281
0.637478733060765,2.595851
0.6375391575852256,2.595526
0.6375995821096863,2.595684
0.6376600066341471,2.595756
0.6377204311586079,2.595076
0.6377808556830686,2.59497
0.6378412802075293,2.595554
0.63790170473199,2.595087
0.6379621292564508,2.595018
0.6380225537809114,2.595566
0.6380829783053722,2.595233
0.638143402829833,2.595196
0.6382038273542937,2.595168
0.6382642518787545,2.594422
0.6383246764032152,2.594662
0.6383851009276759,2.594979
0.6384455254521365,2.594926
0.6385059499765975,2.59537
0.6385663745010581,2.595148
0.6386267990255189,2.594814
0.6386872235499796,2.595219
0.6387476480744404,2.595636
0.638808072598901,2.594575
0.6388684971233619,2.594732
0.6389289216478226,2.595138
0.6389893461722832,2.594614
0.639049770696744,2.594694
0.6391101952212047,2.595207
0.6391706197456656,2.594709
0.6392310442701262,2.594871
0.6392914687945869,2.59508
0.6393518933190477,2.594789
0.6394123178435084,2.594796
0.6394727423679692,2.59514
0.6395331668924299,2.594854
0.6395935914168906,2.594822
0.6396540159413514,2.594996
0.639714440465812,2.59477
0.6397748649902728,2.594708
0.6398352895147336,2.595187
0.6398957140391943,2.595031
0.6399561385636551,2.594663
0.6400165630881158,2.595014
0.6400769876125765,2.594572
0.6401374121370371,2.594462
0.6401978366614981,2.594851
0.6402582611859587,2.594857
0.6403186857104195,2.594356
0.6403791102348801,2.594273
0.640439534759341,2.594031
0.6404999592838017,2.594392
0.6405603838082623,2.594929
0.6406208083327232,2.594733
0.6406812328571838,2.594728
0.6407416573816446,2.595007
0.6408020819061053,2.594839
0.6408625064305662,2.594531
0.6409229309550268,2.594852
0.6409833554794876,2.594571
0.6410437800039483,2.594532
0.641104204528409,2.594876
0.6411646290528699,2.594259
0.6412250535773305,2.59407
0.6412854781017913,2.594505
0.641345902626252,2.594513
0.6414063271507128,2.594672
0.6414667516751734,2.594609
0.6415271761996341,2.594151
0.641587600724095,2.594189
0.6416480252485557,2.594342
0.6417084497730164,2.593868
0.6417688742974771,2.594068
0.641829298821938,2.594333
0.6418897233463986,2.594306
0.6419501478708595,2.594125
0.6420105723953201,2.594538
0.6420709969197808,2.593818
0.6421314214442415,2.594064
0.6421918459687023,2.594251
0.642252270493163,2.593813
0.6423126950176237,2.593511
0.6423731195420844,2.593581
0.6424335440665453,2.593246
0.6424939685910059,2.593493
0.6425543931154668,2.593973
0.6426148176399274,2.59334
0.6426752421643882,2.593627
0.642735666688849,2.594263
0.6427960912133096,2.593773
0.6428565157377704,2.594078
0.6429169402622311,2.594366
0.6429773647866919,2.593642
0.6430377893111526,2.593641
0.6430982138356134,2.593939
0.643158638360074,2.593548
0.6432190628845347,2.593287
0.6432794874089957,2.593799
0.6433399119334563,2.593461
0.643400336457917,2.593472
0.6434607609823777,2.593803
0.6435211855068386,2.593628
0.6435816100312992,2.593803
0.6436420345557599,2.593796
0.6437024590802207,2.593271
0.6437628836046814,2.593165
0.6438233081291421,2.593389
0.6438837326536029,2.593321
0.6439441571780636,2.593319
0.6440045817025243,2.593436
0.644065006226985,2.593053
0.6441254307514459,2.593174
0.6441858552759065,2.593338
0.6442462798003674,2.593045
0.6443067043248281,2.592834
0.6443671288492888,2.593346
0.6444275533737496,2.59302
0.6444879778982103,2.59288
0.644548402422671,2.593352
0.6446088269471316,2.593272
0.6446692514715925,2.593241
0.6447296759960532,2.593232
0.644790100520514,2.592807
0.6448505250449746,2.592708
0.6449109495694353,2.593161
0.6449713740938962,2.592933
0.645031798618357,2.592716
0.6450922231428177,2.593137
0.6451526476672783,2.592741
0.6452130721917391,2.592659
0.6452734967161998,2.592894
0.6453339212406606,2.592862
0.6453943457651212,2.592726
0.645454770289582,2.592741
0.6455151948140427,2.592388
0.6455756193385035,2.592508
0.6456360438629642,2.592906
0.645696468387425,2.592433
0.6457568929118858,2.59267
0.6458173174363465,2.593196
0.6458777419608072,2.592597
0.6459381664852679,2.592649
0.6459985910097287,2.592546
0.6460590155341894,2.592126
0.6461194400586501,2.59228
0.6461798645831109,2.592718
0.6462402891075716,2.592626
0.6463007136320322,2.592648
0.646361138156493,2.592592
0.6464215626809539,2.592328
0.6464819872054146,2.592426
0.6465424117298753,2.593182
0.646602836254336,2.592785
0.6466632607787968,2.592686
0.6467236853032574,2.593097
0.6467841098277183,2.592537
0.6468445343521789,2.592768
0.6469049588766397,2.592799
0.6469653834011004,2.592381
0.6470258079255612,2.592324
0.6470862324500218,2.592162
0.6471466569744826,2.592349
0.6472070814989433,2.591992
0.6472675060234041,2.592241
0.6473279305478649,2.591618
0.6473883550723256,2.591456
0.6474487795967864,2.591865
0.6475092041212471,2.591835
0.6475696286457079,2.591782
0.6476300531701685,2.592118
0.6476904776946292,2.591967
0.64775090221909,2.591741
0.6478113267435507,2.592148
0.6478717512680116,2.59171
0.6479321757924722,2.59182
0.6479926003169328,2.591825
0.6480530248413937,2.591213
0.6481134493658546,2.591248
0.6481738738903152,2.591689
0.6482342984147759,2.591482
0.6482947229392366,2.59125
0.6483551474636974,2.591465
0.648415571988158,2.591264
0.6484759965126189,2.591258
0.6485364210370795,2.5917
0.6485968455615403,2.591528
0.648657270086001,2.591555
0.6487176946104618,2.591962
0.6487781191349224,2.591544
0.6488385436593831,2.591701
0.6488989681838441,2.592063
0.6489593927083047,2.591365
0.6490198172327655,2.591694
0.6490802417572262,2.591798
0.649140666281687,2.591285
0.6492010908061476,2.59146
0.6492615153306085,2.591737
0.6493219398550691,2.591553
0.6493823643795298,2.591311
0.6494427889039905,2.591437
0.6495032134284513,2.591209
0.6495636379529122,2.591341
0.6496240624773728,2.591312
0.6496844870018336,2.591407
0.6497449115262943,2.591769
0.649805336050755,2.591879
0.6498657605752158,2.590827
0.6499261850996765,2.591081
0.6499866096241372,2.591452
0.650047034148598,2.591209
0.6501074586730587,2.591029
0.6501678831975194,2.591485
0.6502283077219801,2.591058
0.6502887322464409,2.590957
0.6503491567709017,2.590973
0.6504095812953624,2.590786
0.6504700058198231,2.591049
0.6505304303442837,2.591377
0.6505908548687447,2.590884
0.6506512793932054,2.590901
0.6507117039176661,2.590897
0.6507721284421267,2.590577
0.6508325529665876,2.59077
0.6508929774910482,2.591503
0.650953402015509,2.591218
0.6510138265399698,2.590808
0.6510742510644304,2.591008
0.6511346755888912,2.590379
0.6511951001133519,2.590568
0.6512555246378128,2.591101
0.6513159491622734,2.590867
0.6513763736867342,2.590726
0.6514367982111949,2.590886
0.6514972227356556,2.590628
0.6515576472601164,2.590808
0.6516180717845771,2.590819
0.6516784963090378,2.590606
0.6517389208334986,2.59074
0.6517993453579594,2.590879
0.65185976988242,2.590457
0.6519201944068806,2.590509
0.6519806189313415,2.590776
0.6520410434558023,2.590472
0.652101467980263,2.590541
0.6521618925047237,2.590666
0.6522223170291845,2.590233
0.6522827415536452,2.590171
0.652343166078106,2.590556
0.6524035906025667,2.590361
0.6524640151270273,2.59022
0.6525244396514881,2.590535
0.6525848641759489,2.590178
0.6526452887004096,2.590629
0.6527057132248703,2.590555
0.652766137749331,2.590146
0.6528265622737918,2.589878
0.6528869867982525,2.590519
0.6529474113227134,2.590213
0.653007835847174,2.589988
0.6530682603716348,2.59014
0.6531286848960955,2.589843
0.6531891094205563,2.58979
0.653249533945017,2.590044
0.6533099584694777,2.589711
0.6533703829939385,2.589777
0.6534308075183992,2.589835
0.65349123204286,2.590064
0.6535516565673206,2.590109
0.6536120810917813,2.590178
0.6536725056162422,2.58983
0.653732930140703,2.589827
0.6537933546651636,2.589818
0.6538537791896243,2.58971
0.6539142037140852,2.589474
0.6539746282385458,2.589939
0.6540350527630064,2.589476
0.6540954772874673,2.589594
0.654155901811928,2.589586
0.6542163263363887,2.589203
0.6542767508608495,2.589664
0.6543371753853102,2.589865
0.654397599909771,2.589411
0.6544580244342317,2.589257
0.6545184489586925,2.589339
0.6545788734831531,2.589226
0.654639298007614,2.589331
0.6546997225320746,2.589606
0.6547601470565354,2.589299
0.6548205715809962,2.589391
0.6548809961054569,2.589682
0.6549414206299176,2.588899
0.6550018451543782,2.589024
0.6550622696788391,2.589279
0.6551226942032998,2.588898
0.6551831187277606,2.588667
0.6552435432522212,2.588984
0.655303967776682,2.588657
0.6553643923011427,2.588986
0.6554248168256036,2.589057
0.6554852413500643,2.588534
0.6555456658745249,2.588346
0.6556060903989858,2.589065
0.6556665149234464,2.588826
0.6557269394479072,2.588909
0.6557873639723679,2.589161
0.6558477884968286,2.589056
0.6559082130212893,2.588981
0.6559686375457501,2.588994
0.6560290620702108,2.588719
0.6560894865946716,2.588859
0.6561499111191323,2.589144
0.6562103356435931,2.588774
0.6562707601680539,2.588866
0.6563311846925145,2.588761
0.6563916092169753,2.588408
0.656452033741436,2.588624
0.6565124582658967,2.588938
0.6565728827903575,2.588635
0.6566333073148182,2.588745
0.6566937318392788,2.588627
0.6567541563637396,2.587625
0.6568145808882005,2.587818
0.6568750054126612,2.58823
0.6569354299371218,2.588331
0.6569958544615826,2.588303
0.6570562789860434,2.588348
0.657116703510504,2.58807
0.6571771280349649,2.588151
0.6572375525594255,2.588124
0.6572979770838863,2.588136
0.657358401608347,2.588064
0.6574188261328078,2.588402
0.6574792506572684,2.588079
0.6575396751817293,2.588272
0.6576000997061899,2.588048
0.6576605242306507,2.587895
0.6577209487551114,2.588074
0.6577813732795722,2.588447
0.657841797804033,2.588332
0.6579022223284937,2.588469
0.6579626468529545,2.588542
0.6580230713774151,2.588085
0.6580834959018758,2.588311
0.6581439204263366,2.588304
0.6582043449507973,2.587917
0.6582647694752581,2.588151
0.6583251939997188,2.58843
0.6583856185241794,2.58814
0.6584460430486402,2.587817
0.6585064675731012,2.587788
0.6585668920975618,2.587609
0.6586273166220225,2.587651
0.6586877411464832,2.587749
0.658748165670944,2.58797
0.6588085901954047,2.587798
0.6588690147198655,2.58752
0.6589294392443261,2.587559
0.6589898637687869,2.587751
0.6590502882932476,2.587905
0.6591107128177084,2.587485
0.659171137342169,2.587569
0.6592315618666297,2.587854
0.6592919863910905,2.587674
0.6593524109155514,2.587438
0.6594128354400121,2.587262
0.6594732599644728,2.587185
0.6595336844889336,2.587165
0.6595941090133942,2.587067
0.6596545335378551,2.587171
0.6597149580623157,2.587468
0.6597753825867764,2.587137
0.6598358071112371,2.587484
0.6598962316356979,2.587456
0.6599566561601587,2.587306
0.6600170806846194,2.587534
0.6600775052090802,2.58743
0.6601379297335409,2.587518
0.6601983542580016,2.587224
0.6602587787824624,2.587289
0.6603192033069231,2.587352
0.6603796278313838,2.586929
0.6604400523558446,2.5867
0.6605004768803053,2.587046
0.660560901404766,2.586839
0.6606213259292268,2.587179
0.6606817504536875,2.587234
0.6607421749781482,2.586992
0.660802599502609,2.587042
0.6608630240270696,2.586959
0.6609234485515304,2.586603
0.6609838730759913,2.58691
0.661044297600452,2.587032
0.6611047221249127,2.586997
0.6611651466493733,2.587026
0.6612255711738342,2.586987
0.6612859956982948,2.586711
0.6613464202227556,2.587021
0.6614068447472163,2.587143
0.661467269271677,2.586491
0.6615276937961377,2.586519
0.6615881183205985,2.586475
0.6616485428450594,2.586447
0.66170896736952,2.586584
0.6617693918939808,2.586536
0.6618298164184415,2.586474
0.6618902409429023,2.586251
0.661950665467363,2.586334
0.6620110899918237,2.586074
0.6620715145162844,2.586107
0.6621319390407452,2.586317
0.6621923635652059,2.586246
0.6622527880896666,2.586744
0.6623132126141272,2.586688
0.6623736371385881,2.58641
0.662434061663049,2.585979
0.6624944861875096,2.585895
0.6625549107119703,2.586194
0.6626153352364311,2.585979
0.6626757597608918,2.586063
0.6627361842853526,2.585858
0.6627966088098133,2.585836
0.6628570333342739,2.585732
0.6629174578587348,2.585359
0.6629778823831954,2.585678
0.6630383069076562,2.585788
0.663098731432117,2.58588
0.6631591559565777,2.585785
0.6632195804810384,2.585823
0.6632800050054991,2.585774
0.66334042952996,2.586096
0.6634008540544206,2.585823
0.6634612785788814,2.585838
0.6635217031033421,2.585854
0.6635821276278029,2.585937
0.6636425521522635,2.585894
0.6637029766767244,2.586082
0.663763401201185,2.58602
0.6638238257256458,2.585987
0.6638842502501066,2.586152
0.6639446747745672,2.585741
0.664005099299028,2.585361
0.6640655238234886,2.58578
0.6641259483479496,2.585782
0.6641863728724102,2.585549
0.6642467973968709,2.585932
0.6643072219213317,2.585943
0.6643676464457924,2.585624
0.6644280709702531,2.5855
0.6644884954947139,2.585592
0.6645489200191745,2.585489
0.6646093445436353,2.585566
0.664669769068096,2.585304
0.6647301935925568,2.585199
0.6647906181170176,2.585169
0.6648510426414783,2.585141
0.664911467165939,2.585138
0.6649718916903998,2.585741
0.6650323162148606,2.585663
0.6650927407393212,2.585656
0.665153165263782,2.586021
0.6652135897882427,2.58561
0.6652740143127035,2.585566
0.6653344388371641,2.585712
0.6653948633616248,2.585329
0.6654552878860857,2.585145
0.6655157124105465,2.58523
0.6655761369350072,2.585108
0.6656365614594678,2.585231
0.6656969859839286,2.585338
0.6657574105083892,2.585083
0.6658178350328502,2.584923
0.6658782595573108,2.585128
0.6659386840817715,2.584778
0.6659991086062323,2.584879
0.666059533130693,2.58525
0.6661199576551537,2.584893
0.6661803821796145,2.584816
0.6662408067040753,2.585036
0.6663012312285359,2.585036
0.6663616557529967,2.58543
0.6664220802774574,2.585682
0.6664825048019182,2.585288
0.6665429293263789,2.584665
0.6666033538508397,2.584985
0.6666637783753004,2.584522
0.6667242028997611,2.584329
0.666784627424222,2.584767
0.6668450519486826,2.584645
0.6669054764731432,2.584348
0.6669659009976041,2.584358
0.6670263255220648,2.584269
0.6670867500465254,2.584458
0.6671471745709862,2.584504
0.6672075990954471,2.584267
0.6672680236199078,2.584218
0.6673284481443684,2.584241
0.6673888726688292,2.583932
0.6674492971932899,2.58384
0.6675097217177507,2.584265
0.6675701462422114,2.584289
0.6676305707666721,2.584277
0.6676909952911328,2.584191
0.6677514198155936,2.584198
0.6678118443400544,2.583887
0.667872268864515,2.584146
0.6679326933889759,2.583985
0.6679931179134365,2.583685
0.6680535424378974,2.584136
0.668113966962358,2.583599
0.6681743914868188,2.583532
0.6682348160112795,2.583728
0.6682952405357403,2.583498
0.668355665060201,2.583548
0.6684160895846617,2.584195
0.6684765141091223,2.583657
0.6685369386335832,2.583703
0.6685973631580439,2.583946
0.6686577876825047,2.583589
0.6687182122069654,2.583486
0.6687786367314261,2.583666
0.6688390612558868,2.583581
0.6688994857803477,2.583506
0.6689599103048084,2.583739
0.669020334829269,2.583357
0.6690807593537298,2.583357
0.6691411838781905,2.583373
0.6692016084026513,2.583243
0.6692620329271121,2.58306
0.6693224574515728,2.583095
0.6693828819760335,2.582779
0.6694433065004942,2.582824
0.669503731024955,2.58305
0.6695641555494156,2.582835
0.6696245800738764,2.583137
0.6696850045983371,2.583419
0.669745429122798,2.583236
0.6698058536472586,2.583051
0.6698662781717195,2.58345
0.6699267026961802,2.58293
0.6699871272206408,2.58309
0.6700475517451017,2.583387
0.6701079762695623,2.582757
0.670168400794023,2.582603
0.6702288253184838,2.583257
0.6702892498429445,2.582787
0.6703496743674053,2.582811
0.670410098891866,2.583716
0.6704705234163267,2.583005
0.6705309479407874,2.583104
0.6705913724652484,2.583401
0.670651796989709,2.582874
0.6707122215141696,2.582919
0.6707726460386304,2.583196
0.6708330705630912,2.582915
0.6708934950875519,2.582748
0.6709539196120126,2.582949
0.6710143441364734,2.582948
0.6710747686609341,2.582548
0.6711351931853949,2.582853
0.6711956177098556,2.582641
0.6712560422343162,2.58302
0.6713164667587771,2.583325
0.6713768912832377,2.582905
0.6714373158076986,2.582551
0.6714977403321593,2.582814
0.6715581648566199,2.582133
0.6716185893810808,2.582238
0.6716790139055414,2.582535
0.6717394384300022,2.58238
0.6717998629544629,2.582473
0.6718602874789237,2.582768
0.6719207120033843,2.582587
0.6719811365278451,2.582336
0.672041561052306,2.58277
0.6721019855767666,2.582363
0.6721624101012273,2.582557
0.672222834625688,2.582587
0.6722832591501489,2.582489
0.6723436836746096,2.582717
0.6724041081990704,2.582933
0.672464532723531,2.582454
0.6725249572479918,2.582692
0.6725853817724525,2.582769
0.6726458062969132,2.582728
0.6727062308213739,2.582116
0.6727666553458347,2.582719
0.6728270798702956,2.582199
0.6728875043947562,2.582325
0.6729479289192168,2.582217
0.6730083534436777,2.582307
0.6730687779681384,2.582427
0.6731292024925992,2.582844
0.6731896270170599,2.582241
0.6732500515415205,2.581884
0.6733104760659814,2.582473
0.673370900590442,2.58178
0.6734313251149028,2.582059
0.6734917496393635,2.582335
0.6735521741638243,2.581993
0.6736125986882849,2.58204
0.6736730232127458,2.582281
0.6737334477372066,2.581884
0.6737938722616672,2.582199
0.673854296786128,2.582098
0.6739147213105887,2.581679
0.6739751458350495,2.581345
0.6740355703595101,2.582026
0.674095994883971,2.581483
0.6741564194084316,2.58147
0.6742168439328925,2.581511
0.6742772684573531,2.581245
0.6743376929818138,2.581251
0.6743981175062745,2.581836
0.6744585420307352,2.581613
0.6745189665551962,2.581311
0.6745793910796568,2.581589
0.6746398156041175,2.581297
0.6747002401285783,2.581403
0.674760664653039,2.581727
0.6748210891774997,2.581464
0.6748815137019605,2.581559
0.6749419382264212,2.581446
0.6750023627508819,2.581058
0.6750627872753426,2.581003
0.6751232117998034,2.581336
0.6751836363242641,2.580854
0.6752440608487249,2.581021
0.6753044853731855,2.581572
0.6753649098976464,2.580845
0.6754253344221072,2.581038
0.6754857589465679,2.581106
0.6755461834710286,2.580425
0.6756066079954893,2.580317
0.6756670325199501,2.580783
0.6757274570444107,2.58045
0.6757878815688714,2.580631
0.6758483060933322,2.580973
0.6759087306177931,2.580684
0.6759691551422538,2.580599
0.6760295796667144,2.581335
0.6760900041911752,2.580868
0.6761504287156358,2.580594
0.6762108532400968,2.581178
0.6762712777645574,2.580955
0.6763317022890181,2.581024
0.6763921268134789,2.58124
0.6764525513379396,2.580865
0.6765129758624003,2.580666
0.6765734003868611,2.581402
0.6766338249113218,2.580595
0.6766942494357825,2.580693
0.6767546739602434,2.58083
0.676815098484704,2.580232
0.6768755230091648,2.580142
0.6769359475336255,2.580455
0.6769963720580862,2.580253
0.677056796582547,2.580156
0.6771172211070077,2.580468
0.6771776456314685,2.580116
0.6772380701559292,2.580023
0.6772984946803898,2.580118
0.6773589192048507,2.57977
0.6774193437293113,2.57981
0.6774797682537721,2.580419
0.6775401927782329,2.580192
0.6776006173026937,2.579992
0.6776610418271544,2.580266
0.677721466351615,2.579735
0.6777818908760758,2.579735
0.6778423154005364,2.579992
0.6779027399249974,2.57968
0.677963164449458,2.579951
0.6780235889739188,2.580028
0.6780840134983794,2.579697
0.6781444380228402,2.579563
0.678204862547301,2.58018
0.6782652870717616,2.579692
0.6783257115962225,2.5795
0.6783861361206831,2.579963
0.678446560645144,2.579508
0.6785069851696046,2.579911
0.6785674096940655,2.580046
0.6786278342185261,2.579563
0.6786882587429868,2.579928
0.6787486832674476,2.58004
0.6788091077919083,2.579423
0.6788695323163689,2.579098
0.6789299568408298,2.5795
0.6789903813652904,2.579134
0.6790508058897513,2.578714
0.679111230414212,2.579281
0.6791716549386727,2.578883
0.6792320794631334,2.578571
0.6792925039875943,2.579011
0.679352928512055,2.579031
0.6794133530365156,2.579206
0.6794737775609764,2.579332
0.6795342020854371,2.579128
0.6795946266098979,2.579312
0.6796550511343586,2.579393
0.6797154756588194,2.579342
0.67977590018328,2.579402
0.6798363247077409,2.579594
0.6798967492322016,2.578987
0.6799571737566622,2.579082
0.680017598281123,2.579503
0.6800780228055837,2.579306
0.6801384473300446,2.579099
0.6801988718545052,2.579156
0.6802592963789661,2.57901
0.6803197209034267,2.578772
0.6803801454278874,2.57934
0.6804405699523483,2.578583
0.6805009944768089,2.578864
0.6805614190012697,2.579006
0.6806218435257304,2.578533
0.680682268050191,2.578506
0.6807426925746519,2.578896
0.6808031170991126,2.578497
0.6808635416235733,2.578716
0.680923966148034,2.578927
0.6809843906724949,2.578428
0.6810448151969556,2.578441
0.6811052397214163,2.578594
0.681165664245877,2.578265
0.6812260887703377,2.57851
0.6812865132947985,2.578913
0.6813469378192591,2.578553
0.68140736234372,2.578479
0.6814677868681807,2.578339
0.6815282113926415,2.578022
0.6815886359171022,2.578255
0.6816490604415628,2.578501
0.6817094849660237,2.578299
0.6817699094904843,2.578397
0.6818303340149452,2.578758
0.6818907585394058,2.578426
0.6819511830638665,2.578304
0.6820116075883274,2.578572
0.682072032112788,2.578259
0.6821324566372488,2.578385
0.6821928811617095,2.578504
0.6822533056861703,2.578127
0.6823137302106309,2.578497
0.6823741547350918,2.578724
0.6824345792595525,2.578377
0.6824950037840132,2.578339
0.6825554283084739,2.578491
0.6826158528329346,2.578302
0.6826762773573954,2.57823
0.6827367018818562,2.578627
0.682797126406317,2.578195
0.6828575509307776,2.578301
0.6829179754552385,2.57844
0.6829783999796991,2.578137
0.6830388245041598,2.577888
0.6830992490286205,2.578441
0.6831596735530813,2.578026
0.6832200980775421,2.577752
0.6832805226020028,2.578351
0.6833409471264634,2.577926
0.6834013716509243,2.578023
0.6834617961753849,2.578276
0.6835222206998458,2.5778
0.6835826452243065,2.577648
0.6836430697487672,2.578027
0.683703494273228,2.577649
0.6837639187976886,2.577769
0.6838243433221494,2.578121
0.6838847678466101,2.577742
0.6839451923710709,2.577972
0.6840056168955315,2.578121
0.6840660414199924,2.577513
0.6841264659444531,2.577776
0.6841868904689139,2.577861
0.6842473149933745,2.577333
0.6843077395178352,2.577339
0.6843681640422961,2.577947
0.6844285885667567,2.577335
0.6844890130912176,2.577075
0.6845494376156782,2.577716
0.6846098621401391,2.577477
0.6846702866645997,2.577104
0.6847307111890604,2.577368
0.6847911357135211,2.576963
0.6848515602379819,2.577166
0.6849119847624427,2.577952
0.6849724092869034,2.577472
0.685032833811364,2.577174
0.6850932583358249,2.576971
0.6851536828602856,2.576792
0.6852141073847464,2.576773
0.6852745319092071,2.577528
0.6853349564336678,2.576879
0.6853953809581285,2.57671
0.6854558054825893,2.576979
0.68551623000705,2.576647
0.6855766545315107,2.576836
0.6856370790559715,2.577198
0.6856975035804321,2.576735
0.685757928104893,2.576765
0.6858183526293538,2.576866
0.6858787771538145,2.576431
0.6859392016782752,2.576629
0.685999626202736,2.577161
0.6860600507271967,2.576377
0.6861204752516573,2.576324
0.6861808997761181,2.57697
0.6862413243005788,2.57691
0.6863017488250397,2.576436
0.6863621733495003,2.576695
0.686422597873961,2.576507
0.6864830223984217,2.576497
0.6865434469228824,2.57691
0.6866038714473434,2.576592
0.686664295971804,2.576495
0.6867247204962648,2.57677
0.6867851450207255,2.576414
0.6868455695451862,2.576557
0.6869059940696469,2.576867
0.6869664185941077,2.576502
0.6870268431185684,2.576276
0.6870872676430291,2.576661
0.6871476921674899,2.576106
0.6872081166919506,2.576343
0.6872685412164115,2.576856
0.6873289657408721,2.576707
0.6873893902653327,2.576632
0.6874498147897936,2.576769
0.6875102393142543,2.576247
0.6875706638387151,2.57623
0.6876310883631758,2.576175
0.6876915128876364,2.575629
0.6877519374120973,2.575591
0.6878123619365579,2.575818
0.6878727864610187,2.575742
0.6879332109854794,2.575471
0.6879936355099403,2.575814
0.688054060034401,2.575579
0.6881144845588616,2.575411
0.6881749090833224,2.575625
0.688235333607783,2.575486
0.688295758132244,2.575387
0.6883561826567046,2.575515
0.6884166071811654,2.575429
0.688477031705626,2.575357
0.6885374562300869,2.575665
0.6885978807545475,2.575325
0.6886583052790082,2.575262
0.688718729803469,2.575697
0.6887791543279297,2.575289
0.6888395788523906,2.575214
0.6889000033768512,2.575192
0.6889604279013121,2.574992
0.6890208524257727,2.575034
0.6890812769502334,2.575186
0.6891417014746942,2.574982
0.6892021259991549,2.575159
0.6892625505236156,2.575478
0.6893229750480764,2.574972
0.689383399572537,2.575048
0.6894438240969979,2.57552
0.6895042486214585,2.575158
0.6895646731459193,2.574859
0.6896250976703799,2.574644
0.6896855221948409,2.574583
0.6897459467193016,2.574502
0.6898063712437623,2.57467
0.689866795768223,2.574092
0.6899272202926837,2.574495
0.6899876448171445,2.574836
0.6900480693416052,2.574485
0.690108493866066,2.574561
0.6901689183905266,2.574744
0.6902293429149875,2.574328
0.6902897674394481,2.574634
0.6903501919639088,2.574767
0.6904106164883695,2.574552
0.6904710410128303,2.574041
0.6905314655372912,2.574168
0.6905918900617518,2.574047
0.6906523145862127,2.573772
0.6907127391106733,2.57393
0.690773163635134,2.573456
0.6908335881595948,2.57369
0.6908940126840555,2.574292
0.6909544372085162,2.574014
0.691014861732977,2.573843
0.6910752862574377,2.573766
0.6911357107818985,2.573374
0.6911961353063591,2.573548
0.6912565598308199,2.573779
0.6913169843552806,2.573891
0.6913774088797415,2.573903
0.6914378334042022,2.574212
0.6914982579286629,2.573921
0.6915586824531236,2.573981
0.6916191069775844,2.573901
0.6916795315020451,2.573394
0.6917399560265057,2.573614
0.6918003805509666,2.574058
0.6918608050754272,2.573483
0.6919212295998881,2.573734
0.6919816541243488,2.573827
0.6920420786488094,2.573639
0.6921025031732703,2.573443
0.6921629276977309,2.573937
0.6922233522221918,2.573548
0.6922837767466524,2.573691
0.6923442012711133,2.573947
0.6924046257955739,2.573312
0.6924650503200346,2.57365
0.6925254748444954,2.573557
0.6925858993689561,2.573366
0.6926463238934168,2.573518
0.6927067484178775,2.573846
0.6927671729423384,2.573271
0.6928275974667991,2.573591
0.6928880219912599,2.573683
0.6929484465157205,2.573493
0.6930088710401812,2.573662
0.693069295564642,2.573599
0.6931297200891028,2.572896
0.6931901446135635,2.573275
0.6932505691380242,2.573645
0.693310993662485,2.573556
0.6933714181869457,2.573478
0.6934318427114063,2.573895
0.6934922672358671,2.573486
0.6935526917603279,2.573067
0.6936131162847887,2.573303
0.6936735408092494,2.573095
0.69373396533371,2.572915
0.6937943898581709,2.573344
0.6938548143826315,2.572964
0.6939152389070924,2.572999
0.693975663431553,2.573332
0.6940360879560138,2.573153
0.6940965124804745,2.573029
0.6941569370049353,2.57347
0.694217361529396,2.573334
0.6942777860538567,2.57313
0.6943382105783175,2.573119
0.6943986351027781,2.572622
0.6944590596272391,2.572731
0.6945194841516997,2.572813
0.6945799086761605,2.572822
0.6946403332006211,2.572686
0.6947007577250818,2.573036
0.6947611822495426,2.572874
0.6948216067740033,2.573123
0.6948820312984642,2.573312
0.6949424558229248,2.572676
0.6950028803473857,2.572598
0.6950633048718463,2.572741
0.695123729396307,2.57241
0.6951841539207677,2.572338
0.6952445784452285,2.572556
0.6953050029696893,2.572376
0.69536542749415,2.57245
0.6954258520186107,2.572808
0.6954862765430715,2.572482
0.6955467010675321,2.572367
0.695607125591993,2.572484
0.6956675501164536,2.572421
0.6957279746409144,2.572381
0.695788399165375,2.572716
0.6958488236898359,2.572625
0.6959092482142966,2.572394
0.6959696727387574,2.572694
0.6960300972632181,2.572656
0.6960905217876787,2.57239
0.6961509463121397,2.572517
0.6962113708366003,2.57198
0.6962717953610611,2.57175
0.6963322198855217,2.572153
0.6963926444099824,2.571894
0.6964530689344433,2.571963
0.6965134934589039,2.572414
0.6965739179833647,2.571877
0.6966343425078253,2.571815
0.6966947670322863,2.572342
0.6967551915567469,2.572264
0.6968156160812076,2.572278
0.6968760406056684,2.572518
0.6969364651301291,2.57205
0.6969968896545898,2.571931
0.6970573141790506,2.572082
0.6971177387035113,2.571962
0.6971781632279721,2.57187
0.6972385877524329,2.57226
0.6972990122768936,2.571808
0.6973594368013543,2.571951
0.697419861325815,2.572307
0.6974802858502757,2.57206
0.6975407103747365,2.572257
0.6976011348991972,2.572415
0.697661559423658,2.571681
0.6977219839481187,2.571887
0.6977824084725793,2.572199
0.6978428329970402,2.571565
0.6979032575215008,2.571696
0.6979636820459616,2.571921
0.6980241065704224,2.571463
0.698084531094883,2.571454
0.6981449556193439,2.571777
0.6982053801438045,2.571467
0.6982658046682654,2.571554
0.698326229192726,2.571719
0.6983866537171868,2.571594
0.6984470782416475,2.571502
0.6985075027661083,2.571923
0.6985679272905689,2.571306
0.6986283518150297,2.571121
0.6986887763394906,2.571177
0.6987492008639512,2.571083
0.698809625388412,2.571207
0.6988700499128726,2.571177
0.6989304744373335,2.571224
0.6989908989617941,2.571045
0.6990513234862548,2.570972
0.6991117480107155,2.570843
0.6991721725351763,2.570927
0.6992325970596371,2.571006
0.6992930215840978,2.570886
0.6993534461085584,2.570319
0.6994138706330193,2.57087
0.6994742951574799,2.570579
0.6995347196819407,2.570431
0.6995951442064016,2.570939
0.6996555687308623,2.570672
0.699715993255323,2.5705
0.6997764177797838,2.57089
0.6998368423042445,2.570599
0.6998972668287051,2.571223
0.6999576913531659,2.571256
0.7000181158776265,2.57067
0.7000785404020875,2.570477
0.7001389649265481,2.571046
0.7001993894510089,2.570499
0.7002598139754695,2.570753
0.7003202384999302,2.570593
0.7003806630243911,2.570485
0.7004410875488517,2.570616
0.7005015120733125,2.570787
0.7005619365977733,2.570658
0.7006223611222341,2.570742
0.7006827856466947,2.570736
0.7007432101711556,2.570481
0.7008036346956162,2.570408
0.7008640592200769,2.570992
0.7009244837445378,2.570578
0.7009849082689984,2.570724
0.7010453327934593,2.570627
0.7011057573179199,2.570507
0.7011661818423806,2.570643
0.7012266063668414,2.570784
0.7012870308913021,2.570477
0.7013474554157628,2.570239
0.7014078799402235,2.570236
0.7014683044646843,2.569975
0.7015287289891451,2.570005
0.7015891535136058,2.57048
0.7016495780380665,2.570107
0.7017100025625272,2.570045
0.701770427086988,2.569936
0.7018308516114486,2.569878
0.7018912761359095,2.570174
0.7019517006603702,2.570272
0.702012125184831,2.570081
0.7020725497092918,2.56981
0.7021329742337524,2.569922
0.7021933987582132,2.570143
0.7022538232826738,2.570175
0.7023142478071347,2.570238
0.7023746723315953,2.569852
0.702435096856056,2.570323
0.7024955213805169,2.570177
0.7025559459049775,2.569865
0.7026163704294384,2.569913
0.702676794953899,2.569878
0.7027372194783598,2.569608
0.7027976440028204,2.569593
0.7028580685272813,2.569888
0.7029184930517419,2.569339
0.7029789175762026,2.569642
0.7030393421006635,2.569506
0.7030997666251242,2.569119
0.703160191149585,2.569495
0.7032206156740457,2.569767
0.7032810401985065,2.569564
0.7033414647229671,2.569743
0.7034018892474277,2.569599
0.7034623137718887,2.569833
0.7035227382963494,2.569807
0.7035831628208101,2.569617
0.7036435873452708,2.569533
0.7037040118697314,2.569673
0.7037644363941923,2.56949
0.7038248609186529,2.569419
0.7038852854431137,2.56949
0.7039457099675743,2.569423
0.7040061344920353,2.569496
0.704066559016496,2.569678
0.7041269835409567,2.569513
0.7041874080654175,2.569577
0.7042478325898781,2.56969
0.7043082571143389,2.569667
0.7043686816387998,2.569025
0.7044291061632605,2.569227
0.7044895306877211,2.569269
0.704549955212182,2.56883
0.7046103797366426,2.568874
0.7046708042611034,2.568845
0.704731228785564,2.568455
0.7047916533100247,2.568912
0.7048520778344857,2.568925
0.7049125023589463,2.569033
0.7049729268834071,2.569094
0.7050333514078677,2.568964
0.7050937759323284,2.568692
0.7051542004567892,2.569198
0.7052146249812499,2.56908
0.7052750495057106,2.568945
0.7053354740301714,2.569162
0.7053958985546323,2.568853
0.7054563230790929,2.568884
0.7055167476035535,2.569533
0.7055771721280144,2.569123
0.705637596652475,2.568484
0.7056980211769358,2.568587
0.7057584457013966,2.568548
0.7058188702258573,2.568309
0.7058792947503181,2.568513
0.7059397192747788,2.568278
0.7060001437992396,2.568534
0.7060605683237002,2.568831
0.706120992848161,2.568624
0.7061814173726216,2.568393
0.7062418418970825,2.569019
0.7063022664215431,2.568732
0.706362690946004,2.568246
0.7064231154704647,2.56856
0.7064835399949253,2.568686
0.7065439645193862,2.568625
0.7066043890438468,2.568791
0.7066648135683076,2.568647
0.7067252380927683,2.568632
0.706785662617229,2.568696
0.7068460871416898,2.568444
0.7069065116661507,2.568238
0.7069669361906114,2.568465
0.707027360715072,2.568347
0.7070877852395329,2.568254
0.7071482097639935,2.568525
0.7072086342884543,2.568077
0.7072690588129149,2.568019
0.7073294833373756,2.568482
0.7073899078618365,2.568314
0.7074503323862972,2.567894
0.7075107569107579,2.568138
0.7075711814352186,2.567902
0.7076316059596792,2.56801
0.7076920304841401,2.568178
0.7077524550086007,2.568208
0.7078128795330615,2.567918
0.7078733040575224,2.568088
0.7079337285819831,2.567762
0.7079941531064438,2.567502
0.7080545776309046,2.567829
0.7081150021553653,2.567604
0.7081754266798259,2.567346
0.7082358512042869,2.567559
0.7082962757287475,2.567042
0.7083567002532083,2.567151
0.7084171247776689,2.56726
0.7084775493021297,2.567041
0.7085379738265905,2.566938
0.7085983983510511,2.56711
0.7086588228755119,2.567116
0.7087192473999725,2.567179
0.7087796719244335,2.567101
0.7088400964488941,2.566911
0.7089005209733549,2.566783
0.7089609454978155,2.566961
0.7090213700222764,2.566537
0.709081794546737,2.566803
0.7091422190711977,2.567299
0.7092026435956587,2.567154
0.7092630681201193,2.567358
0.7093234926445801,2.567305
0.7093839171690408,2.567077
0.7094443416935016,2.566679
0.7095047662179622,2.566816
0.7095651907424229,2.566681
0.7096256152668837,2.566627
0.7096860397913444,2.566749
0.7097464643158052,2.566338
0.7098068888402659,2.566621
0.7098673133647265,2.566745
0.7099277378891874,2.566622
0.709988162413648,2.566466
0.7100485869381088,2.566737
0.7101090114625694,2.566455
0.7101694359870303,2.566224
0.7102298605114911,2.566431
0.7102902850359518,2.566233
0.7103507095604126,2.566054
0.7104111340848732,2.566515
0.710471558609334,2.565834
0.7105319831337947,2.565568
0.7105924076582555,2.566161
0.7106528321827161,2.565786
0.710713256707177,2.565722
0.7107736812316378,2.566244
0.7108341057560984,2.565861
0.7108945302805592,2.565948
0.7109549548050198,2.566265
0.7110153793294807,2.565861
0.7110758038539413,2.566089
0.711136228378402,2.566087
0.7111966529028628,2.565992
0.7112570774273235,2.566097
0.7113175019517843,2.566246
0.711377926476245,2.565852
0.7114383510007057,2.565829
0.7114987755251665,2.566591
0.7115592000496272,2.56594
0.7116196245740879,2.566015
0.7116800490985489,2.566185
0.7117404736230095,2.565754
0.7118008981474702,2.565564
0.711861322671931,2.56589
0.7119217471963917,2.565585
0.7119821717208524,2.565588
0.7120425962453131,2.566051
0.7121030207697737,2.565519
0.7121634452942347,2.566057
0.7122238698186953,2.566233
0.7122842943431561,2.565494
0.7123447188676167,2.56554
0.7124051433920774,2.56594
0.7124655679165383,2.56562
0.7125259924409989,2.56548
0.7125864169654597,2.566103
0.7126468414899205,2.56536
0.7127072660143813,2.565406
0.7127676905388419,2.565694
0.7128281150633027,2.565069
0.7128885395877634,2.565065
0.7129489641122241,2.56526
0.7130093886366848,2.565038
0.7130698131611458,2.565068
0.7131302376856065,2.565351
0.7131906622100671,2.565141
0.7132510867345279,2.565143
0.7133115112589886,2.565593
0.7133719357834494,2.565291
0.71343236030791,2.565097
0.7134927848323707,2.565384
0.7135532093568315,2.565069
0.7136136338812923,2.565388
0.713674058405753,2.565759
0.7137344829302137,2.564871
0.7137949074546743,2.564753
0.7138553319791352,2.564977
0.7139157565035958,2.564545
0.7139761810280566,2.564729
0.7140366055525174,2.564744
0.7140970300769782,2.564545
0.7141574546014389,2.564197
0.7142178791258997,2.564699
0.7142783036503604,2.564171
0.714338728174821,2.564473
0.7143991526992819,2.564914
0.7144595772237425,2.564251
0.7145200017482033,2.5645
0.714580426272664,2.564665
0.7146408507971248,2.564137
0.7147012753215856,2.564044
0.7147616998460462,2.564342
0.714822124370507,2.563592
0.7148825488949676,2.563633
0.7149429734194283,2.564291
0.7150033979438891,2.564304
0.71506382246835,2.564343
0.7151242469928106,2.564503
0.7151846715172714,2.564006
0.7152450960417321,2.563992
0.7153055205661928,2.564527
0.7153659450906537,2.563936
0.7154263696151143,2.564106
0.7154867941395749,2.564197
0.7155472186640359,2.564005
0.7156076431884967,2.563938
0.7156680677129573,2.564338
0.715728492237418,2.563722
0.7157889167618787,2.563966
0.7158493412863395,2.564204
0.7159097658108002,2.563657
0.7159701903352609,2.564034
0.7160306148597215,2.564349
0.7160910393841825,2.563861
0.7161514639086431,2.56393
0.7162118884331039,2.564085
0.7162723129575645,2.563841
0.7163327374820254,2.563488
0.7163931620064861,2.564048
0.7164535865309467,2.563857
0.7165140110554077,2.563715
0.7165744355798683,2.564137
0.7166348601043291,2.563472
0.7166952846287898,2.563308
0.7167557091532506,2.563562
0.7168161336777112,2.563311
0.7168765582021719,2.563322
0.7169369827266329,2.563138
0.7169974072510935,2.563082
0.7170578317755543,2.563457
0.7171182563000149,2.564029
0.7171786808244757,2.563524
0.7172391053489364,2.56304
0.7172995298733971,2.563382
0.7173599543978578,2.562893
0.7174203789223185,2.563008
0.7174808034467794,2.563736
0.7175412279712401,2.563371
0.7176016524957008,2.56305
0.7176620770201616,2.563132
0.7177225015446224,2.562907
0.717782926069083,2.563063
0.7178433505935438,2.563399
0.7179037751180045,2.562841
0.7179641996424653,2.562979
0.718024624166926,2.563415
0.7180850486913868,2.563392
0.7181454732158475,2.563184
0.7182058977403082,2.56371
0.7182663222647688,2.562943
0.7183267467892297,2.562875
0.7183871713136903,2.563392
0.7184475958381512,2.562848
0.7185080203626119,2.56292
0.7185684448870725,2.563262
0.7186288694115334,2.56331
0.718689293935994,2.563229
0.7187497184604548,2.563794
0.7188101429849155,2.563099
0.7188705675093763,2.562651
0.718930992033837,2.562902
0.7189914165582979,2.562826
0.7190518410827585,2.562733
0.7191122656072192,2.562828
0.7191726901316801,2.562469
0.7192331146561407,2.562656
0.7192935391806015,2.56276
0.7193539637050621,2.562047
0.719414388229523,2.562157
0.7194748127539837,2.562374
0.7195352372784444,2.562055
0.7195956618029051,2.562058
0.7196560863273658,2.56255
0.7197165108518265,2.562045
0.7197769353762873,2.562216
0.7198373599007479,2.56269
0.7198977844252087,2.56231
0.7199582089496697,2.562173
0.7200186334741303,2.562291
0.720079057998591,2.561714
0.7201394825230517,2.561803
0.7201999070475125,2.562312
0.7202603315719732,2.56209
0.7203207560964339,2.561981
0.7203811806208948,2.5621
0.7204416051453555,2.561622
0.7205020296698161,2.56146
0.7205624541942769,2.561773
0.7206228787187376,2.561467
0.7206833032431984,2.561475
0.720743727767659,2.56182
0.7208041522921197,2.561547
0.7208645768165807,2.561488
0.7209250013410413,2.561579
0.7209854258655021,2.561608
0.7210458503899627,2.561372
0.7211062749144234,2.561846
0.7211666994388842,2.561765
0.7212271239633449,2.561546
0.7212875484878056,2.562008
0.7213479730122665,2.56168
0.7214083975367273,2.561787
0.7214688220611879,2.562204
0.7215292465856488,2.561993
0.7215896711101094,2.561766
0.72165009563457,2.562057
0.7217105201590309,2.561892
0.7217709446834918,2.561431
0.7218313692079524,2.561659
0.7218917937324131,2.561301
0.7219522182568738,2.561351
0.7220126427813346,2.561767
0.7220730673057953,2.561129
0.722133491830256,2.561204
0.7221939163547166,2.561558
0.7222543408791774,2.561256
0.7223147654036383,2.561576
0.722375189928099,2.561584
0.7224356144525597,2.561326
0.7224960389770205,2.561291
0.7225564635014812,2.561454
0.7226168880259418,2.56113
0.7226773125504027,2.560994
0.7227377370748633,2.560951
0.7227981615993242,2.560757
0.722858586123785,2.560709
0.7229190106482457,2.561074
0.7229794351727064,2.560598
0.723039859697167,2.560454
0.7231002842216278,2.560936
0.7231607087460885,2.560651
0.7232211332705493,2.560665
0.72328155779501,2.560902
0.7233419823194708,2.560536
0.7234024068439315,2.560585
0.7234628313683922,2.560912
0.7235232558928529,2.560757
0.7235836804173136,2.560936
0.7236441049417744,2.561127
0.7237045294662351,2.560671
0.723764953990696,2.560626
0.7238253785151567,2.560664
0.7238858030396174,2.560276
0.7239462275640781,2.560012
0.7240066520885389,2.560324
0.7240670766129996,2.560185
0.7241275011374603,2.560381
0.7241879256619209,2.560538
0.7242483501863819,2.560562
0.7243087747108427,2.56034
0.7243691992353033,2.560542
0.7244296237597639,2.560345
0.7244900482842247,2.560093
0.7245504728086855,2.560416
0.7246108973331462,2.560278
0.7246713218576069,2.560199
0.7247317463820675,2.560567
0.7247921709065285,2.560065
0.7248525954309891,2.559659
0.7249130199554499,2.559869
0.7249734444799106,2.559796
0.7250338690043714,2.560103
0.725094293528832,2.560488
0.725154718053293,2.560233
0.7252151425777537,2.560166
0.7252755671022143,2.56067
0.7253359916266751,2.559986
0.7253964161511358,2.559817
0.7254568406755966,2.560222
0.7255172652000572,2.559942
0.7255776897245179,2.559664
0.7256381142489788,2.559885
0.7256985387734395,2.559709
0.7257589632979002,2.559726
0.7258193878223609,2.559994
0.7258798123468216,2.559408
0.7259402368712824,2.559622
0.726000661395743,2.560234
0.7260610859202038,2.560062
0.7261215104446646,2.55976
0.7261819349691254,2.559821
0.7262423594935861,2.559321
0.7263027840180469,2.559142
0.7263632085425076,2.559463
0.7264236330669683,2.559359
0.7264840575914291,2.559204
0.7265444821158897,2.559596
0.7266049066403505,2.55933
0.7266653311648112,2.559319
0.726725755689272,2.559371
0.7267861802137328,2.558861
0.7268466047381935,2.558698
0.7269070292626542,2.559128
0.7269674537871148,2.558755
0.7270278783115756,2.558628
0.7270883028360363,2.558973
0.7271487273604972,2.558845
0.7272091518849578,2.558838
0.7272695764094187,2.559122
0.7273300009338793,2.558673
0.72739042545834,2.558662
0.7274508499828007,2.559139
0.7275112745072615,2.558946
0.7275716990317223,2.559085
0.727632123556183,2.559402
0.7276925480806439,2.558553
0.7277529726051045,2.558393
0.7278133971295652,2.558829
0.7278738216540259,2.558897
0.7279342461784867,2.5589
0.7279946707029474,2.559074
0.7280550952274081,2.558495
0.728115519751869,2.558766
0.7281759442763297,2.558995
0.7282363688007903,2.558382
0.7282967933252511,2.558737
0.7283572178497117,2.559104
0.7284176423741725,2.558373
0.7284780668986333,2.558882
0.7285384914230939,2.558758
0.7285989159475547,2.558676
0.7286593404720156,2.558503
0.7287197649964763,2.55876
0.7287801895209369,2.558046
0.7288406140453978,2.558038
0.7289010385698584,2.558403
0.7289614630943192,2.557908
0.7290218876187801,2.557927
0.7290823121432408,2.55799
0.7291427366677015,2.557893
0.7292031611921621,2.557677
0.7292635857166229,2.558151
0.7293240102410836,2.557815
0.7293844347655444,2.557708
0.729444859290005,2.558159
0.7295052838144657,2.558123
0.7295657083389264,2.558062
0.7296261328633873,2.558395
0.729686557387848,2.558186
0.7297469819123087,2.558127
0.7298074064367696,2.558439
0.7298678309612302,2.558214
0.7299282554856908,2.558139
0.7299886800101518,2.558461
0.7300491045346125,2.55816
0.7301095290590732,2.557492
0.730169953583534,2.557744
0.7302303781079947,2.557444
0.7302908026324554,2.557694
0.730351227156916,2.558145
0.7304116516813769,2.557845
0.7304720762058375,2.557773
0.7305325007302984,2.558069
0.730592925254759,2.557807
0.7306533497792198,2.557563
0.7307137743036806,2.557935
0.7307741988281413,2.557283
0.730834623352602,2.557358
0.7308950478770626,2.557993
0.7309554724015235,2.557465
0.7310158969259842,2.557405
0.731076321450445,2.557447
0.7311367459749057,2.557233
0.7311971704993665,2.557278
0.7312575950238271,2.557649
0.7313180195482879,2.557153
0.7313784440727487,2.557054
0.7314388685972093,2.557228
0.7314992931216702,2.556759
0.7315597176461309,2.556884
0.7316201421705917,2.557449
0.7316805666950523,2.557311
0.731740991219513,2.557286
0.7318014157439737,2.557332
0.7318618402684345,2.55716
0.7319222647928952,2.556849
0.731982689317356,2.557232
0.7320431138418168,2.55706
0.7321035383662775,2.557129
0.7321639628907382,2.557552
0.7322243874151989,2.556938
0.7322848119396597,2.556837
0.7323452364641204,2.55702
0.7324056609885811,2.556924
0.732466085513042,2.556899
0.7325265100375027,2.557177
0.7325869345619633,2.556887
0.7326473590864241,2.556763
0.7327077836108848,2.55694
0.7327682081353456,2.556674
0.7328286326598062,2.556397
0.7328890571842669,2.556756
0.7329494817087279,2.556691
0.7330099062331886,2.556745
0.7330703307576493,2.557046
0.7331307552821099,2.556618
0.7331911798065707,2.556893
0.7332516043310314,2.556985
0.7333120288554922,2.556563
0.7333724533799528,2.556453
0.7334328779044138,2.556598
0.7334933024288744,2.556289
0.7335537269533351,2.556307
0.733614151477796,2.556821
0.7336745760022566,2.556369
0.7337350005267174,2.556356
0.7337954250511781,2.556823
0.733855849575639,2.556511
0.7339162741000996,2.556337
0.7339766986245603,2.556269
0.734037123149021,2.555843
0.7340975476734818,2.55581
0.7341579721979425,2.55623
0.7342183967224032,2.556245
0.7342788212468638,2.5562
0.7343392457713246,2.556592
0.7343996702957855,2.55607
0.7344600948202462,2.556352
0.7345205193447069,2.55641
0.7345809438691677,2.555956
0.7346413683936284,2.555895
0.734701792918089,2.556259
0.7347622174425498,2.556186
0.7348226419670105,2.556062
0.7348830664914714,2.55605
0.734943491015932,2.555853
0.7350039155403929,2.555668
0.7350643400648535,2.555926
0.7351247645893143,2.555469
0.735185189113775,2.555641
0.7352456136382357,2.556148
0.7353060381626965,2.555679
0.7353664626871572,2.555581
0.735426887211618,2.555948
0.7354873117360787,2.555687
0.7355477362605395,2.555503
0.7356081607850001,2.555894
0.7356685853094608,2.555378
0.7357290098339215,2.555206
0.7357894343583823,2.55565
0.7358498588828432,2.555238
0.7359102834073038,2.555348
0.7359707079317647,2.555562
0.7360311324562253,2.555082
0.736091556980686,2.555187
0.7361519815051468,2.555369
0.7362124060296075,2.555405
0.7362728305540682,2.555026
0.7363332550785291,2.555555
0.7363936796029898,2.554902
0.7364541041274505,2.554747
0.7365145286519111,2.55503
0.7365749531763719,2.554722
0.7366353777008326,2.554679
0.7366958022252934,2.554919
0.736756226749754,2.554674
0.7368166512742147,2.554881
0.7368770757986757,2.555446
0.7369375003231363,2.555343
0.7369979248475971,2.555316
0.7370583493720577,2.555265
0.7371187738965186,2.55491
0.7371791984209792,2.554983
0.7372396229454399,2.555137
0.7373000474699009,2.554472
0.7373604719943616,2.554652
0.7374208965188223,2.554837
0.737481321043283,2.554386
0.7375417455677438,2.554299
0.7376021700922044,2.554253
0.7376625946166652,2.554457
0.737723019141126,2.554444
0.7377834436655868,2.554815
0.7378438681900474,2.554297
0.7379042927145081,2.55419
0.7379647172389688,2.554299
0.7380251417634296,2.554021
0.7380855662878903,2.553991
0.738145990812351,2.554438
0.7382064153368116,2.55391
0.7382668398612726,2.55395
0.7383272643857333,2.554289
0.738387688910194,2.554304
0.7384481134346548,2.553939
0.7385085379591155,2.554143
0.7385689624835762,2.553825
0.738629387008037,2.55389
0.7386898115324978,2.554315
0.7387502360569584,2.554135
0.7388106605814192,2.554004
0.73887108510588,2.55444
0.7389315096303407,2.554075
0.7389919341548014,2.553836
0.739052358679262,2.553876
0.7391127832037228,2.553335
0.7391732077281835,2.553419
0.7392336322526444,2.55399
0.739294056777105,2.55368
0.7393544813015658,2.553584
0.7394149058260265,2.553878
0.7394753303504873,2.553644
0.7395357548749479,2.553658
0.7395961793994087,2.554034
0.7396566039238694,2.553623
0.7397170284483302,2.553573
0.7397774529727911,2.553651
0.7398378774972517,2.553388
0.7398983020217125,2.553476
0.7399587265461731,2.553514
0.7400191510706339,2.553451
0.7400795755950946,2.553432
0.7401400001195553,2.553214
0.7402004246440161,2.552863
0.7402608491684769,2.552712
0.7403212736929377,2.553486
0.7403816982173983,2.552848
0.7404421227418589,2.552951
0.7405025472663197,2.55354
0.7405629717907805,2.553282
0.7406233963152412,2.553177
0.740683820839702,2.553585
0.7407442453641628,2.55319
0.7408046698886235,2.553103
0.7408650944130841,2.553418
0.740925518937545,2.553046
0.7409859434620056,2.553048
0.7410463679864664,2.553298
0.7411067925109273,2.552527
0.741167217035388,2.552649
0.7412276415598487,2.553093
0.7412880660843093,2.552915
0.7413484906087701,2.55256
0.7414089151332308,2.553019
0.7414693396576916,2.552684
0.7415297641821522,2.552451
0.7415901887066129,2.552719
0.7416506132310736,2.552313
0.7417110377555346,2.5526
0.7417714622799952,2.552943
0.7418318868044559,2.552591
0.7418923113289168,2.552598
0.7419527358533774,2.552628
0.7420131603778382,2.552436
0.7420735849022988,2.552216
0.7421340094267598,2.552532
0.7421944339512204,2.552093
0.7422548584756811,2.551953
0.7423152830001419,2.552385
0.7423757075246026,2.552241
0.7424361320490633,2.552237
0.7424965565735241,2.5521
0.742556981097985,2.551565
0.7426174056224456,2.551627
0.7426778301469062,2.552239
0.742738254671367,2.551891
0.7427986791958278,2.551735
0.7428591037202885,2.551914
0.7429195282447492,2.551797
0.7429799527692098,2.551716
0.7430403772936706,2.551648
0.7431008018181314,2.551339
0.7431612263425922,2.551527
0.7432216508670528,2.55173
0.7432820753915137,2.551549
0.7433424999159743,2.55184
0.743402924440435,2.552086
0.7434633489648959,2.551642
0.7435237734893565,2.551571
0.7435841980138174,2.551804
0.7436446225382781,2.551451
0.7437050470627389,2.551538
0.7437654715871995,2.551787
0.7438258961116603,2.551486
0.7438863206361209,2.551465
0.7439467451605817,2.551862
0.7440071696850424,2.551606
0.7440675942095032,2.551512
0.744128018733964,2.55147
0.7441884432584247,2.551145
0.7442488677828855,2.550758
0.7443092923073461,2.551378
0.7443697168318067,2.551194
0.7444301413562676,2.551209
0.7444905658807283,2.551003
0.7445509904051891,2.550774
0.7446114149296499,2.550842
0.7446718394541106,2.551134
0.7447322639785713,2.550972
0.7447926885030322,2.55056
0.7448531130274928,2.550977
0.7449135375519534,2.55053
0.7449739620764142,2.550324
0.7450343866008751,2.550667
0.7450948111253358,2.55059
0.7451552356497965,2.550664
0.7452156601742571,2.550824
0.7452760846987179,2.550524
0.7453365092231786,2.550488
0.7453969337476394,2.550869
0.7454573582721,2.550383
0.7455177827965607,2.550709
0.7455782073210216,2.550716
0.7456386318454823,2.550425
0.745699056369943,2.550779
0.7457594808944038,2.550786
0.7458199054188646,2.550397
0.7458803299433252,2.550539
0.7459407544677862,2.550495
0.7460011789922468,2.550166
0.7460616035167076,2.550562
0.7461220280411682,2.550549
0.746182452565629,2.550133
0.7462428770900897,2.550142
0.7463033016145504,2.550426
0.7463637261390111,2.549915
0.7464241506634718,2.550197
0.7464845751879328,2.550299
0.7465449997123934,2.549991
0.746605424236854,2.550014
0.7466658487613148,2.550323
0.7467262732857756,2.549902
0.7467866978102363,2.549944
0.746847122334697,2.549886
0.746907546859158,2.54996
0.7469679713836186,2.550121
0.7470283959080792,2.54997
0.7470888204325401,2.549657
0.7471492449570007,2.549786
0.7472096694814615,2.549844
0.7472700940059221,2.549224
0.747330518530383,2.549394
0.7473909430548437,2.549877
0.7474513675793044,2.549719
0.7475117921037652,2.54955
0.7475722166282259,2.549451
0.7476326411526867,2.549451
0.7476930656771473,2.54951
0.747753490201608,2.549838
0.7478139147260687,2.549259
0.7478743392505295,2.549403
0.7479347637749904,2.549866
0.747995188299451,2.549522
0.7480556128239119,2.549906
0.7481160373483725,2.549958
0.7481764618728333,2.549444
0.748236886397294,2.549583
0.7482973109217547,2.54969
0.7483577354462154,2.549293
0.7484181599706763,2.549135
0.748478584495137,2.549097
0.7485390090195977,2.549086
0.7485994335440584,2.549299
0.7486598580685191,2.548969
0.7487202825929798,2.548965
0.7487807071174406,2.54917
0.7488411316419012,2.549086
0.7489015561663621,2.548976
0.7489619806908229,2.549097
0.7490224052152836,2.548939
0.7490828297397443,2.548649
0.7491432542642049,2.549123
0.7492036787886658,2.549062
0.7492641033131264,2.548967
0.7493245278375872,2.549064
0.7493849523620478,2.548987
0.7494453768865088,2.548683
0.7495058014109695,2.548916
0.7495662259354301,2.548934
0.749626650459891,2.548808
0.7496870749843516,2.549497
0.7497474995088124,2.549057
0.7498079240332732,2.548545
0.749868348557734,2.548752
0.7499287730821946,2.548588
0.7499891976066553,2.548316
0.750049622131116,2.54892
0.7501100466555768,2.548874
0.7501704711800375,2.548561
0.7502308957044982,2.548787
0.7502913202289588,2.548448
0.7503517447534196,2.548151
0.7504121692778806,2.548239
0.7504725938023412,2.548146
0.7505330183268019,2.548007
0.7505934428512627,2.548262
0.7506538673757234,2.548181
0.7507142919001841,2.548351
0.750774716424645,2.548671
0.7508351409491058,2.548559
0.7508955654735664,2.547945
0.7509559899980273,2.5484
0.7510164145224879,2.548187
0.7510768390469486,2.547812
0.7511372635714093,2.548039
0.75119768809587,2.548031
0.7512581126203309,2.547736
0.7513185371447916,2.548136
0.7513789616692522,2.548153
0.751439386193713,2.548101
0.7514998107181737,2.54803
0.7515602352426345,2.547692
0.7516206597670951,2.547484
0.7516810842915558,2.547821
0.7517415088160166,2.547602
0.7518019333404774,2.547312
0.7518623578649382,2.547479
0.7519227823893989,2.547424
0.7519832069138597,2.547249
0.7520436314383203,2.547677
0.7521040559627812,2.547457
0.7521644804872418,2.547516
0.7522249050117025,2.547827
0.7522853295361633,2.547513
0.7523457540606241,2.547394
0.7524061785850849,2.547597
0.7524666031095455,2.547461
0.7525270276340063,2.547611
0.7525874521584669,2.547801
0.7526478766829277,2.547476
0.7527083012073884,2.547235
0.7527687257318492,2.547645
0.7528291502563099,2.547482
0.7528895747807707,2.547027
0.7529499993052314,2.547668
0.7530104238296921,2.547067
0.7530708483541528,2.546925
0.7531312728786136,2.54728
0.7531916974030742,2.546986
0.7532521219275352,2.54688
0.7533125464519959,2.547133
0.7533729709764566,2.547018
0.7534333955009173,2.5468
0.7534938200253781,2.547124
0.7535542445498388,2.546748
0.7536146690742994,2.546649
0.7536750935987602,2.54701
0.7537355181232208,2.546934
0.7537959426476818,2.546804
0.7538563671721424,2.546818
0.7539167916966031,2.54653
0.7539772162210638,2.546396
0.7540376407455246,2.546646
0.7540980652699854,2.546152
0.754158489794446,2.546457
0.754218914318907,2.546558
0.7542793388433676,2.546262
0.7543397633678283,2.545872
0.7544001878922891,2.546344
0.7544606124167498,2.546484
0.7545210369412105,2.546374
0.7545814614656712,2.546585
0.7546418859901322,2.546121
0.7547023105145928,2.546116
0.7547627350390536,2.546408
0.7548231595635142,2.546108
0.754883584087975,2.545993
0.7549440086124357,2.546214
0.7550044331368964,2.545822
0.7550648576613571,2.545948
0.7551252821858178,2.546186
0.7551857067102787,2.546008
0.7552461312347394,2.545777
0.7553065557592,2.546094
0.7553669802836609,2.54559
0.7554274048081215,2.545684
0.7554878293325823,2.546105
0.755548253857043,2.545605
0.7556086783815037,2.54576
0.7556691029059646,2.545924
0.7557295274304254,2.545622
0.7557899519548861,2.545645
0.7558503764793467,2.545859
0.7559108010038075,2.545438
0.7559712255282681,2.545402
0.756031650052729,2.546036
0.7560920745771896,2.545344
0.7561524991016504,2.545241
0.7562129236261111,2.545487
0.7562733481505719,2.544956
0.7563337726750327,2.545092
0.7563941971994933,2.545535
0.756454621723954,2.545236
0.7565150462484148,2.544944
0.7565754707728755,2.545198
0.7566358952973363,2.544921
0.756696319821797,2.544864
0.7567567443462578,2.545263
0.7568171688707185,2.544839
0.7568775933951792,2.544917
0.75693801791964,2.545223
0.7569984424441006,2.544812
0.7570588669685614,2.544557
0.7571192914930223,2.544787
0.757179716017483,2.544342
0.7572401405419437,2.544236
0.7573005650664044,2.544627
0.7573609895908651,2.544355
0.7574214141153258,2.544218
0.7574818386397866,2.54453
0.7575422631642472,2.544266
0.7576026876887081,2.544414
0.7576631122131687,2.544872
0.7577235367376296,2.543959
0.7577839612620902,2.544196
0.7578443857865509,2.544704
0.7579048103110118,2.544273
0.7579652348354724,2.5444
0.7580256593599332,2.544621
0.758086083884394,2.544405
0.7581465084088548,2.544363
0.7582069329333154,2.544764
0.7582673574577763,2.544564
0.7583277819822369,2.544319
0.7583882065066976,2.544572
0.7584486310311583,2.544197
0.758509055555619,2.544398
0.75856948008008,2.544472
0.7586299046045406,2.543935
0.7586903291290013,2.543911
0.758750753653462,2.544154
0.7588111781779228,2.543752
0.7588716027023835,2.543653
0.7589320272268442,2.544119
0.7589924517513048,2.543876
0.7590528762757658,2.54385
0.7591133008002265,2.544172
0.7591737253246872,2.544044
0.7592341498491479,2.544121
0.7592945743736087,2.54422
0.7593549988980693,2.543845
0.7594154234225302,2.543904
0.759475847946991,2.544031
0.7595362724714517,2.543563
0.7595966969959124,2.543282
0.7596571215203732,2.543755
0.7597175460448339,2.54337
0.7597779705692945,2.543467
0.7598383950937553,2.543738
0.7598988196182159,2.543111
0.7599592441426767,2.543207
0.7600196686671375,2.543675
0.7600800931915982,2.543167
0.760140517716059,2.543029
0.7602009422405197,2.543462
0.7602613667649805,2.543075
0.7603217912894411,2.542884
0.760382215813902,2.543513
0.7604426403383626,2.543498
0.7605030648628234,2.543311
0.7605634893872842,2.543496
0.7606239139117449,2.542958
0.7606843384362056,2.543199
0.7607447629606663,2.543329
0.7608051874851272,2.543021
0.7608656120095878,2.543051
0.7609260365340484,2.543374
0.7609864610585093,2.542899
0.76104688558297,2.543023
0.7611073101074308,2.543187
0.7611677346318915,2.54278
0.7612281591563521,2.542532
0.7612885836808129,2.543049
0.7613490082052736,2.542558
0.7614094327297344,2.542425
0.7614698572541951,2.542968
0.761530281778656,2.542601
0.7615907063031166,2.542352
0.7616511308275774,2.542577
0.7617115553520382,2.542398
0.7617719798764988,2.542499
0.7618324044009596,2.542797
0.7618928289254205,2.54257
0.7619532534498812,2.542426
0.7620136779743418,2.542491
0.7620741024988026,2.541979
0.7621345270232632,2.542008
0.7621949515477241,2.542578
0.7622553760721847,2.542145
0.7623158005966454,2.542117
0.7623762251211061,2.542369
0.7624366496455668,2.542161
0.7624970741700278,2.542166
0.7625574986944884,2.542637
0.7626179232189491,2.541972
0.7626783477434099,2.54181
0.7627387722678706,2.542306
0.7627991967923313,2.542309
0.7628596213167922,2.541976
0.762920045841253,2.542092
0.7629804703657136,2.541686
0.7630408948901745,2.54125
0.7631013194146351,2.541713
0.7631617439390957,2.541267
0.7632221684635565,2.541546
0.7632825929880172,2.541938
0.7633430175124781,2.541355
0.7634034420369388,2.541297
0.7634638665613995,2.541806
0.7635242910858602,2.541523
0.7635847156103209,2.541268
0.7636451401347817,2.541644
0.7637055646592423,2.541615
0.7637659891837031,2.541568
0.763826413708164,2.541884
0.7638868382326247,2.541324
0.7639472627570854,2.541317
0.764007687281546,2.541747
0.7640681118060069,2.541227
0.7641285363304675,2.541342
0.7641889608549283,2.541379
0.764249385379389,2.540971
0.7643098099038497,2.540735
0.7643702344283105,2.541217
0.7644306589527714,2.540878
0.764491083477232,2.541259
0.7645515080016927,2.541382
0.7646119325261534,2.540714
0.7646723570506141,2.541021
0.764732781575075,2.541469
0.7647932060995356,2.540838
0.7648536306239964,2.540527
0.7649140551484571,2.5412
0.7649744796729178,2.540531
0.7650349041973786,2.540795
0.7650953287218393,2.540993
0.7651557532462999,2.540633
0.7652161777707608,2.540956
0.7652766022952214,2.540848
0.7653370268196823,2.540478
0.765397451344143,2.540595
0.7654578758686038,2.5409
0.7655183003930645,2.540097
0.7655787249175253,2.540448
0.765639149441986,2.540438
0.7656995739664466,2.540225
0.7657599984909074,2.540225
0.7658204230153681,2.540756
0.765880847539829,2.540226
0.7659412720642896,2.540201
0.7660016965887504,2.540499
0.766062121113211,2.539718
0.7661225456376718,2.539836
0.7661829701621325,2.540413
0.7662433946865932,2.539701
0.766303819211054,2.539886
0.7663642437355148,2.540326
0.7664246682599756,2.539791
0.7664850927844362,2.5403
0.7665455173088971,2.540689
0.7666059418333577,2.540206
0.7666663663578184,2.540319
0.7667267908822794,2.540614
0.76678721540674,2.540234
0.7668476399312008,2.540238
0.7669080644556614,2.540447
0.7669684889801223,2.540143
0.7670289135045829,2.5401
0.7670893380290436,2.540103
0.7671497625535043,2.540137
0.767210187077965,2.539819
0.7672706116024259,2.539946
0.7673310361268866,2.539627
0.7673914606513472,2.539609
0.767451885175808,2.540186
0.7675123097002687,2.539725
0.7675727342247295,2.539555
0.7676331587491901,2.539777
0.7676935832736511,2.539339
0.7677540077981118,2.53955
0.7678144323225725,2.539813
0.7678748568470333,2.539705
0.7679352813714939,2.539774
0.7679957058959547,2.539739
0.7680561304204153,2.539771
0.7681165549448762,2.539487
0.7681769794693369,2.539544
0.7682374039937977,2.539065
0.7682978285182583,2.539276
0.7683582530427192,2.539578
0.7684186775671799,2.539062
0.7684791020916405,2.538959
0.7685395266161013,2.539361
0.7685999511405619,2.539088
0.7686603756650227,2.53923
0.7687208001894835,2.539554
0.7687812247139442,2.539267
0.768841649238405,2.538885
0.7689020737628657,2.538775
0.7689624982873264,2.538529
0.7690229228117872,2.538311
0.769083347336248,2.538964
0.7691437718607086,2.538421
0.7692041963851696,2.538503
0.7692646209096302,2.538487
0.7693250454340909,2.538264
0.7693854699585516,2.538177
0.7694458944830123,2.538618
0.7695063190074731,2.538408
0.7695667435319338,2.53831
0.7696271680563944,2.538886
0.7696875925808553,2.538363
0.7697480171053159,2.538788
0.7698084416297768,2.538853
0.7698688661542374,2.538313
0.7699292906786981,2.538265
0.769989715203159,2.538243
0.7700501397276196,2.538062
0.7701105642520804,2.537943
0.7701709887765412,2.538187
0.770231413301002,2.537935
0.7702918378254626,2.538179
0.7703522623499235,2.5385
0.7704126868743841,2.53832
0.7704731113988448,2.538093
0.7705335359233055,2.538186
0.7705939604477662,2.537806
0.7706543849722272,2.53791
0.7707148094966878,2.53807
0.7707752340211486,2.538047
0.7708356585456092,2.537891
0.7708960830700701,2.538047
0.7709565075945307,2.537898
0.7710169321189914,2.53752
0.7710773566434521,2.537781
0.771137781167913,2.537476
0.7711982056923737,2.537219
0.7712586302168344,2.53783
0.771319054741295,2.537645
0.7713794792657559,2.537756
0.7714399037902165,2.537997
0.7715003283146773,2.537504
0.7715607528391382,2.537415
0.7716211773635989,2.537882
0.7716816018880596,2.537309
0.7717420264125204,2.537466
0.7718024509369811,2.537648
0.7718628754614417,2.537385
0.7719232999859025,2.537266
0.7719837245103631,2.537666
0.7720441490348241,2.537187
0.7721045735592847,2.53686
0.7721649980837455,2.53756
0.7722254226082061,2.537242
0.7722858471326668,2.536955
0.7723462716571277,2.537382
0.7724066961815883,2.536716
0.7724671207060491,2.53649
0.7725275452305098,2.536866
0.7725879697549707,2.536972
0.7726483942794313,2.537048
0.7727088188038922,2.537283
0.7727692433283528,2.536811
0.7728296678528135,2.536879
0.7728900923772744,2.536765
0.772950516901735,2.536732
0.7730109414261956,2.536354
0.7730713659506565,2.536743
0.7731317904751172,2.536364
0.773192214999578,2.536416
0.7732526395240387,2.536612
0.7733130640484994,2.536074
0.7733734885729601,2.536322
0.7734339130974209,2.536522
0.7734943376218816,2.536474
0.7735547621463423,2.536158
0.7736151866708031,2.536391
0.7736756111952638,2.535814
0.7737360357197246,2.535715
0.7737964602441852,2.536578
0.7738568847686461,2.536059
0.7739173092931068,2.535841
0.7739777338175674,2.53621
0.7740381583420284,2.53612
0.774098582866489,2.536139
0.7741590073909498,2.536233
0.7742194319154104,2.536097
0.7742798564398713,2.536073
0.7743402809643319,2.536124
0.7744007054887926,2.53589
0.7744611300132533,2.535848
0.774521554537714,2.536393
0.774581979062175,2.536221
0.7746424035866356,2.535761
0.7747028281110964,2.535783
0.774763252635557,2.535723
0.7748236771600178,2.53581
0.7748841016844785,2.536213
0.7749445262089392,2.535635
0.7750049507334001,2.535764
0.7750653752578608,2.53592
0.7751257997823215,2.535371
0.7751862243067823,2.535524
0.7752466488312431,2.53583
0.7753070733557037,2.535387
0.7753674978801643,2.535361
0.7754279224046253,2.535676
0.775488346929086,2.535144
0.7755487714535467,2.535078
0.7756091959780074,2.535469
0.7756696205024682,2.535082
0.7757300450269289,2.534925
0.7757904695513895,2.535321
0.7758508940758503,2.534986
0.7759113186003109,2.53487
0.7759717431247719,2.535307
0.7760321676492326,2.535095
0.7760925921736932,2.534975
0.7761530166981541,2.535629
0.7762134412226147,2.535285
0.7762738657470755,2.535254
0.7763342902715362,2.535336
0.7763947147959971,2.535088
0.7764551393204577,2.534718
0.7765155638449186,2.535128
0.7765759883693792,2.534666
0.7766364128938399,2.53478
0.7766968374183006,2.535191
0.7767572619427613,2.534807
0.7768176864672222,2.53499
0.7768781109916828,2.535318
0.7769385355161437,2.534946
0.7769989600406043,2.535003
0.777059384565065,2.534924
0.7771198090895258,2.534753
0.7771802336139865,2.534374
0.7772406581384472,2.534513
0.777301082662908,2.534449
0.7773615071873686,2.534471
0.7774219317118295,2.534577
0.7774823562362904,2.534475
0.777542780760751,2.533992
0.7776032052852117,2.534204
0.7776636298096725,2.533829
0.7777240543341332,2.534024
0.7777844788585939,2.53431
0.7778449033830546,2.533641
0.7779053279075153,2.533503
0.7779657524319762,2.534209
0.7780261769564368,2.533873
0.7780866014808976,2.534042
0.7781470260053582,2.534307
0.7782074505298191,2.533967
0.7782678750542797,2.534065
0.7783282995787404,2.534334
0.7783887241032013,2.533807
0.778449148627662,2.533654
0.7785095731521228,2.534087
0.7785699976765834,2.533727
0.7786304222010441,2.533606
0.7786908467255049,2.534009
0.7787512712499656,2.533415
0.7788116957744263,2.533568
0.7788721202988872,2.533856
0.778932544823348,2.533324
0.7789929693478086,2.533376
0.7790533938722695,2.533758
0.7791138183967301,2.533318
0.7791742429211908,2.533312
0.7792346674456515,2.533907
0.7792950919701122,2.533292
0.7793555164945731,2.533338
0.7794159410190338,2.533491
0.7794763655434945,2.533174
0.7795367900679552,2.533212
0.7795972145924158,2.533433
0.7796576391168767,2.53317
0.7797180636413373,2.532971
0.7797784881657981,2.533432
0.779838912690259,2.533304
0.7798993372147197,2.53308
0.7799597617391804,2.53371
0.7800201862636412,2.532933
0.7800806107881019,2.532773
0.7801410353125625,2.533084
0.7802014598370234,2.533057
0.7802618843614841,2.532835
0.7803223088859449,2.53309
0.7803827334104055,2.532398
0.7804431579348662,2.532526
0.780503582459327,2.532836
0.7805640069837877,2.53229
0.7806244315082485,2.532332
0.7806848560327091,2.532633
0.7807452805571701,2.532362
0.7808057050816307,2.532428
0.7808661296060915,2.533046
0.7809265541305521,2.532571
0.7809869786550129,2.532449
0.7810474031794736,2.532783
0.7811078277039343,2.532473
0.7811682522283951,2.532091
0.7812286767528558,2.532228
0.7812891012773167,2.532021
0.7813495258017774,2.532174
0.7814099503262382,2.532537
0.7814703748506988,2.532201
0.7815307993751595,2.532166
0.7815912238996203,2.532463
0.781651648424081,2.532159
0.7817120729485416,2.532267
0.7817724974730025,2.532834
0.7818329219974631,2.532306
0.781893346521924,2.532155
0.7819537710463846,2.532369
0.7820141955708454,2.53199
0.782074620095306,2.532259
0.7821350446197669,2.532435
0.7821954691442276,2.532036
0.7822558936686883,2.531951
0.7823163181931492,2.532232
0.7823767427176098,2.531691
0.7824371672420706,2.531737
0.7824975917665313,2.531878
0.7825580162909921,2.531649
0.7826184408154527,2.531911
0.7826788653399134,2.53206
0.7827392898643744,2.531974
0.782799714388835,2.531847
0.7828601389132958,2.53245
0.7829205634377564,2.532211
0.7829809879622173,2.531863
0.7830414124866779,2.531908
0.7831018370111386,2.531553
0.7831622615355993,2.531581
0.78322268606006,2.532157
0.7832831105845209,2.531325
0.7833435351089816,2.531255
0.7834039596334423,2.531801
0.7834643841579031,2.531436
0.7835248086823637,2.531244
0.7835852332068245,2.531617
0.7836456577312855,2.531135
0.7837060822557461,2.531295
0.7837665067802068,2.531475
0.7838269313046676,2.531375
0.7838873558291283,2.531198
0.783947780353589,2.531348
0.7840082048780497,2.531108
0.7840686294025103,2.530974
0.7841290539269713,2.531431
0.7841894784514319,2.531111
0.7842499029758927,2.531006
0.7843103275003533,2.531355
0.784370752024814,2.530828
0.7844311765492749,2.531151
0.7844916010737355,2.531217
0.7845520255981963,2.53074
0.7846124501226571,2.531013
0.7846728746471179,2.531151
0.7847332991715785,2.530607
0.7847937236960394,2.530916
0.7848541482205,2.530885
0.7849145727449607,2.53054
0.7849749972694215,2.530397
0.7850354217938822,2.530649
0.785095846318343,2.530228
0.7851562708428037,2.530198
0.7852166953672645,2.530345
0.7852771198917252,2.530245
0.7853375444161859,2.530483
0.7853979689406466,2.53035
0.7854583934651073,2.530114
0.7855188179895681,2.530316
0.7855792425140288,2.530501
0.7856396670384896,2.529784
0.7857000915629503,2.530269
0.7857605160874112,2.530426
0.7858209406118718,2.530155
0.7858813651363324,2.530063
0.7859417896607932,2.53047
0.786002214185254,2.529947
0.7860626387097146,2.530132
0.7861230632341755,2.530548
0.7861834877586363,2.529874
0.786243912283097,2.529957
0.7863043368075576,2.530307
0.7863647613320185,2.529964
0.7864251858564791,2.530212
0.7864856103809399,2.530462
0.7865460349054005,2.529933
0.7866064594298613,2.529523
0.7866668839543222,2.529965
0.7867273084787828,2.529621
0.7867877330032436,2.529611
0.7868481575277042,2.530174
0.7869085820521649,2.529977
0.7869690065766257,2.529861
0.7870294311010864,2.530372
0.7870898556255471,2.529907
0.787150280150008,2.529873
0.7872107046744687,2.53015
0.7872711291989294,2.530013
0.7873315537233903,2.530078
0.7873919782478509,2.530471
0.7874524027723115,2.529763
0.7875128272967725,2.529561
0.7875732518212332,2.529845
0.7876336763456939,2.529451
0.7876941008701546,2.529533
0.7877545253946154,2.529531
0.7878149499190761,2.529066
0.7878753744435367,2.529184
0.7879357989679975,2.529369
0.7879962234924581,2.528806
0.7880566480169191,2.529144
0.7881170725413797,2.529575
0.7881774970658405,2.52907
0.7882379215903011,2.529161
0.788298346114762,2.529554
0.7883587706392227,2.529002
0.7884191951636833,2.529042
0.7884796196881443,2.52902
0.7885400442126049,2.52884
0.7886004687370657,2.528674
0.7886608932615264,2.528948
0.7887213177859872,2.52883
0.7887817423104478,2.52893
0.7888421668349085,2.529
0.7889025913593694,2.528721
0.7889630158838301,2.528835
0.7890234404082909,2.528956
0.7890838649327515,2.528689
0.7891442894572122,2.528775
0.789204713981673,2.528574
0.7892651385061337,2.528292
0.7893255630305944,2.528189
0.7893859875550551,2.528554
0.7894464120795159,2.528344
0.7895068366039767,2.528259
0.7895672611284374,2.528275
0.7896276856528982,2.52798
0.7896881101773588,2.528086
0.7897485347018196,2.528128
0.7898089592262804,2.527974
0.7898693837507411,2.528227
0.7899298082752018,2.528168
0.7899902327996626,2.528131
0.7900506573241234,2.528031
0.7901110818485841,2.527909
0.7901715063730448,2.527517
0.7902319308975054,2.52769
0.7902923554219663,2.528159
0.7903527799464269,2.527778
0.7904132044708876,2.52763
0.7904736289953485,2.527553
0.7905340535198091,2.527632
0.79059447804427,2.52743
0.7906549025687306,2.527829
0.7907153270931914,2.527499
0.7907757516176521,2.527707
0.7908361761421129,2.527704
0.7908966006665735,2.527451
0.7909570251910345,2.527706
0.7910174497154951,2.527323
0.7910778742399558,2.527148
0.7911382987644167,2.527109
0.7911987232888773,2.527379
0.7912591478133381,2.527096
0.7913195723377987,2.527277
0.7913799968622593,2.527539
0.7914404213867203,2.52721
0.791500845911181,2.527237
0.7915612704356417,2.52738
0.7916216949601024,2.526934
0.791682119484563,2.527098
0.7917425440090239,2.527314
0.7918029685334845,2.526864
0.7918633930579453,2.526965
0.7919238175824062,2.526702
0.7919842421068669,2.526901
0.7920446666313276,2.526824
0.7921050911557883,2.526738
0.7921655156802491,2.526715
0.7922259402047097,2.527045
0.7922863647291705,2.526841
0.7923467892536314,2.526424
0.7924072137780921,2.526726
0.7924676383025527,2.526702
0.7925280628270136,2.526414
0.7925884873514741,2.526636
0.792648911875935,2.526634
0.7927093364003958,2.526353
0.7927697609248563,2.526839
0.7928301854493173,2.526639
0.7928906099737779,2.525964
0.7929510344982387,2.526429
0.7930114590226994,2.526244
0.7930718835471602,2.526079
0.7931323080716208,2.526435
0.7931927325960815,2.526372
0.7932531571205422,2.526124
0.7933135816450031,2.526571
0.7933740061694639,2.52617
0.7934344306939245,2.525974
0.7934948552183851,2.526347
0.793555279742846,2.526129
0.7936157042673067,2.525875
0.7936761287917674,2.526232
0.7937365533162282,2.526158
0.7937969778406889,2.52595
0.7938574023651497,2.526283
0.7939178268896105,2.52627
0.7939782514140711,2.52578
0.7940386759385318,2.52611
0.7940991004629927,2.525956
0.7941595249874532,2.525764
0.7942199495119141,2.526206
0.7942803740363747,2.525996
0.7943407985608356,2.526002
0.7944012230852964,2.526142
0.7944616476097571,2.525865
0.7945220721342178,2.525718
0.7945824966586784,2.52595
0.7946429211831393,2.525685
0.7947033457075999,2.525694
0.7947637702320606,2.525911
0.7948241947565216,2.525537
0.7948846192809821,2.525407
0.794945043805443,2.525448
0.7950054683299037,2.525475
0.7950658928543644,2.525162
0.7951263173788251,2.525198
0.7951867419032856,2.525554
0.7952471664277465,2.525202
0.7953075909522075,2.5253
0.795368015476668,2.525153
0.7954284400011288,2.524984
0.7954888645255896,2.525446
0.7955492890500502,2.525477
0.795609713574511,2.524933
0.7956701380989717,2.525507
0.7957305626234323,2.525197
0.7957909871478933,2.524857
0.795851411672354,2.525228
0.7959118361968147,2.525024
0.7959722607212754,2.525048
0.7960326852457362,2.525565
0.7960931097701969,2.525238
0.7961535342946575,2.524964
0.7962139588191185,2.524924
0.7962743833435789,2.524617
0.7963348078680399,2.524439
0.7963952323925007,2.524843
0.7964556569169613,2.524677
0.796516081441422,2.524427
0.7965765059658827,2.524891
0.7966369304903435,2.524371
0.7966973550148044,2.52417
0.7967577795392651,2.524536
0.7968182040637257,2.524502
0.7968786285881865,2.524137
0.7969390531126472,2.524564
0.796999477637108,2.524431
0.7970599021615686,2.524416
0.7971203266860294,2.524283
0.7971807512104903,2.524229
0.7972411757349509,2.523991
0.7973016002594118,2.524487
0.7973620247838723,2.523556
0.7974224493083332,2.52365
0.7974828738327939,2.52428
0.7975432983572545,2.523764
0.7976037228817153,2.523673
0.7976641474061759,2.524055
0.7977245719306368,2.524049
0.7977849964550976,2.523848
0.7978454209795581,2.524093
0.797905845504019,2.523794
0.7979662700284796,2.523713
0.7980266945529404,2.524012
0.7980871190774012,2.523401
0.7981475436018619,2.523507
0.7982079681263227,2.523831
0.7982683926507834,2.523586
0.7983288171752442,2.523308
0.7983892416997048,2.52349
0.7984496662241656,2.523371
0.7985100907486263,2.523591
0.798570515273087,2.523877
0.7986309397975477,2.523854
0.7986913643220087,2.52366
0.7987517888464692,2.523835
0.7988122133709301,2.523603
0.7988726378953909,2.523392
0.7989330624198514,2.524065
0.7989934869443123,2.523685
0.7990539114687729,2.523232
0.7991143359932336,2.523525
0.7991747605176945,2.523072
0.7992351850421553,2.523118
0.7992956095666159,2.523659
0.7993560340910766,2.523116
0.7994164586155375,2.523463
0.7994768831399981,2.523757
0.7995373076644589,2.522977
0.7995977321889197,2.522897
0.7996581567133803,2.523362
0.7997185812378411,2.522906
0.799779005762302,2.52262
0.7998394302867625,2.522835
0.7998998548112233,2.52282
0.7999602793356838,2.523144
0.8000207038601447,2.52335
0.8000811283846057,2.522911
0.8001415529090661,2.522815
0.800201977433527,2.523093
0.8002624019579878,2.522932
0.8003228264824483,2.522917
0.8003832510069092,2.522943
0.8004436755313699,2.522752
0.8005041000558305,2.522532
0.8005645245802915,2.522488
0.8006249491047521,2.522425
0.8006853736292129,2.522328
0.8007457981536735,2.522515
0.8008062226781344,2.522271
0.800866647202595,2.522275
0.8009270717270557,2.522651
0.8009874962515166,2.522167
0.8010479207759771,2.522327
0.8011083453004381,2.522132
0.8011687698248988,2.521996
0.8012291943493595,2.521642
0.8012896188738202,2.522419
0.8013500433982808,2.521764
0.8014104679227416,2.521928
0.8014708924472024,2.522412
0.801531316971663,2.521758
0.8015917414961239,2.521335
0.8016521660205846,2.521679
0.8017125905450453,2.521456
0.8017730150695062,2.521721
0.8018334395939668,2.522031
0.8018938641184274,2.521588
0.8019542886428883,2.521423
0.802014713167349,2.521669
0.8020751376918098,2.521165
0.8021355622162705,2.520988
0.8021959867407313,2.521658
0.802256411265192,2.521391
0.8023168357896526,2.521385
0.8023772603141135,2.521516
0.802437684838574,2.521338
0.8024981093630349,2.520902
0.8025585338874958,2.521544
0.8026189584119564,2.521325
0.8026793829364172,2.520846
0.8027398074608778,2.521088
0.8028002319853386,2.521071
0.8028606565097993,2.520997
0.8029210810342601,2.521054
0.8029815055587207,2.520607
0.8030419300831816,2.520731
0.8031023546076423,2.521032
0.8031627791321031,2.520796
0.8032232036565637,2.520913
0.8032836281810245,2.52109
0.8033440527054851,2.52072
0.8034044772299459,2.520585
0.8034649017544069,2.520869
0.8035253262788674,2.520735
0.8035857508033283,2.520662
0.803646175327789,2.521024
0.8037065998522496,2.520894
0.8037670243767104,2.520814
0.803827448901171,2.52083
0.8038878734256318,2.520865
0.8039482979500927,2.520901
0.8040087224745531,2.521186
0.8040691469990141,2.52075
0.8041295715234748,2.520407
0.8041899960479355,2.52079
0.8042504205723963,2.52052
0.804310845096857,2.520007
0.8043712696213177,2.520476
0.8044316941457783,2.520223
0.8044921186702393,2.520014
0.8045525431946999,2.520532
0.8046129677191607,2.520402
0.8046733922436214,2.520248
0.804733816768082,2.520412
0.8047942412925428,2.520303
0.8048546658170037,2.520119
0.8049150903414642,2.520352
0.8049755148659251,2.519988
0.8050359393903859,2.519851
0.8050963639148465,2.520302
0.8051567884393074,2.520104
0.805217212963768,2.519913
0.8052776374882287,2.520055
0.8053380620126895,2.519563
0.8053984865371504,2.519717
0.805458911061611,2.520219
0.8055193355860717,2.519413
0.8055797601105326,2.519549
0.8056401846349932,2.520192
0.805700609159454,2.519536
0.8057610336839147,2.519628
0.8058214582083753,2.519815
0.8058818827328362,2.519495
0.8059423072572971,2.51941
0.8060027317817576,2.519873
0.8060631563062184,2.519251
0.8061235808306789,2.519153
0.8061840053551398,2.519406
0.8062444298796005,2.519026
0.8063048544040612,2.519243
0.806365278928522,2.51957
0.8064257034529828,2.519019
0.8064861279774435,2.518903
0.8065465525019043,2.519492
0.806606977026365,2.519096
0.8066674015508256,2.51886
0.8067278260752865,2.51927
0.8067882505997471,2.518818
0.8068486751242079,2.519048
0.8069090996486686,2.519073
0.8069695241731295,2.518775
0.8070299486975901,2.518688
0.8070903732220508,2.519
0.8071507977465117,2.518359
0.8072112222709722,2.518403
0.8072716467954331,2.518923
0.8073320713198939,2.518534
0.8073924958443546,2.518502
0.8074529203688153,2.519009
0.8075133448932761,2.518422
0.8075737694177367,2.518425
0.8076341939421975,2.51865
0.8076946184666582,2.518377
0.8077550429911189,2.51855
0.8078154675155795,2.518321
0.8078758920400404,2.51796
0.8079363165645013,2.517874
0.8079967410889619,2.517893
0.8080571656134226,2.517812
0.8081175901378833,2.517574
0.8081780146623441,2.518142
0.8082384391868048,2.517808
0.8082988637112655,2.517759
0.8083592882357264,2.51796
0.8084197127601871,2.517586
0.8084801372846477,2.51781
0.8085405618091086,2.518036
0.8086009863335691,2.517546
0.80866141085803,2.517393
0.8087218353824908,2.517593
0.8087822599069513,2.517249
0.8088426844314123,2.517036
0.8089031089558729,2.51785
0.8089635334803337,2.51734
0.8090239580047944,2.517123
0.8090843825292552,2.517676
0.8091448070537158,2.517135
0.8092052315781765,2.517263
0.8092656561026375,2.517462
0.8093260806270981,2.516841
0.8093865051515589,2.516547
0.8094469296760196,2.516932
0.8095073542004803,2.516521
0.809567778724941,2.516922
0.8096282032494019,2.51714
0.8096886277738624,2.516813
0.8097490522983234,2.516627
0.8098094768227838,2.516897
0.8098699013472447,2.516865
0.8099303258717055,2.516923
0.8099907503961661,2.517139
0.810051174920627,2.51647
0.8101115994450877,2.516566
0.8101720239695482,2.516925
0.8102324484940092,2.516882
0.8102928730184699,2.516572
0.8103532975429306,2.51675
0.8104137220673914,2.516424
0.8104741465918521,2.516818
0.8105345711163128,2.517002
0.8105949956407734,2.516652
0.8106554201652343,2.5166
0.8107158446896949,2.516796
0.8107762692141558,2.516458
0.8108366937386166,2.516081
0.8108971182630771,2.516335
0.810957542787538,2.51578
0.8110179673119988,2.515901
0.8110783918364594,2.51656
0.8111388163609201,2.515837
0.8111992408853809,2.515665
0.8112596654098416,2.51564
0.8113200899343025,2.5159
0.8113805144587631,2.515889
0.8114409389832238,2.516338
0.8115013635076845,2.51588
0.8115617880321453,2.515798
0.811622212556606,2.51637
0.8116826370810667,2.515983
0.8117430616055277,2.515579
0.8118034861299883,2.515924
0.8118639106544491,2.515552
0.8119243351789098,2.515716
0.8119847597033704,2.515735
0.8120451842278312,2.51534
0.8121056087522922,2.515686
0.8121660332767525,2.515568
0.8122264578012135,2.51528
0.812286882325674,2.515249
0.8123473068501349,2.515861
0.8124077313745957,2.515474
0.8124681558990563,2.5153
0.812528580423517,2.515488
0.8125890049479778,2.515043
0.8126494294724385,2.514802
0.8127098539968994,2.51514
0.8127702785213601,2.514807
0.8128307030458207,2.514909
0.8128911275702815,2.514912
0.8129515520947422,2.515
0.813011976619203,2.514943
0.8130724011436636,2.515056
0.8131328256681246,2.514957
0.8131932501925853,2.514807
0.8132536747170459,2.514612
0.8133140992415068,2.514235
0.8133745237659673,2.514483
0.8134349482904282,2.514931
0.8134953728148889,2.514203
0.8135557973393495,2.51423
0.8136162218638104,2.514606
0.8136766463882711,2.514244
0.8137370709127318,2.514221
0.8137974954371926,2.514769
0.8138579199616534,2.514283
0.813918344486114,2.514583
0.8139787690105746,2.514976
0.8140391935350355,2.514577
0.8140996180594964,2.51452
0.814160042583957,2.515059
0.8142204671084178,2.514256
0.8142808916328784,2.514158
0.8143413161573392,2.514509
0.8144017406818,2.513974
0.8144621652062606,2.513957
0.8145225897307213,2.514316
0.814583014255182,2.514014
0.8146434387796428,2.513953
0.8147038633041037,2.514213
0.8147642878285642,2.513763
0.8148247123530251,2.513923
0.8148851368774859,2.514042
0.8149455614019464,2.513826
0.8150059859264073,2.51392
0.8150664104508679,2.514003
0.8151268349753288,2.513663
0.8151872594997895,2.513553
0.8152476840242503,2.51393
0.8153081085487109,2.513545
0.8153685330731716,2.513792
0.8154289575976325,2.51402
0.8154893821220931,2.513276
0.8155498066465539,2.513048
0.8156102311710147,2.513786
0.8156706556954754,2.513355
0.8157310802199361,2.513188
0.815791504744397,2.513586
0.8158519292688575,2.513011
0.8159123537933183,2.512853
0.8159727783177789,2.513502
0.8160332028422397,2.513063
0.8160936273667007,2.513184
0.8161540518911612,2.513528
0.8162144764156221,2.512874
0.8162749009400827,2.513027
0.8163353254645433,2.513114
0.8163957499890042,2.512662
0.8164561745134649,2.512709
0.8165165990379255,2.512878
0.8165770235623865,2.512474
0.8166374480868472,2.512694
0.8166978726113079,2.512977
0.8167582971357685,2.512852
0.8168187216602294,2.512631
0.81687914618469,2.513162
0.8169395707091508,2.512619
0.8169999952336117,2.512112
0.8170604197580721,2.512531
0.8171208442825331,2.511892
0.8171812688069939,2.51191
0.8172416933314545,2.511977
0.8173021178559152,2.511693
0.817362542380376,2.511353
0.8174229669048366,2.51168
0.8174833914292976,2.511396
0.8175438159537582,2.511607
0.8176042404782189,2.512155
0.8176646650026796,2.511879
0.8177250895271404,2.511741
0.8177855140516012,2.512225
0.8178459385760618,2.511824
0.8179063631005227,2.511518
0.8179667876249832,2.511495
0.8180272121494441,2.511205
0.8180876366739049,2.511276
0.8181480611983655,2.511391
0.8182084857228263,2.511099
0.8182689102472871,2.511135
0.8183293347717476,2.511561
0.8183897592962085,2.511111
0.818450183820669,2.511158
0.81851060834513,2.511287
0.8185710328695908,2.510819
0.8186314573940514,2.510715
0.8186918819185122,2.511435
0.8187523064429729,2.510802
0.8188127309674336,2.510801
0.8188731554918943,2.511357
0.8189335800163551,2.510774
0.8189940045408158,2.510927
0.8190544290652766,2.511174
0.8191148535897373,2.511194
0.8191752781141981,2.511123
0.8192357026386587,2.511572
0.8192961271631195,2.510872
0.8193565516875801,2.511151
0.8194169762120409,2.511359
0.8194774007365019,2.511015
0.8195378252609624,2.510806
0.8195982497854233,2.510857
0.819658674309884,2.510814
0.8197190988343446,2.51094
0.8197795233588054,2.510785
0.8198399478832661,2.510512
0.8199003724077268,2.510042
0.8199607969321877,2.510509
0.8200212214566485,2.509797
0.8200816459811091,2.509866
0.8201420705055698,2.510439
0.8202024950300306,2.510403
0.8202629195544913,2.510387
0.820323344078952,2.51087
0.8203837686034129,2.510228
0.8204441931278735,2.509676
0.8205046176523343,2.510164
0.8205650421767952,2.509894
0.8206254667012557,2.509968
0.8206858912257164,2.510296
0.8207463157501771,2.509616
0.8208067402746378,2.50954
0.8208671647990988,2.509626
0.8209275893235592,2.509602
0.8209880138480202,2.509897
0.8210484383724809,2.510162
0.8211088628969415,2.509778
0.8211692874214024,2.50972
0.821229711945863,2.509923
0.8212901364703238,2.509363
0.8213505609947847,2.509181
0.8214109855192454,2.509696
0.821471410043706,2.509346
0.8215318345681667,2.509192
0.8215922590926276,2.509583
0.8216526836170882,2.509367
0.821713108141549,2.509352
0.8217735326660097,2.509561
0.8218339571904703,2.50914
0.8218943817149312,2.509053
0.8219548062393921,2.509372
0.8220152307638526,2.509176
0.8220756552883134,2.509372
0.8221360798127741,2.509556
0.8221965043372348,2.508829
0.8222569288616957,2.508666
0.8223173533861564,2.509186
0.8223777779106171,2.508727
0.8224382024350778,2.508857
0.8224986269595385,2.509162
0.8225590514839993,2.508824
0.82261947600846,2.509091
0.8226799005329206,2.50944
0.8227403250573814,2.508742
0.8228007495818424,2.508734
0.822861174106303,2.509259
0.8229215986307636,2.508523
0.8229820231552245,2.508383
0.8230424476796852,2.50876
0.8231028722041459,2.508169
0.8231632967286067,2.507971
0.8232237212530672,2.508492
0.8232841457775281,2.50814
0.823344570301989,2.508293
0.8234049948264496,2.508809
0.8234654193509103,2.508351
0.8235258438753711,2.508128
0.8235862683998317,2.508128
0.8236466929242925,2.508242
0.8237071174487532,2.508201
0.8237675419732139,2.508408
0.8238279664976748,2.507852
0.8238883910221355,2.508079
0.8239488155465963,2.508274
0.8240092400710569,2.508265
0.8240696645955178,2.508372
0.8241300891199783,2.508552
0.8241905136444391,2.50796
0.8242509381689,2.508148
0.8243113626933606,2.508379
0.8243717872178215,2.50805
0.824432211742282,2.508168
0.8244926362667427,2.508274
0.8245530607912036,2.507775
0.8246134853156641,2.508201
0.824673909840125,2.508163
0.8247343343645859,2.507656
0.8247947588890465,2.508097
0.8248551834135073,2.508578
0.824915607937968,2.50796
0.8249760324624287,2.507626
0.8250364569868894,2.508017
0.8250968815113502,2.50755
0.8251573060358108,2.50731
0.8252177305602715,2.508043
0.8252781550847325,2.507863
0.8253385796091932,2.507878
0.8253990041336539,2.508018
0.8254594286581146,2.507788
0.8255198531825753,2.507533
0.825580277707036,2.507844
0.8256407022314969,2.50746
0.8257011267559574,2.507011
0.8257615512804184,2.507611
0.825821975804879,2.507162
0.8258824003293397,2.507319
0.8259428248538006,2.50751
0.8260032493782612,2.507411
0.826063673902722,2.507221
0.8261240984271827,2.50798
0.8261845229516436,2.507495
0.8262449474761042,2.507142
0.8263053720005649,2.507612
0.8263657965250257,2.507371
0.8264262210494864,2.507124
0.8264866455739471,2.507042
0.8265470700984079,2.507054
0.8266074946228684,2.50693
0.8266679191473294,2.50721
0.8267283436717903,2.506859
0.8267887681962508,2.506691
0.8268491927207116,2.507169
0.8269096172451722,2.506846
0.826970041769633,2.506798
0.8270304662940938,2.507283
0.8270908908185544,2.506644
0.8271513153430151,2.50677
0.827211739867476,2.506849
0.8272721643919366,2.506499
0.8273325889163975,2.506685
0.8273930134408581,2.507002
0.8274534379653189,2.506573
0.8275138624897795,2.506617
0.8275742870142403,2.506836
0.827634711538701,2.506094
0.8276951360631618,2.506399
0.8277555605876227,2.506643
0.8278159851120833,2.506536
0.8278764096365441,2.506356
0.8279368341610048,2.506805
0.8279972586854654,2.506434
0.8280576832099262,2.506623
0.8281181077343872,2.506794
0.8281785322588477,2.50645
0.8282389567833085,2.506181
0.8282993813077693,2.506524
0.8283598058322299,2.50595
0.8284202303566908,2.506179
0.8284806548811514,2.50633
0.8285410794056121,2.505959
0.8286015039300728,2.505902
0.8286619284545337,2.506536
0.8287223529789944,2.50609
0.8287827775034551,2.505946
0.828843202027916,2.506564
0.8289036265523765,2.505918
0.8289640510768372,2.505962
0.8290244756012982,2.506597
0.8290849001257586,2.506217
0.8291453246502196,2.506083
0.8292057491746802,2.506288
0.829266173699141,2.506027
0.8293265982236018,2.50571
0.8293870227480623,2.505907
0.8294474472725232,2.50568
0.8295078717969839,2.505658
0.8295682963214445,2.505715
0.8296287208459054,2.505199
0.8296891453703662,2.505347
0.8297495698948268,2.50545
0.8298099944192876,2.505148
0.8298704189437484,2.505269
0.829930843468209,2.505729
0.8299912679926698,2.505076
0.8300516925171306,2.505161
0.8301121170415914,2.505234
0.830172541566052,2.505355
0.8302329660905129,2.505697
0.8302933906149734,2.505695
0.8303538151394342,2.505242
0.830414239663895,2.505271
0.8304746641883556,2.505464
0.8305350887128166,2.505285
0.830595513237277,2.505303
0.8306559377617379,2.505429
0.8307163622861987,2.505759
0.8307767868106593,2.505166
0.8308372113351201,2.504852
0.8308976358595808,2.504296
0.8309580603840414,2.504333
0.8310184849085024,2.505
0.831078909432963,2.504607
0.8311393339574238,2.504461
0.8311997584818845,2.504614
0.8312601830063453,2.504558
0.8313206075308059,2.504518
0.8313810320552666,2.504959
0.8314414565797275,2.504562
0.8315018811041881,2.504281
0.831562305628649,2.50434
0.8316227301531097,2.504327
0.8316831546775704,2.504567
0.8317435792020311,2.504678
0.831804003726492,2.504228
0.8318644282509525,2.504265
0.8319248527754133,2.504508
0.831985277299874,2.504236
0.8320457018243348,2.50409
0.8321061263487957,2.503968
0.8321665508732563,2.504035
0.8322269753977171,2.504119
0.8322873999221777,2.504133
0.8323478244466385,2.503586
0.8324082489710992,2.503849
0.8324686734955599,2.504258
0.8325290980200208,2.503849
0.8325895225444815,2.503816
0.8326499470689422,2.50416
0.832710371593403,2.503821
0.8327707961178635,2.504149
0.8328312206423244,2.504307
0.8328916451667854,2.50372
0.8329520696912458,2.503559
0.8330124942157067,2.503977
0.8330729187401673,2.503679
0.8331333432646281,2.503577
0.8331937677890889,2.503614
0.8332541923135495,2.503061
0.8333146168380102,2.503348
0.833375041362471,2.503706
0.8334354658869316,2.503663
0.8334958904113926,2.503573
0.8335563149358532,2.503715
0.833616739460314,2.503173
0.8336771639847746,2.503172
0.8337375885092354,2.503301
0.8337980130336962,2.502833
0.8338584375581568,2.502686
0.8339188620826178,2.502997
0.8339792866070782,2.502671
0.8340397111315392,2.502507
0.8341001356559999,2.502528
0.8341605601804605,2.502506
0.8342209847049213,2.502425
0.8342814092293821,2.502737
0.8343418337538427,2.502635
0.8344022582783036,2.502451
0.8344626828027644,2.502562
0.834523107327225,2.502492
0.8345835318516859,2.502526
0.8346439563761465,2.502565
0.8347043809006072,2.50239
0.8347648054250679,2.502417
0.8348252299495287,2.502358
0.8348856544739895,2.502063
0.8349460789984502,2.501951
0.8350065035229111,2.502086
0.8350669280473716,2.50171
0.8351273525718323,2.502098
0.8351877770962932,2.502242
0.8352482016207537,2.50198
0.8353086261452146,2.502239
0.8353690506696752,2.502215
0.835429475194136,2.501967
0.8354898997185969,2.502031
0.8355503242430574,2.502023
0.8356107487675183,2.501558
0.8356711732919789,2.501615
0.8357315978164396,2.501626
0.8357920223409004,2.501615
0.8358524468653611,2.501447
0.835912871389822,2.501788
0.8359732959142827,2.501441
0.8360337204387435,2.501279
0.8360941449632041,2.501276
0.8361545694876649,2.501031
0.8362149940121256,2.501254
0.8362754185365863,2.501187
0.836335843061047,2.501198
0.836396267585508,2.501129
0.8364566921099685,2.501199
0.8365171166344293,2.501113
0.8365775411588902,2.501108
0.8366379656833507,2.501144
0.8366983902078114,2.500936
0.8367588147322722,2.500817
0.8368192392567328,2.500997
0.8368796637811938,2.50099
0.8369400883056545,2.501287
0.8370005128301152,2.500679
0.8370609373545759,2.500475
0.8371213618790365,2.500784
0.8371817864034974,2.500748
0.837242210927958,2.500763
0.8373026354524188,2.500887
0.8373630599768795,2.500987
0.8374234845013404,2.500493
0.837483909025801,2.500385
0.8375443335502617,2.500387
0.8376047580747226,2.50035
0.8376651825991832,2.500558
0.837725607123644,2.500248
0.8377860316481048,2.500182
0.8378464561725653,2.500188
0.8379068806970262,2.500389
0.8379673052214871,2.499786
0.8380277297459476,2.500066
0.8380881542704084,2.500202
0.8381485787948691,2.499812
0.8382090033193298,2.499818
0.8382694278437908,2.499704
0.8383298523682514,2.499685
0.8383902768927122,2.49959
0.8384507014171728,2.499533
0.8385111259416336,2.499126
0.8385715504660943,2.499243
0.838631974990555,2.499291
0.8386923995150158,2.499168
0.8387528240394764,2.499653
0.8388132485639374,2.499474
0.8388736730883981,2.499236
0.8389340976128586,2.499304
0.8389945221373195,2.498794
0.8390549466617803,2.498744
0.8391153711862409,2.499089
0.8391757957107017,2.499199
0.8392362202351622,2.498997
0.8392966447596232,2.49943
0.839357069284084,2.49906
0.8394174938085446,2.499033
0.8394779183330053,2.49934
0.8395383428574661,2.499208
0.8395987673819267,2.498864
0.8396591919063876,2.498959
0.8397196164308484,2.498531
0.839780040955309,2.498658
0.8398404654797698,2.498718
0.8399008900042305,2.49889
0.8399613145286913,2.498641
0.8400217390531519,2.499092
0.8400821635776128,2.498734
0.8401425881020733,2.498794
0.8402030126265341,2.498838
0.840263437150995,2.498508
0.8403238616754556,2.498124
0.8403842861999165,2.498459
0.8404447107243771,2.498202
0.8405051352488379,2.497941
0.8405655597732986,2.498165
0.8406259842977593,2.49815
0.84068640882222,2.498221
0.840746833346681,2.498447
0.8408072578711416,2.498284
0.8408676823956023,2.497944
0.840928106920063,2.497743
0.8409885314445238,2.497728
0.8410489559689844,2.497648
0.8411093804934452,2.498105
0.8411698050179062,2.497826
0.8412302295423667,2.497597
0.8412906540668275,2.49769
0.8413510785912883,2.497245
0.8414115031157489,2.497331
0.8414719276402097,2.497547
0.8415323521646703,2.497169
0.841592776689131,2.496975
0.841653201213592,2.49737
0.8417136257380525,2.49708
0.8417740502625134,2.49735
0.841834474786974,2.497232
0.8418948993114347,2.497116
0.8419553238358956,2.49706
0.8420157483603562,2.497056
0.842076172884817,2.496599
0.8421365974092776,2.496653
0.8421970219337386,2.497164
0.8422574464581992,2.496996
0.84231787098266,2.496832
0.8423782955071207,2.496925
0.8424387200315814,2.496631
0.8424991445560421,2.497049
0.8425595690805029,2.497035
0.8426199936049634,2.496834
0.8426804181294244,2.496689
0.8427408426538853,2.49673
0.8428012671783458,2.496437
0.8428616917028066,2.496414
0.8429221162272673,2.496508
0.842982540751728,2.496035
0.8430429652761888,2.496019
0.8431033898006496,2.496346
0.8431638143251103,2.49616
0.843224238849571,2.495879
0.8432846633740319,2.49635
0.8433450878984925,2.496283
0.8434055124229531,2.496437
0.843465936947414,2.496429
0.8435263614718745,2.49565
0.8435867859963355,2.4951
0.8436472105207963,2.495598
0.8437076350452568,2.495339
0.8437680595697177,2.495408
0.8438284840941782,2.495857
0.8438889086186391,2.495507
0.8439493331430998,2.495478
0.8440097576675604,2.495929
0.8440701821920212,2.49538
0.8441306067164822,2.49547
0.8441910312409427,2.49562
0.8442514557654035,2.495509
0.8443118802898643,2.494953
0.8443723048143249,2.495373
0.8444327293387858,2.494867
0.8444931538632464,2.494686
0.8445535783877071,2.49502
0.8446140029121679,2.49491
0.8446744274366287,2.495071
0.8447348519610894,2.495363
0.8447952764855501,2.494659
0.844855701010011,2.494665
0.8449161255344715,2.495051
0.8449765500589322,2.494716
0.8450369745833932,2.494319
0.8450973991078538,2.494497
0.8451578236323146,2.494056
0.8452182481567752,2.494138
0.845278672681236,2.494688
0.8453390972056968,2.49419
0.8453995217301573,2.49414
0.8454599462546182,2.49452
0.8455203707790792,2.493965
0.8455807953035397,2.494036
0.8456412198280004,2.494623
0.8457016443524612,2.494374
0.8457620688769218,2.494399
0.8458224934013827,2.494796
0.8458829179258434,2.494179
0.845943342450304,2.493801
0.8460037669747648,2.494065
0.8460641914992256,2.493953
0.8461246160236864,2.493966
0.846185040548147,2.494324
0.8462454650726079,2.493599
0.8463058895970684,2.493633
0.8463663141215292,2.49425
0.84642673864599,2.49398
0.8464871631704506,2.493913
0.8465475876949116,2.494206
0.8466080122193722,2.493736
0.846668436743833,2.493383
0.8467288612682937,2.493872
0.8467892857927544,2.493553
0.8468497103172151,2.493252
0.8469101348416758,2.493536
0.8469705593661367,2.492997
0.8470309838905974,2.492811
0.8470914084150581,2.493408
0.8471518329395189,2.493037
0.8472122574639795,2.492835
0.8472726819884403,2.493428
0.8473331065129011,2.492754
0.8473935310373617,2.492512
0.8474539555618226,2.493357
0.8475143800862834,2.492855
0.847574804610744,2.492631
0.8476352291352048,2.493145
0.8476956536596654,2.492803
0.8477560781841261,2.492779
0.847816502708587,2.493361
0.8478769272330475,2.492996
0.8479373517575085,2.492798
0.8479977762819692,2.492821
0.8480582008064298,2.492646
0.8481186253308907,2.492471
0.8481790498553513,2.492988
0.8482394743798121,2.492412
0.8482998989042727,2.492431
0.8483603234287336,2.492713
0.8484207479531942,2.492346
0.848481172477655,2.492109
0.8485415970021158,2.492221
0.8486020215265764,2.492051
0.8486624460510372,2.492009
0.848722870575498,2.492515
0.8487832950999585,2.491799
0.8488437196244194,2.492125
0.8489041441488804,2.491816
0.8489645686733409,2.491713
0.8490249931978017,2.491579
0.8490854177222624,2.492004
0.8491458422467231,2.491654
0.8492062667711839,2.491437
0.8492666912956446,2.492051
0.8493271158201052,2.491503
0.849387540344566,2.491736
0.849447964869027,2.491857
0.8495083893934876,2.491259
0.8495688139179483,2.491324
0.8496292384424091,2.491679
0.8496896629668697,2.491042
0.8497500874913304,2.491079
0.8498105120157914,2.491376
0.8498709365402518,2.49076
0.8499313610647128,2.490863
0.8499917855891733,2.491055
0.8500522101136342,2.490936
0.8501126346380949,2.490817
0.8501730591625555,2.491219
0.8502334836870163,2.490827
0.850293908211477,2.490904
0.8503543327359377,2.491014
0.8504147572603986,2.490843
0.8504751817848594,2.490854
0.85053560630932,2.491042
0.8505960308337809,2.49057
0.8506564553582415,2.490571
0.8507168798827022,2.490854
0.8507773044071629,2.490853
0.8508377289316238,2.490686
0.8508981534560845,2.491166
0.8509585779805452,2.490489
0.8510190025050061,2.490364
0.8510794270294666,2.490662
0.8511398515539274,2.490334
0.8512002760783882,2.490318
0.8512607006028488,2.490918
0.8513211251273097,2.490166
0.8513815496517704,2.49021
0.8514419741762311,2.490335
0.8515023987006919,2.489736
0.8515628232251525,2.489947
0.8516232477496133,2.490036
0.8516836722740739,2.489803
0.8517440967985347,2.489469
0.8518045213229956,2.489691
0.8518649458474563,2.48946
0.851925370371917,2.489657
0.8519857948963778,2.489664
0.8520462194208385,2.489429
0.8521066439452991,2.489684
0.8521670684697599,2.489707
0.8522274929942206,2.489545
0.8522879175186815,2.489523
0.8523483420431421,2.490004
0.852408766567603,2.489634
0.8524691910920635,2.489353
0.8525296156165243,2.489605
0.8525900401409852,2.489143
0.8526504646654457,2.48913
0.8527108891899066,2.489688
0.8527713137143672,2.48934
0.852831738238828,2.489188
0.8528921627632888,2.489642
0.8529525872877495,2.489008
0.8530130118122102,2.489107
0.8530734363366709,2.489626
0.8531338608611317,2.489211
0.8531942853855924,2.489373
0.853254709910053,2.489328
0.853315134434514,2.488541
0.8533755589589745,2.488578
0.8534359834834354,2.489305
0.8534964080078962,2.488366
0.8535568325323568,2.488502
0.8536172570568176,2.488962
0.8536776815812785,2.48826
0.853738106105739,2.488338
0.8537985306302,2.488723
0.8538589551546605,2.488123
0.8539193796791212,2.487699
0.8539798042035821,2.487989
0.8540402287280426,2.487896
0.8541006532525034,2.487638
0.8541610777769642,2.488161
0.8542215023014248,2.487716
0.8542819268258858,2.4878
0.8543423513503464,2.488153
0.8544027758748072,2.487713
0.8544632003992678,2.487538
0.8545236249237287,2.487773
0.8545840494481893,2.487742
0.85464447397265,2.487596
0.854704898497111,2.48809
0.8547653230215714,2.487717
0.8548257475460324,2.48763
0.8548861720704931,2.488085
0.8549465965949536,2.48752
0.8550070211194145,2.487805
0.8550674456438752,2.488066
0.8551278701683359,2.487707
0.8551882946927968,2.487567
0.8552487192172575,2.487842
0.8553091437417182,2.487311
0.855369568266179,2.487136
0.8554299927906397,2.487592
0.8554904173151003,2.487215
0.8555508418395611,2.487053
0.8556112663640218,2.48752
0.8556716908884827,2.487167
0.8557321154129434,2.487108
0.8557925399374042,2.487374
0.8558529644618648,2.487103
0.8559133889863255,2.487047
0.8559738135107864,2.487045
0.8560342380352469,2.486903
0.8560946625597078,2.486951
0.8561550870841683,2.487039
0.8562155116086293,2.48652
0.85627593613309,2.486274
0.8563363606575506,2.4865
0.8563967851820115,2.485701
0.8564572097064721,2.486162
0.8565176342309329,2.486667
0.8565780587553936,2.485955
0.8566384832798544,2.486398
0.8566989078043151,2.486242
0.856759332328776,2.485921
0.8568197568532366,2.486116
0.8568801813776973,2.486156
0.856940605902158,2.48579
0.8570010304266188,2.48577
0.8570614549510795,2.486206
0.8571218794755402,2.486003
0.8571823040000012,2.486132
0.8572427285244617,2.486107
0.8573031530489225,2.485754
0.8573635775733833,2.485837
0.8574240020978439,2.486129
0.8574844266223047,2.485792
0.8575448511467654,2.485507
0.857605275671226,2.48579
0.857665700195687,2.485257
0.8577261247201476,2.485558
0.8577865492446084,2.486001
0.857846973769069,2.485357
0.8579073982935299,2.485352
0.8579678228179906,2.48554
0.8580282473424512,2.484747
0.8580886718669122,2.484978
0.8581490963913727,2.485184
0.8582095209158336,2.484572
0.8582699454402943,2.484888
0.858330369964755,2.485255
0.8583907944892157,2.485024
0.8584512190136766,2.48488
0.8585116435381371,2.485029
0.8585720680625981,2.484421
0.8586324925870585,2.484406
0.8586929171115194,2.484625
0.8587533416359803,2.483952
0.8588137661604408,2.484218
0.8588741906849017,2.484546
0.8589346152093623,2.484306
0.858995039733823,2.484363
0.8590554642582839,2.484755
0.8591158887827446,2.484286
0.8591763133072053,2.484327
0.859236737831666,2.484593
0.8592971623561269,2.484001
0.8593575868805875,2.483859
0.8594180114050481,2.484441
0.859478435929509,2.484103
0.8595388604539695,2.484109
0.8595992849784305,2.48446
0.8596597095028913,2.483951
0.8597201340273519,2.483774
0.8597805585518127,2.483773
0.8598409830762732,2.48329
0.8599014076007341,2.483498
0.8599618321251948,2.483773
0.8600222566496554,2.483464
0.8600826811741163,2.483196
0.8601431056985772,2.483469
0.8602035302230377,2.483272
0.8602639547474985,2.483165
0.8603243792719593,2.483517
0.8603848037964199,2.482989
0.8604452283208808,2.483231
0.8605056528453415,2.483588
0.8605660773698023,2.48306
0.8606265018942629,2.482918
0.8606869264187238,2.483229
0.8607473509431844,2.482874
0.8608077754676451,2.482949
0.860868199992106,2.483396
0.8609286245165665,2.482914
0.8609890490410274,2.482967
0.8610494735654882,2.48283
0.8611098980899488,2.482128
0.8611703226144096,2.482357
0.8612307471388703,2.482652
0.861291171663331,2.482589
0.8613515961877918,2.482466
0.8614120207122525,2.48274
0.8614724452367132,2.482467
0.8615328697611739,2.482399
0.8615932942856348,2.482435
0.8616537188100954,2.482181
0.8617141433345562,2.482251
0.861774567859017,2.482434
0.8618349923834777,2.482138
0.8618954169079384,2.482263
0.8619558414323993,2.482399
0.8620162659568599,2.482084
0.8620766904813206,2.482251
0.8621371150057815,2.482482
0.862197539530242,2.481807
0.8622579640547029,2.481698
0.8623183885791634,2.481875
0.8623788131036242,2.481452
0.8624392376280852,2.481543
0.8624996621525457,2.482112
0.8625600866770066,2.481735
0.8626205112014672,2.481777
0.862680935725928,2.482235
0.8627413602503887,2.481731
0.8628017847748494,2.481753
0.8628622092993101,2.481794
0.8629226338237708,2.481366
0.8629830583482317,2.481194
0.8630434828726924,2.481538
0.8631039073971531,2.48151
0.8631643319216139,2.481403
0.8632247564460747,2.481704
0.8632851809705353,2.481391
0.8633456054949961,2.48115
0.8634060300194567,2.481799
0.8634664545439176,2.481579
0.8635268790683784,2.481405
0.863587303592839,2.481704
0.8636477281172998,2.48111
0.8637081526417605,2.481194
0.8637685771662211,2.481558
0.863829001690682,2.480923
0.8638894262151428,2.480622
0.8639498507396035,2.480824
0.8640102752640642,2.481009
0.864070699788525,2.481068
0.8641311243129857,2.48141
0.8641915488374463,2.481113
0.8642519733619072,2.480844
0.8643123978863677,2.480826
0.8643728224108287,2.480975
0.8644332469352894,2.480873
0.8644936714597501,2.481143
0.8645540959842108,2.480747
0.8646145205086714,2.480891
0.8646749450331322,2.481052
0.864735369557593,2.480535
0.8647957940820536,2.480817
0.8648562186065145,2.481134
0.8649166431309754,2.480793
0.8649770676554359,2.480801
0.8650374921798968,2.481122
0.8650979167043574,2.480456
0.8651583412288181,2.480641
0.8652187657532789,2.480911
0.8652791902777396,2.480349
0.8653396148022003,2.480378
0.8654000393266611,2.480872
0.865460463851122,2.480225
0.8655208883755826,2.480094
0.8655813129000433,2.480921
0.8656417374245041,2.480099
0.8657021619489647,2.480292
0.8657625864734255,2.480455
0.8658230109978864,2.480233
0.8658834355223469,2.480131
0.8659438600468078,2.48028
0.8660042845712684,2.480087
0.8660647090957292,2.479678
0.86612513362019,2.480119
0.8661855581446507,2.479778
0.8662459826691113,2.479668
0.866306407193572,2.479658
0.8663668317180329,2.479706
0.8664272562424936,2.479704
0.8664876807669544,2.480061
0.866548105291415,2.479861
0.8666085298158759,2.479683
0.8666689543403365,2.479872
0.8667293788647972,2.479547
0.8667898033892579,2.479466
0.8668502279137189,2.47961
0.8669106524381796,2.479079
0.8669710769626402,2.479047
0.8670315014871011,2.479297
0.8670919260115616,2.479152
0.8671523505360224,2.479335
0.8672127750604832,2.479565
0.8672731995849438,2.479399
0.8673336241094047,2.479224
0.8673940486338654,2.479697
0.8674544731583261,2.479067
0.8675148976827869,2.479101
0.8675753222072476,2.479211
0.8676357467317083,2.478894
0.8676961712561689,2.478817
0.8677565957806299,2.479344
0.8678170203050906,2.47887
0.8678774448295513,2.478678
0.8679378693540121,2.47875
0.8679982938784726,2.478641
0.8680587184029335,2.478594
0.8681191429273943,2.478772
0.8681795674518549,2.478503
0.8682399919763157,2.478334
0.8683004165007766,2.479091
0.8683608410252371,2.47871
0.868421265549698,2.478659
0.8684816900741585,2.478886
0.8685421145986193,2.478452
0.8686025391230802,2.47848
0.8686629636475407,2.479106
0.8687233881720017,2.478305
0.8687838126964623,2.478478
0.8688442372209231,2.478345
0.8689046617453838,2.478275
0.8689650862698445,2.478184
0.8690255107943052,2.478827
0.8690859353187659,2.478477
0.8691463598432267,2.478165
0.8692067843676874,2.479091
0.8692672088921483,2.478178
0.869327633416609,2.478386
0.8693880579410695,2.478904
0.8694484824655304,2.478364
0.8695089069899912,2.478138
0.8695693315144518,2.478357
0.8696297560389126,2.478195
0.8696901805633735,2.478033
0.8697506050878341,2.47841
0.869811029612295,2.477945
0.8698714541367556,2.477862
0.8699318786612162,2.478074
0.8699923031856771,2.477711
0.8700527277101378,2.477627
0.8701131522345985,2.477885
0.8701735767590592,2.477419
0.8702340012835201,2.47729
0.8702944258079808,2.47741
0.8703548503324414,2.477329
0.8704152748569023,2.477538
0.8704756993813628,2.478054
0.8705361239058237,2.477564
0.8705965484302846,2.477595
0.870656972954745,2.477715
0.870717397479206,2.477443
0.8707778220036665,2.477116
0.8708382465281274,2.477783
0.8708986710525881,2.477573
0.8709590955770488,2.477409
0.8710195201015095,2.477587
0.8710799446259702,2.477292
0.8711403691504309,2.477101
0.8712007936748919,2.47734
0.8712612181993525,2.476761
0.8713216427238132,2.476702
0.871382067248274,2.477428
0.8714424917727347,2.476889
0.8715029162971953,2.476761
0.8715633408216561,2.476902
0.8716237653461171,2.476832
0.8716841898705777,2.477108
0.8717446143950384,2.476994
0.8718050389194992,2.476667
0.8718654634439598,2.476554
0.8719258879684206,2.47671
0.8719863124928814,2.476402
0.8720467370173419,2.476275
0.8721071615418029,2.476789
0.8721675860662635,2.47631
0.8722280105907243,2.476577
0.8722884351151851,2.476635
0.8723488596396458,2.476238
0.8724092841641065,2.476323
0.8724697086885671,2.476631
0.872530133213028,2.476218
0.8725905577374887,2.476176
0.8726509822619495,2.476428
0.8727114067864102,2.475776
0.8727718313108708,2.475835
0.8728322558353316,2.476483
0.8728926803597925,2.476017
0.872953104884253,2.47617
0.8730135294087138,2.476568
0.8730739539331748,2.475948
0.8731343784576353,2.475373
0.8731948029820962,2.475545
0.8732552275065567,2.475829
0.8733156520310175,2.475734
0.8733760765554783,2.475997
0.8734365010799389,2.475511
0.8734969256043997,2.475558
0.8735573501288604,2.475868
0.8736177746533212,2.475466
0.873678199177782,2.475422
0.8737386237022428,2.475454
0.8737990482267034,2.47514
0.873859472751164,2.475252
0.8739198972756249,2.475601
0.8739803218000856,2.475312
0.8740407463245463,2.475323
0.8741011708490072,2.475757
0.8741615953734677,2.474941
0.8742220198979286,2.475124
0.8742824444223894,2.475405
0.87434286894685,2.474801
0.8744032934713107,2.474672
0.8744637179957713,2.47538
0.8745241425202321,2.474945
0.8745845670446931,2.474714
0.8746449915691537,2.475378
0.8747054160936144,2.474796
0.8747658406180753,2.474622
0.8748262651425358,2.47491
0.8748866896669967,2.474556
0.8749471141914573,2.474736
0.875007538715918,2.47476
0.8750679632403789,2.474265
0.8751283877648396,2.474611
0.8751888122893003,2.474329
0.875249236813761,2.474013
0.8753096613382219,2.474324
0.8753700858626825,2.474243
0.8754305103871431,2.474021
0.8754909349116041,2.473994
0.8755513594360645,2.474118
0.8756117839605255,2.473873
0.8756722084849863,2.474052
0.8757326330094469,2.474201
0.8757930575339077,2.473864
0.8758534820583683,2.473856
0.8759139065828291,2.473998
0.8759743311072901,2.473728
0.8760347556317507,2.473792
0.8760951801562114,2.474105
0.8761556046806722,2.473886
0.8762160292051329,2.473641
0.8762764537295936,2.473496
0.8763368782540543,2.47335
0.876397302778515,2.473319
0.8764577273029759,2.473763
0.8765181518274365,2.473534
0.8765785763518974,2.473425
0.8766390008763579,2.473584
0.8766994254008188,2.47314
0.8767598499252796,2.473295
0.8768202744497401,2.473602
0.876880698974201,2.473431
0.8769411234986615,2.473049
0.8770015480231225,2.473263
0.8770619725475832,2.472835
0.8771223970720438,2.472836
0.8771828215965046,2.473142
0.8772432461209653,2.472693
0.877303670645426,2.472812
0.8773640951698868,2.473154
0.8774245196943476,2.47296
0.8774849442188083,2.472982
0.877545368743269,2.472917
0.8776057932677298,2.4724
0.8776662177921905,2.472653
0.8777266423166512,2.472649
0.877787066841112,2.472655
0.8778474913655727,2.472284
0.8779079158900334,2.472617
0.8779683404144943,2.472291
0.8780287649389549,2.472411
0.8780891894634157,2.472352
0.8781496139878765,2.47215
0.878210038512337,2.471943
0.8782704630367979,2.472276
0.8783308875612585,2.471892
0.8783913120857193,2.472187
0.8784517366101802,2.472267
0.8785121611346409,2.471929
0.8785725856591016,2.471999
0.8786330101835622,2.472315
0.8786934347080231,2.471711
0.8787538592324837,2.472068
0.8788142837569445,2.472033
0.8788747082814053,2.471795
0.8789351328058659,2.471859
0.8789955573303267,2.472009
0.8790559818547876,2.471689
0.8791164063792481,2.471641
0.8791768309037089,2.471693
0.8792372554281694,2.471395
0.8792976799526303,2.471246
0.8793581044770913,2.4713
0.8794185290015518,2.471141
0.8794789535260126,2.471364
0.8795393780504734,2.471206
0.879599802574934,2.471231
0.8796602270993948,2.471313
0.8797206516238555,2.471619
0.8797810761483161,2.471236
0.8798415006727771,2.471055
0.8799019251972379,2.471127
0.8799623497216985,2.470825
0.8800227742461592,2.470948
0.88008319877062,2.470774
0.8801436232950807,2.470711
0.8802040478195413,2.470849
0.8802644723440022,2.470605
0.8803248968684627,2.470617
0.8803853213929237,2.470536
0.8804457459173844,2.470406
0.8805061704418451,2.470083
0.8805665949663058,2.470279
0.8806270194907666,2.470209
0.8806874440152272,2.46987
0.880747868539688,2.47038
0.8808082930641489,2.470013
0.8808687175886095,2.469918
0.8809291421130703,2.469798
0.8809895666375309,2.469856
0.8810499911619918,2.469425
0.8811104156864524,2.469384
0.8811708402109131,2.469377
0.8812312647353739,2.469298
0.8812916892598347,2.469366
0.8813521137842955,2.469543
0.8814125383087561,2.469465
0.881472962833217,2.469389
0.8815333873576776,2.469244
0.8815938118821383,2.469324
0.8816542364065991,2.469404
0.8817146609310597,2.469272
0.8817750854555206,2.468974
0.8818355099799814,2.46945
0.881895934504442,2.469255
0.8819563590289028,2.469043
0.8820167835533634,2.46929
0.8820772080778242,2.469041
0.882137632602285,2.468716
0.8821980571267457,2.468886
0.8822584816512063,2.468841
0.8823189061756672,2.468699
0.882379330700128,2.469039
0.8824397552245887,2.468886
0.8825001797490494,2.468229
0.8825606042735101,2.468673
0.8826210287979709,2.468648
0.8826814533224315,2.46849
0.8827418778468925,2.468624
0.882802302371353,2.468765
0.8828627268958139,2.46839
0.8829231514202747,2.46852
0.8829835759447352,2.468121
0.8830440004691961,2.467978
0.8831044249936566,2.468208
0.8831648495181175,2.467792
0.8832252740425783,2.467475
0.8832856985670389,2.467762
0.8833461230914997,2.467929
0.8834065476159604,2.467539
0.8834669721404211,2.467752
0.8835273966648819,2.467692
0.8835878211893426,2.467595
0.8836482457138033,2.467784
0.8837086702382639,2.467711
0.8837690947627249,2.467575
0.8838295192871856,2.467163
0.8838899438116463,2.467024
0.8839503683361071,2.466891
0.8840107928605677,2.467123
0.8840712173850285,2.467094
0.8841316419094893,2.466701
0.8841920664339499,2.467033
0.8842524909584109,2.467088
0.8843129154828716,2.467
0.8843733400073321,2.46707
0.884433764531793,2.466476
0.8844941890562537,2.466631
0.8845546135807143,2.466828
0.8846150381051752,2.466648
0.884675462629636,2.466347
0.8847358871540967,2.466432
0.8847963116785573,2.466345
0.8848567362030182,2.466092
0.8849171607274788,2.466383
0.8849775852519396,2.466095
0.8850380097764003,2.465849
0.8850984343008609,2.465766
0.8851588588253219,2.465902
0.8852192833497827,2.465808
0.8852797078742433,2.465773
0.885340132398704,2.465596
0.8854005569231646,2.46559
0.8854609814476254,2.465959
0.8855214059720863,2.465601
0.8855818304965468,2.465717
0.8856422550210077,2.46575
0.8857026795454684,2.465571
0.8857631040699291,2.46541
0.88582352859439,2.46553
0.8858839531188506,2.465124
0.8859443776433112,2.464865
0.8860048021677721,2.465313
0.8860652266922328,2.464925
0.8861256512166935,2.464975
0.8861860757411543,2.465409
0.8862465002656151,2.465114
0.8863069247900758,2.465164
0.8863673493145364,2.465316
0.8864277738389973,2.465005
0.8864881983634578,2.464762
0.8865486228879187,2.465225
0.8866090474123796,2.4649
0.8866694719368402,2.46497
0.886729896461301,2.464847
0.8867903209857617,2.464542
0.8868507455102224,2.464459
0.8869111700346831,2.464962
0.8869715945591439,2.464878
0.8870320190836045,2.464787
0.8870924436080653,2.46477
0.8871528681325261,2.464169
0.8872132926569869,2.463794
0.8872737171814475,2.464014
0.8873341417059084,2.463816
0.8873945662303689,2.463922
0.8874549907548297,2.464338
0.8875154152792907,2.463916
0.8875758398037511,2.463668
0.8876362643282121,2.46402
0.8876966888526728,2.463526
0.8877571133771334,2.463196
0.8878175379015942,2.463469
0.8878779624260548,2.463044
0.8879383869505156,2.463231
0.8879988114749765,2.463248
0.8880592359994369,2.463492
0.8881196605238979,2.463148
0.8881800850483585,2.463604
0.8882405095728193,2.463444
0.8883009340972801,2.463103
0.8883613586217408,2.46345
0.8884217831462015,2.463088
0.8884822076706621,2.462961
0.8885426321951231,2.463317
0.8886030567195838,2.462781
0.8886634812440445,2.462567
0.8887239057685052,2.462894
0.8887843302929659,2.46244
0.8888447548174266,2.462626
0.8889051793418875,2.462844
0.888965603866348,2.462557
0.889026028390809,2.462763
0.8890864529152698,2.463127
0.8891468774397303,2.462795
0.8892073019641912,2.462722
0.8892677264886517,2.462942
0.8893281510131126,2.462616
0.8893885755375733,2.462313
0.8894490000620339,2.462803
0.8895094245864948,2.462565
0.8895698491109555,2.462363
0.8896302736354162,2.462615
0.889690698159877,2.461855
0.8897511226843378,2.461802
0.8898115472087984,2.462273
0.889871971733259,2.46145
0.8899323962577199,2.461581
0.8899928207821807,2.461943
0.8900532453066414,2.461366
0.8901136698311022,2.461471
0.8901740943555627,2.462342
0.8902345188800236,2.461627
0.8902949434044845,2.461422
0.890355367928945,2.461355
0.8904157924534057,2.46142
0.8904762169778665,2.461723
0.8905366415023273,2.461786
0.8905970660267881,2.461485
0.8906574905512488,2.46141
0.8907179150757094,2.461722
0.8907783396001703,2.46089
0.8908387641246309,2.460989
0.8908991886490917,2.461415
0.8909596131735523,2.461133
0.8910200376980133,2.461161
0.891080462222474,2.461727
0.8911408867469347,2.460918
0.8912013112713955,2.460676
0.891261735795856,2.46133
0.8913221603203169,2.460767
0.8913825848447778,2.460814
0.8914430093692383,2.460949
0.8915034338936991,2.460555
0.8915638584181597,2.460591
0.8916242829426205,2.460709
0.8916847074670814,2.460473
0.8917451319915419,2.46075
0.8918055565160027,2.460954
0.8918659810404634,2.460529
0.8919264055649241,2.460486
0.8919868300893851,2.460509
0.8920472546138457,2.460105
0.8921076791383064,2.460149
0.8921681036627671,2.46045
0.8922285281872279,2.459799
0.8922889527116886,2.459826
0.8923493772361493,2.460166
0.8924098017606102,2.459656
0.8924702262850709,2.459466
0.8925306508095315,2.459902
0.8925910753339924,2.459572
0.8926514998584529,2.45968
0.8927119243829138,2.459838
0.8927723489073746,2.459641
0.8928327734318351,2.459388
0.8928931979562961,2.459487
0.8929536224807568,2.45915
0.8930140470052175,2.459024
0.8930744715296782,2.459033
0.893134896054139,2.458714
0.8931953205785996,2.458489
0.8932557451030603,2.459042
0.8933161696275211,2.458622
0.893376594151982,2.458402
0.8934370186764427,2.458812
0.8934974432009034,2.458688
0.893557867725364,2.458399
0.8936182922498248,2.458613
0.8936787167742857,2.458419
0.8937391412987462,2.458492
0.893799565823207,2.458887
0.8938599903476676,2.458565
0.8939204148721285,2.458463
0.8939808393965893,2.4586
0.8940412639210499,2.458026
0.8941016884455107,2.458071
0.8941621129699715,2.458258
0.894222537494432,2.457643
0.8942829620188929,2.457638
0.8943433865433537,2.45802
0.8944038110678144,2.457413
0.8944642355922752,2.457322
0.8945246601167359,2.457863
0.8945850846411966,2.45748
0.8946455091656572,2.457615
0.8947059336901181,2.457503
0.8947663582145787,2.457093
0.8948267827390395,2.457547
0.8948872072635004,2.457534
0.894947631787961,2.457338
0.8950080563124218,2.457308
0.8950684808368826,2.457596
0.8951289053613432,2.456708
0.8951893298858039,2.457023
0.8952497544102647,2.457349
0.8953101789347253,2.456438
0.8953706034591863,2.45644
0.8954310279836469,2.457165
0.8954914525081077,2.456729
0.8955518770325684,2.456334
0.895612301557029,2.456839
0.8956727260814898,2.456706
0.8957331506059505,2.45652
0.8957935751304112,2.456658
0.8958539996548721,2.456177
0.8959144241793329,2.45592
0.8959748487037935,2.456691
0.8960352732282542,2.456083
0.896095697752715,2.456145
0.8961561222771757,2.456735
0.8962165468016364,2.456102
0.8962769713260973,2.456196
0.8963373958505578,2.456381
0.8963978203750187,2.456099
0.8964582448994796,2.455875
0.8965186694239401,2.456173
0.8965790939484009,2.455792
0.8966395184728616,2.45577
0.8966999429973223,2.456497
0.8967603675217832,2.456161
0.8968207920462439,2.455858
0.8968812165707045,2.455859
0.8969416410951653,2.455615
0.897002065619626,2.45531
0.8970624901440868,2.455553
0.8971229146685474,2.455118
0.8971833391930083,2.455458
0.8972437637174691,2.455778
0.8973041882419298,2.455064
0.8973646127663906,2.454853
0.8974250372908511,2.454982
0.897485461815312,2.454677
0.8975458863397727,2.454582
0.8976063108642333,2.454808
0.8976667353886941,2.454695
0.8977271599131547,2.454598
0.8977875844376156,2.455127
0.8978480089620764,2.454721
0.897908433486537,2.454648
0.8979688580109978,2.455099
0.8980292825354586,2.45457
0.8980897070599192,2.454541
0.89815013158438,2.45498
0.8982105561088408,2.45454
0.8982709806333015,2.454857
0.8983314051577622,2.45494
0.898391829682223,2.454196
0.8984522542066837,2.454307
0.8985126787311444,2.454635
0.8985731032556052,2.453924
0.8986335277800658,2.453832
0.8986939523045265,2.454369
0.8987543768289875,2.453819
0.898814801353448,2.45394
0.8988752258779089,2.454192
0.8989356504023697,2.453709
0.8989960749268302,2.453637
0.8990564994512911,2.453787
0.8991169239757517,2.453586
0.8991773485002125,2.453521
0.8992377730246733,2.453759
0.8992981975491341,2.453522
0.8993586220735947,2.453326
0.8994190465980554,2.453539
0.8994794711225162,2.452959
0.8995398956469769,2.452922
0.8996003201714377,2.453354
0.8996607446958985,2.453033
0.8997211692203592,2.452657
0.8997815937448199,2.453042
0.8998420182692808,2.452579
0.8999024427937413,2.452628
0.8999628673182021,2.453182
0.9000232918426627,2.452483
0.9000837163671235,2.452604
0.9001441408915845,2.45276
0.900204565416045,2.452518
0.9002649899405059,2.45232
0.9003254144649665,2.452813
0.9003858389894271,2.45248
0.900446263513888,2.452079
0.9005066880383487,2.452565
0.9005671125628094,2.45211
0.9006275370872703,2.451897
0.900687961611731,2.452975
0.9007483861361917,2.452335
0.9008088106606523,2.452207
0.9008692351851132,2.452323
0.9009296597095738,2.451754
0.9009900842340346,2.451736
0.9010505087584953,2.451807
0.9011109332829559,2.451504
0.9011713578074169,2.451886
0.9012317823318777,2.452146
0.9012922068563383,2.451234
0.901352631380799,2.451546
0.9014130559052598,2.451692
0.9014734804297204,2.451208
0.9015339049541813,2.451112
0.901594329478642,2.451502
0.9016547540031028,2.450693
0.9017151785275634,2.45067
0.9017756030520242,2.451643
0.901836027576485,2.45153
0.9018964521009456,2.45118
0.9019568766254065,2.450963
0.9020173011498671,2.450522
0.902077725674328,2.450443
0.9021381501987887,2.451083
0.9021985747232493,2.45085
0.9022589992477101,2.451014
0.9023194237721709,2.450963
0.9023798482966315,2.450376
0.9024402728210923,2.450634
0.9025006973455528,2.450767
0.9025611218700138,2.450306
0.9026215463944747,2.450134
0.9026819709189352,2.450619
0.902742395443396,2.44987
0.9028028199678567,2.449877
0.9028632444923174,2.450069
0.9029236690167782,2.449593
0.9029840935412389,2.449635
0.9030445180656995,2.450401
0.9031049425901604,2.450077
0.9031653671146211,2.450061
0.9032257916390819,2.450431
0.9032862161635425,2.450039
0.9033466406880034,2.449904
0.9034070652124639,2.450304
0.9034674897369247,2.449536
0.9035279142613857,2.449776
0.9035883387858462,2.450215
0.9036487633103071,2.449738
0.9037091878347678,2.449793
0.9037696123592284,2.449878
0.9038300368836892,2.449542
0.9038904614081498,2.449583
0.9039508859326106,2.449573
0.9040113104570715,2.449018
0.9040717349815321,2.449113
0.9041321595059929,2.449535
0.9041925840304537,2.44875
0.9042530085549143,2.44891
0.9043134330793751,2.449274
0.9043738576038358,2.448991
0.9044342821282965,2.449239
0.9044947066527572,2.449397
0.9045551311772181,2.449088
0.9046155557016788,2.449018
0.9046759802261395,2.449403
0.9047364047506004,2.449076
0.9047968292750609,2.448649
0.9048572537995216,2.448762
0.9049176783239826,2.448687
0.904978102848443,2.448523
0.905038527372904,2.448633
0.9050989518973647,2.448176
0.9051593764218253,2.448538
0.9052198009462862,2.449039
0.9052802254707468,2.448596
0.9053406499952076,2.448367
0.9054010745196683,2.448649
0.9054614990441292,2.448375
0.9055219235685898,2.448308
0.9055823480930505,2.448675
0.9056427726175114,2.448007
0.905703197141972,2.447896
0.9057636216664328,2.447904
0.9058240461908935,2.447761
0.905884470715354,2.447619
0.905944895239815,2.447828
0.9060053197642759,2.447743
0.9060657442887364,2.447731
0.9061261688131972,2.448288
0.9061865933376578,2.447807
0.9062470178621186,2.447394
0.9063074423865795,2.447592
0.90636786691104,2.447184
0.906428291435501,2.446975
0.9064887159599616,2.447243
0.9065491404844223,2.446916
0.9066095650088831,2.447073
0.9066699895333438,2.447387
0.9067304140578045,2.446783
0.9067908385822652,2.446754
0.9068512631067259,2.446918
0.9069116876311868,2.446504
0.9069721121556474,2.446551
0.9070325366801083,2.447106
0.907092961204569,2.44683
0.9071533857290297,2.446676
0.9072138102534905,2.447034
0.907274234777951,2.446632
0.9073346593024119,2.446638
0.9073950838268728,2.446775
0.9074555083513334,2.44612
0.9075159328757941,2.445961
0.9075763574002549,2.446493
0.9076367819247155,2.446235
0.9076972064491764,2.446381
0.907757630973637,2.446463
0.9078180554980977,2.445994
0.9078784800225584,2.445785
0.9079389045470193,2.446243
0.9079993290714801,2.446009
0.9080597535959407,2.445884
0.9081201781204016,2.446048
0.9081806026448621,2.445171
0.9082410271693229,2.445368
0.9083014516937838,2.445894
0.9083618762182443,2.445442
0.9084223007427052,2.445259
0.908482725267166,2.445705
0.9085431497916266,2.445289
0.9086035743160874,2.445127
0.9086639988405479,2.445629
0.9087244233650088,2.445133
0.9087848478894698,2.445024
0.9088452724139302,2.445392
0.9089056969383911,2.444566
0.9089661214628518,2.444557
0.9090265459873125,2.444673
0.9090869705117733,2.444424
0.909147395036234,2.444688
0.9092078195606946,2.445097
0.9092682440851554,2.444852
0.9093286686096163,2.44487
0.909389093134077,2.445239
0.9094495176585377,2.444557
0.9095099421829985,2.444571
0.909570366707459,2.444418
0.9096307912319198,2.444215
0.9096912157563807,2.444098
0.9097516402808412,2.444547
0.9098120648053022,2.444475
0.9098724893297628,2.444026
0.9099329138542235,2.444887
0.9099933383786843,2.444499
0.910053762903145,2.44425
0.9101141874276057,2.444186
0.9101746119520665,2.443737
0.910235036476527,2.443464
0.910295461000988,2.443991
0.9103558855254488,2.44344
0.9104163100499094,2.443587
0.9104767345743702,2.443945
0.9105371590988309,2.443689
0.9105975836232916,2.443596
0.9106580081477522,2.44335
0.9107184326722131,2.442817
0.910778857196674,2.442562
0.9108392817211346,2.443175
0.9108997062455954,2.443222
0.910960130770056,2.442901
0.9110205552945168,2.443044
0.9110809798189776,2.442784
0.9111414043434382,2.443037
0.9112018288678989,2.443345
0.9112622533923598,2.442852
0.9113226779168204,2.443097
0.9113831024412813,2.443085
0.9114435269657419,2.442463
0.9115039514902027,2.442518
0.9115643760146633,2.442825
0.9116248005391242,2.442361
0.9116852250635848,2.442333
0.9117456495880455,2.442671
0.9118060741125065,2.442091
0.9118664986369671,2.441994
0.9119269231614279,2.442038
0.9119873476858886,2.441678
0.9120477722103492,2.44179
0.91210819673481,2.442294
0.912168621259271,2.442092
0.9122290457837314,2.441869
0.9122894703081923,2.442401
0.9123498948326529,2.442161
0.9124103193571137,2.441749
0.9124707438815746,2.442191
0.9125311684060351,2.441927
0.9125915929304959,2.441781
0.9126520174549566,2.442309
0.9127124419794173,2.441764
0.9127728665038782,2.44174
0.9128332910283389,2.441968
0.9128937155527996,2.44153
0.9129541400772603,2.441583
0.913014564601721,2.441645
0.9130749891261818,2.441176
0.9131354136506424,2.441273
0.9131958381751034,2.441844
0.913256262699564,2.441374
0.9133166872240248,2.441233
0.9133771117484856,2.441324
0.9134375362729461,2.44094
0.913497960797407,2.440663
0.9135583853218677,2.440874
0.9136188098463284,2.440476
0.9136792343707892,2.440449
0.91373965889525,2.440748
0.9138000834197106,2.440524
0.9138605079441715,2.440347
0.9139209324686322,2.440898
0.9139813569930928,2.440532
0.9140417815175536,2.440472
0.9141022060420143,2.440766
0.9141626305664752,2.440542
0.9142230550909358,2.440704
0.9142834796153967,2.440545
0.9143439041398572,2.440373
0.914404328664318,2.440244
0.9144647531887788,2.440434
0.9145251777132394,2.439947
0.9145856022377002,2.440107
0.9146460267621608,2.44066
0.9147064512866218,2.440105
0.9147668758110825,2.440156
0.914827300335543,2.440228
0.9148877248600039,2.439532
0.9149481493844647,2.439718
0.9150085739089252,2.439893
0.9150689984333861,2.439507
0.9151294229578469,2.43935
0.9151898474823076,2.439821
0.9152502720067683,2.439559
0.9153106965312291,2.439495
0.9153711210556897,2.439802
0.9154315455801505,2.439415
0.9154919701046113,2.439293
0.9155523946290719,2.439336
0.9156128191535327,2.439249
0.9156732436779936,2.43913
0.9157336682024542,2.439137
0.9157940927269149,2.438418
0.9158545172513758,2.438498
0.9159149417758363,2.438879
0.9159753663002972,2.438252
0.9160357908247578,2.438503
0.9160962153492185,2.438773
0.9161566398736795,2.438291
0.9162170643981401,2.438218
0.9162774889226009,2.438378
0.9163379134470615,2.438225
0.9163983379715224,2.438196
0.916458762495983,2.438653
0.9165191870204437,2.438025
0.9165796115449046,2.438012
0.9166400360693653,2.438337
0.916700460593826,2.437668
0.9167608851182868,2.437622
0.9168213096427473,2.438605
0.9168817341672082,2.438021
0.9169421586916691,2.437801
0.9170025832161296,2.438109
0.9170630077405905,2.437612
0.9171234322650511,2.437771
0.9171838567895119,2.438265
0.9172442813139727,2.438241
0.9173047058384333,2.438152
0.917365130362894,2.438186
0.9174255548873548,2.437782
0.9174859794118154,2.437885
0.9175464039362764,2.438061
0.917606828460737,2.437458
0.9176672529851978,2.4375
0.9177276775096584,2.437949
0.9177881020341192,2.437169
0.91784852655858,2.437092
0.9179089510830406,2.437527
0.9179693756075015,2.436862
0.918029800131962,2.437089
0.918090224656423,2.437445
0.9181506491808837,2.436703
0.9182110737053443,2.437053
0.9182714982298051,2.437383
0.9183319227542659,2.437037
0.9183923472787265,2.437015
0.9184527718031873,2.437239
0.9185131963276478,2.436711
0.9185736208521088,2.43697
0.9186340453765697,2.43721
0.9186944699010302,2.436749
0.918754894425491,2.436583
0.9188153189499517,2.436597
0.9188757434744124,2.436278
0.9189361679988732,2.43646
0.918996592523334,2.436434
0.9190570170477947,2.436298
0.9191174415722554,2.436159
0.9191778660967161,2.436546
0.9192382906211769,2.436026
0.9192987151456375,2.435986
0.9193591396700984,2.436361
0.919419564194559,2.435915
0.9194799887190199,2.435921
0.9195404132434807,2.436009
0.9196008377679412,2.435888
0.9196612622924021,2.435589
0.9197216868168627,2.435836
0.9197821113413235,2.435499
0.9198425358657842,2.435755
0.9199029603902449,2.435936
0.9199633849147056,2.435598
0.9200238094391666,2.435447
0.9200842339636273,2.435754
0.9201446584880879,2.435315
0.9202050830125487,2.435225
0.9202655075370094,2.435579
0.9203259320614702,2.43507
0.9203863565859308,2.435221
0.9204467811103918,2.435285
0.9205072056348523,2.435296
0.9205676301593131,2.435374
0.920628054683774,2.435601
0.9206884792082345,2.434913
0.9207489037326954,2.434836
0.9208093282571559,2.43511
0.9208697527816166,2.434713
0.9209301773060776,2.434528
0.9209906018305382,2.434685
0.921051026354999,2.434463
0.9211114508794597,2.434519
0.9211718754039203,2.434671
0.9212322999283812,2.434418
0.9212927244528418,2.434621
0.9213531489773026,2.434621
0.9214135735017634,2.434223
0.9214739980262242,2.434162
0.9215344225506849,2.434583
0.9215948470751456,2.434231
0.9216552715996064,2.433979
0.921715696124067,2.434181
0.9217761206485278,2.43405
0.9218365451729887,2.433853
0.9218969696974492,2.434025
0.92195739422191,2.433808
0.9220178187463709,2.434119
0.9220782432708314,2.434067
0.9221386677952922,2.43377
0.9221990923197529,2.434043
0.9222595168442136,2.434
0.9223199413686745,2.433724
0.9223803658931352,2.433827
0.922440790417596,2.433935
0.9225012149420566,2.433609
0.9225616394665175,2.433571
0.9226220639909781,2.433592
0.9226824885154388,2.433256
0.9227429130398996,2.433239
0.9228033375643602,2.433226
0.9228637620888211,2.432763
0.9229241866132819,2.43308
0.9229846111377424,2.433034
0.9230450356622033,2.432768
0.9231054601866642,2.432858
0.9231658847111247,2.432721
0.9232263092355855,2.432616
0.923286733760046,2.432761
0.923347158284507,2.432884
0.9234075828089678,2.432812
0.9234680073334284,2.43274
0.9235284318578891,2.432578
0.9235888563823499,2.432261
0.9236492809068105,2.432811
0.9237097054312714,2.432708
0.923770129955732,2.432572
0.9238305544801929,2.432412
0.9238909790046536,2.432526
0.9239514035291143,2.432132
0.9240118280535751,2.432272
0.9240722525780357,2.431986
0.9241326771024966,2.431714
0.9241931016269571,2.432005
0.9242535261514179,2.431996
0.9243139506758788,2.431874
0.9243743752003394,2.431975
0.9244347997248002,2.4321
0.9244952242492609,2.431629
0.9245556487737217,2.431596
0.9246160732981824,2.431566
0.9246764978226432,2.431253
0.9247369223471038,2.431368
0.9247973468715648,2.431384
0.9248577713960253,2.431146
0.9249181959204861,2.431327
0.9249786204449468,2.431518
0.9250390449694075,2.431294
0.9250994694938683,2.431283
0.925159894018329,2.431562
0.9252203185427896,2.431035
0.9252807430672504,2.431093
0.9253411675917113,2.431033
0.925401592116172,2.43068
0.9254620166406327,2.431181
0.9255224411650935,2.430979
0.9255828656895541,2.43061
0.9256432902140148,2.430618
0.9257037147384758,2.430723
0.9257641392629362,2.430419
0.9258245637873972,2.430581
0.9258849883118578,2.430485
0.9259454128363186,2.430455
0.9260058373607793,2.430746
0.92606626188524,2.430696
0.9261266864097008,2.430235
0.9261871109341614,2.43043
0.9262475354586224,2.430299
0.926307959983083,2.430159
0.9263683845075438,2.430022
0.9264288090320045,2.430151
0.9264892335564652,2.430209
0.9265496580809259,2.43036
0.9266100826053867,2.430107
0.9266705071298473,2.429544
0.9267309316543082,2.429581
0.9267913561787691,2.429615
0.9268517807032296,2.429684
0.9269122052276905,2.429649
0.926972629752151,2.429274
0.9270330542766118,2.428928
0.9270934788010726,2.42887
0.9271539033255332,2.428889
0.9272143278499941,2.428731
0.9272747523744548,2.428903
0.9273351768989154,2.428943
0.9273956014233763,2.428994
0.9274560259478369,2.428809
0.9275164504722977,2.428709
0.9275768749967583,2.428584
0.9276372995212192,2.428635
0.92769772404568,2.428298
0.9277581485701407,2.428296
0.9278185730946015,2.428744
0.9278789976190621,2.42878
0.9279394221435229,2.428517
0.9279998466679836,2.428393
0.9280602711924442,2.428108
0.928120695716905,2.428235
0.928181120241366,2.42856
0.9282415447658265,2.428334
0.9283019692902873,2.428199
0.928362393814748,2.428519
0.9284228183392087,2.428266
0.9284832428636696,2.428369
0.9285436673881302,2.428623
0.9286040919125909,2.428264
0.9286645164370516,2.427758
0.9287249409615126,2.428082
0.9287853654859732,2.427822
0.9288457900104339,2.427781
0.9289062145348947,2.428244
0.9289666390593553,2.427773
0.9290270635838161,2.42772
0.929087488108277,2.427811
0.9291479126327374,2.427347
0.9292083371571984,2.427339
0.929268761681659,2.427754
0.9293291862061198,2.427508
0.9293896107305806,2.427478
0.9294500352550411,2.427827
0.929510459779502,2.427378
0.929570884303963,2.427283
0.9296313088284234,2.427791
0.9296917333528842,2.427037
0.929752157877345,2.426804
0.9298125824018056,2.427362
0.9298730069262665,2.426845
0.9299334314507272,2.426623
0.9299938559751878,2.426979
0.9300542804996486,2.426898
0.9301147050241094,2.426546
0.9301751295485702,2.426862
0.9302355540730308,2.42661
0.9302959785974917,2.426405
0.9303564031219522,2.426774
0.930416827646413,2.426382
0.9304772521708738,2.426003
0.9305376766953344,2.426457
0.9305981012197954,2.426151
0.930658525744256,2.426228
0.9307189502687168,2.426409
0.9307793747931775,2.426021
0.9308397993176382,2.426161
0.9309002238420989,2.426048
0.9309606483665596,2.425452
0.9310210728910204,2.42548
0.9310814974154812,2.425684
0.9311419219399419,2.425501
0.9312023464644027,2.425207
0.9312627709888635,2.425479
0.9313231955133241,2.425536
0.9313836200377849,2.425421
0.9314440445622455,2.425783
0.9315044690867063,2.425386
0.9315648936111672,2.425303
0.9316253181356278,2.425471
0.9316857426600886,2.425041
0.9317461671845492,2.424794
0.9318065917090099,2.425076
0.9318670162334708,2.424573
0.9319274407579313,2.424506
0.9319878652823922,2.4251
0.932048289806853,2.424887
0.9321087143313137,2.425036
0.9321691388557745,2.425274
0.9322295633802351,2.424689
0.9322899879046959,2.424318
0.9323504124291565,2.424601
0.9324108369536174,2.424292
0.932471261478078,2.424192
0.9325316860025387,2.424551
0.9325921105269996,2.424036
0.9326525350514602,2.42408
0.932712959575921,2.424133
0.9327733841003818,2.42403
0.9328338086248424,2.424118
0.9328942331493032,2.424528
0.9329546576737642,2.424017
0.9330150821982246,2.423859
0.9330755067226856,2.423802
0.9331359312471461,2.423452
0.9331963557716069,2.423248
0.9332567802960677,2.423714
0.9333172048205283,2.423289
0.9333776293449891,2.423224
0.9334380538694498,2.423727
0.9334984783939104,2.423397
0.9335589029183714,2.423342
0.933619327442832,2.423906
0.9336797519672928,2.423312
0.9337401764917534,2.423218
0.9338006010162143,2.423379
0.933861025540675,2.423117
0.9339214500651356,2.422959
0.9339818745895966,2.423485
0.9340422991140571,2.423123
0.934102723638518,2.422917
0.9341631481629787,2.423442
0.9342235726874393,2.42296
0.9342839972119001,2.422674
0.934344421736361,2.422911
0.9344048462608215,2.422268
0.9344652707852824,2.422113
0.9345256953097432,2.422791
0.9345861198342038,2.42216
0.9346465443586647,2.422047
0.9347069688831253,2.422559
0.934767393407586,2.421797
0.9348278179320467,2.421791
0.9348882424565075,2.42227
0.9349486669809683,2.421787
0.935009091505429,2.421679
0.9350695160298899,2.421806
0.9351299405543504,2.42139
0.9351903650788111,2.421612
0.935250789603272,2.421947
0.9353112141277325,2.421553
0.9353716386521934,2.421119
0.935432063176654,2.421068
0.9354924877011149,2.421057
0.9355529122255757,2.420983
0.9356133367500362,2.421645
0.9356737612744971,2.42099
0.9357341857989577,2.421058
0.9357946103234185,2.421339
0.9358550348478792,2.420466
0.9359154593723401,2.421022
0.9359758838968008,2.421329
0.9360363084212616,2.420678
0.9360967329457223,2.420612
0.9361571574701829,2.421303
0.9362175819946437,2.420926
0.9362780065191044,2.420534
0.9363384310435652,2.420759
0.9363988555680259,2.420191
0.9364592800924868,2.42003
0.9365197046169473,2.420572
0.9365801291414081,2.420197
0.936640553665869,2.420308
0.9367009781903295,2.420567
0.9367614027147904,2.419991
0.936821827239251,2.42018
0.9368822517637116,2.420215
0.9369426762881726,2.419787
0.9370031008126333,2.41943
0.937063525337094,2.420016
0.9371239498615547,2.419773
0.9371843743860155,2.419884
0.9372447989104762,2.420159
0.9373052234349368,2.419667
0.9373656479593978,2.419988
0.9374260724838583,2.419812
0.9374864970083192,2.41947
0.93754692153278,2.419297
0.9376073460572406,2.419727
0.9376677705817014,2.419103
0.9377281951061622,2.41933
0.9377886196306228,2.41977
0.9378490441550837,2.419021
0.9379094686795443,2.418972
0.937969893204005,2.419578
0.9380303177284659,2.418839
0.9380907422529264,2.419079
0.9381511667773873,2.419457
0.938211591301848,2.418979
0.9382720158263086,2.418955
0.9383324403507696,2.419
0.9383928648752302,2.418388
0.938453289399691,2.418296
0.9385137139241516,2.418839
0.9385741384486125,2.418499
0.9386345629730731,2.418672
0.9386949874975338,2.418866
0.9387554120219946,2.418063
0.9388158365464552,2.418264
0.9388762610709162,2.418674
0.9389366855953769,2.418371
0.9389971101198376,2.418522
0.9390575346442983,2.418719
0.939117959168759,2.41806
0.9391783836932197,2.417687
0.9392388082176805,2.417991
0.9392992327421413,2.417734
0.939359657266602,2.417533
0.9394200817910628,2.417627
0.9394805063155234,2.417081
0.9395409308399841,2.417227
0.9396013553644449,2.41751
0.9396617798889055,2.416813
0.9397222044133664,2.417085
0.9397826289378272,2.417283
0.9398430534622879,2.416765
0.9399034779867486,2.417033
0.9399639025112094,2.417154
0.9400243270356701,2.41692
0.9400847515601307,2.416912
0.9401451760845916,2.417
0.9402056006090521,2.416523
0.9402660251335131,2.416947
0.9403264496579739,2.417143
0.9403868741824344,2.416678
0.9404472987068953,2.41681
0.9405077232313559,2.416753
0.9405681477558167,2.416301
0.9406285722802774,2.416503
0.9406889968047382,2.416848
0.9407494213291988,2.416281
0.9408098458536598,2.416279
0.9408702703781204,2.416591
0.9409306949025811,2.416236
0.9409911194270418,2.416274
0.9410515439515026,2.416356
0.9411119684759633,2.416174
0.941172393000424,2.415872
0.941232817524885,2.416131
0.9412932420493455,2.415824
0.9413536665738063,2.416118
0.9414140910982671,2.416487
0.9414745156227277,2.415781
0.9415349401471885,2.41555
0.9415953646716491,2.415688
0.9416557891961098,2.415168
0.9417162137205708,2.415358
0.9417766382450313,2.415884
0.9418370627694922,2.415292
0.9418974872939528,2.415531
0.9419579118184136,2.415725
0.9420183363428744,2.41521
0.9420787608673351,2.415247
0.9421391853917958,2.415613
0.9421996099162564,2.415167
0.9422600344407174,2.415349
0.942320458965178,2.415635
0.9423808834896388,2.414979
0.9424413080140995,2.41474
0.9425017325385603,2.415033
0.9425621570630209,2.414271
0.9426225815874819,2.414171
0.9426830061119423,2.414488
0.9427434306364032,2.414195
0.9428038551608641,2.414345
0.9428642796853246,2.414714
0.9429247042097855,2.414131
0.9429851287342461,2.414207
0.9430455532587068,2.414505
0.9431059777831676,2.414159
0.9431664023076284,2.414067
0.9432268268320891,2.414546
0.9432872513565498,2.414119
0.9433476758810106,2.414021
0.9434081004054713,2.414044
0.9434685249299319,2.413689
0.9435289494543928,2.413378
0.9435893739788533,2.413706
0.9436497985033143,2.413098
0.9437102230277751,2.41352
0.9437706475522357,2.413741
0.9438310720766965,2.413122
0.943891496601157,2.413138
0.9439519211256179,2.413626
0.9440123456500786,2.412997
0.9440727701745393,2.412832
0.9441331946990001,2.413363
0.944193619223461,2.412587
0.9442540437479215,2.412176
0.9443144682723824,2.412506
0.9443748927968431,2.412714
0.9444353173213037,2.412518
0.9444957418457646,2.412763
0.9445561663702252,2.412116
0.9446165908946861,2.412559
0.9446770154191467,2.412853
0.9447374399436076,2.412105
0.9447978644680682,2.411874
0.9448582889925289,2.412261
0.9449187135169898,2.412027
0.9449791380414503,2.411952
0.9450395625659112,2.411869
0.945099987090372,2.411592
0.9451604116148327,2.411779
0.9452208361392934,2.412171
0.9452812606637541,2.411619
0.9453416851882148,2.41192
0.9454021097126756,2.412205
0.9454625342371363,2.411777
0.945522958761597,2.411534
0.945583383286058,2.412115
0.9456438078105186,2.411363
0.9457042323349792,2.411479
0.94576465685944,2.411753
0.9458250813839008,2.411102
0.9458855059083615,2.411173
0.9459459304328222,2.411389
0.9460063549572831,2.41069
0.9460667794817436,2.410529
0.9461272040062045,2.410803
0.9461876285306653,2.41039
0.9462480530551258,2.410497
0.9463084775795867,2.410753
0.9463689021040472,2.41065
0.9464293266285081,2.410491
0.946489751152969,2.410861
0.9465501756774294,2.410465
0.9466106002018904,2.410258
0.946671024726351,2.410624
0.9467314492508118,2.41042
0.9467918737752725,2.410489
0.9468522982997333,2.410576
0.9469127228241939,2.409992
0.9469731473486546,2.409707
0.9470335718731155,2.4102
0.9470939963975762,2.409674
0.9471544209220369,2.409915
0.9472148454464977,2.410109
0.9472752699709585,2.409309
0.9473356944954191,2.409388
0.94739611901988,2.409761
0.9474565435443405,2.409539
0.9475169680688014,2.40942
0.9475773925932622,2.409677
0.9476378171177228,2.409352
0.9476982416421836,2.409302
0.9477586661666442,2.409488
0.9478190906911049,2.409045
0.9478795152155658,2.408897
0.9479399397400263,2.409168
0.9480003642644873,2.408822
0.948060788788948,2.408665
0.9481212133134087,2.408939
0.9481816378378695,2.408253
0.9482420623623301,2.408444
0.9483024868867909,2.408784
0.9483629114112515,2.408509
0.9484233359357124,2.408425
0.9484837604601731,2.408724
0.9485441849846339,2.408237
0.9486046095090946,2.407949
0.9486650340335552,2.408476
0.948725458558016,2.408017
0.9487858830824768,2.40764
0.9488463076069374,2.407903
0.9489067321313982,2.40776
0.9489671566558592,2.40792
0.9490275811803197,2.408173
0.9490880057047806,2.407687
0.9491484302292412,2.40757
0.9492088547537019,2.407498
0.9492692792781627,2.407133
0.9493297038026234,2.406727
0.9493901283270841,2.407408
0.9494505528515448,2.406817
0.9495109773760058,2.407108
0.9495714019004664,2.407314
0.949631826424927,2.406821
0.9496922509493879,2.406789
0.9497526754738485,2.407092
0.9498130999983093,2.40661
0.9498735245227702,2.406424
0.9499339490472306,2.406911
0.9499943735716916,2.406624
0.9500547980961521,2.406494
0.950115222620613,2.406807
0.9501756471450737,2.406223
0.9502360716695344,2.406348
0.9502964961939951,2.406539
0.9503569207184558,2.406268
0.9504173452429165,2.405849
0.9504777697673775,2.406126
0.9505381942918382,2.405679
0.9505986188162988,2.405582
0.9506590433407597,2.405862
0.9507194678652203,2.405184
0.9507798923896811,2.405152
0.9508403169141417,2.405906
0.9509007414386027,2.405264
0.9509611659630633,2.405105
0.951021590487524,2.405658
0.9510820150119849,2.405107
0.9511424395364454,2.405274
0.9512028640609063,2.405558
0.951263288585367,2.405163
0.9513237131098276,2.405351
0.9513841376342885,2.405406
0.9514445621587492,2.404591
0.9515049866832099,2.404783
0.9515654112076707,2.405267
0.9516258357321314,2.404588
0.9516862602565921,2.40448
0.9517466847810527,2.404952
0.9518071093055136,2.404581
0.9518675338299744,2.404574
0.9519279583544351,2.404843
0.9519883828788959,2.404298
0.9520488074033566,2.403853
0.9521092319278173,2.403991
0.9521696564522781,2.403501
0.9522300809767387,2.403914
0.9522905055011994,2.404076
0.9523509300256604,2.403779
0.9524113545501209,2.403803
0.9524717790745818,2.403962
0.9525322035990423,2.403682
0.9525926281235031,2.404151
0.952653052647964,2.404066
0.9527134771724245,2.403494
0.9527739016968854,2.403548
0.9528343262213461,2.403914
0.9528947507458069,2.403517
0.9529551752702676,2.403548
0.9530155997947284,2.403381
0.953076024319189,2.402945
0.9531364488436497,2.403032
0.9531968733681105,2.403474
0.9532572978925712,2.402803
0.953317722417032,2.402713
0.9533781469414928,2.403091
0.9534385714659533,2.402659
0.9534989959904142,2.402504
0.9535594205148751,2.402689
0.9536198450393356,2.402386
0.9536802695637964,2.402632
0.9537406940882573,2.403083
0.9538011186127178,2.40247
0.9538615431371787,2.402103
0.9539219676616394,2.402374
0.9539823921861,2.401969
0.9540428167105609,2.402221
0.9541032412350214,2.402365
0.9541636657594823,2.401788
0.954224090283943,2.401771
0.9542845148084036,2.402331
0.9543449393328646,2.401787
0.9544053638573252,2.401607
0.954465788381786,2.401958
0.9545262129062466,2.401196
0.9545866374307075,2.401274
0.9546470619551681,2.401519
0.9547074864796288,2.400922
0.9547679110040898,2.401133
0.9548283355285503,2.401616
0.9548887600530112,2.401205
0.9549491845774719,2.400858
0.9550096091019326,2.401265
0.9550700336263933,2.400656
0.9551304581508541,2.400649
0.9551908826753147,2.401012
0.9552513071997757,2.400513
0.9553117317242363,2.400297
0.955372156248697,2.400709
0.9554325807731578,2.40018
0.9554930052976185,2.400425
0.9555534298220792,2.401082
0.9556138543465399,2.400628
0.9556742788710006,2.400488
0.9557347033954615,2.400851
0.9557951279199222,2.400054
0.9559159769688436,2.400187
0.9560972505422257,2.40031
