sod,voltage
0.0,3.194442
4.1143764518848736e-05,3.170019
8.228752903769747e-05,3.155398
0.00012343129355654622,3.147269
0.00016457505807539495,3.141765
0.00020571882259424364,3.137442
0.00024686258711309245,3.13307
0.0002880063516319411,3.128799
0.0003291501161507899,3.124483
0.00037029388066963856,3.120149
0.0004114376451884873,3.116516
0.00045258140970733606,3.111867
0.0004937251742261849,3.108138
0.0005348689387450335,3.104406
0.0005760127032638822,3.100792
0.0006171564677827311,3.097361
0.0006583002323015798,3.093751
0.0006994439968204285,3.090145
0.0007405877613392771,3.086519
0.0007817315258581258,3.083372
0.0008228752903769746,3.080208
0.0008640190548958234,3.077176
0.0009051628194146721,3.073979
0.000946306583933521,3.070817
0.0009874503484523698,3.067737
0.0010285941129712184,3.065213
0.001069737877490067,3.062447
0.0011108816420089158,3.059615
0.0011520254065277645,3.057063
0.0011931691710466135,3.054146
0.0012343129355654621,3.051654
0.0012754567000843105,3.049296
0.0013166004646031596,3.046767
0.001357744229122008,3.044558
0.001398887993640857,3.042663
0.0014400317581597056,3.040576
0.0014811755226785542,3.038506
0.0015223192871974033,3.036332
0.0015634630517162517,3.034002
0.0016046068162351007,3.032347
0.0016457505807539491,3.030387
0.001686894345272798,3.02848
0.0017280381097916468,3.026661
0.0017691818743104954,3.024709
0.0018103256388293442,3.022844
0.0018514694033481929,3.021301
0.001892613167867042,3.019962
0.0019337569323858903,3.018018
0.0019749006969047396,3.015642
0.002016044461423588,3.013918
0.002057188225942437,3.011978
0.0020983319904612856,3.010459
0.002139475754980134,3.008964
0.002180619519498983,3.007359
0.0022217632840178317,3.005852
0.00226290704853668,3.004225
0.002304050813055529,3.002921
0.0023451945775743777,3.000979
0.002386338342093227,2.999775
0.002427482106612075,2.998292
0.0024686258711309242,2.996972
0.0025097696356497726,2.995411
0.002550913400168621,2.994166
0.00259205716468747,2.992539
0.002633200929206319,2.991221
0.002674344693725168,2.9901
0.002715488458244016,2.98847
0.002756632222762865,2.9874
0.002797775987281714,2.985793
0.002838919751800563,2.984801
0.0028800635163194113,2.983617
0.00292120728083826,2.982497
0.0029623510453571085,2.980882
0.0030034948098759577,2.97957
0.0030446385743948066,2.978271
0.0030857823389136554,2.976966
0.0031269261034325034,2.97614
0.0031680698679513526,2.975033
0.0032092136324702015,2.973808
0.0032503573969890503,2.973066
0.0032915011615078983,2.972214
0.0033326449260267475,2.970922
0.003373788690545596,2.969714
0.003414932455064445,2.968712
0.0034560762195832936,2.967304
0.0034972199841021424,2.966348
0.003538363748620991,2.965367
0.0035795075131398396,2.964361
0.0036206512776586885,2.963323
0.0036617950421775373,2.962197
0.0037029388066963857,2.961187
0.003744082571215235,2.959962
0.003785226335734084,2.959114
0.003826370100252932,2.957901
0.0038675138647717806,2.957132
0.003908657629290629,2.956263
0.003949801393809479,2.9553
0.003990945158328327,2.954203
0.004032088922847176,2.953256
0.004073232687366025,2.952469
0.004114376451884874,2.951301
0.004155520216403722,2.950477
0.004196663980922571,2.949422
0.004237807745441419,2.948479
0.004278951509960268,2.9479
0.004320095274479118,2.947026
0.004361239038997966,2.94624
0.0044023828035168145,2.945414
0.004443526568035663,2.943917
0.004484670332554512,2.943217
0.00452581409707336,2.94225
0.00456695786159221,2.941446
0.004608101626111058,2.940654
0.0046492453906299075,2.939799
0.0046903891551487555,2.938977
0.0047315329196676035,2.938409
0.004772676684186454,2.937529
0.004813820448705302,2.936754
0.00485496421322415,2.935982
0.004896107977742999,2.935369
0.0049372517422618485,2.934537
0.004978395506780697,2.933651
0.005019539271299545,2.932867
0.005060683035818394,2.931971
0.005101826800337242,2.931033
0.005142970564856092,2.929893
0.00518411432937494,2.928992
0.005225258093893789,2.928194
0.005266401858412638,2.92755
0.005307545622931487,2.927049
0.005348689387450336,2.926027
0.005389833151969184,2.92545
0.005430976916488032,2.924769
0.005472120681006881,2.923803
0.00551326444552573,2.923266
0.005554408210044578,2.92237
0.005595551974563428,2.921611
0.005636695739082277,2.920951
0.005677839503601126,2.920353
0.005718983268119974,2.919571
0.0057601270326388225,2.918973
0.005801270797157672,2.91813
0.00584241456167652,2.917222
0.005883558326195368,2.916759
0.005924702090714217,2.915859
0.005965845855233067,2.915087
0.0060069896197519155,2.914791
0.006048133384270764,2.914283
0.006089277148789613,2.91337
0.006130420913308462,2.912863
0.006171564677827311,2.912079
0.006212708442346158,2.911419
0.006253852206865007,2.910841
0.006294995971383856,2.910199
0.006336139735902705,2.90921
0.006377283500421553,2.908755
0.006418427264940403,2.908183
0.006459571029459252,2.907602
0.006500714793978101,2.906844
0.006541858558496948,2.906594
0.0065830023230157965,2.906034
0.006624146087534646,2.905488
0.006665289852053495,2.904998
0.006706433616572344,2.90392
0.006747577381091192,2.903229
0.006788721145610041,2.902671
0.00682986491012889,2.902046
0.006871008674647739,2.901445
0.006912152439166587,2.901046
0.006953296203685436,2.900621
0.006994439968204285,2.900303
0.007035583732723134,2.899702
0.007076727497241982,2.899279
0.0071178712617608305,2.898736
0.007159015026279679,2.898
0.007200158790798529,2.897094
0.007241302555317377,2.89669
0.007282446319836226,2.896611
0.007323590084355075,2.895892
0.0073647338488739235,2.895186
0.007405877613392771,2.894712
0.007447021377911621,2.894147
0.00748816514243047,2.893427
0.007529308906949319,2.892829
0.007570452671468168,2.892306
0.007611596435987016,2.891776
0.007652740200505864,2.891323
0.007693883965024713,2.890623
0.007735027729543561,2.890176
0.00777617149406241,2.889852
0.007817315258581259,2.88912
0.007858459023100109,2.888468
0.007899602787618958,2.888149
0.007940746552137804,2.887773
0.007981890316656654,2.887057
0.008023034081175504,2.886787
0.008064177845694352,2.886319
0.008105321610213202,2.885821
0.00814646537473205,2.885281
0.008187609139250897,2.884948
0.008228752903769747,2.884271
0.008269896668288595,2.883727
0.008311040432807445,2.883167
0.008352184197326293,2.882897
0.008393327961845143,2.882611
0.008434471726363989,2.881775
0.008475615490882838,2.880933
0.008516759255401686,2.880272
0.008557903019920536,2.880246
0.008599046784439386,2.879585
0.008640190548958235,2.879132
0.00868133431347708,2.878747
0.008722478077995931,2.878
0.008763621842514781,2.877933
0.008804765607033629,2.877401
0.008845909371552477,2.876747
0.008887053136071327,2.876414
0.008928196900590176,2.875906
0.008969340665109024,2.875628
0.009010484429627872,2.875175
0.00905162819414672,2.87459
0.00909277195866557,2.873911
0.00913391572318442,2.873796
0.009175059487703268,2.87361
0.009216203252222116,2.873059
0.009257347016740965,2.872492
0.009298490781259815,2.871987
0.009339634545778663,2.871576
0.009380778310297511,2.871698
0.009421922074816357,2.871049
0.009463065839335207,2.8706
0.009504209603854058,2.870317
0.009545353368372908,2.869824
0.009586497132891754,2.869213
0.009627640897410604,2.86894
0.009668784661929454,2.868705
0.0097099284264483,2.868323
0.00975107219096715,2.867953
0.009792215955485998,2.867574
0.009833359720004847,2.866976
0.009874503484523697,2.866629
0.009915647249042545,2.866192
0.009956791013561395,2.865934
0.009997934778080243,2.865881
0.01003907854259909,2.865525
0.01008022230711794,2.865127
0.010121366071636788,2.864442
0.010162509836155638,2.863853
0.010203653600674484,2.863473
0.010244797365193334,2.862995
0.010285941129712184,2.862515
0.010327084894231035,2.862116
0.01036822865874988,2.861913
0.01040937242326873,2.861477
0.010450516187787579,2.861447
0.010491659952306427,2.861147
0.010532803716825277,2.860754
0.010573947481344124,2.86047
0.010615091245862974,2.85975
0.010656235010381822,2.859212
0.010697378774900672,2.859042
0.01073852253941952,2.858682
0.010779666303938368,2.858387
0.010820810068457217,2.857961
0.010861953832976064,2.857436
0.010903097597494915,2.857178
0.010944241362013761,2.857
0.010985385126532611,2.856344
0.01102652889105146,2.855916
0.011067672655570307,2.855671
0.011108816420089157,2.855291
0.011149960184608006,2.854886
0.011191103949126856,2.85476
0.011232247713645704,2.854356
0.011273391478164554,2.854143
0.011314535242683402,2.853654
0.011355679007202251,2.853011
0.0113968227717211,2.852938
0.011437966536239947,2.852607
0.011479110300758797,2.852243
0.011520254065277645,2.852014
0.011561397829796495,2.851673
0.011602541594315344,2.851346
0.01164368535883419,2.851136
0.01168482912335304,2.850743
0.011725972887871887,2.850459
0.011767116652390736,2.85046
0.011808260416909586,2.850202
0.011849404181428434,2.849905
0.011890547945947284,2.849407
0.011931691710466133,2.849056
0.011972835474984983,2.848885
0.012013979239503831,2.848443
0.01205512300402268,2.848395
0.012096266768541529,2.847664
0.012137410533060377,2.847445
0.012178554297579226,2.84712
0.012219698062098074,2.847126
0.012260841826616924,2.847206
0.012301985591135772,2.846558
0.012343129355654622,2.846223
0.012384273120173468,2.845593
0.012425416884692316,2.845055
0.012466560649211166,2.844863
0.012507704413730013,2.844619
0.012548848178248863,2.844509
0.012589991942767711,2.844422
0.01263113570728656,2.843954
0.01267227947180541,2.843523
0.01271342323632426,2.843339
0.012754567000843106,2.843105
0.012795710765361954,2.843028
0.012836854529880806,2.842545
0.012877998294399654,2.842172
0.012919142058918504,2.841983
0.012960285823437351,2.84152
0.013001429587956201,2.841301
0.013042573352475051,2.841288
0.013083717116993895,2.841082
0.013124860881512745,2.840639
0.013166004646031593,2.840341
0.013207148410550443,2.840236
0.013248292175069292,2.839622
0.01328943593958814,2.839453
0.01333057970410699,2.839142
0.013371723468625838,2.838885
0.013412867233144688,2.838542
0.013454010997663536,2.838295
0.013495154762182384,2.837942
0.013536298526701233,2.837693
0.013577442291220081,2.83736
0.013618586055738933,2.837086
0.01365972982025778,2.836828
0.01370087358477663,2.836538
0.013742017349295478,2.836566
0.013783161113814325,2.836175
0.013824304878333174,2.835903
0.013865448642852022,2.835548
0.013906592407370872,2.83514
0.01394773617188972,2.83495
0.01398887993640857,2.834421
0.014030023700927418,2.834625
0.014071167465446267,2.83446
0.014112311229965115,2.833829
0.014153454994483963,2.833396
0.014194598759002813,2.833176
0.014235742523521661,2.832998
0.01427688628804051,2.83301
0.014318030052559359,2.832669
0.014359173817078208,2.832185
0.014400317581597058,2.83187
0.014441461346115902,2.831601
0.014482605110634754,2.831321
0.014523748875153602,2.831143
0.014564892639672452,2.830993
0.0146060364041913,2.830557
0.01464718016871015,2.830245
0.014688323933228999,2.83058
0.014729467697747847,2.830138
0.014770611462266697,2.830046
0.014811755226785543,2.829747
0.014852898991304394,2.829831
0.014894042755823242,2.829417
0.014935186520342092,2.829206
0.01497633028486094,2.828625
0.01501747404937979,2.828169
0.015058617813898638,2.828345
0.015099761578417487,2.827821
0.015140905342936335,2.827626
0.015182049107455181,2.827456
0.015223192871974031,2.827078
0.015264336636492879,2.827196
0.015305480401011729,2.826888
0.015346624165530577,2.826985
0.015387767930049426,2.826511
0.015428911694568274,2.826181
0.015470055459087122,2.825893
0.015511199223605972,2.825583
0.01555234298812482,2.825282
0.01559348675264367,2.825068
0.015634630517162518,2.824712
0.015675774281681366,2.824759
0.015716918046200217,2.824264
0.015758061810719065,2.824149
0.015799205575237917,2.82411
0.015840349339756764,2.823672
0.01588149310427561,2.823266
0.01592263686879446,2.82302
0.01596378063331331,2.822576
0.01600492439783216,2.8224
0.016046068162351008,2.82198
0.016087211926869856,2.822307
0.016128355691388704,2.822052
0.016169499455907548,2.821773
0.016210643220426403,2.821525
0.016251786984945248,2.821173
0.0162929307494641,2.821073
0.016334074513982947,2.821181
0.016375218278501795,2.820845
0.016416362043020643,2.82053
0.016457505807539494,2.820316
0.016498649572058342,2.820238
0.01653979333657719,2.820072
0.016580937101096038,2.819955
0.01662208086561489,2.819781
0.016663224630133738,2.819667
0.016704368394652586,2.819349
0.016745512159171434,2.819399
0.016786655923690285,2.819086
0.016827799688209133,2.818902
0.016868943452727977,2.818624
0.01691008721724683,2.818383
0.016951230981765677,2.818427
0.016992374746284525,2.817636
0.017033518510803373,2.817618
0.01707466227532222,2.817598
0.017115806039841072,2.817502
0.01715694980435992,2.817116
0.01719809356887877,2.816952
0.017239237333397616,2.816861
0.01728038109791647,2.816565
0.01732152486243532,2.816304
0.01736266862695416,2.815858
0.017403812391473015,2.815772
0.017444956155991863,2.815579
0.017486099920510714,2.815361
0.017527243685029562,2.815233
0.01756838744954841,2.815176
0.017609531214067258,2.814857
0.01765067497858611,2.815061
0.017691818743104954,2.814865
0.017732962507623802,2.814712
0.017774106272142653,2.814505
0.0178152500366615,2.81453
0.017856393801180353,2.814198
0.017897537565699197,2.814006
0.01793868133021805,2.81369
0.017979825094736897,2.813394
0.018020968859255745,2.813401
0.018062112623774596,2.813213
0.01810325638829344,2.813073
0.018144400152812292,2.81296
0.01818554391733114,2.81266
0.01822668768184999,2.812673
0.01826783144636884,2.812658
0.018308975210887687,2.81265
0.018350118975406535,2.812627
0.01839126273992538,2.812306
0.01843240650444423,2.812477
0.01847355026896308,2.81217
0.01851469403348193,2.812044
0.01855583779800078,2.811831
0.01859698156251963,2.811619
0.018638125327038475,2.811225
0.018679269091557326,2.811008
0.018720412856076174,2.810987
0.018761556620595022,2.810831
0.018802700385113873,2.810363
0.018843844149632714,2.810565
0.018884987914151573,2.810164
0.018926131678670414,2.810067
0.01896727544318927,2.809916
0.019008419207708117,2.809821
0.01904956297222696,2.809708
0.019090706736745816,2.809527
0.01913185050126466,2.809259
0.01917299426578351,2.809159
0.019214138030302357,2.80904
0.019255281794821208,2.808762
0.019296425559340056,2.809082
0.019337569323858907,2.80896
0.019378713088377752,2.808961
0.0194198568528966,2.808833
0.01946100061741545,2.808638
0.0195021443819343,2.808508
0.01954328814645315,2.808399
0.019584431910971995,2.807977
0.019625575675490847,2.807446
0.019666719440009695,2.807452
0.019707863204528542,2.807196
0.019749006969047394,2.807028
0.01979015073356624,2.807096
0.01983129449808509,2.807013
0.019872438262603938,2.806994
0.01991358202712279,2.806889
0.019954725791641637,2.806698
0.019995869556160485,2.806413
0.020037013320679333,2.806588
0.02007815708519818,2.806393
0.020119300849717033,2.806088
0.02016044461423588,2.805906
0.02020158837875473,2.805908
0.020242732143273576,2.80575
0.020283875907792428,2.806023
0.020325019672311276,2.805955
0.02036616343683012,2.805473
0.02040730720134897,2.805366
0.020448450965867816,2.805265
0.020489594730386668,2.805364
0.020530738494905516,2.805247
0.020571882259424367,2.805076
0.02061302602394321,2.804727
0.02065416978846207,2.804849
0.020695313552980914,2.80457
0.02073645731749976,2.804863
0.02077760108201861,2.804772
0.02081874484653746,2.804313
0.02085988861105631,2.80442
0.020901032375575158,2.80465
0.020942176140094006,2.804371
0.020983319904612854,2.804284
0.021024463669131705,2.804201
0.021065607433650553,2.803973
0.0211067511981694,2.803524
0.02114789496268825,2.803513
0.021189038727207097,2.80315
0.02123018249172595,2.803302
0.021271326256244796,2.803168
0.021312470020763644,2.803097
0.021353613785282492,2.80285
0.021394757549801344,2.802535
0.02143590131432019,2.802628
0.02147704507883904,2.802538
0.021518188843357888,2.802381
0.021559332607876736,2.802345
0.021600476372395587,2.802453
0.021641620136914435,2.80259
0.021682763901433283,2.802453
0.021723907665952127,2.801904
0.021765051430470975,2.801893
0.02180619519498983,2.801801
0.021847338959508675,2.801583
0.021888482724027523,2.801388
0.02192962648854637,2.801442
0.021970770253065222,2.801313
0.02201191401758407,2.801045
0.02205305778210292,2.801133
0.022094201546621766,2.80112
0.022135345311140614,2.801196
0.022176489075659465,2.800927
0.022217632840178313,2.801054
0.022258776604697165,2.800589
0.022299920369216013,2.800956
0.022341064133734864,2.800767
0.022382207898253712,2.800673
0.02242335166277256,2.800846
0.022464495427291408,2.800855
0.022505639191810256,2.800697
0.022546782956329108,2.800544
0.022587926720847955,2.800396
0.022629070485366803,2.800263
0.02267021424988565,2.800224
0.022711358014404503,2.799981
0.02275250177892335,2.79995
0.0227936455434422,2.800161
0.022834789307961047,2.799886
0.022875933072479895,2.799692
0.022917076836998746,2.799337
0.022958220601517594,2.799216
0.022999364366036446,2.798914
0.02304050813055529,2.799337
0.02308165189507414,2.799029
0.02312279565959299,2.798969
0.023163939424111834,2.799059
0.02320508318863069,2.799079
0.02324622695314953,2.799158
0.02328737071766838,2.798906
0.02332851448218723,2.798875
0.02336965824670608,2.798696
0.02341080201122493,2.798948
0.023451945775743773,2.798914
0.023493089540262625,2.798769
0.023534233304781473,2.798557
0.023575377069300324,2.798418
0.023616520833819172,2.798466
0.02365766459833802,2.798327
0.023698808362856868,2.798171
0.02373995212737572,2.798147
0.023781095891894567,2.798158
0.023822239656413415,2.79776
0.023863383420932267,2.797775
0.02390452718545111,2.79763
0.023945670949969966,2.797597
0.023986814714488814,2.79775
0.024027958479007662,2.797723
0.02406910224352651,2.797534
0.02411024600804536,2.797128
0.02415138977256421,2.797028
0.024192533537083057,2.797093
0.024233677301601905,2.796945
0.024274821066120753,2.796887
0.024315964830639605,2.796976
0.024357108595158453,2.796897
0.0243982523596773,2.79692
0.02443939612419615,2.796995
0.024480539888714997,2.796649
0.024521683653233848,2.796462
0.024562827417752696,2.796597
0.024603971182271544,2.796496
0.02464511494679039,2.796602
0.024686258711309243,2.796177
0.024727402475828088,2.796149
0.024768546240346936,2.796063
0.024809690004865784,2.795839
0.02485083376938463,2.795682
0.024891977533903483,2.795129
0.02493312129842233,2.795381
0.02497426506294118,2.795602
0.025015408827460027,2.795417
0.02505655259197888,2.795417
0.025097696356497726,2.795448
0.025138840121016578,2.795326
0.025179983885535422,2.795542
0.02522112765005427,2.795563
0.02526227141457312,2.795456
0.02530341517909197,2.795305
0.02534455894361082,2.795101
0.025385702708129666,2.79492
0.02542684647264852,2.794729
0.025467990237167365,2.794586
0.025509134001686213,2.794972
0.025550277766205064,2.795065
0.02559142153072391,2.795073
0.025632565295242764,2.79518
0.025673709059761612,2.795116
0.02571485282428046,2.795146
0.025755996588799308,2.795321
0.02579714035331816,2.795259
0.025838284117837007,2.794839
0.025879427882355855,2.79478
0.025920571646874703,2.794618
0.025961715411393547,2.794118
0.026002859175912402,2.793683
0.02604400294043125,2.793993
0.026085146704950102,2.793913
0.026126290469468943,2.793822
0.02616743423398779,2.79384
0.026208577998506642,2.793868
0.02624972176302549,2.793885
0.02629086552754434,2.793921
0.026332009292063186,2.793858
0.026373153056582038,2.793446
0.026414296821100886,2.793545
0.026455440585619737,2.793334
0.026496584350138585,2.793145
0.02653772811465743,2.793368
0.02657887187917628,2.793188
0.02662001564369513,2.793243
0.02666115940821398,2.79341
0.026702303172732828,2.793417
0.026743446937251676,2.793176
0.026784590701770524,2.793387
0.026825734466289376,2.793582
0.026866878230808224,2.793397
0.02690802199532707,2.793157
0.02694916575984592,2.793178
0.026990309524364767,2.793281
0.02703145328888362,2.793478
0.027072597053402467,2.793265
0.027113740817921318,2.792963
0.027154884582440163,2.792967
0.02719602834695901,2.793047
0.027237172111477866,2.792966
0.02727831587599671,2.792726
0.02731945964051556,2.792537
0.02736060340503441,2.792525
0.02740174716955326,2.792564
0.02744289093407211,2.792328
0.027484034698590957,2.792167
0.0275251784631098,2.792137
0.02756632222762865,2.792075
0.027607465992147504,2.792074
0.02764860975666635,2.791963
0.027689753521185197,2.792088
0.027730897285704045,2.792103
0.027772041050222896,2.791873
0.027813184814741744,2.791925
0.027854328579260592,2.791832
0.02789547234377944,2.791727
0.027936616108298288,2.791799
0.02797775987281714,2.791736
0.028018903637335987,2.791635
0.028060047401854835,2.791578
0.028101191166373683,2.791718
0.028142334930892535,2.791491
0.028183478695411383,2.791342
0.02822462245993023,2.791683
0.02826576622444908,2.791457
0.028306909988967927,2.791571
0.028348053753486778,2.791413
0.028389197518005626,2.791445
0.028430341282524474,2.791538
0.028471485047043322,2.791436
0.028512628811562173,2.791396
0.02855377257608102,2.791299
0.02859491634059987,2.791305
0.028636060105118717,2.790978
0.02867720386963756,2.791064
0.028718347634156417,2.791094
0.02875949139867526,2.790992
0.028800635163194116,2.791301
0.028841778927712964,2.791033
0.028882922692231805,2.790882
0.028924066456750663,2.790824
0.028965210221269508,2.790563
0.029006353985788356,2.790398
0.029047497750307204,2.790675
0.029088641514826055,2.790553
0.029129785279344903,2.790701
0.029170929043863755,2.790781
0.0292120728083826,2.79063
0.029253216572901447,2.790143
0.0292943603374203,2.790166
0.029335504101939146,2.790497
0.029376647866457998,2.790218
0.029417791630976842,2.790408
0.029458935395495694,2.790271
0.029500079160014542,2.790159
0.029541222924533393,2.790076
0.02958236668905224,2.790047
0.029623510453571086,2.790072
0.02966465421808994,2.789927
0.02970579798260879,2.789717
0.029746941747127637,2.789572
0.029788085511646484,2.789596
0.029829229276165336,2.789539
0.029870373040684184,2.789444
0.029911516805203032,2.789386
0.02995266056972188,2.78959
0.029993804334240728,2.789598
0.03003494809875958,2.789493
0.030076091863278427,2.78936
0.030117235627797275,2.789211
0.030158379392316123,2.789077
0.030199523156834975,2.789151
0.030240666921353822,2.789107
0.03028181068587267,2.788931
0.030322954450391515,2.789011
0.030364098214910363,2.789024
0.030405241979429218,2.788762
0.030446385743948062,2.788688
0.03048752950846691,2.788496
0.030528673272985758,2.788678
0.03056981703750461,2.788715
0.030610960802023458,2.788601
0.030652104566542306,2.788983
0.030693248331061154,2.788697
0.03073439209558,2.788471
0.030775535860098853,2.788335
0.0308166796246177,2.788404
0.03085782338913655,2.78829
0.030898967153655397,2.78802
0.030940110918174245,2.788459
0.030981254682693096,2.788268
0.031022398447211944,2.788012
0.031063542211730792,2.787875
0.03110468597624964,2.787915
0.03114582974076849,2.787936
0.03118697350528734,2.787807
0.031228117269806194,2.787875
0.031269261034325035,2.787875
0.03131040479884388,2.787904
0.03135154856336273,2.788119
0.03139269232788158,2.787693
0.031433836092400434,2.78781
0.031474979856919286,2.787561
0.03151612362143813,2.787549
0.031557267385956975,2.787874
0.03159841115047583,2.788107
0.03163955491499468,2.787782
0.03168069867951353,2.787637
0.03172184244403237,2.787637
0.03176298620855122,2.787641
0.031804129973070076,2.787324
0.03184527373758892,2.787619
0.03188641750210777,2.787463
0.03192756126662662,2.787416
0.03196870503114546,2.787476
0.03200984879566432,2.787483
0.032050992560183164,2.787536
0.032092136324702016,2.787421
0.03213328008922085,2.787431
0.03217442385373971,2.78746
0.03221556761825856,2.787393
0.03225671138277741,2.787351
0.03229785514729626,2.787192
0.032338998911815096,2.786983
0.032380142676333955,2.786809
0.032421286440852806,2.786716
0.03246243020537165,2.786644
0.032503573969890495,2.786858
0.03254471773440935,2.787046
0.0325858614989282,2.787053
0.03262700526344704,2.787031
0.032668149027965894,2.786754
0.03270929279248474,2.786646
0.03275043655700359,2.786383
0.03279158032152244,2.786483
0.032832724086041286,2.786779
0.03287386785056014,2.786585
0.03291501161507899,2.786746
0.03295615537959783,2.786556
0.032997299144116685,2.786479
0.033038442908635536,2.78651
0.03307958667315438,2.786559
0.03312073043767323,2.786658
0.033161874202192076,2.786617
0.03320301796671093,2.786675
0.03324416173122978,2.786541
0.033285305495748624,2.786577
0.033326449260267475,2.786406
0.03336759302478632,2.786104
0.03340873678930517,2.786187
0.03344988055382402,2.786278
0.03349102431834287,2.78634
0.03353216808286172,2.786189
0.03357331184738057,2.786203
0.033614455611899414,2.785943
0.033655599376418266,2.785771
0.03369674314093711,2.785621
0.033737886905455955,2.785382
0.03377903066997481,2.78548
0.03382017443449366,2.785412
0.0338613181990125,2.785239
0.033902461963531354,2.785243
0.03394360572805021,2.785405
0.03398474949256905,2.785375
0.0340258932570879,2.785129
0.034067037021606746,2.78526
0.034108180786125604,2.784975
0.03414932455064444,2.784914
0.0341904683151633,2.784897
0.034231612079682144,2.784803
0.034272755844200996,2.784439
0.03431389960871984,2.784651
0.03435504337323869,2.784819
0.03439618713775754,2.784961
0.03443733090227639,2.784708
0.03447847466679523,2.78503
0.03451961843131409,2.784891
0.03456076219583294,2.785001
0.034601905960351786,2.78493
0.03464304972487064,2.784879
0.03468419348938948,2.784879
0.03472533725390832,2.784904
0.03476648101842718,2.784808
0.03480762478294603,2.784592
0.03484876854746488,2.784527
0.034889912311983726,2.784492
0.03493105607650258,2.784395
0.03497219984102143,2.784325
0.03501334360554027,2.784265
0.035054487370059124,2.784197
0.03509563113457797,2.784203
0.03513677489909682,2.784206
0.035177918663615665,2.784217
0.035219062428134516,2.784233
0.03526020619265336,2.784357
0.03530134995717222,2.784224
0.03534249372169106,2.784314
0.03538363748620991,2.784229
0.03542478125072876,2.784341
0.035465925015247604,2.783958
0.035507068779766456,2.783817
0.03554821254428531,2.78391
0.03558935630880415,2.783806
0.035630500073323,2.783806
0.03567164383784185,2.783771
0.035712787602360706,2.783705
0.03575393136687954,2.783838
0.035795075131398395,2.783744
0.035836218895917246,2.783817
0.0358773626604361,2.783893
0.03591850642495494,2.783746
0.035959650189473794,2.783599
0.03600079395399264,2.783642
0.03604193771851149,2.783556
0.036083081483030334,2.783716
0.03612422524754919,2.783501
0.036165369012068044,2.78335
0.03620651277658688,2.783419
0.03624765654110573,2.783768
0.036288800305624584,2.78383
0.036329944070143436,2.783684
0.03637108783466228,2.783599
0.03641223159918113,2.783536
0.03645337536369998,2.783443
0.03649451912821883,2.783636
0.03653566289273768,2.783626
0.03657680665725653,2.783361
0.036617950421775375,2.783452
0.036659094186294226,2.783243
0.03670023795081307,2.783025
0.03674138171533192,2.782676
0.03678252547985076,2.782979
0.03682366924436962,2.782887
0.03686481300888846,2.782713
0.036905956773407314,2.782856
0.03694710053792616,2.783082
0.03698824430244501,2.782979
0.03702938806696386,2.782838
0.037070531831482706,2.782555
0.03711167559600156,2.782466
0.03715281936052041,2.78273
0.03719396312503926,2.782518
0.037235106889558105,2.782374
0.03727625065407695,2.782249
0.03731739441859581,2.782377
0.03735853818311465,2.782588
0.037399681947633504,2.782467
0.03744082571215235,2.782684
0.0374819694766712,2.782795
0.037523113241190044,2.782782
0.037564257005708895,2.782664
0.03760540077022775,2.782567
0.0376465445347466,2.782258
0.03768768829926543,2.78261
0.037728832063784294,2.782395
0.037769975828303146,2.782317
0.03781111959282199,2.782336
0.03785226335734083,2.78199
0.037893407121859686,2.781807
0.03793455088637854,2.781903
0.037975694650897375,2.781714
0.03801683841541623,2.78163
0.038057982179935085,2.781764
0.03809912594445392,2.781711
0.038140269708972774,2.781719
0.03818141347349163,2.781505
0.03822255723801047,2.781351
0.03826370100252932,2.78137
0.038304844767048166,2.781519
0.03834598853156702,2.781582
0.03838713229608587,2.781461
0.03842827606060471,2.781317
0.038469419825123564,2.781524
0.038510563589642416,2.781721
0.03855170735416126,2.781509
0.03859285111868011,2.781492
0.038633994883198956,2.781125
0.038675138647717815,2.781091
0.03871628241223665,2.781126
0.038757426176755504,2.780876
0.038798569941274355,2.780771
0.0388397137057932,2.780672
0.03888085747031205,2.780717
0.0389220012348309,2.780724
0.03896314499934975,2.780731
0.0390042887638686,2.780714
0.03904543252838744,2.780593
0.0390865762929063,2.780721
0.03912772005742514,2.780712
0.03916886382194399,2.780519
0.03921000758646284,2.780964
0.03925115135098169,2.780434
0.03929229511550054,2.780463
0.03933343888001939,2.78041
0.039374582644538234,2.780363
0.039415726409057085,2.780521
0.03945687017357593,2.780475
0.03949801393809479,2.780412
0.03953915770261364,2.780457
0.03958030146713248,2.780697
0.039621445231651335,2.780518
0.03966258899617018,2.780331
0.03970373276068903,2.780344
0.039744876525207876,2.780375
0.03978602028972673,2.780208
0.03982716405424558,2.779857
0.03986830781876442,2.779634
0.039909451583283274,2.779633
0.039950595347802126,2.779667
0.03999173911232097,2.780157
0.04003288287683982,2.780084
0.040074026641358666,2.779987
0.04011517040587752,2.779916
0.04015631417039636,2.780076
0.040197457934915214,2.780022
0.040238601699434065,2.779857
0.040279745463952916,2.779676
0.04032088922847176,2.779862
0.04036203299299061,2.779858
0.04040317675750946,2.779592
0.04044432052202831,2.779812
0.04048546428654715,2.779976
0.040526608051066004,2.779683
0.040567751815584856,2.779557
0.0406088955801037,2.779668
0.04065003934462255,2.779295
0.0406911831091414,2.779597
0.04073232687366024,2.779197
0.0407734706381791,2.779113
0.04081461440269794,2.779172
0.04085575816721679,2.779449
0.04089690193173563,2.779381
0.040938045696254484,2.779079
0.040979189460773335,2.779284
0.041020333225292194,2.779177
0.04106147698981103,2.779475
0.04110262075432988,2.779315
0.041143764518848734,2.779544
0.04118490828336758,2.779439
0.04122605204788642,2.779264
0.041267195812405275,2.779194
0.04130833957692414,2.779305
0.04134948334144297,2.77909
0.04139062710596183,2.778704
0.04143177087048067,2.778751
0.04147291463499952,2.779434
0.04151405839951837,2.779169
0.04155520216403722,2.779115
0.04159634592855607,2.778831
0.04163748969307492,2.778947
0.04167863345759376,2.778769
0.04171977722211262,2.778869
0.041760920986631464,2.778897
0.041802064751150315,2.778862
0.04184320851566916,2.778636
0.04188435228018801,2.77878
0.041925496044706856,2.77896
0.04196663980922571,2.778875
0.04200778357374456,2.778453
0.04204892733826341,2.778549
0.04209007110278225,2.778489
0.042131214867301106,2.778471
0.04217235863181995,2.778515
0.0422135023963388,2.778659
0.042254646160857647,2.778631
0.0422957899253765,2.778393
0.04233693368989535,2.778405
0.042378077454414194,2.778497
0.042419221218933045,2.778606
0.0424603649834519,2.77858
0.042501508747970734,2.778227
0.04254265251248959,2.778263
0.04258379627700844,2.778273
0.04262494004152729,2.778093
0.04266608380604613,2.77815
0.042707227570564985,2.77825
0.042748371335083836,2.77818
0.04278951509960269,2.778497
0.04283065886412153,2.778398
0.04287180262864038,2.778232
0.042912946393159235,2.777952
0.04295409015767808,2.778296
0.04299523392219693,2.778038
0.043036377686715775,2.778016
0.043077521451234634,2.778247
0.04311866521575347,2.777795
0.04315980898027232,2.777724
0.043200952744791174,2.77775
0.04324209650931002,2.777595
0.04328324027382887,2.77772
0.04332438403834772,2.778061
0.043365527802866566,2.777983
0.04340667156738542,2.778156
0.043447815331904255,2.778111
0.04348895909642312,2.7781
0.04353010286094195,2.778055
0.0435712466254608,2.77803
0.04361239038997966,2.777915
0.04365353415449851,2.777809
0.04369467791901735,2.777984
0.0437358216835362,2.778239
0.043776965448055045,2.778075
0.04381810921257391,2.778099
0.04385925297709274,2.777971
0.04390039674161161,2.777698
0.043941540506130444,2.777613
0.04398268427064929,2.777452
0.04402382803516814,2.777099
0.04406497179968699,2.777277
0.04410611556420584,2.777411
0.04414725932872469,2.777499
0.04418840309324353,2.777319
0.04422954685776239,2.777202
0.04427069062228123,2.777147
0.044311834386800086,2.77715
0.04435297815131893,2.777143
0.04439412191583778,2.776841
0.04443526568035663,2.776654
0.04447640944487548,2.776924
0.04451755320939433,2.776688
0.044558696973913174,2.77673
0.044599840738432026,2.776676
0.04464098450295088,2.776662
0.04468212826746973,2.776556
0.04472327203198857,2.776527
0.044764415796507424,2.776752
0.04480555956102627,2.776975
0.04484670332554512,2.776923
0.044887847090063965,2.776998
0.044928990854582816,2.776598
0.04497013461910167,2.776723
0.04501127838362051,2.77676
0.045052422148139364,2.776695
0.045093565912658215,2.77663
0.04513470967717706,2.776687
0.04517585344169591,2.77633
0.045216997206214755,2.776472
0.04525814097073361,2.776611
0.04529928473525245,2.776567
0.0453404284997713,2.776399
0.045381572264290154,2.776603
0.045422716028809006,2.776753
0.04546385979332785,2.776644
0.0455050035578467,2.776465
0.045546147322365546,2.776225
0.0455872910868844,2.776479
0.04562843485140324,2.776619
0.04566957861592209,2.776654
0.045710722380440945,2.776272
0.04575186614495979,2.776449
0.04579300990947864,2.776526
0.04583415367399749,2.776607
0.04587529743851634,2.776384
0.04591644120303519,2.775966
0.04595758496755403,2.776051
0.04599872873207289,2.776244
0.04603987249659172,2.776195
0.04608101626111058,2.776082
0.04612216002562944,2.776176
0.04616330379014828,2.776084
0.04620444755466713,2.775888
0.04624559131918598,2.776064
0.04628673508370483,2.775959
0.04632787884822367,2.775955
0.046369022612742526,2.7758
0.04641016637726138,2.775917
0.04645131014178023,2.775887
0.04649245390629906,2.775716
0.046533597670817925,2.775534
0.04657474143533676,2.775599
0.04661588519985562,2.775354
0.04665702896437446,2.775416
0.04669817272889331,2.775697
0.04673931649341216,2.775381
0.046780460257931006,2.775479
0.04682160402244986,2.77543
0.04686274778696871,2.775362
0.046903891551487546,2.77506
0.046945035316006405,2.774973
0.04698617908052525,2.775151
0.0470273228450441,2.774983
0.047068466609562945,2.774911
0.047109610374081796,2.774943
0.04715075413860065,2.775062
0.0471918979031195,2.775017
0.047233041667638344,2.774943
0.047274185432157195,2.775084
0.04731532919667604,2.774918
0.04735647296119489,2.774981
0.047397616725713736,2.774735
0.04743876049023259,2.774823
0.04747990425475144,2.774941
0.04752104801927028,2.774912
0.047562191783789134,2.774843
0.047603335548307986,2.774582
0.04764447931282683,2.774703
0.04768562307734568,2.774787
0.04772676684186453,2.774518
0.047767910606383385,2.77437
0.04780905437090222,2.77437
0.047850198135421074,2.77429
0.04789134189993993,2.774502
0.04793248566445877,2.77454
0.04797362942897763,2.774601
0.04801477319349647,2.774562
0.048055916958015324,2.774504
0.04809706072253417,2.774396
0.04813820448705302,2.774188
0.04817934825157187,2.774043
0.04822049201609072,2.774061
0.04826163578060956,2.774033
0.04830277954512842,2.773965
0.04834392330964726,2.773884
0.048385067074166115,2.773977
0.04842621083868496,2.773952
0.04846735460320381,2.77404
0.04850849836772266,2.774004
0.048549642132241506,2.773947
0.04859078589676036,2.774226
0.04863192966127921,2.774062
0.04867307342579805,2.773637
0.048714217190316905,2.77363
0.04875536095483575,2.773538
0.0487965047193546,2.77347
0.048837648483873446,2.773823
0.0488787922483923,2.773851
0.04891993601291115,2.773605
0.04896107977742999,2.773601
0.049002223541948844,2.773742
0.049043367306467696,2.774161
0.04908451107098654,2.773728
0.04912565483550539,2.773841
0.04916679860002423,2.773616
0.04920794236454309,2.773735
0.049249086129061946,2.773408
0.04929022989358078,2.773357
0.04933137365809963,2.773438
0.049372517422618487,2.773572
0.049413661187137324,2.773749
0.049454804951656176,2.774033
0.049495948716175034,2.773861
0.04953709248069387,2.773583
0.04957823624521272,2.77342
0.04961938000973157,2.77334
0.04966052377425043,2.772966
0.04970166753876926,2.773301
0.049742811303288115,2.773288
0.049783955067806966,2.773407
0.04982509883232582,2.773562
0.04986624259684466,2.773477
0.049907386361363514,2.773353
0.04994853012588236,2.773335
0.04998967389040121,2.773266
0.050030817654920054,2.772945
0.05007196141943891,2.773293
0.05011310518395776,2.773208
0.0501542489484766,2.773316
0.05019539271299545,2.773201
0.050236536477514304,2.773502
0.050277680242033156,2.773439
0.050318824006552,2.773449
0.050359967771070845,2.773143
0.0504011115355897,2.773092
0.05044225530010854,2.772999
0.0504833990646274,2.772843
0.05052454282914624,2.772717
0.050565686593665095,2.772513
0.05060683035818394,2.772508
0.05064797412270279,2.772844
0.05068911788722164,2.772815
0.05073026165174049,2.772888
0.05077140541625933,2.77267
0.05081254918077819,2.772546
0.05085369294529704,2.772831
0.050894836709815885,2.772542
0.05093598047433473,2.77267
0.05097712423885358,2.772398
0.051018268003372426,2.772376
0.05105941176789128,2.772124
0.05110055553241013,2.772356
0.05114169929692898,2.772325
0.05118284306144782,2.772416
0.051223986825966676,2.772354
0.05126513059048553,2.772418
0.05130627435500437,2.772779
0.051347418119523223,2.772651
0.05138856188404207,2.772386
0.05142970564856092,2.772551
0.051470849413079764,2.772674
0.051511993177598615,2.772453
0.05155313694211747,2.772216
0.05159428070663632,2.772104
0.05163542447115516,2.77219
0.051676568235674014,2.772263
0.05171771200019286,2.772315
0.05175885576471171,2.772382
0.051799999529230555,2.772057
0.051841143293749406,2.772171
0.05188228705826826,2.772446
0.051923430822787095,2.772279
0.05196457458730595,2.772239
0.052005718351824805,2.772643
0.05204686211634364,2.772479
0.0520880058808625,2.772847
0.05212914964538134,2.772579
0.052170293409900204,2.772327
0.052211437174419034,2.772191
0.052252580938937886,2.772072
0.05229372470345674,2.771946
0.05233486846797558,2.772111
0.05237601223249443,2.771972
0.052417155997013284,2.771542
0.05245829976153213,2.771917
0.05249944352605098,2.77186
0.052540587290569825,2.771772
0.05258173105508868,2.771757
0.05262287481960754,2.77165
0.05266401858412637,2.771382
0.05270516234864523,2.771703
0.052746306113164075,2.771569
0.05278744987768292,2.771432
0.05282859364220177,2.771254
0.05286973740672062,2.77139
0.052910881171239474,2.771518
0.05295202493575832,2.771395
0.05299316870027717,2.771361
0.05303431246479602,2.771145
0.05307545622931486,2.771268
0.05311659999383372,2.77106
0.05315774375835256,2.771147
0.05319888752287141,2.771243
0.05324003128739026,2.771304
0.05328117505190911,2.771395
0.05332231881642796,2.77126
0.053363462580946805,2.771278
0.053404606345465656,2.771187
0.05344575010998451,2.771234
0.05348689387450335,2.77119
0.053528037639022204,2.771109
0.05356918140354105,2.771195
0.0536103251680599,2.771446
0.05365146893257875,2.771004
0.053692612697097596,2.771175
0.05373375646161645,2.771196
0.0537749002261353,2.770955
0.05381604399065414,2.770757
0.053857187755172994,2.770898
0.05389833151969184,2.771046
0.05393947528421069,2.771106
0.053980619048729535,2.771315
0.054021762813248386,2.771178
0.05406290657776724,2.771165
0.05410405034228608,2.771069
0.054145194106804934,2.770801
0.054186337871323785,2.770632
0.054227481635842636,2.770369
0.05426862540036148,2.770608
0.054309769164880325,2.770523
0.05435091292939918,2.770463
0.05439205669391802,2.770492
0.05443320045843687,2.770749
0.05447434422295573,2.770748
0.054515487987474576,2.770577
0.05455663175199342,2.770465
0.05459777551651227,2.770726
0.05463891928103112,2.771142
0.054680063045549974,2.771083
0.05472120681006882,2.770913
0.05476235057458766,2.770944
0.05480349433910652,2.770658
0.05484463810362535,2.770558
0.05488578186814422,2.770557
0.054926925632663055,2.770214
0.054968069397181914,2.770496
0.05500921316170075,2.77046
0.0550503569262196,2.770558
0.05509150069073846,2.770483
0.0551326444552573,2.770606
0.05517378821977614,2.770637
0.05521493198429501,2.770336
0.055256075748813846,2.770332
0.0552972195133327,2.770197
0.05533836327785154,2.770334
0.05537950704237039,2.769964
0.05542065080688924,2.770021
0.05546179457140809,2.770001
0.05550293833592694,2.770041
0.05554408210044579,2.770032
0.05558522586496463,2.770138
0.05562636962948349,2.770399
0.05566751339400233,2.770069
0.055708657158521184,2.770249
0.05574980092304003,2.770249
0.05579094468755888,2.770174
0.05583208845207773,2.770273
0.055873232216596576,2.770276
0.05591437598111543,2.769974
0.05595551974563428,2.769909
0.05599666351015313,2.769835
0.056037807274671975,2.769778
0.056078951039190826,2.769983
0.05612009480370967,2.770042
0.056161238568228515,2.770166
0.056202382332747367,2.770186
0.05624352609726622,2.769907
0.05628466986178507,2.769869
0.056325813626303914,2.76983
0.056366957390822765,2.76981
0.05640810115534162,2.769625
0.05644924491986046,2.769613
0.05649038868437931,2.769537
0.05653153244889816,2.769587
0.056572676213417016,2.769424
0.05661381997793585,2.769614
0.056654963742454705,2.769444
0.056696107506973556,2.769294
0.05673725127149241,2.769304
0.05677839503601125,2.769352
0.0568195388005301,2.769256
0.05686068256504895,2.769367
0.0569018263295678,2.769372
0.056942970094086644,2.769582
0.0569841138586055,2.769483
0.05702525762312435,2.769513
0.05706640138764319,2.769304
0.05710754515216204,2.769161
0.057148688916680894,2.769154
0.05718983268119974,2.768793
0.05723097644571859,2.769309
0.057272120210237434,2.769401
0.05731326397475629,2.769367
0.05735440773927512,2.769127
0.05739555150379399,2.768882
0.05743669526831283,2.769025
0.05747783903283167,2.769016
0.05751898279735052,2.768979
0.05756012656186938,2.768952
0.05760127032638823,2.769042
0.05764241409090707,2.768906
0.05768355785542593,2.76894
0.05772470161994478,2.768949
0.05776584538446361,2.768693
0.057806989148982475,2.768872
0.05784813291350133,2.768915
0.057889276678020164,2.768784
0.057930420442539016,2.76869
0.05797156420705786,2.768654
0.05801270797157671,2.768685
0.05805385173609556,2.768618
0.05809499550061441,2.768439
0.05813613926513326,2.76841
0.05817728302965211,2.768526
0.058218426794170955,2.768513
0.058259570558689806,2.768532
0.05830071432320865,2.768837
0.05834185808772751,2.768849
0.05838300185224635,2.769057
0.0584241456167652,2.768963
0.05846528938128405,2.768809
0.058506433145802894,2.768865
0.058547576910321746,2.768888
0.0585887206748406,2.768955
0.05862986443935944,2.768782
0.05867100820387829,2.768406
0.05871215196839714,2.768612
0.058753295732915996,2.768772
0.05879443949743483,2.768907
0.058835583261953685,2.768791
0.058876727026472536,2.768562
0.05891787079099139,2.768355
0.05895901455551023,2.768711
0.059000158320029084,2.768588
0.05904130208454793,2.768166
0.059082445849066786,2.768511
0.059123589613585624,2.768523
0.05916473337810448,2.768452
0.059205877142623334,2.768302
0.05924702090714217,2.768187
0.05928816467166102,2.768292
0.05932930843617988,2.768251
0.059370452200698726,2.768095
0.05941159596521758,2.768065
0.05945273972973642,2.76815
0.05949388349425527,2.76816
0.05953502725877412,2.768216
0.05957617102329297,2.768067
0.05961731478781181,2.768096
0.05965845855233067,2.768148
0.05969960231684951,2.768351
0.05974074608136837,2.768318
0.05978188984588721,2.768011
0.059823033610406064,2.768086
0.05986417737492491,2.768378
0.05990532113944376,2.768157
0.059946464903962604,2.768012
0.059987608668481456,2.76801
0.0600287524330003,2.767951
0.06006989619751916,2.768348
0.060111039962038,2.768292
0.060152183726556854,2.768465
0.0601933274910757,2.768005
0.06023447125559455,2.767954
0.060275615020113395,2.768034
0.060316758784632246,2.768183
0.060357902549151084,2.768297
0.06039904631366995,2.768261
0.06044019007818878,2.768177
0.060481333842707645,2.768201
0.06052247760722648,2.768091
0.06056362137174534,2.768001
0.06060476513626418,2.768128
0.06064590890078303,2.767957
0.060687052665301874,2.76828
0.060728196429820726,2.768275
0.06076934019433957,2.768055
0.060810483958858436,2.768015
0.060851627723377266,2.767985
0.060892771487896125,2.768139
0.06093391525241497,2.768143
0.06097505901693382,2.767889
0.061016202781452665,2.768096
0.061057346545971516,2.768005
0.06109849031049038,2.767821
0.06113963407500922,2.7678
0.06118077783952807,2.767751
0.061221921604046915,2.76781
0.06126306536856577,2.767943
0.06130420913308461,2.767898
0.061345352897603456,2.768129
0.06138649666212231,2.768187
0.061427640426641165,2.768077
0.06146878419116,2.767758
0.06150992795567886,2.767752
0.061551071720197706,2.767812
0.06159221548471656,2.768086
0.0616333592492354,2.768087
0.06167450301375425,2.767852
0.0617156467782731,2.768016
0.06175679054279194,2.767704
0.061797934307310794,2.767674
0.06183907807182965,2.767704
0.06188022183634849,2.767694
0.06192136560086735,2.767643
0.06196250936538619,2.767847
0.062003653129905044,2.76767
0.06204479689442389,2.767279
0.06208594065894274,2.767731
0.062127084423461584,2.767689
0.06216822818798044,2.767874
0.06220937195249928,2.767833
0.06225051571701814,2.767766
0.06229165948153698,2.767392
0.062332803246055835,2.76744
0.06237394701057468,2.767385
0.06241509077509353,2.767493
0.06245623453961239,2.767509
0.062497378304131226,2.767509
0.06253852206865007,2.767747
0.06257966583316893,2.767558
0.06262080959768776,2.767385
0.06266195336220662,2.76722
0.06270309712672546,2.767115
0.06274424089124432,2.767055
0.06278538465576317,2.766999
0.06282652842028201,2.766677
0.06286767218480087,2.766885
0.06290881594931971,2.76717
0.06294995971383857,2.767192
0.06299110347835742,2.766934
0.06303224724287626,2.766945
0.0630733910073951,2.766654
0.06311453477191395,2.766798
0.06315567853643281,2.766767
0.06319682230095167,2.76668
0.0632379660654705,2.766764
0.06327910982998936,2.766684
0.0633202535945082,2.766796
0.06336139735902706,2.766562
0.0634025411235459,2.766348
0.06344368488806475,2.766581
0.06348482865258359,2.766707
0.06352597241710244,2.766583
0.0635671161816213,2.766272
0.06360825994614015,2.766395
0.06364940371065898,2.76626
0.06369054747517784,2.766354
0.06373169123969669,2.766482
0.06377283500421554,2.766493
0.06381397876873439,2.766442
0.06385512253325323,2.766344
0.06389626629777208,2.766097
0.06393741006229092,2.766085
0.06397855382680978,2.76623
0.06401969759132864,2.766335
0.06406084135584748,2.766311
0.06410198512036633,2.76661
0.06414312888488517,2.766301
0.06418427264940403,2.766219
0.06422541641392288,2.766164
0.0642665601784417,2.766057
0.06430770394296058,2.765999
0.06434884770747942,2.766105
0.06438999147199827,2.766169
0.06443113523651713,2.765749
0.06447227900103597,2.765919
0.06451342276555481,2.76586
0.06455456653007366,2.766144
0.06459571029459252,2.765902
0.06463685405911138,2.765692
0.06467799782363019,2.765494
0.06471914158814907,2.765556
0.06476028535266791,2.76571
0.06480142911718675,2.765513
0.06484257288170561,2.765619
0.06488371664622444,2.765692
0.0649248604107433,2.765558
0.06496600417526215,2.765757
0.06500714793978099,2.765583
0.06504829170429986,2.765639
0.0650894354688187,2.765475
0.06513057923333754,2.765904
0.0651717229978564,2.76578
0.06521286676237524,2.765544
0.06525401052689409,2.765897
0.06529515429141293,2.765832
0.06533629805593179,2.765596
0.06537744182045065,2.766022
0.06541858558496948,2.766114
0.06545972934948834,2.76561
0.06550087311400718,2.765589
0.06554201687852602,2.765629
0.06558316064304488,2.765486
0.06562430440756373,2.765679
0.06566544817208257,2.7658
0.06570659193660142,2.765628
0.06574773570112027,2.765674
0.06578887946563913,2.76556
0.06583002323015798,2.765499
0.06587116699467682,2.765651
0.06591231075919567,2.765396
0.06595345452371451,2.765405
0.06599459828823337,2.765464
0.06603574205275221,2.765372
0.06607688581727107,2.765308
0.06611802958178992,2.765287
0.06615917334630876,2.765142
0.06620031711082762,2.765059
0.06624146087534646,2.765531
0.06628260463986531,2.765448
0.06632374840438415,2.76529
0.066364892168903,2.765567
0.06640603593342186,2.76552
0.0664471796979407,2.765574
0.06648832346245956,2.765885
0.0665294672269784,2.766118
0.06657061099149725,2.765261
0.0666117547560161,2.765621
0.06665289852053495,2.765225
0.0666940422850538,2.765629
0.06673518604957264,2.765565
0.06677632981409148,2.76575
0.06681747357861034,2.765832
0.0668586173431292,2.765713
0.06689976110764805,2.765544
0.06694090487216689,2.765142
0.06698204863668573,2.76558
0.06702319240120459,2.765651
0.06706433616572344,2.765262
0.06710547993024228,2.765241
0.06714662369476114,2.765331
0.06718776745927997,2.765279
0.06722891122379883,2.765251
0.06727005498831769,2.765276
0.06731119875283653,2.765122
0.06735234251735538,2.765262
0.06739348628187422,2.765254
0.06743463004639308,2.765027
0.06747577381091191,2.765363
0.06751691757543077,2.765292
0.06755806133994963,2.765101
0.06759920510446847,2.765043
0.06764034886898732,2.764886
0.06768149263350615,2.764624
0.067722636398025,2.764645
0.06776378016254386,2.764933
0.06780492392706271,2.764581
0.06784606769158157,2.764529
0.06788721145610042,2.764568
0.06792835522061925,2.764962
0.0679694989851381,2.765053
0.06801064274965696,2.76464
0.0680517865141758,2.764563
0.06809293027869465,2.764645
0.06813407404321349,2.764765
0.06817521780773235,2.764796
0.06821636157225121,2.764826
0.06825750533677005,2.764622
0.06829864910128888,2.764623
0.06833979286580774,2.764499
0.0683809366303266,2.764542
0.06842208039484544,2.764511
0.06846322415936429,2.764311
0.06850436792388315,2.764494
0.06854551168840199,2.764356
0.06858665545292084,2.764553
0.06862779921743968,2.764447
0.06866894298195854,2.764445
0.06871008674647738,2.764456
0.06875123051099623,2.764216
0.06879237427551509,2.764216
0.06883351804003394,2.764089
0.06887466180455278,2.764066
0.06891580556907162,2.764269
0.06895694933359046,2.764077
0.06899809309810932,2.763772
0.06903923686262818,2.763819
0.06908038062714703,2.763716
0.06912152439166588,2.763735
0.06916266815618471,2.763868
0.06920381192070357,2.763536
0.06924495568522242,2.764081
0.06928609944974128,2.764086
0.06932724321426012,2.764083
0.06936838697877896,2.76396
0.06940953074329781,2.763517
0.06945067450781664,2.763493
0.06949181827233551,2.763652
0.06953296203685436,2.763634
0.0695741058013732,2.763268
0.06961524956589206,2.763555
0.06965639333041092,2.76346
0.06969753709492976,2.763401
0.06973868085944859,2.76311
0.06977982462396745,2.763386
0.0698209683884863,2.763414
0.06986211215300515,2.763228
0.069903255917524,2.763467
0.06994439968204286,2.763308
0.0699855434465617,2.763698
0.07002668721108055,2.763227
0.07006783097559938,2.763067
0.07010897474011825,2.763263
0.0701501185046371,2.763466
0.07019126226915594,2.763125
0.07023240603367478,2.762961
0.07027354979819364,2.763104
0.0703146935627125,2.762936
0.07035583732723133,2.763477
0.07039698109175017,2.763304
0.07043812485626903,2.762901
0.07047926862078789,2.763062
0.07052041238530672,2.76326
0.0705615561498256,2.763076
0.07060269991434444,2.763259
0.07064384367886327,2.763223
0.07068498744338211,2.763237
0.07072613120790096,2.763241
0.07076727497241982,2.763129
0.07080841873693867,2.763009
0.07084956250145752,2.763155
0.07089070626597638,2.763261
0.07093185003049521,2.76324
0.07097299379501407,2.763556
0.07101413755953291,2.763459
0.07105528132405177,2.76323
0.07109642508857061,2.763453
0.07113756885308946,2.763402
0.0711787126176083,2.763365
0.07121985638212716,2.763131
0.071261000146646,2.76274
0.07130214391116485,2.762924
0.0713432876756837,2.763003
0.07138443144020255,2.763038
0.07142557520472141,2.762916
0.07146671896924026,2.762771
0.07150786273375909,2.763151
0.07154900649827795,2.762995
0.07159015026279679,2.763178
0.07163129402731565,2.76301
0.07167243779183449,2.762901
0.07171358155635335,2.763222
0.0717547253208722,2.763173
0.07179586908539104,2.763127
0.07183701284990988,2.762998
0.07187815661442874,2.763079
0.07191930037894759,2.763023
0.07196044414346643,2.762971
0.07200158790798528,2.763107
0.07204273167250413,2.763182
0.07208387543702298,2.762871
0.07212501920154182,2.763039
0.07216616296606067,2.762994
0.07220730673057953,2.762644
0.07224845049509838,2.763309
0.07228959425961723,2.763281
0.07233073802413609,2.762961
0.07237188178865492,2.763241
0.07241302555317376,2.763079
0.07245416931769262,2.762975
0.07249531308221147,2.763245
0.07253645684673032,2.763088
0.07257760061124917,2.762735
0.07261874437576801,2.763079
0.07265988814028687,2.76269
0.07270103190480572,2.762835
0.07274217566932456,2.762844
0.0727833194338434,2.762663
0.07282446319836226,2.762492
0.07286560696288111,2.762679
0.07290675072739997,2.762849
0.07294789449191881,2.76237
0.07298903825643765,2.762727
0.0730301820209565,2.762665
0.07307132578547536,2.76244
0.07311246954999419,2.762467
0.07315361331451306,2.762476
0.0731947570790319,2.762351
0.07323590084355075,2.762334
0.07327704460806958,2.76216
0.07331818837258845,2.762033
0.07335933213710728,2.762185
0.07340047590162614,2.762358
0.07344161966614499,2.762524
0.07348276343066384,2.762193
0.0735239071951827,2.762115
0.07356505095970152,2.762033
0.07360619472422038,2.76227
0.07364733848873924,2.762228
0.07368848225325808,2.762129
0.07372962601777693,2.762253
0.07377076978229577,2.762039
0.07381191354681463,2.762201
0.07385305731133347,2.762067
0.07389420107585232,2.761994
0.07393534484037116,2.761882
0.07397648860489002,2.761954
0.07401763236940886,2.761866
0.07405877613392772,2.761662
0.07409991989844658,2.761695
0.07414106366296541,2.76167
0.07418220742748426,2.761801
0.07422335119200311,2.761595
0.07426449495652197,2.761662
0.07430563872104082,2.762014
0.07434678248555966,2.762265
0.07438792625007852,2.76219
0.07442907001459735,2.762057
0.07447021377911621,2.762141
0.07451135754363505,2.762249
0.0745525013081539,2.762256
0.07459364507267276,2.762137
0.07463478883719162,2.762129
0.07467593260171046,2.762264
0.0747170763662293,2.76215
0.07475822013074815,2.762195
0.07479936389526701,2.761989
0.07484050765978585,2.761838
0.0748816514243047,2.761917
0.07492279518882355,2.762071
0.0749639389533424,2.761951
0.07500508271786124,2.761715
0.07504622648238009,2.761494
0.07508737024689895,2.761741
0.07512851401141779,2.76171
0.07516965777593664,2.761558
0.0752108015404555,2.76126
0.07525194530497435,2.761636
0.0752930890694932,2.761634
0.07533423283401203,2.761508
0.07537537659853086,2.761739
0.07541652036304973,2.761876
0.07545766412756859,2.76186
0.07549880789208743,2.76156
0.07553995165660629,2.761475
0.07558109542112514,2.761325
0.07562223918564398,2.761502
0.07566338295016282,2.761451
0.07570452671468166,2.761442
0.07574567047920053,2.761616
0.07578681424371937,2.761451
0.0758279580082382,2.76118
0.07586910177275707,2.7613
0.07591024553727592,2.761507
0.07595138930179475,2.761075
0.0759925330663136,2.761521
0.07603367683083247,2.761499
0.07607482059535133,2.761433
0.07611596435987017,2.761319
0.076157108124389,2.761035
0.07619825188890784,2.761024
0.07623939565342669,2.761091
0.07628053941794555,2.760943
0.07632168318246439,2.760706
0.07636282694698326,2.761412
0.0764039707115021,2.761561
0.07644511447602094,2.761609
0.07648625824053978,2.761514
0.07652740200505864,2.761345
0.07656854576957749,2.760902
0.07660968953409633,2.760894
0.07665083329861518,2.760931
0.07669197706313403,2.760754
0.0767331208276529,2.760743
0.07677426459217174,2.760883
0.07681540835669057,2.761066
0.07685655212120943,2.761039
0.07689769588572828,2.760914
0.07693883965024713,2.760633
0.07697998341476597,2.76076
0.07702112717928483,2.760998
0.07706227094380368,2.76072
0.07710341470832252,2.760782
0.07714455847284137,2.760649
0.07718570223736022,2.760726
0.07722684600187907,2.760752
0.07726798976639791,2.761066
0.07730913353091677,2.761024
0.07735027729543563,2.761101
0.07739142105995446,2.760738
0.0774325648244733,2.760462
0.07747370858899215,2.76015
0.07751485235351101,2.760416
0.07755599611802987,2.760517
0.07759713988254871,2.760575
0.07763828364706757,2.760572
0.0776794274115864,2.760577
0.07772057117610526,2.7604
0.0777617149406241,2.760547
0.07780285870514296,2.760671
0.0778440024696618,2.760763
0.07788514623418065,2.760801
0.0779262899986995,2.760797
0.07796743376321835,2.760599
0.0780085775277372,2.760512
0.07804972129225604,2.760758
0.07809086505677489,2.76063
0.07813200882129374,2.760055
0.0781731525858126,2.760263
0.07821429635033145,2.760029
0.07825544011485028,2.760115
0.07829658387936914,2.760008
0.07833772764388798,2.760031
0.07837887140840684,2.760026
0.07842001517292568,2.760118
0.07846115893744454,2.760341
0.07850230270196339,2.760232
0.07854344646648223,2.760174
0.07858459023100108,2.759694
0.07862573399551993,2.759623
0.07866687776003878,2.759753
0.07870802152455762,2.759761
0.07874916528907647,2.759681
0.07879030905359533,2.75976
0.07883145281811417,2.759691
0.07887259658263301,2.759651
0.07891374034715186,2.760059
0.07895488411167072,2.759798
0.07899602787618958,2.759975
0.07903717164070842,2.759835
0.07907831540522728,2.760094
0.07911945916974612,2.759837
0.07916060293426495,2.760097
0.07920174669878381,2.759784
0.07924289046330267,2.759347
0.07928403422782151,2.759652
0.07932517799234036,2.75976
0.0793663217568592,2.75961
0.07940746552137806,2.759302
0.0794486092858969,2.75934
0.07948975305041575,2.759198
0.0795308968149346,2.759292
0.07957204057945345,2.759083
0.0796131843439723,2.759041
0.07965432810849116,2.759117
0.07969547187301,2.758965
0.07973661563752885,2.75905
0.07977775940204769,2.758998
0.07981890316656655,2.759188
0.0798600469310854,2.758968
0.07990119069560425,2.758931
0.0799423344601231,2.758889
0.07998347822464194,2.759038
0.08002462198916079,2.759094
0.08006576575367964,2.759123
0.08010690951819849,2.758632
0.08014805328271733,2.758788
0.08018919704723618,2.758854
0.08023034081175504,2.758953
0.0802714845762739,2.759028
0.08031262834079272,2.758446
0.08035377210531157,2.758643
0.08039491586983043,2.758761
0.08043605963434927,2.758948
0.08047720339886813,2.758555
0.08051834716338699,2.758659
0.08055949092790583,2.758606
0.08060063469242466,2.758673
0.08064177845694352,2.758992
0.08068292222146237,2.758939
0.08072406598598122,2.758838
0.08076520975050007,2.758707
0.08080635351501891,2.758457
0.08084749727953777,2.758315
0.08088864104405662,2.758595
0.08092978480857546,2.758491
0.0809709285730943,2.758614
0.08101207233761316,2.758762
0.08105321610213201,2.758593
0.08109435986665087,2.758504
0.08113550363116971,2.758813
0.08117664739568857,2.759051
0.0812177911602074,2.75866
0.08125893492472623,2.75896
0.0813000786892451,2.758855
0.08134122245376396,2.759
0.0813823662182828,2.759023
0.08142350998280165,2.758804
0.08146465374732048,2.758637
0.08150579751183935,2.758701
0.0815469412763582,2.758719
0.08158808504087703,2.758603
0.08162922880539587,2.758512
0.08167037256991475,2.758735
0.08171151633443358,2.758836
0.08175266009895245,2.758776
0.08179380386347126,2.75875
0.08183494762799012,2.758436
0.08187609139250897,2.758495
0.08191723515702784,2.758602
0.08195837892154667,2.758647
0.08199952268606554,2.758568
0.08204066645058439,2.758444
0.0820818102151032,2.758231
0.08212295397962206,2.758479
0.08216409774414092,2.758588
0.08220524150865977,2.758494
0.08224638527317861,2.758399
0.08228752903769747,2.758434
0.08232867280221631,2.758238
0.08236981656673516,2.758392
0.082410960331254,2.758275
0.08245210409577285,2.75827
0.0824932478602917,2.758396
0.08253439162481055,2.758276
0.08257553538932941,2.758034
0.08261667915384828,2.758235
0.0826578229183671,2.757974
0.08269896668288594,2.757773
0.0827401104474048,2.757817
0.08278125421192366,2.758379
0.0828223979764425,2.757975
0.08286354174096135,2.757987
0.08290468550548019,2.758316
0.08294582926999904,2.758185
0.0829869730345179,2.758112
0.08302811679903674,2.75793
0.08306926056355558,2.757888
0.08311040432807444,2.757831
0.08315154809259329,2.757994
0.08319269185711214,2.75792
0.08323383562163099,2.758019
0.08327497938614983,2.75829
0.08331612315066868,2.758167
0.08335726691518752,2.758305
0.08339841067970638,2.758131
0.08343955444422524,2.758033
0.08348069820874408,2.7578
0.08352184197326293,2.757954
0.08356298573778177,2.758015
0.08360412950230063,2.757757
0.08364527326681948,2.757807
0.08368641703133832,2.757848
0.08372756079585716,2.757923
0.08376870456037602,2.757714
0.08380984832489487,2.757963
0.08385099208941371,2.757554
0.08389213585393256,2.75775
0.08393327961845141,2.75756
0.08397442338297026,2.757599
0.08401556714748912,2.757725
0.08405671091200798,2.757656
0.08409785467652682,2.757645
0.08413899844104565,2.75766
0.0841801422055645,2.757753
0.08422128597008335,2.757343
0.08426242973460221,2.757525
0.08430357349912106,2.75774
0.0843447172636399,2.757704
0.08438586102815876,2.757559
0.0844270047926776,2.757879
0.08446814855719645,2.75766
0.08450929232171529,2.757977
0.08455043608623415,2.757813
0.084591579850753,2.757436
0.08463272361527184,2.757503
0.0846738673797907,2.757801
0.08471501114430954,2.757935
0.08475615490882839,2.757661
0.08479729867334723,2.757701
0.08483844243786609,2.757722
0.08487958620238495,2.75767
0.0849207299669038,2.757684
0.08496187373142264,2.757606
0.08500301749594147,2.757615
0.08504416126046033,2.757384
0.08508530502497919,2.757536
0.08512644878949803,2.757423
0.08516759255401687,2.757486
0.08520873631853573,2.75767
0.08524988008305458,2.757444
0.08529102384757342,2.757304
0.08533216761209227,2.757024
0.08537331137661112,2.756947
0.08541445514112997,2.757004
0.08545559890564881,2.757296
0.08549674267016767,2.757105
0.08553788643468653,2.756953
0.08557903019920537,2.756935
0.0856201739637242,2.757357
0.08566131772824306,2.75724
0.08570246149276192,2.757486
0.08574360525728077,2.757322
0.08578474902179961,2.757512
0.08582589278631847,2.757373
0.08586703655083731,2.757511
0.08590818031535616,2.757432
0.085949324079875,2.757179
0.08599046784439386,2.757146
0.0860316116089127,2.757025
0.08607275537343155,2.757212
0.08611389913795041,2.756942
0.08615504290246927,2.757169
0.0861961866669881,2.757268
0.08623733043150694,2.757047
0.08627847419602579,2.75718
0.08631961796054465,2.757291
0.0863607617250635,2.757553
0.08640190548958235,2.757402
0.08644304925410119,2.757462
0.08648419301862004,2.757131
0.0865253367831389,2.75724
0.08656648054765774,2.757435
0.08660762431217658,2.757374
0.08664876807669544,2.757447
0.08668991184121429,2.757231
0.08673105560573313,2.757132
0.08677219937025196,2.757252
0.08681334313477083,2.757072
0.08685448689928968,2.75694
0.08689563066380851,2.757113
0.08693677442832738,2.757189
0.08697791819284624,2.757295
0.08701906195736508,2.757219
0.0870602057218839,2.756965
0.08710134948640275,2.756993
0.0871424932509216,2.756911
0.08718363701544048,2.756965
0.08722478077995932,2.756712
0.08726592454447818,2.756949
0.08730706830899702,2.756757
0.08734821207351585,2.756805
0.0873893558380347,2.756843
0.08743049960255354,2.757134
0.0874716433670724,2.756911
0.08751278713159125,2.756882
0.08755393089611009,2.756722
0.08759507466062895,2.756794
0.08763621842514782,2.756866
0.08767736218966664,2.756792
0.08771850595418548,2.756996
0.08775964971870434,2.757171
0.08780079348322321,2.756907
0.08784193724774204,2.756584
0.08788308101226089,2.756763
0.08792422477677976,2.756622
0.08796536854129858,2.756354
0.08800651230581744,2.756449
0.08804765607033628,2.756537
0.08808879983485514,2.756643
0.08812994359937398,2.75654
0.08817108736389283,2.75651
0.08821223112841169,2.75661
0.08825337489293053,2.756685
0.08829451865744938,2.756746
0.08833566242196822,2.756538
0.08837680618648706,2.756585
0.08841794995100592,2.756605
0.08845909371552478,2.756557
0.08850023748004363,2.756879
0.08854138124456246,2.756786
0.08858252500908131,2.756779
0.08862366877360017,2.756609
0.08866481253811902,2.756481
0.08870595630263786,2.756253
0.08874710006715672,2.756289
0.08878824383167556,2.75665
0.08882938759619441,2.756928
0.08887053136071325,2.756796
0.08891167512523211,2.756977
0.08895281888975096,2.756844
0.0889939626542698,2.757267
0.08903510641878866,2.756938
0.08907625018330752,2.756511
0.08911739394782635,2.756432
0.08915853771234519,2.756517
0.08919968147686405,2.75669
0.0892408252413829,2.756639
0.08928196900590175,2.756674
0.0893231127704206,2.756366
0.08936425653493946,2.756685
0.08940540029945829,2.75676
0.08944654406397715,2.756834
0.08948768782849599,2.756515
0.08952883159301485,2.756783
0.0895699753575337,2.75676
0.08961111912205254,2.756764
0.08965226288657138,2.756744
0.08969340665109024,2.756697
0.08973455041560909,2.756559
0.08977569418012793,2.75663
0.08981683794464677,2.756768
0.08985798170916563,2.756446
0.08989912547368449,2.756539
0.08994026923820334,2.75665
0.08998141300272218,2.757032
0.09002255676724102,2.757135
0.09006370053175987,2.756921
0.09010484429627873,2.757046
0.09014598806079757,2.757002
0.09018713182531643,2.757022
0.09022827558983527,2.756663
0.09026941935435412,2.756864
0.09031056311887296,2.756884
0.09035170688339182,2.757088
0.09039285064791067,2.756725
0.09043399441242951,2.756843
0.09047513817694837,2.756681
0.09051628194146721,2.756631
0.09055742570598607,2.756681
0.0905985694705049,2.756851
0.09063971323502375,2.757092
0.0906808569995426,2.757174
0.09072200076406146,2.756994
0.09076314452858031,2.756707
0.09080428829309917,2.756814
0.09084543205761801,2.756896
0.09088657582213684,2.757205
0.0909277195866557,2.756943
0.09096886335117456,2.756329
0.0910100071156934,2.756702
0.09105115088021225,2.756759
0.09109229464473109,2.756729
0.09113343840924995,2.756441
0.0911745821737688,2.756631
0.09121572593828764,2.756684
0.09125686970280648,2.756801
0.09129801346732534,2.756626
0.09133915723184419,2.756274
0.09138030099636305,2.756248
0.09142144476088189,2.756413
0.09146258852540073,2.756437
0.09150373228991958,2.756367
0.09154487605443844,2.756344
0.09158601981895728,2.75614
0.09162716358347614,2.756416
0.09166830734799498,2.756452
0.09170945111251383,2.756127
0.09175059487703267,2.756341
0.09179173864155153,2.756339
0.09183288240607038,2.756531
0.09187402617058922,2.756426
0.09191516993510807,2.756469
0.09195631369962692,2.756476
0.09199745746414578,2.756447
0.09203860122866463,2.756609
0.09207974499318344,2.756616
0.09212088875770232,2.756543
0.09216203252222116,2.756719
0.09220317628674002,2.756742
0.09224432005125888,2.756658
0.09228546381577772,2.756822
0.09232660758029657,2.756709
0.09236775134481541,2.756885
0.09240889510933425,2.757031
0.09245003887385311,2.756997
0.09249118263837196,2.756653
0.0925323264028908,2.756716
0.09257347016740966,2.756551
0.0926146139319285,2.756591
0.09265575769644734,2.756513
0.09269690146096618,2.756638
0.09273804522548505,2.756276
0.09277918899000388,2.756287
0.09282033275452276,2.756431
0.0928614765190416,2.756316
0.09290262028356046,2.756393
0.09294376404807927,2.756391
0.09298490781259812,2.756164
0.09302605157711698,2.755986
0.09306719534163585,2.756009
0.0931083391061547,2.756024
0.09314948287067353,2.756313
0.09319062663519237,2.75655
0.09323177039971124,2.756022
0.09327291416423007,2.756307
0.09331405792874892,2.756332
0.09335520169326776,2.756426
0.09339634545778662,2.756152
0.09343748922230546,2.756289
0.09347863298682432,2.756226
0.09351977675134315,2.756531
0.09356092051586201,2.756414
0.09360206428038086,2.756106
0.09364320804489971,2.756052
0.09368435180941856,2.756383
0.09372549557393742,2.7566
0.09376663933845626,2.756463
0.09380778310297509,2.756541
0.09384892686749395,2.756677
0.09389007063201281,2.756619
0.09393121439653165,2.756643
0.0939723581610505,2.756388
0.09401350192556936,2.756841
0.0940546456900882,2.756555
0.09409578945460706,2.756844
0.09413693321912589,2.756736
0.09417807698364475,2.756753
0.09421922074816359,2.756355
0.09426036451268244,2.756433
0.0943015082772013,2.756665
0.09434265204172015,2.756488
0.094383795806239,2.756622
0.09442493957075783,2.756672
0.09446608333527669,2.75659
0.09450722709979555,2.756536
0.09454837086431439,2.756492
0.09458951462883324,2.756518
0.09463065839335208,2.756391
0.09467180215787094,2.756372
0.09471294592238978,2.756362
0.09475408968690863,2.756162
0.09479523345142747,2.7562
0.09483637721594633,2.756317
0.09487752098046517,2.756411
0.09491866474498403,2.756337
0.09495980850950288,2.756344
0.09500095227402172,2.756207
0.09504209603854057,2.75624
0.09508323980305941,2.756289
0.09512438356757827,2.756111
0.09516552733209713,2.756434
0.09520667109661597,2.756363
0.09524781486113482,2.756098
0.09528895862565366,2.755993
0.09533010239017252,2.756085
0.09537124615469136,2.755921
0.09541238991921021,2.756235
0.09545353368372907,2.755957
0.09549467744824791,2.755521
0.09553582121276677,2.756242
0.0955769649772856,2.756354
0.09561810874180444,2.756578
0.0956592525063233,2.756473
0.09570039627084215,2.756639
0.095741540035361,2.756725
0.09578268379987986,2.75645
0.09582382756439871,2.756594
0.09586497132891754,2.756109
0.09590611509343638,2.756282
0.09594725885795526,2.756316
0.0959884026224741,2.756128
0.09602954638699294,2.756458
0.09607069015151179,2.756466
0.09611183391603065,2.756535
0.09615297768054949,2.756572
0.09619412144506834,2.756698
0.09623526520958718,2.756117
0.09627640897410604,2.756356
0.09631755273862488,2.756227
0.09635869650314374,2.756331
0.09639984026766259,2.756659
0.09644098403218145,2.75684
0.09648212779670028,2.756417
0.09652327156121912,2.756598
0.09656441532573798,2.756519
0.09660555909025684,2.756227
0.09664670285477568,2.756341
0.09668784661929453,2.756418
0.09672899038381338,2.756336
0.09677013414833223,2.756272
0.09681127791285107,2.756298
0.09685242167736992,2.756234
0.09689356544188876,2.756121
0.09693470920640762,2.755962
0.09697585297092647,2.756015
0.09701699673544532,2.756095
0.09705814049996415,2.756181
0.09709928426448301,2.756086
0.09714042802900186,2.756356
0.09718157179352072,2.756211
0.09722271555803957,2.756209
0.09726385932255842,2.756261
0.09730500308707726,2.755978
0.0973461468515961,2.755936
0.09738729061611495,2.755827
0.09742843438063381,2.756029
0.09746957814515265,2.755981
0.0975107219096715,2.756062
0.09755186567419036,2.756171
0.0975930094387092,2.756104
0.09763415320322805,2.756194
0.09767529696774689,2.756125
0.09771644073226575,2.755987
0.0977575844967846,2.756108
0.09779872826130344,2.756167
0.0978398720258223,2.756191
0.09788101579034116,2.756176
0.09792215955485999,2.756015
0.09796330331937882,2.756151
0.09800444708389769,2.755917
0.09804559084841655,2.756119
0.09808673461293539,2.755921
0.09812787837745424,2.7558
0.09816902214197308,2.755914
0.09821016590649191,2.755904
0.09825130967101078,2.755895
0.09829245343552963,2.756115
0.09833359720004846,2.756221
0.09837474096456733,2.756339
0.09841588472908618,2.756189
0.09845702849360503,2.756001
0.09849817225812389,2.7557
0.09853931602264271,2.756025
0.09858045978716155,2.755852
0.0986216035516804,2.755698
0.09866274731619926,2.755629
0.09870389108071813,2.755806
0.09874503484523697,2.755874
0.0987861786097558,2.75571
0.09882732237427465,2.755963
0.09886846613879352,2.755588
0.09890960990331235,2.755999
0.0989507536678312,2.755898
0.09899189743235007,2.756017
0.0990330411968689,2.755839
0.09907418496138774,2.755705
0.09911532872590659,2.755457
0.09915647249042545,2.75578
0.09919761625494429,2.755913
0.09923876001946313,2.755643
0.099279903783982,2.755961
0.09932104754850087,2.756301
0.0993621913130197,2.756315
0.09940333507753853,2.756487
0.09944447884205737,2.756248
0.09948562260657623,2.756274
0.09952676637109509,2.756386
0.09956791013561393,2.756326
0.09960905390013278,2.756061
0.09965019766465164,2.756268
0.09969134142917048,2.756223
0.09973248519368932,2.756372
0.09977362895820817,2.756207
0.09981477272272703,2.756224
0.09985591648724587,2.756305
0.09989706025176472,2.756446
0.09993820401628357,2.756125
0.09997934778080242,2.756121
0.10002049154532126,2.756271
0.10006163530984011,2.756114
0.10010277907435897,2.756011
0.10014392283887782,2.756151
0.10018506660339667,2.75596
0.10022621036791551,2.756051
0.10026735413243434,2.756052
0.1003084978969532,2.756311
0.10034964166147206,2.756014
0.1003907854259909,2.75599
0.10043192919050976,2.755962
0.10047307295502861,2.755967
0.10051421671954745,2.755888
0.10055536048406631,2.75592
0.10059650424858514,2.756015
0.100637648013104,2.755762
0.10067879177762284,2.755657
0.10071993554214169,2.755621
0.10076107930666055,2.75543
0.1008022230711794,2.755906
0.10084336683569825,2.755702
0.10088451060021708,2.755708
0.10092565436473594,2.755774
0.1009667981292548,2.75576
0.10100794189377364,2.755782
0.10104908565829249,2.755981
0.10109022942281135,2.755917
0.10113137318733019,2.755753
0.10117251695184903,2.755969
0.10121366071636788,2.755967
0.10125480448088674,2.756077
0.10129594824540558,2.755826
0.10133709200992443,2.755704
0.10137823577444328,2.755895
0.10141937953896214,2.755677
0.10146052330348097,2.756103
0.10150166706799982,2.755749
0.10154281083251866,2.755921
0.10158395459703752,2.756179
0.10162509836155638,2.756274
0.10166624212607522,2.756176
0.10170738589059408,2.75621
0.10174852965511291,2.756023
0.10178967341963177,2.755899
0.10183081718415062,2.756028
0.10187196094866946,2.755955
0.10191310471318832,2.756227
0.10195424847770716,2.756181
0.10199539224222601,2.756191
0.10203653600674485,2.756294
0.10207767977126371,2.756613
0.10211882353578255,2.756465
0.1021599673003014,2.756232
0.10220111106482026,2.756224
0.10224225482933912,2.755907
0.10228339859385796,2.755924
0.10232454235837679,2.756121
0.10236568612289564,2.75613
0.1024068298874145,2.755813
0.10244797365193335,2.755642
0.1024891174164522,2.755693
0.10253026118097106,2.755862
0.1025714049454899,2.755541
0.10261254871000874,2.755999
0.10265369247452759,2.755913
0.10269483623904645,2.75582
0.10273598000356529,2.755929
0.10277712376808414,2.755704
0.10281826753260298,2.755615
0.10285941129712184,2.755943
0.1029005550616407,2.756039
0.10294169882615953,2.755923
0.10298284259067837,2.755659
0.10302398635519723,2.755815
0.10306513011971609,2.755913
0.10310627388423493,2.755979
0.10314741764875378,2.755899
0.10318856141327264,2.756043
0.10322970517779147,2.755947
0.10327084894231033,2.755823
0.10331199270682917,2.756032
0.10335313647134803,2.755918
0.10339428023586687,2.755617
0.10343542400038572,2.755537
0.10347656776490458,2.755355
0.10351771152942342,2.755449
0.10355885529394226,2.75533
0.10359999905846111,2.755342
0.10364114282297994,2.75562
0.10368228658749881,2.755475
0.10372343035201767,2.755345
0.10376457411653651,2.755342
0.10380571788105533,2.755784
0.10384686164557419,2.755615
0.10388800541009306,2.75551
0.1039291491746119,2.755532
0.10397029293913077,2.755557
0.10401143670364961,2.755638
0.10405258046816845,2.755596
0.10409372423268728,2.755442
0.10413486799720616,2.755197
0.104176011761725,2.755604
0.10421715552624383,2.755571
0.10425829929076268,2.755509
0.10429944305528155,2.755584
0.10434058681980041,2.755457
0.10438173058431922,2.755015
0.10442287434883807,2.755147
0.10446401811335693,2.755585
0.10450516187787577,2.755182
0.10454630564239463,2.755062
0.10458744940691347,2.75505
0.10462859317143235,2.754994
0.10466973693595116,2.755144
0.10471088070047002,2.755052
0.10475202446498887,2.755559
0.10479316822950772,2.755522
0.10483431199402657,2.755693
0.10487545575854541,2.755588
0.10491659952306426,2.755727
0.10495774328758312,2.755696
0.10499888705210196,2.755575
0.1050400308166208,2.755484
0.10508117458113965,2.755424
0.10512231834565851,2.755449
0.10516346211017737,2.755417
0.10520460587469621,2.755426
0.10524574963921508,2.755568
0.1052868934037339,2.755954
0.10532803716825274,2.756017
0.1053691809327716,2.755736
0.10541032469729046,2.755735
0.1054514684618093,2.755679
0.10549261222632815,2.755805
0.105533755990847,2.755623
0.10557489975536584,2.755401
0.1056160435198847,2.755045
0.10565718728440354,2.755412
0.10569833104892239,2.755627
0.10573947481344124,2.75554
0.10578061857796009,2.755708
0.10582176234247895,2.75512
0.10586290610699778,2.755018
0.10590404987151664,2.755114
0.10594519363603548,2.755241
0.10598633740055434,2.755264
0.10602748116507318,2.75534
0.10606862492959204,2.755336
0.10610976869411089,2.755261
0.10615091245862972,2.755035
0.10619205622314858,2.755189
0.10623319998766743,2.755186
0.10627434375218628,2.755198
0.10631548751670512,2.755162
0.10635663128122397,2.754996
0.10639777504574283,2.755243
0.10643891881026167,2.755375
0.10648006257478052,2.755555
0.10652120633929936,2.755278
0.10656235010381822,2.755111
0.10660349386833706,2.754864
0.10664463763285592,2.754935
0.10668578139737478,2.755064
0.10672692516189361,2.755257
0.10676806892641245,2.755064
0.10680921269093131,2.755137
0.10685035645545016,2.755392
0.10689150021996902,2.755479
0.10693264398448786,2.755541
0.1069737877490067,2.755377
0.10701493151352556,2.755394
0.10705607527804441,2.755185
0.10709721904256325,2.755244
0.1071383628070821,2.755027
0.10717950657160095,2.755079
0.1072206503361198,2.755302
0.10726179410063866,2.755392
0.1073029378651575,2.755615
0.10734408162967633,2.755542
0.10738522539419519,2.755553
0.10742636915871404,2.755589
0.1074675129232329,2.755745
0.10750865668775175,2.75515
0.1075498004522706,2.755407
0.10759094421678944,2.755425
0.10763208798130829,2.755417
0.10767323174582714,2.755293
0.10771437551034599,2.755417
0.10775551927486483,2.755781
0.10779666303938368,2.755667
0.10783780680390254,2.755613
0.10787895056842138,2.755309
0.10792009433294023,2.755738
0.10796123809745907,2.755378
0.10800238186197793,2.755322
0.10804352562649677,2.755306
0.10808466939101563,2.755484
0.10812581315553448,2.755593
0.10816695692005333,2.755716
0.10820810068457216,2.755552
0.10824924444909101,2.755393
0.10829038821360987,2.755506
0.10833153197812873,2.755253
0.10837267574264757,2.755241
0.10841381950716641,2.755158
0.10845496327168527,2.755216
0.10849610703620412,2.755104
0.10853725080072296,2.755032
0.1085783945652418,2.755117
0.10861953832976065,2.755162
0.10866068209427951,2.755104
0.10870182585879835,2.75535
0.10874296962331721,2.755332
0.10878411338783604,2.755107
0.1088252571523549,2.755198
0.10886640091687375,2.755254
0.1089075446813926,2.755139
0.10894868844591146,2.755089
0.1089898322104303,2.755022
0.10903097597494915,2.754928
0.10907211973946797,2.755164
0.10911326350398684,2.755187
0.1091544072685057,2.754956
0.10919555103302454,2.754673
0.10923669479754339,2.754947
0.10927783856206225,2.755067
0.10931898232658109,2.755224
0.10936012609109995,2.75532
0.10940126985561877,2.755092
0.10944241362013764,2.755064
0.10948355738465648,2.755385
0.10952470114917531,2.755635
0.10956584491369419,2.755724
0.10960698867821304,2.755668
0.10964813244273189,2.75552
0.1096892762072507,2.755568
0.10973041997176956,2.755456
0.10977156373628844,2.755178
0.10981270750080728,2.755539
0.10985385126532611,2.755578
0.10989499502984496,2.755556
0.10993613879436383,2.75552
0.10997728255888266,2.755663
0.1100184263234015,2.755717
0.11005957008792035,2.75537
0.1101007138524392,2.755615
0.11014185761695805,2.755323
0.11018300138147692,2.755557
0.11022414514599578,2.755308
0.1102652889105146,2.755394
0.11030643267503344,2.755361
0.11034757643955229,2.755573
0.11038872020407114,2.755772
0.11042986396859002,2.755781
0.11047100773310885,2.755439
0.11051215149762769,2.755461
0.11055329526214654,2.755747
0.1105944390266654,2.755745
0.11063558279118424,2.755615
0.11067672655570308,2.755656
0.11071787032022194,2.755668
0.11075901408474079,2.755651
0.11080015784925963,2.755705
0.11084130161377848,2.755603
0.11088244537829733,2.755323
0.11092358914281618,2.755527
0.11096473290733502,2.755437
0.11100587667185388,2.755443
0.11104702043637274,2.755501
0.11108816420089158,2.755328
0.11112930796541041,2.755258
0.11117045172992926,2.755414
0.11121159549444812,2.755571
0.11125273925896698,2.75548
0.11129388302348582,2.755769
0.11133502678800467,2.755718
0.11137617055252352,2.755697
0.11141731431704237,2.755279
0.11145845808156121,2.755065
0.11149960184608006,2.755248
0.11154074561059892,2.755513
0.11158188937511776,2.755299
0.1116230331396366,2.754794
0.11166417690415546,2.754753
0.11170532066867432,2.755083
0.11174646443319315,2.754926
0.111787608197712,2.754939
0.11182875196223085,2.755104
0.11186989572674971,2.754879
0.11191103949126856,2.754801
0.1119521832557874,2.755098
0.11199332702030626,2.754994
0.11203447078482509,2.755046
0.11207561454934395,2.755308
0.1121167583138628,2.755332
0.11215790207838165,2.755444
0.1121990458429005,2.755402
0.11224018960741934,2.755057
0.1122813333719382,2.755366
0.11232247713645703,2.755385
0.11236362090097589,2.755162
0.11240476466549473,2.755008
0.11244590843001358,2.755043
0.11248705219453244,2.755162
0.1125281959590513,2.755266
0.11256933972357014,2.755081
0.11261048348808897,2.755183
0.11265162725260783,2.755376
0.11269277101712669,2.755224
0.11273391478164553,2.755085
0.11277505854616438,2.754632
0.11281620231068323,2.755252
0.11285734607520208,2.755498
0.11289848983972092,2.755474
0.11293963360423977,2.755581
0.11298077736875863,2.755543
0.11302192113327747,2.755257
0.11306306489779631,2.755257
0.11310420866231517,2.755345
0.11314535242683403,2.755054
0.11318649619135286,2.755334
0.1132276399558717,2.755414
0.11326878372039055,2.755161
0.11330992748490941,2.755106
0.11335107124942827,2.755146
0.11339221501394711,2.755521
0.11343335877846597,2.756059
0.11347450254298481,2.755942
0.11351564630750366,2.755259
0.1135567900720225,2.755598
0.11359793383654135,2.755443
0.1136390776010602,2.755308
0.11368022136557905,2.755095
0.1137213651300979,2.75488
0.11376250889461677,2.754992
0.1138036526591356,2.754633
0.11384479642365444,2.75475
0.11388594018817329,2.754681
0.11392708395269215,2.754936
0.113968227717211,2.755138
0.11400937148172985,2.7551
0.1140505152462487,2.755019
0.11409165901076754,2.755177
0.11413280277528638,2.755156
0.11417394653980524,2.755278
0.11421509030432409,2.755062
0.11425623406884294,2.754876
0.11429737783336179,2.755261
0.11433852159788063,2.754743
0.11437966536239948,2.755156
0.11442080912691834,2.755007
0.11446195289143718,2.754949
0.11450309665595602,2.75499
0.11454424042047487,2.75504
0.11458538418499374,2.755076
0.11462652794951259,2.7551
0.11466767171403142,2.755324
0.11470881547855025,2.755486
0.11474995924306912,2.755363
0.11479110300758798,2.755565
0.11483224677210682,2.755513
0.11487339053662567,2.755494
0.11491453430114452,2.755123
0.11495567806566334,2.755468
0.11499682183018221,2.755276
0.11503796559470104,2.755398
0.11507910935921992,2.75542
0.11512025312373876,2.755327
0.11516139688825759,2.755375
0.11520254065277646,2.755256
0.11524368441729531,2.755112
0.11528482818181414,2.755466
0.11532597194633298,2.755301
0.11536711571085186,2.755618
0.11540825947537071,2.755675
0.11544940323988956,2.755965
0.1154905470044084,2.755875
0.11553169076892722,2.755624
0.11557283453344608,2.755655
0.11561397829796495,2.75554
0.11565512206248378,2.755624
0.11569626582700265,2.755531
0.11573740959152148,2.755242
0.11577855335604033,2.755146
0.1158196971205592,2.755525
0.11586084088507803,2.755575
0.11590198464959688,2.7554
0.11594312841411572,2.755204
0.11598427217863456,2.75505
0.11602541594315342,2.755164
0.1160665597076723,2.755524
0.11610770347219113,2.75521
0.11614884723670996,2.754957
0.11618999100122882,2.755148
0.11623113476574766,2.755343
0.11627227853026652,2.755319
0.11631342229478536,2.75532
0.11635456605930422,2.755387
0.11639570982382307,2.755536
0.11643685358834191,2.755615
0.11647799735286075,2.755455
0.11651914111737961,2.755021
0.11656028488189846,2.755355
0.1166014286464173,2.755031
0.11664257241093616,2.755043
0.11668371617545502,2.755064
0.11672485993997385,2.755354
0.1167660037044927,2.755287
0.11680714746901154,2.755218
0.1168482912335304,2.755176
0.11688943499804925,2.754944
0.1169305787625681,2.755645
0.11697172252708696,2.755498
0.11701286629160579,2.755377
0.11705401005612463,2.755305
0.11709515382064349,2.755179
0.11713629758516235,2.755531
0.1171774413496812,2.755424
0.11721858511420004,2.755589
0.11725972887871888,2.755392
0.11730087264323773,2.755525
0.11734201640775659,2.755755
0.11738316017227543,2.755882
0.11742430393679427,2.755547
0.11746544770131313,2.75525
0.11750659146583199,2.755447
0.11754773523035084,2.75564
0.11758887899486967,2.75575
0.11763002275938853,2.75551
0.11767116652390737,2.755407
0.11771231028842623,2.755368
0.11775345405294507,2.75513
0.11779459781746393,2.755285
0.11783574158198278,2.75513
0.11787688534650162,2.755075
0.11791802911102046,2.754951
0.11795917287553932,2.75488
0.11800031664005817,2.75477
0.11804146040457701,2.754887
0.11808260416909586,2.755083
0.11812374793361471,2.755406
0.11816489169813357,2.755326
0.1182060354626524,2.755509
0.11824717922717125,2.755325
0.1182883229916901,2.755185
0.11832946675620896,2.755285
0.11837061052072781,2.755271
0.11841175428524667,2.755154
0.11845289804976551,2.7554
0.11849404181428434,2.755515
0.1185351855788032,2.755344
0.11857632934332205,2.755169
0.11861747310784089,2.755333
0.11865861687235976,2.755155
0.1186997606368786,2.755074
0.11874090440139745,2.754998
0.11878204816591628,2.754813
0.11882319193043515,2.755318
0.118864335694954,2.75543
0.11890547945947284,2.755409
0.11894662322399169,2.755272
0.11898776698851055,2.755228
0.11902891075302939,2.755154
0.11907005451754823,2.75535
0.11911119828206708,2.755058
0.11915234204658594,2.755115
0.11919348581110478,2.755351
0.11923462957562363,2.755262
0.11927577334014247,2.755228
0.11931691710466134,2.755244
0.11935806086918017,2.755447
0.11939920463369902,2.755203
0.11944034839821786,2.755379
0.11948149216273674,2.75558
0.11952263592725558,2.755181
0.11956377969177442,2.755332
0.11960492345629328,2.755386
0.11964606722081213,2.755287
0.11968721098533097,2.755171
0.11972835474984982,2.755356
0.11976949851436866,2.755308
0.11981064227888752,2.755073
0.11985178604340636,2.755241
0.11989292980792521,2.755195
0.11993407357244408,2.755507
0.11997521733696291,2.755722
0.12001636110148176,2.75572
0.1200575048660006,2.755596
0.12009864863051944,2.755489
0.12013979239503832,2.755407
0.12018093615955716,2.755328
0.120222079924076,2.75556
0.12026322368859482,2.755457
0.12030436745311371,2.755764
0.12034551121763255,2.755855
0.1203866549821514,2.755946
0.12042779874667026,2.755945
0.1204689425111891,2.755918
0.12051008627570794,2.755911
0.12055123004022679,2.755919
0.12059237380474562,2.755811
0.12063351756926449,2.756052
0.12067466133378334,2.75573
0.12071580509830217,2.755581
0.12075694886282105,2.755696
0.1207980926273399,2.755979
0.12083923639185871,2.755746
0.12088038015637756,2.755725
0.12092152392089645,2.75565
0.12096266768541529,2.755782
0.12100381144993413,2.755587
0.12104495521445297,2.755331
0.12108609897897184,2.755293
0.12112724274349068,2.755427
0.12116838650800951,2.755387
0.12120953027252836,2.755805
0.12125067403704723,2.755602
0.12129181780156606,2.755669
0.1213329615660849,2.755683
0.12137410533060375,2.755535
0.1214152490951226,2.755614
0.12145639285964145,2.755906
0.1214975366241603,2.755861
0.12153868038867914,2.755847
0.12157982415319803,2.755771
0.12162096791771687,2.75574
0.1216621116822357,2.755686
0.12170325544675453,2.755878
0.1217443992112734,2.756057
0.12178554297579225,2.755595
0.1218266867403111,2.755721
0.12186783050482994,2.755869
0.1219089742693488,2.756116
0.12195011803386764,2.75597
0.12199126179838649,2.75588
0.12203240556290533,2.755621
0.12207354932742419,2.755595
0.12211469309194303,2.755881
0.12215583685646188,2.75568
0.12219698062098076,2.755807
0.1222381243854996,2.756004
0.12227926815001844,2.755853
0.12232041191453727,2.755871
0.12236155567905614,2.755901
0.12240269944357499,2.755812
0.12244384320809383,2.755854
0.12248498697261267,2.755787
0.12252613073713153,2.755687
0.12256727450165038,2.7561
0.12260841826616922,2.756058
0.12264956203068807,2.755923
0.12269070579520691,2.756311
0.12273184955972577,2.755952
0.12277299332424461,2.756159
0.12281413708876346,2.755914
0.12285528085328233,2.756206
0.12289642461780116,2.756185
0.12293756838232,2.756212
0.12297871214683885,2.755899
0.12301985591135772,2.756023
0.12306099967587657,2.756233
0.12310214344039541,2.756266
0.12314328720491426,2.756455
0.12318443096943311,2.756037
0.12322557473395196,2.755989
0.1232667184984708,2.755776
0.12330786226298965,2.755737
0.1233490060275085,2.756142
0.12339014979202735,2.756047
0.1234312935565462,2.755919
0.12347243732106504,2.755828
0.12351358108558388,2.755914
0.12355472485010274,2.756099
0.12359586861462159,2.75621
0.12363701237914046,2.755999
0.1236781561436593,2.756101
0.12371929990817815,2.756254
0.12376044367269698,2.756011
0.12380158743721585,2.756189
0.1238427312017347,2.756365
0.12388387496625354,2.756776
0.12392501873077238,2.756356
0.12396616249529123,2.756572
0.12400730625981009,2.7564
0.12404845002432893,2.756109
0.12408959378884778,2.756234
0.12413073755336662,2.756148
0.12417188131788548,2.756193
0.12421302508240432,2.75615
0.12425416884692317,2.756231
0.12429531261144204,2.756299
0.12433645637596089,2.756122
0.12437760014047972,2.756037
0.12441874390499856,2.755805
0.12445988766951743,2.755937
0.12450103143403628,2.756081
0.12454217519855512,2.75623
0.12458331896307397,2.756161
0.12462446272759282,2.755919
0.12466560649211167,2.756025
0.12470675025663051,2.755961
0.12474789402114936,2.75594
0.1247890377856682,2.755619
0.12483018155018706,2.755745
0.1248713253147059,2.756022
0.12491246907922478,2.755822
0.1249536128437436,2.755822
0.12499475660826245,2.755621
0.12503590037278128,2.755704
0.12507704413730014,2.755825
0.125118187901819,2.75569
0.12515933166633786,2.755832
0.1252004754308567,2.756142
0.12524161919537552,2.756114
0.1252827629598944,2.755962
0.12532390672441324,2.756146
0.1253650504889321,2.756143
0.12540619425345093,2.756088
0.12544733801796978,2.756297
0.12548848178248864,2.756134
0.12552962554700747,2.755985
0.12557076931152633,2.756018
0.12561191307604516,2.756004
0.12565305684056402,2.756109
0.12569420060508288,2.75626
0.12573534436960174,2.756169
0.1257764881341206,2.755909
0.12581763189863943,2.756011
0.12585877566315826,2.756199
0.12589991942767714,2.75583
0.12594106319219597,2.755937
0.12598220695671483,2.755907
0.12602335072123366,2.755929
0.12606449448575252,2.755714
0.12610563825027138,2.755808
0.1261467820147902,2.755839
0.12618792577930907,2.755755
0.1262290695438279,2.755788
0.12627021330834676,2.755861
0.12631135707286562,2.755931
0.12635250083738445,2.756222
0.12639364460190333,2.75605
0.12643478836642214,2.756006
0.126475932130941,2.756092
0.12651707589545985,2.755901
0.1265582196599787,2.755809
0.12659936342449757,2.755774
0.1266405071890164,2.75554
0.12668165095353526,2.75546
0.12672279471805412,2.755684
0.12676393848257295,2.755863
0.1268050822470918,2.755922
0.12684622601161064,2.75565
0.1268873697761295,2.755866
0.12692851354064835,2.755664
0.12696965730516718,2.755299
0.12701080106968604,2.755629
0.12705194483420487,2.755471
0.12709308859872373,2.755987
0.1271342323632426,2.755949
0.12717537612776145,2.755982
0.1272165198922803,2.755764
0.12725766365679914,2.755725
0.12729880742131797,2.755621
0.12733995118583682,2.755683
0.12738109495035568,2.755888
0.12742223871487454,2.755934
0.12746338247939337,2.756463
0.12750452624391223,2.75636
0.1275456700084311,2.756123
0.12758681377294992,2.756214
0.12762795753746878,2.756131
0.1276691013019876,2.755812
0.12771024506650647,2.755882
0.12775138883102533,2.756057
0.12779253259554416,2.755519
0.12783367636006304,2.755687
0.12787482012458184,2.755661
0.1279159638891007,2.755643
0.12795710765361956,2.755895
0.12799825141813842,2.755661
0.12803939518265728,2.755758
0.1280805389471761,2.755604
0.12812168271169497,2.755768
0.1281628264762138,2.755235
0.12820397024073266,2.755432
0.12824511400525151,2.755557
0.12828625776977035,2.75544
0.1283274015342892,2.755748
0.12836854529880806,2.755664
0.1284096890633269,2.755493
0.12845083282784575,2.755692
0.12849197659236458,2.75557
0.1285331203568834,2.755002
0.1285742641214023,2.755277
0.12861540788592116,2.755374
0.12865655165044002,2.755265
0.12869769541495885,2.755212
0.1287388391794777,2.755197
0.12877998294399653,2.755562
0.1288211267085154,2.755623
0.12886227047303425,2.755526
0.12890341423755308,2.755243
0.12894455800207194,2.755239
0.12898570176659077,2.755562
0.12902684553110963,2.75539
0.1290679892956285,2.755441
0.12910913306014732,2.755532
0.12915027682466615,2.755631
0.12919142058918504,2.755468
0.12923256435370387,2.755499
0.12927370811822275,2.755574
0.12931485188274158,2.755282
0.12935599564726039,2.755524
0.12939713941177924,2.7553
0.12943828317629813,2.755343
0.129479426940817,2.755436
0.12952057070533582,2.755426
0.12956171446985468,2.755145
0.1296028582343735,2.755526
0.12964400199889237,2.75568
0.12968514576341122,2.755498
0.12972628952793006,2.755563
0.12976743329244889,2.755524
0.12980857705696774,2.755562
0.1298497208214866,2.755556
0.12989086458600546,2.755562
0.1299320083505243,2.755455
0.12997315211504312,2.755193
0.13001429587956198,2.755199
0.13005543964408084,2.755078
0.13009658340859973,2.755689
0.13013772717311856,2.75561
0.1301788709376374,2.755576
0.13022001470215622,2.755751
0.13026115846667508,2.755483
0.13030230223119393,2.755571
0.1303434459957128,2.755672
0.13038458976023162,2.755444
0.13042573352475048,2.755142
0.13046687728926934,2.755284
0.13050802105378817,2.755313
0.13054916481830703,2.755403
0.13059030858282586,2.755484
0.13063145234734472,2.755127
0.13067259611186358,2.754956
0.13071373987638243,2.755198
0.1307548836409013,2.755448
0.13079602740542012,2.755478
0.13083717116993895,2.755904
0.1308783149344578,2.755693
0.13091945869897667,2.755482
0.13096060246349553,2.755526
0.13100174622801436,2.755299
0.13104288999253322,2.755318
0.13108403375705205,2.755231
0.1311251775215709,2.755167
0.13116632128608977,2.754758
0.1312074650506086,2.754914
0.13124860881512745,2.754704
0.1312897525796463,2.754587
0.13133089634416514,2.754615
0.13137204010868403,2.755046
0.13141318387320283,2.755121
0.1314543276377217,2.755072
0.13149547140224055,2.755342
0.1315366151667594,2.755049
0.13157775893127827,2.755328
0.1316189026957971,2.755113
0.13166004646031595,2.755072
0.13170119022483479,2.754931
0.13174233398935364,2.755085
0.1317834777538725,2.754889
0.13182462151839133,2.754832
0.1318657652829102,2.755041
0.13190690904742902,2.755034
0.13194805281194788,2.754803
0.13198919657646674,2.755113
0.13203034034098557,2.755088
0.13207148410550443,2.755027
0.13211262787002329,2.755021
0.13215377163454214,2.754887
0.132194915399061,2.754835
0.13223605916357983,2.75493
0.13227720292809866,2.754613
0.13231834669261752,2.754392
0.13235949045713638,2.754547
0.13240063422165524,2.754699
0.13244177798617407,2.754641
0.13248292175069293,2.754663
0.13252406551521176,2.754851
0.13256520927973062,2.754882
0.13260635304424948,2.754893
0.1326474968087683,2.754992
0.13268864057328716,2.754475
0.132729784337806,2.754889
0.13277092810232485,2.754998
0.1328120718668437,2.754748
0.13285321563136254,2.755033
0.1328943593958814,2.755105
0.13293550316040026,2.754784
0.13297664692491912,2.75494
0.13301779068943798,2.754749
0.1330589344539568,2.75439
0.13310007821847566,2.754279
0.1331412219829945,2.754503
0.13318236574751335,2.754824
0.1332235095120322,2.754456
0.13326465327655104,2.754671
0.1333057970410699,2.754702
0.13334694080558873,2.75449
0.1333880845701076,2.754695
0.13342922833462645,2.754359
0.13347037209914528,2.754523
0.13351151586366414,2.754753
0.13355265962818297,2.755059
0.13359380339270185,2.75476
0.13363494715722068,2.754762
0.13367609092173954,2.754621
0.1337172346862584,2.754661
0.13375837845077723,2.754867
0.1337995222152961,2.754598
0.13384066597981495,2.754677
0.13388180974433378,2.754953
0.13392295350885264,2.754937
0.13396409727337147,2.75466
0.13400524103789033,2.754739
0.13404638480240919,2.754658
0.13408752856692802,2.754389
0.13412867233144687,2.754387
0.1341698160959657,2.754415
0.13421095986048456,2.75465
0.13425210362500342,2.754752
0.13429324738952228,2.754578
0.13433439115404108,2.754558
0.13437553491855994,2.754766
0.13441667868307883,2.754799
0.13445782244759766,2.754969
0.13449896621211652,2.754978
0.13454010997663537,2.754715
0.1345812537411542,2.754786
0.13462239750567306,2.754778
0.13466354127019192,2.754926
0.13470468503471075,2.754986
0.1347458287992296,2.75499
0.13478697256374844,2.755153
0.13482811632826727,2.755119
0.13486926009278616,2.754875
0.13491040385730502,2.754408
0.13495154762182382,2.754483
0.1349926913863427,2.754499
0.13503383515086154,2.75461
0.13507497891538037,2.754705
0.13511612267989925,2.754633
0.13515726644441806,2.754456
0.13519841020893694,2.754206
0.13523955397345577,2.754057
0.13528069773797463,2.753911
0.1353218415024935,2.753955
0.1353629852670123,2.754228
0.13540412903153118,2.75449
0.13544527279605,2.75439
0.13548641656056887,2.754176
0.13552756032508773,2.754361
0.1355687040896066,2.754264
0.13560984785412541,2.754442
0.13565099161864425,2.75412
0.13569213538316313,2.754064
0.13573327914768196,2.754081
0.13577442291220085,2.75396
0.13581556667671965,2.754377
0.1358567104412385,2.754461
0.13589785420575737,2.754173
0.1359389979702762,2.754268
0.13598014173479506,2.754324
0.13602128549931392,2.754222
0.13606242926383275,2.754111
0.1361035730283516,2.75429
0.1361447167928705,2.754402
0.1361858605573893,2.754421
0.13622700432190818,2.754291
0.13626814808642698,2.754385
0.13630929185094584,2.754431
0.1363504356154647,2.754172
0.13639157937998353,2.754227
0.13643272314450242,2.754083
0.13647386690902122,2.754637
0.1365150106735401,2.754548
0.13655615443805896,2.754597
0.13659729820257777,2.75425
0.13663844196709665,2.753668
0.13667958573161548,2.754217
0.13672072949613434,2.754197
0.1367618732606532,2.754252
0.13680301702517206,2.753787
0.1368441607896909,2.754078
0.13688530455420972,2.754131
0.13692644831872858,2.753996
0.13696759208324744,2.754246
0.1370087358477663,2.754246
0.13704987961228512,2.754442
0.13709102337680398,2.754519
0.13713216714132284,2.754742
0.13717331090584167,2.754277
0.13721445467036053,2.754538
0.13725559843487936,2.754444
0.13729674219939822,2.754473
0.13733788596391708,2.754619
0.13737902972843594,2.754673
0.13742017349295477,2.754501
0.13746131725747363,2.754297
0.13750246102199246,2.754127
0.13754360478651131,2.754148
0.13758474855103017,2.754288
0.137625892315549,2.754443
0.1376670360800679,2.754515
0.1377081798445867,2.754596
0.13774932360910555,2.754459
0.1377904673736244,2.754225
0.13783161113814324,2.754427
0.13787275490266213,2.754548
0.13791389866718093,2.754378
0.13795504243169981,2.754656
0.13799618619621865,2.754601
0.13803732996073748,2.754868
0.13807847372525636,2.754747
0.1381196174897752,2.754776
0.13816076125429405,2.754554
0.1382019050188129,2.754381
0.13824304878333177,2.754489
0.1382841925478506,2.754196
0.13832533631236943,2.754369
0.1383664800768883,2.754684
0.13840762384140715,2.754769
0.138448767605926,2.754521
0.13848991137044483,2.753942
0.1385310551349637,2.754156
0.13857219889948255,2.754356
0.13861334266400138,2.754268
0.13865448642852024,2.754061
0.13869563019303907,2.754071
0.13873677395755793,2.754211
0.1387779177220768,2.754303
0.13881906148659562,2.754652
0.13886020525111448,2.754376
0.13890134901563328,2.754345
0.13894249278015217,2.754596
0.13898363654467102,2.754547
0.13902478030918988,2.754212
0.1390659240737087,2.75412
0.1391070678382276,2.754377
0.1391482116027464,2.754244
0.13918935536726526,2.754313
0.13923049913178412,2.754185
0.13927164289630295,2.754205
0.13931278666082184,2.75425
0.13935393042534064,2.754309
0.13939507418985952,2.754492
0.13943621795437836,2.754303
0.13947736171889719,2.754634
0.13951850548341607,2.754309
0.1395596492479349,2.754333
0.13960079301245376,2.754324
0.1396419367769726,2.753978
0.13968308054149148,2.754143
0.1397242243060103,2.754156
0.13976536807052914,2.754282
0.139806511835048,2.754115
0.13984765559956686,2.754523
0.13988879936408571,2.754288
0.13992994312860454,2.754275
0.1399710868931234,2.754247
0.1400122306576422,2.754237
0.1400533744221611,2.754108
0.14009451818667995,2.754237
0.14013566195119875,2.754339
0.14017680571571764,2.753953
0.1402179494802365,2.754382
0.14025909324475533,2.754529
0.1403002370092742,2.754501
0.140341380773793,2.754276
0.14038252453831188,2.754166
0.1404236683028307,2.754154
0.14046481206734956,2.754245
0.14050595583186842,2.754289
0.14054709959638728,2.754347
0.1405882433609061,2.754555
0.140629387125425,2.754561
0.14067053088994383,2.754486
0.14071167465446266,2.754382
0.14075281841898155,2.754197
0.14079396218350035,2.754393
0.14083510594801923,2.754411
0.14087624971253807,2.754492
0.1409173934770569,2.754362
0.14095853724157578,2.754222
0.1409996810060946,2.754243
0.14104082477061344,2.754066
0.1410819685351323,2.753905
0.1411231122996512,2.753969
0.14116425606417,2.754184
0.14120539982868888,2.753843
0.14124654359320768,2.753903
0.14128768735772654,2.753957
0.14132883112224542,2.754054
0.14136997488676423,2.754356
0.1414111186512831,2.754343
0.14145226241580192,2.754506
0.1414934061803208,2.754147
0.14153454994483963,2.754325
0.14157569370935846,2.754347
0.14161683747387735,2.754092
0.14165798123839618,2.754312
0.14169912500291504,2.754073
0.14174026876743387,2.754498
0.14178141253195276,2.754279
0.14182255629647159,2.754131
0.14186370006099042,2.754358
0.14190484382550927,2.754214
0.14194598759002813,2.754105
0.141987131354547,2.754174
0.14202827511906582,2.75386
0.14206941888358468,2.753631
0.14211056264810354,2.753988
0.14215170641262237,2.753938
0.14219285017714123,2.753959
0.14223399394166006,2.75406
0.14227513770617892,2.754128
0.14231628147069778,2.753743
0.1423574252352166,2.753384
0.14239856899973546,2.753489
0.14243971276425432,2.753406
0.14248085652877315,2.753953
0.142522000293292,2.753753
0.14256314405781084,2.753674
0.1426042878223297,2.753582
0.14264543158684856,2.753388
0.1426865753513674,2.753284
0.14272771911588625,2.753269
0.1427688628804051,2.753657
0.14281000664492394,2.753047
0.14285115040944282,2.753071
0.14289229417396163,2.753244
0.1429334379384805,2.753401
0.14297458170299934,2.753313
0.14301572546751817,2.753229
0.14305686923203706,2.753186
0.1430980129965559,2.753214
0.14313915676107475,2.753196
0.14318030052559358,2.75289
0.14322144429011247,2.753281
0.1432625880546313,2.75326
0.14330373181915013,2.753336
0.14334487558366898,2.753312
0.14338601934818782,2.753142
0.1434271631127067,2.753129
0.14346830687722553,2.753334
0.1435094506417444,2.753364
0.14355059440626325,2.753185
0.14359173817078208,2.753114
0.14363288193530094,2.753502
0.14367402569981977,2.753403
0.14371516946433863,2.753549
0.14375631322885749,2.753323
0.14379745699337632,2.753177
0.14383860075789517,2.753407
0.143879744522414,2.753495
0.14392088828693286,2.753588
0.14396203205145172,2.753737
0.14400317581597055,2.753592
0.1440443195804894,2.753664
0.14408546334500827,2.75374
0.1441266071095271,2.753454
0.14416775087404596,2.753414
0.14420889463856482,2.753517
0.14425003840308365,2.753464
0.1442911821676025,2.753322
0.14433232593212134,2.753062
0.14437346969664022,2.753382
0.14441461346115905,2.753514
0.14445575722567788,2.753453
0.14449690099019677,2.753557
0.1445380447547156,2.753624
0.14457918851923446,2.753844
0.1446203322837533,2.753421
0.14466147604827218,2.753617
0.144702619812791,2.753249
0.14474376357730984,2.753374
0.1447849073418287,2.753243
0.14482605110634753,2.753314
0.1448671948708664,2.753336
0.14490833863538524,2.753544
0.1449494823999041,2.753041
0.14499062616442293,2.752983
0.1450317699289418,2.752913
0.14507291369346065,2.75281
0.14511405745797948,2.752829
0.14515520122249834,2.752997
0.1451963449870172,2.752819
0.14523748875153603,2.752774
0.14527863251605488,2.75285
0.14531977628057374,2.752715
0.14536092004509257,2.752529
0.14540206380961143,2.752629
0.14544320757413026,2.752418
0.14548435133864912,2.752744
0.14552549510316798,2.752541
0.1455666388676868,2.75256
0.1456077826322057,2.752705
0.14564892639672453,2.752948
0.14569007016124336,2.753149
0.14573121392576222,2.753085
0.14577235769028105,2.752935
0.14581350145479993,2.752639
0.14585464521931876,2.752817
0.14589578898383762,2.752786
0.14593693274835645,2.75278
0.1459780765128753,2.752875
0.14601922027739417,2.752829
0.146060364041913,2.752855
0.14610150780643189,2.753049
0.14614265157095072,2.753149
0.14618379533546957,2.752993
0.14622493909998838,2.75294
0.14626608286450724,2.752724
0.14630722662902612,2.752899
0.14634837039354492,2.752892
0.1463895141580638,2.752661
0.1464306579225826,2.752638
0.1464718016871015,2.752616
0.14651294545162036,2.752586
0.14655408921613916,2.752083
0.14659523298065805,2.752475
0.1466363767451769,2.752592
0.14667752050969574,2.752724
0.14671866427421457,2.752626
0.14675980803873345,2.752691
0.14680095180325228,2.752594
0.1468420955677711,2.75274
0.14688323933228997,2.752739
0.1469243830968088,2.752579
0.1469655268613277,2.752442
0.14700667062584652,2.752481
0.1470478143903654,2.752806
0.14708895815488424,2.753006
0.14713010191940304,2.752785
0.14717124568392193,2.752723
0.14721238944844076,2.752671
0.14725353321295961,2.752434
0.14729467697747847,2.752654
0.1473358207419973,2.752674
0.14737696450651616,2.752778
0.14741810827103502,2.752687
0.14745925203555385,2.75254
0.1475003958000727,2.752573
0.14754153956459154,2.752873
0.1475826833291104,2.752862
0.14762382709362926,2.752749
0.1476649708581481,2.752581
0.14770611462266695,2.752294
0.1477472583871858,2.752509
0.14778840215170463,2.752725
0.1478295459162235,2.752559
0.14787068968074232,2.752537
0.1479118334452612,2.752593
0.14795297720978004,2.752383
0.14799412097429887,2.75245
0.14803526473881773,2.75242
0.1480764085033366,2.752262
0.14811755226785545,2.752226
0.14815869603237428,2.752463
0.14819983979689316,2.752467
0.148240983561412,2.7525
0.14828212732593082,2.752671
0.14832327109044968,2.752331
0.1483644148549685,2.752674
0.1484055586194874,2.752617
0.14844670238400623,2.751991
0.1484878461485251,2.752391
0.14852898991304395,2.752569
0.14857013367756275,2.752784
0.14861127744208164,2.752807
0.14865242120660047,2.752988
0.14869356497111932,2.752814
0.14873470873563818,2.753069
0.14877585250015704,2.753029
0.14881699626467587,2.752795
0.1488581400291947,2.753004
0.14889928379371356,2.753127
0.14894042755823242,2.753131
0.14898157132275128,2.753157
0.1490227150872701,2.753075
0.149063858851789,2.753031
0.1491050026163078,2.752829
0.14914614638082668,2.75292
0.1491872901453455,2.752468
0.14922843390986434,2.753031
0.14926957767438323,2.753192
0.14931072143890203,2.752918
0.14935186520342092,2.752676
0.14939300896793975,2.75288
0.1494341527324586,2.752805
0.14947529649697747,2.753052
0.1495164402614963,2.752704
0.14955758402601516,2.75234
0.14959872779053401,2.752448
0.14963987155505287,2.752551
0.1496810153195717,2.752722
0.14972215908409056,2.752575
0.1497633028486094,2.752799
0.14980444661312825,2.752649
0.1498455903776471,2.752565
0.14988673414216594,2.752743
0.1499278779066848,2.752648
0.14996902167120363,2.752668
0.1500101654357225,2.752753
0.15005130920024135,2.752754
0.15009245296476018,2.752702
0.15013359672927903,2.75276
0.1501747404937979,2.752938
0.15021588425831672,2.752982
0.15025702802283558,2.752932
0.15029817178735444,2.752743
0.15033931555187327,2.752549
0.15038045931639213,2.752641
0.150421603080911,2.752792
0.15046274684542982,2.753246
0.1505038906099487,2.752837
0.1505450343744675,2.752685
0.1505861781389864,2.752677
0.15062732190350522,2.752315
0.15066846566802405,2.752251
0.15070960943254294,2.752221
0.15075075319706172,2.752328
0.15079189696158063,2.752455
0.15083304072609946,2.75273
0.15087418449061832,2.752431
0.15091532825513718,2.752404
0.150956472019656,2.752535
0.15099761578417487,2.75252
0.15103875954869367,2.752387
0.15107990331321258,2.752209
0.1511210470777314,2.752247
0.15116219084225027,2.752444
0.1512033346067691,2.752777
0.15124447837128796,2.752834
0.15128562213580682,2.752706
0.15132676590032565,2.752441
0.1513679096648445,2.75239
0.1514090534293633,2.752184
0.1514501971938822,2.751765
0.15149134095840106,2.751957
0.15153248472291986,2.752168
0.15157362848743874,2.752218
0.1516147722519576,2.752336
0.1516559160164764,2.752371
0.1516970597809953,2.752319
0.15173820354551415,2.752506
0.15177934731003295,2.752576
0.15182049107455184,2.752194
0.15186163483907064,2.752446
0.1519027786035895,2.752358
0.1519439223681084,2.752229
0.1519850661326272,2.752365
0.1520262098971461,2.752251
0.15206735366166493,2.752393
0.15210849742618374,2.752408
0.15214964119070265,2.752277
0.15219078495522143,2.752146
0.15223192871974034,2.752378
0.15227307248425914,2.75252
0.152314216248778,2.75239
0.1523553600132969,2.752532
0.1523965037778157,2.752527
0.15243764754233455,2.752417
0.15247879130685338,2.752232
0.15251993507137224,2.752687
0.1525610788358911,2.752264
0.15260222260040998,2.752276
0.15264336636492878,2.752686
0.15268451012944761,2.752563
0.15272565389396653,2.752756
0.15276679765848533,2.752748
0.1528079414230042,2.752598
0.15284908518752302,2.752644
0.15289022895204188,2.752692
0.15293137271656074,2.752372
0.15297251648107957,2.752324
0.15301366024559843,2.752531
0.15305480401011728,2.75247
0.15309594777463612,2.752488
0.15313709153915497,2.752462
0.15317823530367383,2.752749
0.15321937906819266,2.752924
0.15326052283271152,2.75276
0.15330166659723035,2.752656
0.1533428103617492,2.752458
0.15338395412626807,2.75262
0.1534250978907869,2.753013
0.1534662416553058,2.752755
0.15350738541982462,2.752753
0.15354852918434347,2.752664
0.1535896729488623,2.752531
0.15363081671338114,2.75251
0.15367196047790002,2.752709
0.15371310424241885,2.752434
0.1537542480069377,2.75243
0.15379539177145657,2.752527
0.15383653553597543,2.752781
0.15387767930049426,2.752877
0.1539188230650131,2.752702
0.15395996682953195,2.752972
0.1540011105940508,2.75283
0.15404225435856966,2.752665
0.1540833981230885,2.752801
0.15412454188760735,2.752678
0.1541656856521262,2.752836
0.15420682941664504,2.752864
0.1542479731811639,2.752734
0.15428911694568273,2.752792
0.1543302607102016,2.752901
0.15437140447472045,2.752843
0.15441254823923928,2.752653
0.15445369200375814,2.752671
0.154494835768277,2.752908
0.15453597953279583,2.752761
0.15457712329731468,2.75289
0.15461826706183354,2.752898
0.15465941082635237,2.752812
0.15470055459087126,2.753091
0.15474169835539006,2.753099
0.15478284211990892,2.752947
0.15482398588442778,2.752498
0.1548651296489466,2.752553
0.1549062734134655,2.752577
0.1549474171779843,2.75256
0.15498856094250318,2.752243
0.15502970470702201,2.752418
0.15507084847154085,2.75254
0.15511199223605973,2.752725
0.15515313600057856,2.752737
0.15519427976509742,2.752548
0.15523542352961625,2.75279
0.15527656729413514,2.752517
0.15531771105865397,2.752805
0.1553588548231728,2.752631
0.15539999858769166,2.752602
0.15544114235221052,2.752554
0.15548228611672937,2.752766
0.1555234298812482,2.752794
0.15556457364576706,2.752765
0.15560571741028592,2.752509
0.15564686117480475,2.752533
0.1556880049393236,2.75266
0.15572914870384244,2.752901
0.1557702924683613,2.752975
0.15581143623288016,2.753118
0.155852579997399,2.753101
0.15589372376191785,2.752997
0.1559348675264367,2.752919
0.15597601129095554,2.752922
0.1560171550554744,2.752855
0.15605829881999325,2.752464
0.15609944258451208,2.752413
0.15614058634903094,2.752625
0.15618173011354977,2.752903
0.15622287387806863,2.752738
0.1562640176425875,2.752493
0.15630516140710632,2.75235
0.1563463051716252,2.752497
0.156387448936144,2.752602
0.1564285927006629,2.752305
0.15646973646518172,2.752363
0.15651088022970056,2.752536
0.15655202399421944,2.752615
0.15659316775873827,2.752691
0.15663431152325713,2.752454
0.15667545528777596,2.752415
0.15671659905229485,2.752251
0.15675774281681368,2.752529
0.1567988865813325,2.752695
0.15684003034585137,2.752523
0.1568811741103702,2.752609
0.15692231787488908,2.752635
0.15696346163940791,2.752576
0.15700460540392677,2.752543
0.15704574916844563,2.752543
0.15708689293296446,2.751973
0.15712803669748332,2.752673
0.15716918046200215,2.752759
0.157210324226521,2.752731
0.15725146799103987,2.752628
0.1572926117555587,2.752613
0.15733375552007756,2.752475
0.15737489928459641,2.75251
0.15741604304911525,2.752748
0.1574571868136341,2.752725
0.15749833057815293,2.752871
0.1575394743426718,2.75286
0.15758061810719065,2.752656
0.15762176187170948,2.752705
0.15766290563622834,2.752669
0.1577040494007472,2.752418
0.15774519316526603,2.752499
0.1577863369297849,2.752607
0.15782748069430372,2.752472
0.1578686244588226,2.752536
0.15790976822334143,2.752506
0.1579509119878603,2.752636
0.15799205575237915,2.752846
0.15803319951689798,2.752741
0.15807434328141684,2.752569
0.15811548704593567,2.752604
0.15815663081045456,2.752378
0.1581977745749734,2.752242
0.15823891833949225,2.752552
0.15828006210401108,2.752654
0.1583212058685299,2.752406
0.1583623496330488,2.752494
0.15840349339756762,2.752631
0.15844463716208648,2.752551
0.15848578092660534,2.752625
0.15852692469112417,2.752648
0.15856806845564303,2.752371
0.15860921222016186,2.752398
0.15865035598468072,2.752518
0.15869149974919958,2.752564
0.1587326435137184,2.752853
0.15877378727823727,2.75306
0.15881493104275612,2.752971
0.15885607480727496,2.752901
0.1588972185717938,2.75284
0.15893836233631264,2.752795
0.1589795061008315,2.752665
0.15902064986535036,2.752795
0.1590617936298692,2.752816
0.15910293739438808,2.752795
0.1591440811589069,2.752846
0.15918522492342574,2.753025
0.1592263686879446,2.753083
0.15926751245246343,2.752955
0.15930865621698231,2.753015
0.15934979998150114,2.752976
0.15939094374602,2.753374
0.15943208751053883,2.753269
0.1594732312750577,2.753324
0.15951437503957655,2.75282
0.15955551880409538,2.752588
0.15959666256861427,2.752611
0.1596378063331331,2.752891
0.15967895009765196,2.752979
0.1597200938621708,2.752912
0.15976123762668962,2.752918
0.1598023813912085,2.752959
0.15984352515572733,2.753152
0.1598846689202462,2.753017
0.15992581268476502,2.753099
0.15996695644928388,2.752807
0.16000810021380274,2.752981
0.16004924397832157,2.752706
0.16009038774284043,2.752693
0.1601315315073593,2.752779
0.16017267527187812,2.752924
0.16021381903639698,2.75304
0.16025496280091583,2.753075
0.16029610656543467,2.752795
0.16033725032995352,2.752791
0.16037839409447235,2.752897
0.1604195378589912,2.753043
0.16046068162351007,2.752614
0.1605018253880289,2.752863
0.1605429691525478,2.753106
0.16058411291706662,2.753307
0.16062525668158545,2.753245
0.1606664004461043,2.752924
0.16070754421062314,2.753309
0.16074868797514202,2.753318
0.16078983173966085,2.753662
0.1608309755041797,2.753126
0.16087211926869854,2.753203
0.1609132630332174,2.753053
0.16095440679773626,2.753237
0.1609955505622551,2.753319
0.16103669432677398,2.753176
0.16107783809129278,2.753125
0.16111898185581167,2.753166
0.1611601256203305,2.753183
0.16120126938484933,2.753043
0.1612424131493682,2.753016
0.16128355691388704,2.752964
0.1613247006784059,2.753083
0.16136584444292473,2.752996
0.1614069882074436,2.753064
0.16144813197196245,2.75307
0.16148927573648128,2.753219
0.16153041950100014,2.752891
0.161571563265519,2.752826
0.16161270703003783,2.752757
0.16165385079455669,2.753033
0.16169499455907554,2.753031
0.16173613832359438,2.753247
0.16177728208811323,2.753052
0.16181842585263206,2.752971
0.16185956961715092,2.752822
0.16190071338166978,2.7528
0.1619418571461886,2.752751
0.16198300091070747,2.752593
0.16202414467522633,2.753057
0.1620652884397452,2.752988
0.16210643220426402,2.753015
0.16214757596878282,2.752925
0.16218871973330173,2.752875
0.16222986349782056,2.753013
0.16227100726233942,2.753095
0.16231215102685825,2.753019
0.16235329479137714,2.752876
0.16239443855589597,2.753117
0.1624355823204148,2.753186
0.16247672608493366,2.753031
0.16251786984945246,2.753091
0.16255901361397138,2.753055
0.1626001573784902,2.752944
0.16264130114300906,2.752773
0.16268244490752792,2.752933
0.1627235886720467,2.752772
0.1627647324365656,2.753221
0.16280587620108442,2.753264
0.1628470199656033,2.752859
0.16288816373012216,2.752989
0.16292930749464096,2.753233
0.16297045125915985,2.752916
0.1630115950236787,2.753203
0.1630527387881975,2.753137
0.1630938825527164,2.752573
0.16313502631723525,2.753018
0.16317617008175406,2.753021
0.16321731384627294,2.75316
0.16325845761079175,2.753249
0.1632996013753106,2.753307
0.1633407451398295,2.753313
0.1633818889043483,2.753268
0.16342303266886715,2.753428
0.16346417643338604,2.7532
0.1635053201979049,2.753258
0.1635464639624237,2.753405
0.16358760772694253,2.753459
0.1636287514914614,2.753524
0.16366989525598025,2.753706
0.16371103902049913,2.753606
0.16375218278501794,2.753587
0.16379332654953685,2.753666
0.16383447031405568,2.753305
0.16387561407857448,2.753368
0.16391675784309334,2.753307
0.16395790160761217,2.753534
0.16399904537213109,2.753539
0.1640401891366499,2.753587
0.16408133290116877,2.753451
0.16412247666568763,2.753423
0.1641636204302064,2.75337
0.16420476419472532,2.753222
0.16424590795924413,2.75302
0.16428705172376298,2.753216
0.16432819548828184,2.753201
0.16436933925280067,2.753525
0.16441048301731953,2.753497
0.16445162678183836,2.753439
0.16449277054635722,2.753436
0.16453391431087608,2.753709
0.16457505807539494,2.753655
0.16461620183991377,2.753414
0.16465734560443263,2.753691
0.16469848936895146,2.754004
0.16473963313347031,2.753779
0.16478077689798917,2.753484
0.164821920662508,2.753502
0.16486306442702686,2.753557
0.1649042081915457,2.753661
0.16494535195606458,2.753613
0.1649864957205834,2.753446
0.16502763948510224,2.753277
0.1650687832496211,2.753358
0.16510992701413996,2.753241
0.16515107077865882,2.753356
0.16519221454317765,2.753332
0.16523335830769656,2.753697
0.16527450207221533,2.753906
0.1653156458367342,2.75352
0.16535678960125305,2.753037
0.16539793336577188,2.753245
0.16543907713029077,2.753331
0.1654802208948096,2.75321
0.16552136465932846,2.753052
0.16556250842384732,2.753145
0.16560365218836612,2.753044
0.165644795952885,2.753168
0.16568593971740384,2.752946
0.1657270834819227,2.752681
0.16576822724644155,2.753135
0.16580937101096038,2.753227
0.16585051477547924,2.753416
0.16589165853999807,2.753622
0.16593280230451693,2.753782
0.1659739460690358,2.753692
0.16601508983355465,2.753548
0.16605623359807348,2.753852
0.16609737736259234,2.753669
0.16613852112711117,2.753787
0.16617966489163002,2.753676
0.16622080865614888,2.753608
0.1662619524206677,2.753338
0.16630309618518657,2.753279
0.1663442399497054,2.753488
0.1663853837142243,2.753141
0.16642652747874312,2.753201
0.16646767124326198,2.752866
0.1665088150077808,2.753148
0.16654995877229967,2.753273
0.16659110253681852,2.753057
0.16663224630133736,2.753546
0.16667339006585624,2.753498
0.16671453383037504,2.753531
0.16675567759489393,2.753036
0.16679682135941276,2.753449
0.1668379651239316,2.753044
0.16687910888845048,2.753163
0.16692025265296928,2.75315
0.16696139641748817,2.753326
0.16700254018200703,2.753296
0.16704368394652586,2.753284
0.16708482771104471,2.753432
0.16712597147556355,2.753602
0.1671671152400824,2.75371
0.16720825900460126,2.753753
0.1672494027691201,2.753706
0.16729054653363895,2.753404
0.1673316902981578,2.753465
0.16737283406267664,2.753536
0.1674139778271955,2.753578
0.16745512159171433,2.753437
0.1674962653562332,2.753657
0.16753740912075205,2.75353
0.16757855288527088,2.753481
0.16761969664978973,2.75317
0.1676608404143086,2.753446
0.16770198417882742,2.753329
0.16774312794334628,2.753354
0.1677842717078651,2.753354
0.167825415472384,2.753284
0.16786655923690283,2.753378
0.1679077030014217,2.753489
0.16794884676594052,2.753354
0.16798999053045938,2.753125
0.16803113429497823,2.753609
0.16807227805949707,2.753566
0.16811342182401595,2.753714
0.16815456558853475,2.753568
0.16819570935305364,2.753672
0.16823685311757247,2.753623
0.1682779968820913,2.753692
0.1683191406466102,2.753781
0.168360284411129,2.753574
0.16840142817564788,2.753472
0.1684425719401667,2.753766
0.16848371570468557,2.754029
0.16852485946920442,2.753985
0.16856600323372323,2.754081
0.1686071469982421,2.754073
0.16864829076276094,2.753857
0.1686894345272798,2.753497
0.16873057829179866,2.753402
0.16877172205631752,2.753799
0.16881286582083635,2.753822
0.1688540095853552,2.753632
0.16889515334987404,2.753583
0.1689362971143929,2.75363
0.16897744087891176,2.753422
0.16901858464343059,2.753555
0.16905972840794944,2.753758
0.1691008721724683,2.753477
0.16914201593698713,2.753914
0.169183159701506,2.75428
0.16922430346602482,2.754113
0.16926544723054368,2.754314
0.16930659099506254,2.754721
0.1693477347595814,2.754585
0.16938887852410023,2.754112
0.1694300222886191,2.753702
0.16947116605313792,2.753539
0.16951230981765678,2.7534
0.16955345358217566,2.753816
0.16959459734669446,2.75389
0.16963574111121335,2.75366
0.16967688487573218,2.753649
0.169718028640251,2.753674
0.1697591724047699,2.753654
0.1698003161692887,2.753891
0.1698414599338076,2.753517
0.16988260369832642,2.753783
0.16992374746284528,2.75375
0.16996489122736413,2.753853
0.17000603499188294,2.753917
0.17004717875640182,2.754328
0.17008832252092065,2.754264
0.1701294662854395,2.754138
0.17017061004995837,2.754081
0.17021175381447723,2.753996
0.17025289757899606,2.754539
0.1702940413435149,2.754297
0.17033518510803375,2.754022
0.1703763288725526,2.754074
0.17041747263707147,2.75397
0.1704586164015903,2.75405
0.17049976016610915,2.754133
0.170540903930628,2.754379
0.17058204769514684,2.754065
0.1706231914596657,2.753824
0.17066433522418453,2.753737
0.1707054789887034,2.753703
0.17074662275322225,2.753904
0.1707877665177411,2.753798
0.17082891028225994,2.753955
0.17087005404677882,2.75391
0.17091119781129763,2.754282
0.17095234157581649,2.754303
0.17099348534033534,2.754008
0.17103462910485417,2.75406
0.17107577286937306,2.753942
0.17111691663389186,2.753883
0.17115806039841075,2.753988
0.1711992041629296,2.753709
0.1712403479274484,2.753718
0.1712814916919673,2.753731
0.17132263545648613,2.753408
0.17136377922100499,2.753218
0.17140492298552384,2.753576
0.17144606675004267,2.753487
0.17148721051456153,2.753409
0.17152835427908036,2.753754
0.17156949804359922,2.753683
0.17161064180811808,2.753694
0.17165178557263694,2.75364
0.17169292933715577,2.753841
0.17173407310167463,2.753539
0.17177521686619346,2.753834
0.17181636063071232,2.753732
0.17185750439523118,2.753654
0.17189864815975,2.753622
0.17193979192426886,2.753664
0.17198093568878772,2.753785
0.17202207945330658,2.753839
0.1720632232178254,2.753894
0.17210436698234424,2.753709
0.1721455107468631,2.753886
0.17218665451138196,2.753943
0.17222779827590082,2.753816
0.17226894204041965,2.754033
0.17231008580493853,2.753988
0.17235122956945734,2.754042
0.1723923733339762,2.753985
0.17243351709849505,2.75382
0.17247466086301388,2.753759
0.17251580462753277,2.753735
0.17255694839205157,2.753959
0.17259809215657046,2.753635
0.1726392359210893,2.753692
0.17268037968560812,2.753789
0.172721523450127,2.754003
0.17276266721464578,2.754061
0.1728038109791647,2.753929
0.17284495474368355,2.754036
0.17288609850820238,2.754066
0.17292724227272124,2.754165
0.17296838603724007,2.754
0.17300952980175893,2.754103
0.1730506735662778,2.754159
0.17309181733079665,2.754105
0.17313296109531548,2.754019
0.17317410485983434,2.754052
0.17321524862435317,2.753664
0.17325639238887203,2.753541
0.17329753615339089,2.753683
0.17333867991790972,2.75374
0.17337982368242857,2.753494
0.17342096744694743,2.753788
0.17346211121146626,2.753518
0.17350325497598512,2.753927
0.17354439874050392,2.753907
0.1735855425050228,2.753678
0.17362668626954167,2.753461
0.17366783003406053,2.753615
0.17370897379857936,2.753658
0.17375011756309824,2.753487
0.17379126132761702,2.753386
0.1738324050921359,2.75321
0.17387354885665476,2.753301
0.17391469262117357,2.753438
0.17395583638569248,2.753428
0.17399698015021126,2.753213
0.17403812391473017,2.753459
0.174079267679249,2.753522
0.1741204114437678,2.753422
0.17416155520828672,2.753309
0.1742026989728055,2.753149
0.1742438427373244,2.753158
0.1742849865018432,2.753216
0.1743261302663621,2.752983
0.17436727403088095,2.752751
0.17440841779539976,2.753364
0.17444956155991864,2.753332
0.1744907053244375,2.753365
0.17453184908895636,2.753468
0.1745729928534752,2.753394
0.17461413661799405,2.753405
0.17465528038251285,2.753258
0.1746964241470317,2.75356
0.1747375679115506,2.753436
0.1747787116760694,2.753804
0.17481985544058826,2.753808
0.1748609992051071,2.75366
0.17490214296962595,2.753563
0.1749432867341448,2.75362
0.17498443049866363,2.753451
0.1750255742631825,2.753222
0.17506671802770135,2.753245
0.17510786179222018,2.75338
0.17514900555673904,2.753431
0.1751901493212579,2.753556
0.17523129308577673,2.753258
0.17527243685029564,2.753226
0.17531358061481445,2.753156
0.17535472437933328,2.753255
0.1753958681438522,2.75315
0.17543701190837097,2.753324
0.17547815567288988,2.752965
0.17551929943740868,2.753122
0.17556044320192754,2.753408
0.17560158696644643,2.753284
0.1756427307309652,2.753221
0.1756838744954841,2.753163
0.17572501826000292,2.752882
0.17576616202452178,2.75294
0.17580730578904064,2.752837
0.17584844955355952,2.752671
0.17588959331807832,2.753003
0.17593073708259716,2.752942
0.17597188084711607,2.752963
0.17601302461163487,2.753119
0.17605416837615373,2.753014
0.17609531214067256,2.753159
0.17613645590519142,2.753212
0.17617759966971028,2.752902
0.1762187434342291,2.752525
0.17625988719874797,2.752538
0.1763010309632668,2.752549
0.17634217472778566,2.752641
0.1763833184923045,2.752488
0.17642446225682337,2.752361
0.1764656060213422,2.752719
0.17650674978586106,2.752634
0.1765478935503799,2.752853
0.17658903731489875,2.752562
0.1766301810794176,2.752402
0.17667132484393644,2.752681
0.17671246860845533,2.752553
0.17675361237297413,2.752742
0.176794756137493,2.752768
0.17683589990201184,2.75264
0.17687704366653068,2.753101
0.17691818743104956,2.75287
0.1769593311955684,2.752707
0.17700047496008725,2.752238
0.1770416187246061,2.752355
0.1770827624891249,2.75259
0.1771239062536438,2.752663
0.17716505001816263,2.752652
0.1772061937826815,2.752554
0.17724733754720035,2.752516
0.1772884813117192,2.752594
0.17732962507623803,2.752524
0.17737076884075687,2.752189
0.17741191260527572,2.752394
0.17745305636979458,2.752349
0.17749420013431344,2.752256
0.17753534389883227,2.752536
0.17757648766335113,2.752768
0.17761763142787,2.752873
0.17765877519238882,2.752711
0.17769991895690768,2.752736
0.1777410627214265,2.752244
0.17778220648594537,2.752672
0.17782335025046422,2.752578
0.17786449401498308,2.752437
0.1779056377795019,2.752453
0.17794678154402077,2.75238
0.1779879253085396,2.752759
0.17802906907305846,2.752595
0.17807021283757732,2.752629
0.17811135660209615,2.752328
0.17815250036661504,2.75225
0.17819364413113384,2.752306
0.1782347878956527,2.75246
0.17827593166017155,2.752338
0.17831707542469039,2.752332
0.17835821918920927,2.752406
0.1783993629537281,2.752706
0.17844050671824696,2.75253
0.1784816504827658,2.752226
0.17852279424728462,2.752621
0.1785639380118035,2.7525
0.17860508177632234,2.752681
0.1786462255408412,2.752494
0.17868736930536006,2.752531
0.1787285130698789,2.752636
0.17876965683439774,2.752602
0.17881080059891657,2.752594
0.17885194436343543,2.752667
0.1788930881279543,2.752696
0.17893423189247315,2.752646
0.17897537565699198,2.752666
0.17901651942151084,2.752773
0.1790576631860297,2.752881
0.17909880695054853,2.752771
0.1791399507150674,2.752613
0.17918109447958622,2.752785
0.17922223824410508,2.752382
0.17926338200862393,2.752457
0.17930452577314276,2.752442
0.17934566953766162,2.752338
0.17938681330218048,2.752823
0.1794279570666993,2.75274
0.17946910083121817,2.752786
0.17951024459573703,2.752465
0.17955138836025586,2.752385
0.17959253212477475,2.75244
0.17963367588929355,2.752413
0.17967481965381243,2.752706
0.17971596341833126,2.752858
0.1797571071828501,2.752695
0.17979825094736898,2.75256
0.17983939471188778,2.752373
0.17988053847640667,2.752708
0.1799216822409255,2.752701
0.17996282600544436,2.752684
0.18000396976996322,2.752495
0.18004511353448205,2.752838
0.1800862572990009,2.752647
0.18012740106351974,2.752696
0.18016854482803862,2.752828
0.18020968859255745,2.752774
0.1802508323570763,2.75288
0.18029197612159514,2.75282
0.180333119886114,2.752656
0.18037426365063286,2.752685
0.1804154074151517,2.752927
0.18045655117967055,2.75274
0.1804976949441894,2.752754
0.18053883870870824,2.752784
0.1805799824732271,2.752701
0.18062112623774593,2.75265
0.18066227000226479,2.752637
0.18070341376678364,2.75256
0.18074455753130247,2.752577
0.18078570129582133,2.752599
0.1808268450603402,2.752631
0.18086798882485902,2.752903
0.18090913258937788,2.752659
0.18095027635389674,2.752605
0.18099142011841557,2.752618
0.18103256388293443,2.752842
0.18107370764745326,2.752955
0.18111485141197214,2.752707
0.18115599517649097,2.752935
0.1811971389410098,2.753011
0.1812382827055287,2.752884
0.1812794264700475,2.752821
0.18132057023456638,2.752851
0.1813617139990852,2.753154
0.18140285776360407,2.753031
0.18144400152812293,2.753067
0.18148514529264176,2.752961
0.18152628905716062,2.752918
0.18156743282167945,2.753104
0.18160857658619833,2.75296
0.18164972035071716,2.752871
0.18169086411523602,2.752858
0.18173200787975485,2.75287
0.18177315164427368,2.752928
0.18181429540879257,2.753313
0.1818554391733114,2.753183
0.18189658293783026,2.752966
0.18193772670234912,2.753223
0.18197887046686795,2.753423
0.1820200142313868,2.753409
0.18206115799590564,2.753382
0.1821023017604245,2.753674
0.18214344552494335,2.753679
0.18218458928946218,2.753273
0.18222573305398104,2.753375
0.1822668768184999,2.753389
0.18230802058301873,2.753728
0.1823491643475376,2.753538
0.18239030811205642,2.75348
0.18243145187657528,2.753299
0.18247259564109414,2.753566
0.18251373940561297,2.75354
0.18255488317013185,2.753241
0.18259602693465068,2.753172
0.18263717069916952,2.753142
0.18267831446368837,2.753054
0.1827194582282072,2.753364
0.1827606019927261,2.753251
0.18280174575724492,2.753405
0.18284288952176378,2.753349
0.18288403328628264,2.753429
0.18292517705080147,2.753249
0.18296632081532033,2.753233
0.18300746457983916,2.75312
0.18304860834435804,2.753312
0.18308975210887687,2.75343
0.18313089587339573,2.753483
0.18317203963791456,2.753392
0.1832131834024334,2.753905
0.18325432716695228,2.753522
0.1832954709314711,2.75341
0.18333661469598997,2.753604
0.18337775846050883,2.753408
0.18341890222502766,2.753714
0.18346004598954652,2.753873
0.18350118975406535,2.753666
0.1835423335185842,2.753688
0.18358347728310306,2.753796
0.1836246210476219,2.754056
0.18366576481214075,2.753931
0.1837069085766596,2.753776
0.18374805234117844,2.753555
0.18378919610569733,2.754018
0.18383033987021613,2.754059
0.183871483634735,2.75379
0.18391262739925385,2.753808
0.18395377116377268,2.753886
0.18399491492829156,2.753923
0.1840360586928104,2.754118
0.18407720245732925,2.754164
0.18411834622184808,2.75404
0.1841594899863669,2.754119
0.1842006337508858,2.753822
0.18424177751540463,2.754098
0.1842829212799235,2.753995
0.18432406504444232,2.754078
0.1843652088089612,2.754084
0.18440635257348004,2.753892
0.18444749633799887,2.753768
0.18448864010251775,2.753788
0.18452978386703658,2.753584
0.18457092763155544,2.753459
0.18461207139607427,2.753793
0.18465321516059313,2.753999
0.184694358925112,2.754017
0.18473550268963082,2.754174
0.18477664645414968,2.75403
0.1848177902186685,2.754167
0.18485893398318737,2.753701
0.18490007774770623,2.754025
0.18494122151222506,2.754163
0.18498236527674392,2.754124
0.18502350904126277,2.754096
0.1850646528057816,2.753957
0.18510579657030046,2.754002
0.18514694033481932,2.753704
0.18518808409933812,2.753768
0.185229227863857,2.753841
0.1852703716283758,2.75374
0.18531151539289467,2.7539
0.18535265915741356,2.754187
0.18539380292193236,2.754192
0.18543494668645127,2.754165
0.1854760904509701,2.753853
0.18551723421548896,2.754071
0.18555837798000777,2.754176
0.1855995217445266,2.754152
0.1856406655090455,2.754101
0.1856818092735643,2.754013
0.1857229530380832,2.753821
0.185764096802602,2.753695
0.18580524056712092,2.753925
0.18584638433163975,2.753646
0.18588752809615855,2.753695
0.18592867186067746,2.753699
0.18596981562519624,2.753661
0.18601095938971515,2.753378
0.18605210315423396,2.753857
0.18609324691875284,2.753851
0.1861343906832717,2.753821
0.1861755344477905,2.753674
0.1862166782123094,2.753799
0.1862578219768282,2.753735
0.18629896574134705,2.753821
0.18634010950586594,2.753723
0.18638125327038474,2.753453
0.1864223970349036,2.753925
0.18646354079942248,2.753835
0.1865046845639413,2.754003
0.18654582832846014,2.753905
0.18658697209297903,2.75383
0.18662811585749783,2.753939
0.1866692596220167,2.754036
0.18671040338653552,2.754109
0.18675154715105438,2.753951
0.18679269091557324,2.754198
0.18683383468009207,2.753972
0.18687497844461093,2.753946
0.1869161222091298,2.753836
0.18695726597364865,2.753941
0.18699840973816748,2.754175
0.1870395535026863,2.754224
0.1870806972672052,2.754425
0.18712184103172402,2.753811
0.18716298479624288,2.753905
0.1872041285607617,2.75431
0.18724527232528063,2.75468
0.18728641608979943,2.754375
0.18732755985431826,2.754386
0.18736870361883712,2.753912
0.18740984738335595,2.754013
0.18745099114787483,2.753886
0.18749213491239367,2.753682
0.18753327867691252,2.754261
0.18757442244143138,2.754348
0.18761556620595018,2.754245
0.18765670997046907,2.754087
0.1876978537349879,2.754231
0.18773899749950676,2.754306
0.18778014126402562,2.754444
0.18782128502854445,2.754054
0.1878624287930633,2.754135
0.18790357255758217,2.754102
0.187944716322101,2.754273
0.18798586008661985,2.754117
0.1880270038511387,2.754187
0.18806814761565754,2.754217
0.1881092913801764,2.754297
0.18815043514469523,2.753958
0.18819157890921412,2.754145
0.18823272267373295,2.754357
0.18827386643825178,2.754284
0.18831501020277064,2.754673
0.1883561539672895,2.754493
0.18839729773180836,2.754327
0.18843844149632719,2.754221
0.18847958526084607,2.753992
0.18852072902536487,2.753938
0.18856187278988373,2.754058
0.1886030165544026,2.754208
0.18864416031892142,2.75402
0.1886853040834403,2.75424
0.18872644784795914,2.754378
0.188767591612478,2.754279
0.18880873537699683,2.754147
0.18884987914151566,2.754159
0.18889102290603454,2.754099
0.18893216667055338,2.75444
0.18897331043507223,2.754492
0.1890144541995911,2.754002
0.18905559796410992,2.754482
0.18909674172862878,2.75425
0.1891378854931476,2.754489
0.18917902925766647,2.754267
0.18922017302218533,2.754548
0.18926131678670416,2.754483
0.18930246055122302,2.754507
0.18934360431574188,2.754486
0.1893847480802607,2.754267
0.18942589184477956,2.754675
0.18946703560929842,2.754672
0.18950817937381725,2.754506
0.1895493231383361,2.754413
0.18959046690285494,2.754509
0.18963161066737383,2.754348
0.18967275443189266,2.754451
0.1897138981964115,2.75468
0.18975504196093035,2.754546
0.18979618572544918,2.754676
0.18983732948996807,2.754684
0.1898784732544869,2.754779
0.18991961701900575,2.754629
0.18996076078352458,2.754394
0.19000190454804344,2.75426
0.1900430483125623,2.754315
0.19008419207708113,2.754629
0.19012533584160002,2.754528
0.19016647960611882,2.754249
0.1902076233706377,2.754624
0.19024876713515654,2.754777
0.19028991089967537,2.754747
0.19033105466419425,2.754651
0.19037219842871309,2.754691
0.19041334219323194,2.754405
0.1904544859577508,2.754709
0.19049562972226963,2.754653
0.1905367734867885,2.754839
0.19057791725130732,2.75501
0.19061906101582618,2.754871
0.19066020478034504,2.754418
0.19070134854486387,2.75456
0.19074249230938273,2.754234
0.19078363607390159,2.754668
0.19082477983842042,2.754502
0.19086592360293927,2.754306
0.19090706736745813,2.754165
0.19094821113197696,2.754197
0.19098935489649582,2.754342
0.19103049866101465,2.754611
0.19107164242553354,2.754443
0.19111278619005237,2.754303
0.1911539299545712,2.754384
0.19119507371909006,2.754403
0.1912362174836089,2.754167
0.19127736124812778,2.753807
0.1913185050126466,2.753857
0.19135964877716546,2.754069
0.1914007925416843,2.754009
0.19144193630620315,2.753987
0.191483080070722,2.754146
0.19152422383524084,2.75389
0.19156536759975973,2.75413
0.19160651136427853,2.754077
0.19164765512879742,2.753581
0.19168879889331625,2.753891
0.19172994265783508,2.754221
0.19177108642235396,2.754189
0.19181223018687277,2.753934
0.19185337395139165,2.753957
0.1918945177159105,2.753914
0.19193566148042934,2.75385
0.1919768052449482,2.753769
0.19201794900946703,2.753755
0.1920590927739859,2.753925
0.19210023653850475,2.753931
0.19214138030302358,2.753996
0.19218252406754244,2.75389
0.1922236678320613,2.754067
0.19226481159658013,2.753804
0.19230595536109898,2.753791
0.19234709912561782,2.753801
0.19238824289013667,2.753636
0.19242938665465553,2.753568
0.19247053041917436,2.75355
0.19251167418369322,2.753785
0.19255281794821208,2.75377
0.19259396171273094,2.754022
0.19263510547724977,2.754082
0.1926762492417686,2.753805
0.19271739300628749,2.753705
0.19275853677080632,2.753668
0.19279968053532517,2.754029
0.192840824299844,2.753747
0.1928819680643629,2.753651
0.19292311182888172,2.753696
0.19296425559340055,2.75378
0.19300539935791944,2.753626
0.19304654312243824,2.753392
0.19308768688695713,2.753314
0.19312883065147596,2.753079
0.19316997441599482,2.753195
0.19321111818051367,2.753435
0.19325226194503248,2.753399
0.19329340570955136,2.753571
0.1933345494740702,2.753733
0.19337569323858905,2.753801
0.1934168370031079,2.753566
0.19345798076762677,2.753618
0.1934991245321456,2.753528
0.19354026829666446,2.753741
0.1935814120611833,2.753989
0.19362255582570215,2.753708
0.193663699590221,2.753741
0.19370484335473984,2.753686
0.1937459871192587,2.753636
0.19378713088377753,2.753972
0.19382827464829638,2.753847
0.19386941841281524,2.753248
0.19391056217733407,2.753234
0.19395170594185293,2.753414
0.1939928497063718,2.753363
0.19403399347089065,2.753173
0.19407513723540948,2.7536
0.1941162809999283,2.753413
0.19415742476444717,2.753359
0.19419856852896603,2.753419
0.19423971229348488,2.753221
0.19428085605800371,2.753062
0.1943219998225226,2.7533
0.19436314358704143,2.753171
0.19440428735156026,2.753306
0.19444543111607915,2.753462
0.19448657488059795,2.753305
0.19452771864511684,2.753347
0.19456886240963567,2.753364
0.19461000617415453,2.753162
0.19465114993867338,2.752969
0.1946922937031922,2.753348
0.19473343746771107,2.753681
0.1947745812322299,2.753626
0.19481572499674876,2.753186
0.19485686876126762,2.753259
0.19489801252578645,2.753406
0.1949391562903053,2.753531
0.19498030005482414,2.753602
0.195021443819343,2.752834
0.19506258758386186,2.753392
0.19510373134838072,2.753572
0.19514487511289955,2.753554
0.1951860188774184,2.753509
0.19522716264193724,2.753605
0.1952683064064561,2.753287
0.19530945017097495,2.753133
0.19535059393549378,2.753143
0.19539173770001264,2.752819
0.1954328814645315,2.753268
0.19547402522905036,2.753219
0.1955151689935692,2.753035
0.195556312758088,2.753344
0.19559745652260688,2.753341
0.19563860028712574,2.753235
0.1956797440516446,2.753065
0.19572088781616342,2.753304
0.1957620315806823,2.753084
0.19580317534520109,2.753291
0.19584431910971997,2.753429
0.19588546287423883,2.753517
0.19592660663875763,2.753526
0.19596775040327655,2.753575
0.19600889416779538,2.753438
0.19605003793231424,2.753098
0.1960911816968331,2.753088
0.19613232546135187,2.753087
0.19617346922587078,2.753096
0.19621461299038961,2.75312
0.19625575675490847,2.753236
0.19629690051942733,2.75324
0.19633804428394616,2.753096
0.19637918804846502,2.753163
0.19642033181298382,2.753032
0.1964614755775027,2.752987
0.19650261934202157,2.752606
0.19654376310654043,2.752682
0.19658490687105926,2.752598
0.19662605063557811,2.752722
0.19666719440009692,2.752721
0.1967083381646158,2.752744
0.19674948192913466,2.75294
0.19679062569365346,2.753239
0.19683176945817235,2.753287
0.1968729132226912,2.752962
0.19691405698721007,2.752868
0.1969552007517289,2.752973
0.19699634451624778,2.752877
0.19703748828076656,2.752786
0.19707863204528542,2.753028
0.1971197758098043,2.75297
0.1971609195743231,2.752841
0.19720206333884202,2.752859
0.1972432071033608,2.752861
0.1972843508678797,2.753026
0.1973254946323985,2.753088
0.19736663839691734,2.752741
0.19740778216143626,2.752758
0.19744892592595503,2.75282
0.19749006969047395,2.752687
0.19753121345499275,2.752788
0.1975723572195116,2.752999
0.1976135009840305,2.753165
0.1976546447485493,2.752666
0.19769578851306815,2.752809
0.19773693227758704,2.752734
0.19777807604210584,2.752978
0.1978192198066247,2.752941
0.1978603635711436,2.752982
0.1979015073356624,2.752683
0.19794265110018125,2.752736
0.19798379486470014,2.752619
0.19802493862921894,2.752428
0.1980660823937378,2.752454
0.19810722615825663,2.75242
0.19814836992277549,2.752439
0.19818951368729434,2.752393
0.19823065745181317,2.752678
0.19827180121633203,2.75278
0.1983129449808509,2.752411
0.19835408874536972,2.752408
0.19839523250988858,2.752309
0.19843637627440744,2.752444
0.19847752003892627,2.752484
0.19851866380344513,2.752264
0.198559807567964,2.752325
0.19860095133248282,2.752343
0.19864209509700173,2.752297
0.1986832388615205,2.752345
0.1987243826260394,2.752397
0.19876552639055822,2.752301
0.19880667015507705,2.752401
0.19884781391959594,2.752569
0.19888895768411474,2.752096
0.19893010144863363,2.752254
0.19897124521315246,2.75209
0.19901238897767132,2.751772
0.19905353274219018,2.751906
0.19909467650670898,2.751999
0.19913582027122786,2.752155
0.1991769640357467,2.752138
0.19921810780026555,2.752266
0.1992592515647844,2.75209
0.19930039532930327,2.751943
0.1993415390938221,2.751826
0.19938268285834096,2.752329
0.19942382662285982,2.752372
0.19946497038737865,2.752253
0.1995061141518975,2.752006
0.19954725791641634,2.752277
0.1995884016809352,2.75221
0.19962954544545405,2.752291
0.19967068920997288,2.752368
0.19971183297449174,2.752362
0.19975297673901057,2.752611
0.19979412050352943,2.752687
0.1998352642680483,2.752592
0.19987640803256715,2.752239
0.19991755179708598,2.752176
0.19995869556160484,2.752374
0.19999983932612367,2.752238
0.20004098309064253,2.752205
0.20008212685516139,2.752293
0.20012327061968022,2.751979
0.2001644143841991,2.7521
0.20020555814871793,2.751814
0.20024670191323676,2.751793
0.20028784567775565,2.751675
0.20032898944227445,2.7519
0.20037013320679334,2.752105
0.20041127697131217,2.752272
0.20045242073583103,2.751999
0.20049356450034989,2.751797
0.2005347082648687,2.751657
0.20057585202938757,2.751857
0.2006169957939064,2.751953
0.20065813955842526,2.75142
0.20069928332294412,2.751735
0.20074042708746298,2.751714
0.2007815708519818,2.751357
0.20082271461650064,2.751485
0.20086385838101953,2.75154
0.20090500214553836,2.751591
0.20094614591005722,2.751695
0.20098728967457605,2.75162
0.2010284334390949,2.751188
0.20106957720361376,2.751481
0.20111072096813262,2.751292
0.20115186473265145,2.751127
0.20119300849717028,2.751127
0.20123415226168914,2.751484
0.201275296026208,2.751553
0.20131643979072686,2.751465
0.2013575835552457,2.751642
0.20139872731976458,2.75137
0.20143987108428338,2.751565
0.20148101484880224,2.751685
0.2015221586133211,2.751807
0.20156330237783993,2.751703
0.2016044461423588,2.751341
0.20164558990687761,2.751634
0.2016867336713965,2.751566
0.20172787743591533,2.751667
0.20176902120043416,2.7515
0.20181016496495305,2.751392
0.20185130872947188,2.751544
0.20189245249399074,2.751488
0.2019335962585096,2.751619
0.20197474002302845,2.751442
0.20201588378754728,2.751659
0.20205702755206612,2.751566
0.20209817131658497,2.751773
0.20213931508110383,2.751464
0.2021804588456227,2.751619
0.20222160261014152,2.751899
0.20226274637466038,2.751529
0.2023038901391792,2.751476
0.20234503390369807,2.751387
0.20238617766821693,2.751492
0.20242732143273576,2.751359
0.20246846519725462,2.751427
0.20250960896177347,2.751341
0.2025507527262923,2.751146
0.20259189649081116,2.751295
0.20263304025533,2.750985
0.20267418401984885,2.751035
0.2027153277843677,2.75138
0.20275647154888657,2.751194
0.2027976153134054,2.751378
0.20283875907792429,2.75137
0.2028799028424431,2.751126
0.20292104660696195,2.750993
0.2029621903714808,2.751155
0.20300333413599964,2.75109
0.20304447790051852,2.751193
0.20308562166503732,2.751472
0.2031267654295562,2.751294
0.20316790919407504,2.751247
0.20320905295859387,2.751095
0.20325019672311276,2.750983
0.2032913404876316,2.750934
0.20333248425215045,2.75122
0.20337362801666928,2.751225
0.20341477178118816,2.751298
0.203455915545707,2.751488
0.20349705931022583,2.751033
0.20353820307474468,2.75145
0.20357934683926354,2.751618
0.2036204906037824,2.751648
0.20366163436830123,2.751465
0.2037027781328201,2.751673
0.20374392189733892,2.75132
0.20378506566185778,2.751351
0.20382620942637664,2.751125
0.20386735319089547,2.751278
0.20390849695541433,2.751033
0.20394964071993318,2.751083
0.20399078448445201,2.751135
0.20403192824897087,2.750805
0.2040730720134897,2.751398
0.20411421577800856,2.751305
0.20415535954252742,2.751407
0.20419650330704625,2.751229
0.2042376470715651,2.750968
0.20427879083608397,2.751308
0.2043199346006028,2.751234
0.20436107836512166,2.75121
0.20440222212964052,2.751087
0.20444336589415935,2.751338
0.20448450965867823,2.751074
0.20452565342319703,2.751013
0.20456679718771592,2.751349
0.20460794095223475,2.751356
0.20464908471675358,2.75135
0.20469022848127247,2.751225
0.20473137224579127,2.751344
0.20477251601031016,2.750901
0.204813659774829,2.751037
0.20485480353934785,2.751228
0.2048959473038667,2.751252
0.20493709106838554,2.750972
0.2049782348329044,2.750805
0.20501937859742322,2.7509
0.2050605223619421,2.750877
0.20510166612646094,2.750801
0.2051428098909798,2.750763
0.20518395365549863,2.750847
0.2052250974200175,2.750923
0.20526624118453635,2.751024
0.20530738494905518,2.750618
0.20534852871357404,2.750687
0.2053896724780929,2.750695
0.20543081624261172,2.750715
0.20547196000713058,2.750468
0.20551310377164944,2.750477
0.20555424753616827,2.750647
0.20559539130068713,2.751038
0.20563653506520596,2.750867
0.20567767882972482,2.750781
0.20571882259424368,2.75127
0.2057599663587625,2.751483
0.2058011101232814,2.751504
0.20584225388780023,2.75123
0.20588339765231906,2.751232
0.20592454141683791,2.751188
0.20596568518135674,2.751416
0.20600682894587563,2.751602
0.20604797271039446,2.751449
0.20608911647491332,2.751523
0.20613026023943218,2.751405
0.20617140400395095,2.751514
0.20621254776846987,2.751452
0.2062536915329887,2.751418
0.20629483529750756,2.751192
0.20633597906202641,2.751485
0.20637712282654527,2.751274
0.2064182665910641,2.751162
0.20645941035558293,2.751379
0.20650055412010182,2.751712
0.20654169788462065,2.751604
0.2065828416491395,2.751538
0.20662398541365834,2.751598
0.2066651291781772,2.751503
0.20670627294269606,2.751529
0.2067474167072149,2.751575
0.20678856047173375,2.751532
0.2068297042362526,2.75165
0.20687084800077143,2.751821
0.2069119917652903,2.751311
0.20695313552980915,2.751387
0.20699427929432798,2.751351
0.20703542305884684,2.751027
0.20707656682336567,2.751235
0.20711771058788453,2.751152
0.2071588543524034,2.75113
0.20719999811692222,2.751098
0.2072411418814411,2.751511
0.20728228564595988,2.751707
0.20732342941047877,2.751682
0.20736457317499762,2.751509
0.20740571693951643,2.751403
0.20744686070403534,2.751536
0.20748800446855417,2.751335
0.20752914823307303,2.751453
0.20757029199759183,2.751684
0.20761143576211066,2.751619
0.20765257952662958,2.751613
0.20769372329114838,2.751418
0.20773486705566727,2.751427
0.20777601082018612,2.751253
0.20781715458470498,2.751603
0.2078582983492238,2.751526
0.20789944211374262,2.75148
0.20794058587826153,2.751613
0.20798172964278036,2.751706
0.20802287340729922,2.751695
0.20806401717181802,2.751755
0.2081051609363369,2.751595
0.20814630470085577,2.751318
0.20818744846537457,2.751247
0.20822859222989346,2.750972
0.20826973599441231,2.751329
0.20831087975893112,2.751552
0.20835202352345,2.751573
0.20839316728796886,2.751446
0.20843431105248766,2.751383
0.20847545481700655,2.751448
0.20851659858152535,2.751395
0.2085577423460442,2.75143
0.2085988861105631,2.751802
0.2086400298750819,2.75156
0.20868117363960081,2.751457
0.2087223174041196,2.751709
0.20876346116863845,2.751557
0.2088046049331573,2.751528
0.20884574869767614,2.751766
0.20888689246219505,2.751426
0.20892803622671385,2.751306
0.20896917999123274,2.751357
0.20901032375575154,2.751329
0.20905146752027037,2.751302
0.20909261128478926,2.751279
0.2091337550493081,2.75091
0.20917489881382695,2.751176
0.20921604257834578,2.751049
0.2092571863428647,2.751157
0.2092983301073835,2.750942
0.20933947387190233,2.7514
0.20938061763642124,2.751202
0.20942176140094004,2.751172
0.2094629051654589,2.751281
0.20950404892997773,2.751286
0.2095451926944966,2.751254
0.20958633645901545,2.751122
0.20962748022353428,2.75099
0.20966862398805314,2.751083
0.20970976775257197,2.751517
0.20975091151709083,2.751336
0.20979205528160969,2.751172
0.20983319904612852,2.751169
0.20987434281064737,2.75112
0.20991548657516623,2.751069
0.20995663033968506,2.751332
0.20999777410420392,2.751214
0.21003891786872278,2.750956
0.2100800616332416,2.751293
0.21012120539776052,2.751253
0.2101623491622793,2.75131
0.21020349292679819,2.751058
0.21024463669131702,2.751466
0.21028578045583585,2.751598
0.21032692422035473,2.75153
0.21036806798487356,2.751785
0.21040921174939242,2.751386
0.21045035551391125,2.751457
0.21049149927843017,2.751658
0.21053264304294897,2.751661
0.2105737868074678,2.751739
0.21061493057198666,2.751867
0.2106560743365055,2.751785
0.21069721810102437,2.751777
0.2107383618655432,2.75155
0.21077950563006206,2.75139
0.21082064939458092,2.751552
0.21086179315909973,2.751548
0.2109029369236186,2.751578
0.21094408068813744,2.751485
0.2109852244526563,2.751472
0.21102636821717516,2.7518
0.211067511981694,2.751613
0.21110865574621285,2.751331
0.21114979951073168,2.751386
0.21119094327525054,2.751378
0.2112320870397694,2.751585
0.21127323080428823,2.751533
0.21131437456880708,2.751466
0.21135551833332594,2.751461
0.21139666209784477,2.75132
0.21143780586236363,2.751039
0.2114789496268825,2.75125
0.21152009339140132,2.7511
0.21156123715592018,2.751125
0.211602380920439,2.751589
0.2116435246849579,2.751406
0.21168466844947673,2.751415
0.21172581221399556,2.751465
0.21176695597851444,2.751559
0.21180809974303327,2.751569
0.21184924350755213,2.751474
0.21189038727207096,2.751371
0.21193153103658985,2.751215
0.21197267480110868,2.751412
0.2120138185656275,2.751358
0.21205496233014637,2.751588
0.2120961060946652,2.751574
0.21213724985918408,2.751801
0.21217839362370292,2.751508
0.21221953738822177,2.751411
0.2122606811527406,2.751479
0.21230182491725944,2.750873
0.21234296868177832,2.751369
0.21238411244629715,2.751235
0.212425256210816,2.751131
0.21246639997533487,2.751329
0.2125075437398537,2.751691
0.21254868750437256,2.751382
0.2125898312688914,2.751579
0.21263097503341025,2.751237
0.2126721187979291,2.751112
0.21271326256244794,2.75139
0.2127544063269668,2.751408
0.21279555009148565,2.751376
0.21283669385600448,2.751235
0.21287783762052334,2.751321
0.2129189813850422,2.751377
0.21296012514956103,2.751297
0.2130012689140799,2.751281
0.21304241267859872,2.751227
0.2130835564431176,2.751446
0.21312470020763644,2.751118
0.21316584397215527,2.751399
0.21320698773667413,2.751628
0.21324813150119298,2.751206
0.21328927526571184,2.751342
0.21333041903023067,2.751062
0.21337156279474956,2.750984
0.2134127065592684,2.750875
0.21345385032378722,2.751127
0.21349499408830608,2.75126
0.2135361378528249,2.751184
0.2135772816173438,2.75144
0.21361842538186263,2.751527
0.21365956914638148,2.75165
0.21370071291090031,2.751617
0.21374185667541915,2.751422
0.21378300043993803,2.751285
0.21382414420445686,2.751136
0.21386528796897572,2.751173
0.21390643173349458,2.751016
0.2139475754980134,2.751117
0.21398871926253227,2.751111
0.21402986302705113,2.751166
0.21407100679156996,2.751405
0.21411215055608881,2.751356
0.21415329432060765,2.751127
0.2141944380851265,2.751172
0.21423558184964536,2.751327
0.2142767256141642,2.751208
0.21431786937868308,2.751499
0.2143590131432019,2.751033
0.21440015690772074,2.751176
0.2144413006722396,2.75099
0.21448244443675843,2.751142
0.21452358820127732,2.750967
0.21456473196579615,2.75083
0.214605875730315,2.751139
0.21464701949483384,2.751289
0.21468816325935267,2.751081
0.21472930702387155,2.750757
0.21477045078839038,2.750899
0.21481159455290924,2.750863
0.21485273831742807,2.751002
0.21489388208194696,2.750907
0.2149350258464658,2.750749
0.21497616961098462,2.75086
0.2150173133755035,2.750967
0.21505845714002234,2.750871
0.2150996009045412,2.750875
0.21514074466906002,2.750932
0.21518188843357888,2.750829
0.21522303219809774,2.75086
0.21526417596261657,2.75098
0.21530531972713543,2.750768
0.2153464634916543,2.750862
0.21538760725617312,2.751
0.21542875102069198,2.750875
0.21546989478521084,2.750685
0.21551103854972967,2.750577
0.21555218231424852,2.750688
0.21559332607876736,2.751043
0.21563446984328621,2.750659
0.21567561360780507,2.750538
0.2157167573723239,2.750771
0.21575790113684276,2.750809
0.21579904490136162,2.750699
0.21584018866588045,2.750815
0.2158813324303993,2.750907
0.21592247619491814,2.751014
0.21596361995943703,2.750831
0.21600476372395586,2.750706
0.21604590748847471,2.750582
0.21608705125299354,2.750743
0.21612819501751238,2.750652
0.21616933878203126,2.7507
0.2162104825465501,2.750959
0.21625162631106895,2.751064
0.21629277007558778,2.750913
0.21633391384010667,2.75102
0.2163750576046255,2.750924
0.21641620136914433,2.7508
0.21645734513366321,2.751162
0.21649848889818202,2.750813
0.2165396326627009,2.750957
0.21658077642721973,2.750837
0.2166219201917386,2.750885
0.21666306395625745,2.751065
0.21670420772077625,2.750997
0.21674535148529514,2.750738
0.216786495249814,2.75075
0.21682763901433283,2.750857
0.2168687827788517,2.751071
0.21690992654337055,2.750953
0.21695107030788938,2.751094
0.21699221407240823,2.750984
0.21703335783692707,2.750596
0.21707450160144592,2.750857
0.21711564536596478,2.750736
0.2171567891304836,2.75047
0.21719793289500247,2.75036
0.2172390766595213,2.750657
0.21728022042404016,2.751041
0.21732136418855902,2.750782
0.21736250795307785,2.75077
0.2174036517175967,2.750576
0.21744479548211557,2.750643
0.21748593924663442,2.750856
0.21752708301115325,2.750734
0.21756822677567209,2.75046
0.21760937054019097,2.750692
0.2176505143047098,2.750678
0.21769165806922866,2.750724
0.2177328018337475,2.750732
0.21777394559826638,2.750575
0.2178150893627852,2.75038
0.21785623312730404,2.750671
0.21789737689182292,2.75065
0.2179385206563417,2.750319
0.2179796644208606,2.750616
0.21802080818537944,2.750563
0.2180619519498983,2.750681
0.21810309571441716,2.750643
0.21814423947893594,2.750689
0.21818538324345485,2.750574
0.21822652700797368,2.750586
0.21826767077249254,2.750607
0.2183088145370114,2.750239
0.21834995830153026,2.750882
0.2183911020660491,2.750995
0.21843224583056794,2.750656
0.21847338959508678,2.750604
0.21851453335960563,2.750573
0.2185556771241245,2.750525
0.21859682088864332,2.750565
0.21863796465316218,2.750507
0.21867910841768098,2.750249
0.2187202521821999,2.750616
0.21876139594671873,2.750584
0.21880253971123753,2.75058
0.21884368347575642,2.750654
0.21888482724027528,2.750511
0.21892597100479413,2.750461
0.21896711476931296,2.750492
0.21900825853383185,2.750451
0.21904940229835063,2.75021
0.2190905460628695,2.750381
0.21913168982738837,2.750427
0.21917283359190717,2.750305
0.2192139773564261,2.750358
0.21925512112094492,2.750731
0.21929626488546378,2.750448
0.21933740864998263,2.750289
0.2193785524145014,2.750017
0.21941969617902032,2.749917
0.21946083994353913,2.750361
0.219501983708058,2.750338
0.21954312747257687,2.750164
0.21958427123709567,2.750128
0.21962541500161456,2.750446
0.21966655876613336,2.750201
0.21970770253065222,2.750022
0.2197488462951711,2.750056
0.2197899900596899,2.750035
0.21983113382420877,2.750143
0.21987227758872765,2.750225
0.21991342135324646,2.749945
0.21995456511776532,2.750002
0.2199957088822842,2.750135
0.220036852646803,2.749973
0.22007799641132186,2.750279
0.2201191401758407,2.750489
0.2201602839403596,2.750231
0.2202014277048784,2.750082
0.22024257146939724,2.750321
0.2202837152339161,2.750267
0.22032485899843496,2.750499
0.22036600276295384,2.750547
0.22040714652747265,2.750571
0.22044829029199156,2.750581
0.22048943405651034,2.750685
0.2205305778210292,2.750517
0.22057172158554805,2.750451
0.22061286535006688,2.750482
0.2206540091145858,2.750839
0.22069515287910457,2.750684
0.2207362966436235,2.750539
0.2207774404081423,2.750394
0.22081858417266112,2.750574
0.22085972793718003,2.750437
0.22090087170169884,2.750464
0.2209420154662177,2.749992
0.22098315923073658,2.750393
0.22102430299525538,2.75053
0.22106544675977424,2.750649
0.22110659052429307,2.750303
0.22114773428881193,2.750442
0.2211888780533308,2.750447
0.22123002181784962,2.750289
0.22127116558236848,2.750597
0.22131230934688734,2.750397
0.22135345311140617,2.750545
0.22139459687592503,2.750646
0.22143574064044388,2.750716
0.22147688440496272,2.750608
0.22151802816948157,2.750529
0.2215591719340004,2.750865
0.22160031569851926,2.750656
0.22164145946303812,2.750783
0.22168260322755695,2.750587
0.2217237469920758,2.750675
0.22176489075659467,2.750718
0.22180603452111353,2.750612
0.22184717828563236,2.750577
0.22188832205015127,2.750635
0.22192946581467005,2.750377
0.2219706095791889,2.750449
0.22201175334370776,2.750599
0.2220528971082266,2.750347
0.22209404087274548,2.750497
0.22213518463726428,2.750386
0.22217632840178317,2.750466
0.222217472166302,2.750602
0.22225861593082083,2.750616
0.22229975969533972,2.750765
0.22234090345985852,2.750479
0.2223820472243774,2.750351
0.22242319098889624,2.750202
0.2224643347534151,2.750163
0.22250547851793395,2.750534
0.2225466222824528,2.750663
0.22258776604697164,2.750572
0.2226289098114905,2.750448
0.22267005357600933,2.750245
0.2227111973405282,2.750125
0.22275234110504705,2.750205
0.22279348486956588,2.749936
0.22283462863408474,2.749915
0.2228757723986036,2.750339
0.22291691616312242,2.750596
0.22295805992764128,2.750736
0.22299920369216011,2.750675
0.22304034745667897,2.750611
0.22308149122119783,2.750665
0.2231226349857167,2.750576
0.22316377875023552,2.750681
0.22320492251475438,2.750555
0.2232460662792732,2.750716
0.22328721004379207,2.750794
0.22332835380831093,2.750986
0.22336949757282976,2.75105
0.22341064133734864,2.75107
0.22345178510186747,2.751191
0.2234929288663863,2.751289
0.2235340726309052,2.751312
0.223575216395424,2.751004
0.22361636015994288,2.750912
0.2236575039244617,2.750861
0.22369864768898057,2.751068
0.22373979145349943,2.751152
0.22378093521801823,2.750955
0.22382207898253711,2.750757
0.22386322274705595,2.750985
0.2239043665115748,2.751302
0.22394551027609366,2.751287
0.22398665404061252,2.751255
0.22402779780513135,2.75112
0.22406894156965018,2.751009
0.22411008533416904,2.751121
0.2241512290986879,2.751193
0.22419237286320676,2.751196
0.2242335166277256,2.751318
0.22427466039224445,2.751283
0.2243158041567633,2.75099
0.22435694792128213,2.751636
0.224398091685801,2.751567
0.22443923545031982,2.751354
0.22448037921483868,2.751267
0.22452152297935754,2.751049
0.2245626667438764,2.750885
0.22460381050839523,2.75097
0.22464495427291406,2.751169
0.22468609803743292,2.750844
0.22472724180195178,2.751029
0.22476838556647064,2.750781
0.22480952933098947,2.751004
0.22485067309550835,2.751023
0.22489181686002715,2.751129
0.224932960624546,2.751519
0.22497410438906487,2.751569
0.2250152481535837,2.751379
0.2250563919181026,2.75145
0.22509753568262142,2.751451
0.22513867944714028,2.751275
0.22517982321165914,2.751172
0.22522096697617794,2.750849
0.22526211074069682,2.750562
0.22530325450521566,2.751088
0.2253443982697345,2.750847
0.22538554203425337,2.750634
0.22542668579877223,2.750034
0.22546782956329106,2.750285
0.2255089733278099,2.750547
0.22555011709232875,2.750647
0.2255912608568476,2.75062
0.22563240462136647,2.750504
0.2256735483858853,2.750736
0.22571469215040416,2.750799
0.22575583591492301,2.750578
0.22579697967944184,2.75062
0.2258381234439607,2.75069
0.22587926720847953,2.750957
0.2259204109729984,2.750645
0.22596155473751725,2.750821
0.2260026985020361,2.750494
0.22604384226655494,2.750453
0.22608498603107377,2.750484
0.22612612979559263,2.75061
0.2261672735601115,2.750334
0.22620841732463035,2.750138
0.22624956108914918,2.750316
0.22629070485366806,2.750198
0.22633184861818686,2.750334
0.22637299238270572,2.75017
0.22641413614722458,2.750322
0.2264552799117434,2.750463
0.2264964236762623,2.750407
0.2265375674407811,2.750346
0.2265787112053,2.750218
0.22661985496981882,2.750314
0.22666099873433765,2.750454
0.22670214249885653,2.750703
0.22674328626337537,2.750711
0.22678443002789422,2.750308
0.22682557379241308,2.750712
0.22686671755693194,2.750736
0.22690786132145077,2.750715
0.22694900508596963,2.750309
0.22699014885048846,2.750658
0.22703129261500732,2.750526
0.22707243637952618,2.750386
0.227113580144045,2.750257
0.22715472390856387,2.750244
0.2271958676730827,2.750201
0.22723701143760155,2.750126
0.2272781552021204,2.750091
0.22731929896663924,2.749516
0.2273604427311581,2.749953
0.22740158649567696,2.750296
0.2274427302601958,2.750299
0.22748387402471465,2.750258
0.22752501778923354,2.750202
0.22756616155375234,2.750162
0.2276073053182712,2.750582
0.22764844908279006,2.750301
0.22768959284730889,2.75011
0.22773073661182777,2.750293
0.22777188037634657,2.750326
0.22781302414086546,2.750474
0.2278541679053843,2.750443
0.22789531166990312,2.75034
0.227936455434422,2.75033
0.2279775991989408,2.750429
0.2280187429634597,2.750612
0.22805988672797853,2.750562
0.2281010304924974,2.750774
0.22814217425701624,2.750901
0.22818331802153508,2.750807
0.22822446178605393,2.750927
0.22826560555057276,2.750679
0.22830674931509165,2.750643
0.22834789307961048,2.750532
0.22838903684412934,2.750553
0.22843018060864817,2.750459
0.22847132437316703,2.75049
0.2285124681376859,2.750576
0.22855361190220472,2.750505
0.22859475566672358,2.750675
0.2286358994312424,2.750655
0.22867704319576126,2.750637
0.22871818696028012,2.750711
0.22875933072479895,2.750855
0.2288004744893178,2.750668
0.22884161825383667,2.750845
0.2288827620183555,2.750702
0.22892390578287436,2.750866
0.22896504954739322,2.750653
0.22900619331191205,2.750464
0.2290473370764309,2.750474
0.22908848084094974,2.750643
0.2291296246054686,2.750404
0.22917076836998748,2.750612
0.22921191213450628,2.750617
0.22925305589902517,2.750626
0.229294199663544,2.750731
0.22933534342806283,2.75051
0.22937648719258172,2.750793
0.2294176309571005,2.750688
0.2294587747216194,2.75089
0.22949991848613824,2.75102
0.2295410622506571,2.750739
0.22958220601517595,2.750496
0.22962334977969473,2.750647
0.22966449354421364,2.750901
0.22970563730873247,2.751164
0.22974678107325133,2.751238
0.2297879248377702,2.751344
0.22982906860228905,2.751034
0.22987021236680788,2.751005
0.22991135613132668,2.750843
0.2299524998958456,2.750576
0.22999364366036443,2.750908
0.23003478742488329,2.750775
0.2300759311894021,2.750964
0.23011707495392097,2.750838
0.23015821871843983,2.750808
0.23019936248295864,2.750963
0.23024050624747752,2.751098
0.23028165001199638,2.751054
0.23032279377651518,2.750796
0.23036393754103407,2.751047
0.23040508130555293,2.750889
0.23044622507007173,2.750563
0.23048736883459062,2.750783
0.23052851259910942,2.750841
0.23056965636362828,2.75078
0.23061080012814716,2.751157
0.23065194389266597,2.750752
0.23069308765718488,2.750768
0.2307342314217037,2.750852
0.23077537518622251,2.750694
0.23081651895074143,2.750975
0.2308576627152602,2.750927
0.23089880647977912,2.750798
0.23093995024429792,2.750899
0.2309810940088168,2.750924
0.23102223777333566,2.750861
0.23106338153785444,2.750661
0.23110452530237335,2.750725
0.23114566906689216,2.750809
0.23118681283141101,2.751015
0.2312279565959299,2.750756
0.23126910036044876,2.750982
0.23131024412496756,2.750738
0.23135138788948645,2.750826
0.2313925316540053,2.750854
0.2314336754185241,2.75078
0.23147481918304297,2.750386
0.2315159629475618,2.750655
0.23155710671208066,2.750556
0.23159825047659952,2.750767
0.2316393942411184,2.750834
0.2316805380056372,2.750755
0.23172168177015606,2.750719
0.2317628255346749,2.750822
0.23180396929919375,2.750536
0.2318451130637126,2.750357
0.23188625682823144,2.75065
0.23192740059275035,2.750868
0.23196854435726913,2.7508
0.232009688121788,2.751016
0.23205083188630685,2.750679
0.23209197565082568,2.750509
0.2321331194153446,2.750299
0.23217426317986337,2.750179
0.23221540694438225,2.749999
0.23225655070890108,2.750415
0.2322976944734199,2.750595
0.2323388382379388,2.750602
0.23237998200245763,2.750833
0.2324211257669765,2.75092
0.23246226953149532,2.750735
0.23250341329601423,2.750751
0.23254455706053304,2.750697
0.23258570082505187,2.750683
0.23262684458957072,2.75088
0.23266798835408958,2.750942
0.23270913211860844,2.750903
0.23275027588312727,2.750804
0.23279141964764613,2.750786
0.232832563412165,2.750747
0.23287370717668382,2.750567
0.23291485094120268,2.750693
0.2329559947057215,2.75049
0.23299713847024037,2.750929
0.23303828223475923,2.750865
0.23307942599927806,2.750875
0.23312056976379691,2.750795
0.23316171352831577,2.750519
0.2332028572928346,2.75039
0.23324400105735346,2.750781
0.23328514482187232,2.750903
0.23332628858639115,2.75051
0.23336743235091004,2.750461
0.23340857611542884,2.750375
0.2334497198799477,2.750632
0.23349086364446656,2.750577
0.2335320074089854,2.750487
0.23357315117350427,2.750776
0.23361429493802308,2.750649
0.23365543870254196,2.750319
0.2336965824670608,2.750214
0.23373772623157962,2.750033
0.2337788699960985,2.750225
0.23382001376061734,2.750363
0.2338611575251362,2.750499
0.23390230128965503,2.750488
0.23394344505417392,2.750422
0.23398458881869275,2.750594
0.23402573258321158,2.750573
0.23406687634773043,2.750326
0.23410802011224927,2.750602
0.23414916387676815,2.750622
0.23419030764128698,2.750604
0.23423145140580584,2.75062
0.2342725951703247,2.750668
0.23431373893484353,2.750831
0.2343548826993624,2.750813
0.23439602646388122,2.750687
0.23443717022840008,2.750492
0.23447831399291894,2.750658
0.23451945775743777,2.750956
0.23456060152195662,2.750834
0.23460174528647545,2.750964
0.2346428890509943,2.750763
0.23468403281551317,2.750843
0.234725176580032,2.750829
0.23476632034455086,2.750657
0.23480746410906972,2.750587
0.23484860787358855,2.750394
0.2348897516381074,2.750472
0.23493089540262627,2.750805
0.2349720391671451,2.750759
0.23501318293166398,2.750742
0.23505432669618279,2.750561
0.23509547046070167,2.750871
0.2351366142252205,2.750618
0.23517775798973933,2.75062
0.23521890175425822,2.750278
0.23526004551877705,2.750707
0.2353011892832959,2.750644
0.23534233304781474,2.750548
0.23538347681233363,2.750683
0.23542462057685246,2.750342
0.2354657643413713,2.750493
0.23550690810589014,2.750432
0.23554805187040898,2.75044
0.23558919563492786,2.750345
0.2356303393994467,2.750549
0.23567148316396555,2.750658
0.2357126269284844,2.75073
0.23575377069300324,2.750622
0.2357949144575221,2.750563
0.23583605822204093,2.750467
0.2358772019865598,2.750727
0.23591834575107865,2.750705
0.23595948951559748,2.750563
0.23600063328011633,2.751065
0.2360417770446352,2.750848
0.23608292080915402,2.750835
0.23612406457367288,2.750992
0.2361652083381917,2.750831
0.23620635210271057,2.750591
0.23624749586722943,2.7507
0.23628863963174826,2.750731
0.23632978339626715,2.750524
0.23637092716078598,2.750482
0.2364120709253048,2.750746
0.23645321468982367,2.750473
0.2364943584543425,2.750221
0.23653550221886138,2.749999
0.2365766459833802,2.750737
0.23661778974789907,2.750766
0.23665893351241793,2.750585
0.23670007727693676,2.75042
0.23674122104145562,2.750978
0.23678236480597445,2.75103
0.23682350857049334,2.751022
0.23686465233501217,2.750826
0.23690579609953102,2.75044
0.23694693986404985,2.75037
0.23698808362856869,2.750352
0.23702922739308757,2.750237
0.2370703711576064,2.749988
0.23711151492212526,2.749896
0.2371526586866441,2.749967
0.23719380245116295,2.750173
0.23723494621568178,2.750232
0.23727608998020064,2.75013
0.23731723374471952,2.749927
0.23735837750923836,2.750053
0.2373995212737572,2.749969
0.23744066503827604,2.749775
0.2374818088027949,2.749759
0.23752295256731373,2.749829
0.23756409633183256,2.749883
0.23760524009635142,2.749699
0.2376463838608703,2.749745
0.23768752762538914,2.749964
0.237728671389908,2.750166
0.23776981515442683,2.74998
0.2378109589189457,2.749879
0.23785210268346452,2.749549
0.23789324644798338,2.750097
0.2379343902125022,2.750076
0.2379755339770211,2.750034
0.2380166777415399,2.750332
0.23805782150605878,2.750288
0.2380989652705776,2.750289
0.23814010903509647,2.750121
0.23818125279961533,2.74999
0.23822239656413416,2.74992
0.23826354032865305,2.750429
0.23830468409317188,2.750476
0.23834582785769073,2.750527
0.23838697162220956,2.750717
0.2384281153867284,2.750482
0.23846925915124725,2.750592
0.2385104029157661,2.75028
0.23855154668028494,2.749954
0.23859269044480383,2.749738
0.2386338342093227,2.750235
0.23867497797384152,2.750287
0.23871612173836035,2.75048
0.2387572655028792,2.750161
0.23879840926739804,2.750221
0.2388395530319169,2.750098
0.23888069679643573,2.750108
0.23892184056095458,2.750442
0.23896298432547347,2.749909
0.2390041280899923,2.750132
0.23904527185451116,2.750073
0.23908641561903,2.749902
0.23912755938354885,2.749981
0.23916870314806768,2.749985
0.23920984691258657,2.750097
0.23925099067710537,2.749748
0.23929213444162425,2.74971
0.23933327820614309,2.749393
0.23937442197066194,2.749954
0.2394155657351808,2.749964
0.23945670949969963,2.749788
0.23949785326421852,2.749865
0.23953899702873732,2.749644
0.23958014079325615,2.749716
0.23962128455777504,2.749972
0.2396624283222938,2.749813
0.23970357208681273,2.749477
0.23974471585133159,2.749676
0.23978585961585042,2.74972
0.23982700338036927,2.749902
0.23986814714488816,2.749851
0.239909290909407,2.749664
0.23995043467392582,2.750023
0.23999157843844468,2.750073
0.2400327222029635,2.74991
0.24007386596748237,2.749699
0.2401150097320012,2.749342
0.24015615349652006,2.749534
0.2401972972610389,2.749581
0.24023844102555778,2.749809
0.24027958479007663,2.749826
0.24032072855459546,2.749841
0.24036187231911432,2.749916
0.24040301608363315,2.750288
0.240444159848152,2.749958
0.24048530361267084,2.749961
0.24052644737718964,2.749753
0.2405675911417085,2.749654
0.24060873490622742,2.749648
0.24064987867074625,2.749767
0.2406910224352651,2.749799
0.24073216619978396,2.74984
0.2407733099643028,2.749742
0.2408144537288216,2.749754
0.2408555974933405,2.749541
0.2408967412578593,2.749698
0.2409378850223782,2.749689
0.24097902878689703,2.749755
0.2410201725514159,2.749606
0.24106131631593475,2.749757
0.24110246008045358,2.74992
0.24114360384497247,2.749858
0.24118474760949124,2.749737
0.24122589137401015,2.749637
0.24126703513852898,2.749761
0.24130817890304784,2.749981
0.24134932266756667,2.749965
0.24139046643208553,2.749979
0.24143161019660433,2.74996
0.24147275396112322,2.749767
0.2415138977256421,2.749745
0.24155504149016094,2.749664
0.2415961852546798,2.749269
0.24163732901919863,2.749619
0.24167847278371743,2.749482
0.24171961654823632,2.749476
0.24176076031275512,2.74948
0.24180190407727398,2.749458
0.2418430478417929,2.749841
0.24188419160631172,2.749635
0.24192533537083058,2.749341
0.24196647913534938,2.749135
0.24200762289986827,2.74932
0.24204876666438707,2.749338
0.24208991042890593,2.749439
0.24213105419342476,2.748901
0.24217219795794367,2.749147
0.24221334172246245,2.749189
0.24225448548698136,2.749162
0.24229562925150022,2.7492
0.24233677301601902,2.748601
0.2423779167805379,2.748873
0.2424190605450567,2.749012
0.24246020430957563,2.749099
0.24250134807409446,2.749275
0.24254249183861323,2.749293
0.24258363560313212,2.749193
0.242624779367651,2.748855
0.2426659231321698,2.748847
0.24270706689668867,2.74884
0.2427482106612075,2.748836
0.2427893544257264,2.748816
0.2428304981902452,2.748946
0.2428716419547641,2.748704
0.2429127857192829,2.749045
0.24295392948380176,2.748871
0.2429950732483206,2.748811
0.24303621701283945,2.749
0.24307736077735828,2.74885
0.24311850454187714,2.748879
0.24315964830639605,2.748902
0.24320079207091486,2.74933
0.24324193583543374,2.749194
0.24328307959995255,2.749095
0.2433242233644714,2.74908
0.24336536712899023,2.749382
0.24340651089350906,2.749108
0.24344765465802792,2.748774
0.2434887984225468,2.748705
0.24352994218706564,2.748697
0.2435710859515845,2.748868
0.24361222971610336,2.74904
0.2436533734806222,2.749118
0.24369451724514102,2.749232
0.24373566100965988,2.748971
0.2437768047741787,2.749143
0.2438179485386976,2.749093
0.2438590923032164,2.749169
0.24390023606773528,2.749218
0.24394137983225414,2.749167
0.24398252359677297,2.749386
0.24402366736129183,2.749172
0.24406481112581066,2.74908
0.24410595489032955,2.748836
0.24414709865484838,2.748977
0.24418824241936724,2.748935
0.24422938618388607,2.748662
0.24427052994840492,2.748761
0.24431167371292375,2.748722
0.2443528174774426,2.748976
0.24439396124196153,2.749223
0.24443510500648033,2.749271
0.2444762487709992,2.749025
0.24451739253551802,2.749161
0.24455853630003688,2.749231
0.2445996800645557,2.748843
0.24464082382907454,2.74879
0.2446819675935934,2.748991
0.24472311135811228,2.748827
0.24476425512263109,2.748784
0.24480539888714997,2.74885
0.24484654265166883,2.748753
0.24488768641618766,2.74854
0.2449288301807065,2.748679
0.24496997394522535,2.748508
0.24501111770974418,2.748595
0.24505226147426307,2.748703
0.24509340523878187,2.748787
0.24513454900330076,2.749065
0.2451756927678196,2.748798
0.24521683653233844,2.748904
0.2452579802968573,2.748751
0.24529912406137613,2.748833
0.24534026782589502,2.748528
0.24538141159041382,2.748883
0.2454225553549327,2.74912
0.24546369911945154,2.749348
0.24550484288397034,2.749203
0.24554598664848923,2.748768
0.2455871304130081,2.748768
0.24562827417752692,2.748971
0.24566941794204578,2.748976
0.24571056170656466,2.748887
0.2457517054710835,2.748698
0.24579284923560232,2.748613
0.24583399300012118,2.748463
0.24587513676464,2.748535
0.24591628052915887,2.748639
0.2459574242936777,2.74851
0.24599856805819656,2.748578
0.24603971182271545,2.748324
0.24608085558723428,2.748096
0.24612199935175313,2.747982
0.24616314311627197,2.747913
0.24620428688079082,2.747907
0.24624543064530965,2.747882
0.2462865744098285,2.747866
0.24632771817434734,2.747892
0.24636886193886623,2.747893
0.24641000570338503,2.747899
0.24645114946790392,2.748085
0.24649229323242278,2.748149
0.2465334369969416,2.747958
0.2465745807614605,2.747727
0.2466157245259793,2.747917
0.24665686829049813,2.747978
0.246698012055017,2.74798
0.24673915581953582,2.748092
0.2467802995840547,2.748227
0.24682144334857356,2.747895
0.2468625871130924,2.747781
0.24690373087761125,2.748113
0.24694487464213008,2.748088
0.24698601840664897,2.748305
0.24702716217116777,2.748078
0.24706830593568666,2.748079
0.24710944970020549,2.748021
0.24715059346472434,2.747907
0.24719173722924317,2.747972
0.24723288099376203,2.747743
0.24727402475828092,2.748312
0.24731516852279972,2.747933
0.2473563122873186,2.747819
0.24739745605183744,2.747696
0.2474385998163563,2.747866
0.24747974358087513,2.747762
0.24752088734539396,2.747833
0.24756203110991282,2.747882
0.2476031748744317,2.747259
0.2476443186389505,2.747949
0.2476854624034694,2.748061
0.24772660616798822,2.747916
0.24776774993250708,2.747747
0.2478088936970259,2.747791
0.24785003746154477,2.747958
0.2478911812260636,2.74769
0.24793232499058246,2.747875
0.2479734687551013,2.747645
0.24801461251962018,2.748203
0.24805575628413898,2.748186
0.24809690004865786,2.748088
0.24813804381317672,2.748079
0.24817918757769555,2.747956
0.24822033134221444,2.748294
0.24826147510673324,2.748367
0.24830261887125213,2.748435
0.24834376263577096,2.748013
0.24838490640028976,2.748022
0.24842605016480865,2.748078
0.2484671939293275,2.748049
0.24850833769384634,2.748051
0.2485494814583652,2.747831
0.24859062522288408,2.747841
0.2486317689874029,2.747882
0.24867291275192177,2.748219
0.2487140565164406,2.748058
0.24875520028095943,2.748008
0.2487963440454783,2.748161
0.24883748780999712,2.748205
0.24887863157451598,2.748048
0.24891977533903487,2.748268
0.24896091910355367,2.748037
0.24900206286807255,2.747831
0.24904320663259139,2.747923
0.24908435039711024,2.747673
0.24912549416162907,2.747851
0.24916663792614793,2.748088
0.24920778169066676,2.748082
0.24924892545518565,2.748141
0.24929006921970445,2.748434
0.24933121298422334,2.748391
0.2493723567487422,2.748342
0.24941350051326103,2.748173
0.24945464427777989,2.748015
0.24949578804229872,2.747867
0.2495369318068176,2.748538
0.2495780755713364,2.748799
0.24961921933585524,2.748513
0.24966036310037412,2.748137
0.24970150686489298,2.74803
0.2497426506294118,2.74824
0.24978379439393067,2.748428
0.24982493815844956,2.748238
0.24986608192296836,2.748213
0.2499072256874872,2.748514
0.24994836945200608,2.748567
0.2499895132165249,2.748279
0.25003065698104376,2.748366
0.25007180074556257,2.748538
0.2501129445100814,2.74866
0.2501540882746003,2.748506
0.25019523203911914,2.748628
0.250236375803638,2.748612
0.25027751956815686,2.748501
0.2503186633326757,2.748284
0.2503598070971945,2.748326
0.2504009508617134,2.748286
0.25044209462623224,2.748343
0.25048323839075104,2.748575
0.2505243821552699,2.74868
0.2505655259197888,2.748498
0.2506066696843076,2.748207
0.2506478134488265,2.748457
0.25068895721334533,2.748463
0.2507301009778642,2.748441
0.250771244742383,2.748607
0.25081238850690185,2.748337
0.2508535322714207,2.748651
0.25089467603593957,2.748445
0.25093581980045837,2.748416
0.2509769635649773,2.748166
0.25101810732949614,2.748286
0.25105925109401495,2.748399
0.2511003948585338,2.748484
0.25114153862305266,2.748209
0.2511826823875715,2.748413
0.2512238261520903,2.748738
0.25126496991660924,2.748544
0.25130611368112804,2.748516
0.2513472574456469,2.74827
0.25138840121016576,2.748343
0.2514295449746846,2.748367
0.2514706887392035,2.748422
0.2515118325037223,2.748618
0.2515529762682412,2.748602
0.25159412003276,2.748509
0.25163526379727885,2.748698
0.2516764075617977,2.74866
0.2517175513263165,2.748397
0.25175869509083537,2.748498
0.2517998388553543,2.748512
0.2518409826198731,2.748491
0.25188212638439195,2.748751
0.2519232701489108,2.748631
0.25196441391342966,2.748501
0.25200555767794847,2.748532
0.2520467014424673,2.748472
0.2520878452069862,2.748524
0.25212898897150504,2.74858
0.25217013273602384,2.748793
0.25221127650054276,2.74866
0.2522524202650616,2.748414
0.2522935640295804,2.748406
0.2523347077940993,2.748489
0.25237585155861814,2.748603
0.252416995323137,2.748455
0.2524581390876558,2.748388
0.25249928285217466,2.748274
0.2525404266166935,2.74841
0.2525815703812124,2.748525
0.25262271414573123,2.748683
0.2526638579102501,2.74853
0.2527050016747689,2.748473
0.25274614543928775,2.748031
0.25278728920380666,2.748089
0.25282843296832547,2.748141
0.25286957673284427,2.747964
0.2529107204973632,2.748084
0.252951864261882,2.747906
0.25299300802640085,2.748029
0.2530341517909197,2.748218
0.25307529555543856,2.748144
0.2531164393199574,2.748198
0.2531575830844762,2.748239
0.25319872684899514,2.748559
0.25323987061351394,2.748128
0.2532810143780328,2.74829
0.25332215814255166,2.748466
0.2533633019070705,2.748509
0.2534044456715893,2.748528
0.25344558943610823,2.748368
0.25348673320062703,2.748473
0.2535278769651459,2.74837
0.25356902072966475,2.748585
0.2536101644941836,2.748473
0.25365130825870247,2.748883
0.25369245202322127,2.748936
0.25373359578774013,2.748907
0.253774739552259,2.7489
0.2538158833167778,2.748722
0.2538570270812967,2.7488
0.25389817084581556,2.748603
0.25393931461033437,2.748706
0.2539804583748532,2.748329
0.2540216021393721,2.748516
0.25406274590389094,2.748348
0.25410388966840974,2.748394
0.25414503343292866,2.748666
0.25418617719744746,2.748706
0.2542273209619663,2.748822
0.2542684647264852,2.74896
0.25430960849100404,2.748931
0.2543507522555229,2.748503
0.2543918960200417,2.74838
0.2544330397845606,2.748357
0.2544741835490794,2.748489
0.25451532731359827,2.748616
0.25455647107811713,2.748709
0.25459761484263593,2.748628
0.2546387586071548,2.748806
0.25467990237167365,2.748809
0.2547210461361925,2.748577
0.25476218990071137,2.748502
0.2548033336652302,2.748565
0.2548444774297491,2.74845
0.2548856211942679,2.748524
0.25492676495878674,2.748572
0.2549679087233056,2.748581
0.25500905248782446,2.748731
0.25505019625234326,2.748773
0.2550913400168622,2.748546
0.255132483781381,2.748097
0.25517362754589984,2.748254
0.2552147713104187,2.748203
0.25525591507493756,2.748038
0.2552970588394564,2.748098
0.2553382026039752,2.748372
0.25537934636849413,2.748204
0.25542049013301293,2.748364
0.25546163389753174,2.748073
0.25550277766205065,2.747796
0.2555439214265695,2.748339
0.2555850651910883,2.748379
0.25562620895560717,2.748468
0.2556673527201261,2.74827
0.2557084964846449,2.748168
0.2557496402491637,2.74791
0.2557907840136826,2.748377
0.2558319277782014,2.748477
0.25587307154272027,2.747881
0.2559142153072391,2.747972
0.255955359071758,2.74805
0.25599650283627684,2.748466
0.25603764660079564,2.748444
0.25607879036531456,2.748313
0.25611993412983336,2.748266
0.2561610778943522,2.74835
0.2562022216588711,2.748198
0.25624336542338993,2.747702
0.25628450918790874,2.748096
0.2563256529524276,2.748796
0.25636679671694645,2.748465
0.2564079404814653,2.748418
0.25644908424598417,2.748445
0.25649022801050303,2.748387
0.2565313717750219,2.748758
0.2565725155395407,2.748542
0.25661365930405955,2.748193
0.2566548030685784,2.748472
0.2566959468330972,2.748423
0.2567370905976161,2.748477
0.256778234362135,2.748461
0.2568193781266538,2.748372
0.25686052189117264,2.748422
0.2569016656556915,2.748509
0.25694280942021036,2.748311
0.25698395318472916,2.748058
0.2570250969492481,2.748437
0.2570662407137668,2.748296
0.25710738447828574,2.748093
0.2571485282428046,2.748744
0.25718967200732346,2.748549
0.2572308157718423,2.74841
0.2572719595363611,2.748329
0.25731310330088003,2.748027
0.25735424706539883,2.74807
0.2573953908299177,2.747996
0.25743653459443655,2.747944
0.2574776783589554,2.747815
0.2575188221234742,2.747864
0.25755996588799307,2.747573
0.25760110965251193,2.747736
0.2576422534170308,2.747656
0.2576833971815496,2.747631
0.2577245409460685,2.747437
0.25776568471058736,2.747242
0.25780682847510616,2.747656
0.257847972239625,2.74759
0.2578891160041439,2.747526
0.2579302597686627,2.747607
0.25797140353318154,2.747591
0.25801254729770035,2.747602
0.25805369106221926,2.747464
0.2580948348267381,2.747422
0.258135978591257,2.74737
0.25817712235577583,2.74766
0.25821826612029464,2.747682
0.25825940988481355,2.74723
0.2583005536493323,2.747223
0.2583416974138512,2.747152
0.25838284117837007,2.747407
0.25842398494288893,2.747203
0.25846512870740773,2.747319
0.2585062724719266,2.747117
0.2585474162364455,2.747504
0.25858856000096425,2.747504
0.25862970376548317,2.747511
0.258670847530002,2.747306
0.25871199129452077,2.747342
0.2587531350590397,2.747553
0.2587942788235585,2.747493
0.25883542258807735,2.747243
0.25887656635259626,2.747109
0.25891771011711506,2.747304
0.258958853881634,2.747312
0.2589999976461528,2.747226
0.25904114141067164,2.747581
0.25908228517519044,2.747721
0.25912342893970935,2.747685
0.25916457270422816,2.747638
0.259205716468747,2.747715
0.2592468602332658,2.747143
0.25928800399778473,2.747707
0.2593291477623036,2.747788
0.25937029152682245,2.747649
0.2594114352913413,2.747776
0.2594525790558601,2.747759
0.25949372282037897,2.747943
0.25953486658489777,2.748016
0.25957601034941663,2.747793
0.2596171541139355,2.747428
0.2596582978784544,2.747401
0.2596994416429732,2.747502
0.25974058540749206,2.747628
0.2597817291720109,2.747674
0.2598228729365297,2.74754
0.2598640167010486,2.747646
0.2599051604655675,2.74793
0.25994630423008624,2.748035
0.25998744799460516,2.747677
0.26002859175912396,2.747722
0.2600697355236428,2.748264
0.2601108792881617,2.748214
0.26015202305268054,2.747923
0.26019316681719945,2.747581
0.2602343105817182,2.747512
0.2602754543462371,2.747502
0.2603165981107559,2.747609
0.2603577418752748,2.747476
0.26039888563979363,2.747758
0.26044002940431243,2.747799
0.2604811731688313,2.747723
0.26052231693335015,2.747428
0.260563460697869,2.747427
0.26060460446238787,2.747303
0.2606457482269068,2.747161
0.2606868919914256,2.747252
0.2607280357559444,2.747467
0.26076917952046325,2.747159
0.2608103232849821,2.746892
0.26085146704950096,2.747102
0.26089261081401977,2.747262
0.2609337545785387,2.747092
0.26097489834305754,2.747463
0.26101604210757634,2.747566
0.2610571858720952,2.747624
0.26109832963661406,2.747344
0.2611394734011329,2.747304
0.2611806171656517,2.747409
0.26122176093017063,2.747835
0.26126290469468944,2.747853
0.2613040484592083,2.747346
0.26134519222372715,2.747422
0.261386335988246,2.747343
0.26142747975276487,2.747326
0.26146862351728367,2.747439
0.2615097672818026,2.747116
0.2615509110463214,2.747141
0.26159205481084025,2.747002
0.2616331985753591,2.747101
0.2616743423398779,2.74689
0.26171548610439677,2.747467
0.2617566298689156,2.747476
0.2617977736334345,2.747124
0.26183891739795334,2.7471
0.2618800611624722,2.746642
0.26192120492699106,2.747141
0.26196234869150986,2.747168
0.2620034924560287,2.747266
0.2620446362205476,2.747219
0.26208577998506644,2.747044
0.26212692374958524,2.747109
0.2621680675141041,2.74707
0.262209211278623,2.746954
0.2622503550431418,2.74643
0.2622914988076607,2.746836
0.26233264257217953,2.747138
0.2623737863366984,2.747314
0.2624149301012172,2.746915
0.2624560738657361,2.746945
0.2624972176302549,2.746836
0.26253836139477377,2.746911
0.2625795051592926,2.747065
0.2626206489238115,2.746783
0.2626617926883303,2.746727
0.26270293645284915,2.747004
0.26274408021736806,2.74684
0.26278522398188686,2.746919
0.26282636774640566,2.746791
0.2628675115109246,2.746682
0.2629086552754434,2.746832
0.26294979903996224,2.747114
0.2629909428044811,2.746725
0.26303208656899996,2.747204
0.2630732303335188,2.747506
0.2631143740980376,2.747125
0.26315551786255653,2.746862
0.26319666162707533,2.746886
0.2632378053915942,2.746718
0.26327894915611305,2.74703
0.2633200929206319,2.746906
0.2633612366851507,2.746679
0.26340238044966957,2.746836
0.26344352421418843,2.746714
0.2634846679787073,2.746811
0.26352581174322615,2.746819
0.263566955507745,2.747062
0.26360809927226386,2.747069
0.26364924303678267,2.747028
0.2636903868013015,2.746878
0.2637315305658204,2.74686
0.2637726743303392,2.746741
0.26381381809485804,2.746631
0.26385496185937696,2.746505
0.26389610562389576,2.746944
0.2639372493884146,2.746844
0.2639783931529335,2.746804
0.26401953691745234,2.746893
0.26406068068197114,2.746857
0.26410182444649005,2.746467
0.26414296821100886,2.746361
0.2641841119755277,2.746773
0.26422525574004657,2.746904
0.26426639950456543,2.746846
0.2643075432690843,2.746822
0.2643486870336031,2.746946
0.264389830798122,2.747078
0.2644309745626408,2.746849
0.26447211832715967,2.747242
0.2645132620916785,2.746698
0.2645544058561973,2.747076
0.2645955496207162,2.747332
0.26463669338523504,2.747184
0.2646778371497539,2.747297
0.26471898091427276,2.747606
0.2647601246787916,2.74715
0.2648012684433105,2.747269
0.2648424122078293,2.747382
0.26488355597234814,2.747304
0.264924699736867,2.747514
0.26496584350138586,2.747581
0.26500698726590466,2.747633
0.2650481310304235,2.747543
0.2650892747949424,2.747982
0.26513041855946123,2.748127
0.2651715623239801,2.747816
0.26521270608849895,2.747922
0.2652538498530178,2.747422
0.2652949936175366,2.747807
0.26533613738205547,2.747894
0.26537728114657433,2.747797
0.26541842491109313,2.74787
0.265459568675612,2.747475
0.2655007124401309,2.747536
0.2655418562046497,2.747661
0.26558299996916857,2.747605
0.2656241437336874,2.747283
0.2656652874982063,2.747601
0.2657064312627251,2.747487
0.265747575027244,2.747249
0.2657887187917628,2.747333
0.26582986255628166,2.747415
0.2658710063208005,2.747388
0.2659121500853194,2.747377
0.26595329384983823,2.747579
0.26599443761435704,2.747273
0.26603558137887595,2.747284
0.26607672514339475,2.747496
0.2661178689079136,2.747258
0.26615901267243247,2.747014
0.26620015643695133,2.74699
0.26624130020147013,2.74696
0.266282443965989,2.74698
0.26632358773050785,2.747012
0.2663647314950267,2.74681
0.26640587525954557,2.74706
0.2664470190240644,2.747447
0.2664881627885833,2.747335
0.2665293065531021,2.747133
0.26657045031762094,2.747029
0.2666115940821398,2.746994
0.2666527378466586,2.747043
0.26669388161117746,2.747103
0.2667350253756964,2.746857
0.2667761691402152,2.746758
0.26681731290473404,2.746895
0.2668584566692529,2.74683
0.26689960043377176,2.746691
0.26694074419829056,2.74674
0.2669818879628094,2.746789
0.2670230317273283,2.74699
0.26706417549184713,2.746922
0.26710531925636594,2.746813
0.26714646302088485,2.746763
0.2671876067854037,2.746905
0.2672287505499225,2.746776
0.26726989431444137,2.74682
0.26731103807896023,2.747005
0.2673521818434791,2.746623
0.26739332560799794,2.746431
0.2674344693725168,2.746547
0.2674756131370356,2.74644
0.26751675690155446,2.746191
0.2675579006660733,2.746569
0.2675990444305922,2.746414
0.267640188195111,2.7466
0.2676813319596299,2.746767
0.26772247572414876,2.746835
0.26776361948866756,2.746985
0.2678047632531864,2.746796
0.2678459070177053,2.746711
0.2678870507822241,2.746649
0.26792819454674294,2.746863
0.2679693383112618,2.747026
0.26801048207578065,2.746708
0.2680516258402995,2.746493
0.26809276960481837,2.746498
0.26813391336933723,2.746297
0.26817505713385603,2.746249
0.2682162008983749,2.74655
0.26825734466289375,2.74611
0.2682984884274126,2.746385
0.2683396321919314,2.746342
0.2683807759564503,2.746049
0.2684219197209691,2.746259
0.268463063485488,2.746437
0.26850420725000684,2.74642
0.2685453510145257,2.746517
0.26858649477904456,2.746428
0.26862763854356336,2.746076
0.26866878230808217,2.74654
0.2687099260726011,2.746591
0.2687510698371199,2.746754
0.2687922136016388,2.746515
0.26883335736615765,2.746584
0.26887450113067646,2.746569
0.2689156448951953,2.746454
0.2689567886597141,2.746511
0.26899793242423303,2.746292
0.2690390761887519,2.746315
0.26908021995327075,2.746223
0.26912136371778955,2.746286
0.2691625074823084,2.746471
0.2692036512468272,2.74632
0.2692447950113461,2.7463
0.269285938775865,2.746369
0.26932708254038384,2.746369
0.2693682263049027,2.746424
0.2694093700694215,2.746386
0.26945051383394036,2.746404
0.2694916575984592,2.746556
0.269532801362978,2.746423
0.2695739451274969,2.746428
0.2696150888920158,2.74663
0.26965623265653454,2.746473
0.26969737642105346,2.7465
0.2697385201855723,2.746384
0.2697796639500912,2.746223
0.26982080771461003,2.746406
0.26986195147912884,2.746185
0.26990309524364764,2.746176
0.26994423900816655,2.746433
0.2699853827726854,2.746366
0.27002652653720427,2.746513
0.2700676703017231,2.74646
0.27010881406624193,2.746403
0.27014995783076073,2.746053
0.2701911015952796,2.746737
0.2702322453597985,2.746376
0.2702733891243173,2.746484
0.2703145328888361,2.746421
0.2703556766533551,2.746435
0.2703968204178739,2.746526
0.2704379641823927,2.746583
0.27047910794691155,2.74638
0.2705202517114304,2.746272
0.27056139547594926,2.746558
0.2706025392404682,2.746504
0.270643683004987,2.746606
0.2706848267695058,2.746466
0.2707259705340246,2.746536
0.27076711429854355,2.746683
0.27080825806306236,2.746461
0.27084940182758116,2.746415
0.2708905455921,2.746331
0.27093168935661893,2.746834
0.27097283312113774,2.746742
0.27101397688565665,2.746486
0.27105512065017545,2.746338
0.27109626441469425,2.74651
0.2711374081792132,2.746712
0.27117855194373197,2.746353
0.27121969570825083,2.746381
0.27126083947276974,2.746201
0.2713019832372885,2.746215
0.2713431270018074,2.746281
0.27138427076632626,2.74626
0.27142541453084507,2.746275
0.2714665582953639,2.74643
0.27150770205988284,2.746461
0.2715488458244017,2.746406
0.2715899895889205,2.746121
0.2716311333534393,2.746132
0.27167227711795816,2.746376
0.271713420882477,2.746496
0.2717545646469959,2.746543
0.27179570841151474,2.74648
0.27183685217603354,2.746638
0.2718779959405524,2.746804
0.2719191397050713,2.746657
0.2719602834695901,2.746796
0.272001427234109,2.746475
0.27204257099862783,2.746389
0.2720837147631467,2.746418
0.2721248585276655,2.746362
0.2721660022921844,2.746374
0.2722071460567032,2.746479
0.272248289821222,2.746497
0.272289433585741,2.746722
0.2723305773502598,2.746431
0.2723717211147786,2.746281
0.27241286487929744,2.745989
0.27245400864381636,2.746284
0.27249515240833516,2.746251
0.27253629617285396,2.746175
0.2725774399373729,2.746232
0.2726185837018917,2.746162
0.27265972746641054,2.745912
0.2727008712309294,2.745939
0.27274201499544826,2.746131
0.27278315875996706,2.746177
0.2728243025244859,2.746088
0.27286544628900483,2.74615
0.27290659005352363,2.746137
0.27294773381804244,2.746175
0.27298887758256135,2.746113
0.2730300213470802,2.746449
0.273071165111599,2.746289
0.2731123088761179,2.746024
0.27315345264063673,2.745789
0.27319459640515553,2.746228
0.27323574016967445,2.74608
0.2732768839341933,2.746215
0.2733180276987121,2.746127
0.27335917146323097,2.74599
0.2734003152277498,2.746076
0.2734414589922687,2.746212
0.27348260275678754,2.746097
0.2735237465213064,2.745784
0.2735648902858252,2.745983
0.2736060340503441,2.745837
0.2736471778148629,2.745696
0.2736883215793818,2.745879
0.2737294653439006,2.745906
0.27377060910841944,2.745968
0.27381175287293835,2.745904
0.27385289663745715,2.745847
0.273894040401976,2.745745
0.27393518416649487,2.746427
0.2739763279310137,2.746598
0.2740174716955326,2.746547
0.2740586154600514,2.746413
0.27409975922457025,2.746222
0.2741409029890891,2.746312
0.27418204675360797,2.746286
0.2742231905181268,2.746166
0.2742643342826457,2.745969
0.2743054780471645,2.746353
0.27434662181168334,2.746271
0.27438776557620226,2.746276
0.27442890934072106,2.746225
0.27447005310523986,2.746258
0.2745111968697587,2.746281
0.2745523406342776,2.74613
0.27459348439879644,2.746158
0.2746346281633153,2.745945
0.27467577192783416,2.746303
0.27471691569235296,2.746528
0.2747580594568719,2.746759
0.27479920322139073,2.746519
0.27484034698590953,2.746365
0.2748814907504284,2.746072
0.27492263451494725,2.746329
0.2749637782794661,2.746288
0.2750049220439849,2.746456
0.27504606580850377,2.74649
0.27508720957302263,2.746194
0.27512835333754143,2.746437
0.27516949710206035,2.746711
0.2752106408665792,2.746926
0.275251784631098,2.746543
0.27529292839561686,2.746642
0.2753340721601358,2.746671
0.2753752159246546,2.746723
0.2754163596891734,2.746624
0.2754575034536923,2.746459
0.2754986472182111,2.746653
0.27553979098272996,2.746722
0.2755809347472488,2.746381
0.2756220785117677,2.746325
0.2756632222762865,2.746157
0.27570436604080534,2.746356
0.27574550980532425,2.746238
0.27578665356984305,2.745903
0.27582779733436186,2.746337
0.27586894109888077,2.746327
0.27591008486339963,2.746334
0.27595122862791843,2.746222
0.2759923723924373,2.746209
0.27603351615695615,2.7463
0.27607465992147495,2.746271
0.27611580368599387,2.746373
0.2761569474505127,2.746177
0.2761980912150315,2.746065
0.2762392349795504,2.746186
0.27628037874406924,2.746159
0.2763215225085881,2.746424
0.27636266627310696,2.746283
0.2764038100376258,2.746358
0.2764449538021446,2.746274
0.27648609756666354,2.746227
0.27652724133118234,2.74584
0.2765683850957012,2.746414
0.27660952886022,2.746105
0.27665067262473886,2.746461
0.27669181638925777,2.74673
0.2767329601537766,2.746819
0.27677410391829543,2.746714
0.2768152476828143,2.746646
0.27685639144733315,2.746573
0.276897535211852,2.74611
0.2769386789763708,2.746369
0.27697982274088967,2.746321
0.27702096650540853,2.746657
0.2770621102699274,2.74648
0.27710325403444624,2.746579
0.2771443977989651,2.746318
0.2771855415634839,2.746353
0.27722668532800276,2.7466
0.2772678290925217,2.74597
0.2773089728570405,2.746111
0.2773501166215593,2.746395
0.27739126038607814,2.746481
0.27743240415059706,2.746627
0.27747354791511586,2.746583
0.2775146916796347,2.746708
0.2775558354441536,2.74671
0.2775969792086724,2.746499
0.27763812297319124,2.746252
0.27767926673771015,2.746456
0.27772041050222895,2.746354
0.27776155426674776,2.746444
0.27780269803126656,2.746138
0.27784384179578553,2.746223
0.27788498556030433,2.745987
0.2779261293248232,2.745643
0.27796727308934205,2.745816
0.2780084168538609,2.745483
0.27804956061837977,2.745704
0.2780907043828986,2.745838
0.2781318481474174,2.745748
0.2781729919119363,2.745555
0.2782141356764552,2.74561
0.278255279440974,2.745756
0.2782964232054928,2.74581
0.2783375669700117,2.745862
0.2783787107345305,2.745668
0.2784198544990494,2.745573
0.27846099826356824,2.745746
0.2785021420280871,2.745537
0.2785432857926059,2.745303
0.2785844295571248,2.745617
0.27862557332164367,2.745626
0.2786667170861625,2.745218
0.2787078608506813,2.745383
0.2787490046152002,2.745166
0.27879014837971905,2.745203
0.27883129214423785,2.745324
0.2788724359087567,2.74498
0.27891357967327557,2.745279
0.27895472343779437,2.745063
0.2789958672023133,2.745035
0.27903701096683214,2.745335
0.27907815473135095,2.745058
0.2791192984958698,2.744725
0.27916044226038866,2.744402
0.2792015860249075,2.744568
0.2792427297894264,2.744546
0.2792838735539452,2.744518
0.279325017318464,2.744631
0.27936616108298296,2.744626
0.27940730484750176,2.744837
0.2794484486120206,2.74477
0.2794895923765394,2.744849
0.2795307361410583,2.744512
0.27957187990557714,2.744828
0.279613023670096,2.745087
0.27965416743461485,2.744965
0.2796953111991337,2.744764
0.27973645496365257,2.744743
0.27977759872817143,2.744756
0.27981874249269023,2.744808
0.2798598862572091,2.744628
0.27990103002172795,2.744622
0.2799421737862468,2.744838
0.27998331755076566,2.744796
0.2800244613152844,2.744917
0.2800656050798033,2.744992
0.2801067488443222,2.744822
0.28014789260884104,2.744568
0.2801890363733599,2.744923
0.2802301801378787,2.744866
0.2802713239023975,2.744554
0.2803124676669165,2.744876
0.2803536114314353,2.745019
0.28039475519595414,2.744908
0.280435898960473,2.74488
0.2804770427249918,2.74499
0.28051818648951066,2.744839
0.28055933025402957,2.744875
0.2806004740185484,2.744895
0.2806416177830672,2.744816
0.280682761547586,2.744905
0.28072390531210495,2.744896
0.28076504907662375,2.744848
0.28080619284114255,2.744784
0.2808473366056614,2.744902
0.2808884803701803,2.744852
0.28092962413469913,2.745042
0.28097076789921804,2.744722
0.28101191166373685,2.744349
0.28105305542825565,2.7444
0.28109419919277456,2.744366
0.2811353429572934,2.744446
0.2811764867218122,2.744401
0.2812176304863311,2.744609
0.28125877425085,2.744572
0.2812999180153688,2.744965
0.28134106177988766,2.744737
0.2813822055444065,2.744521
0.2814233493089253,2.744594
0.28146449307344423,2.744541
0.2815056368379631,2.744764
0.28154678060248184,2.744633
0.2815879243670007,2.744643
0.2816290681315196,2.744701
0.28167021189603847,2.744615
0.28171135566055727,2.744553
0.28175249942507613,2.744343
0.28179364318959493,2.744362
0.2818347869541138,2.744614
0.2818759307186327,2.744697
0.28191707448315156,2.744583
0.2819582182476703,2.744738
0.2819993620121892,2.744698
0.2820405057767081,2.744667
0.2820816495412269,2.744747
0.2821227933057458,2.744518
0.2821639370702646,2.744177
0.2822050808347834,2.744432
0.2822462245993024,2.744532
0.2822873683638212,2.744533
0.28232851212834,2.744608
0.28236965589285884,2.744635
0.28241079965737775,2.744667
0.28245194342189656,2.744453
0.28249308718641536,2.744515
0.2825342309509343,2.74404
0.2825753747154531,2.744404
0.28261651847997193,2.744418
0.28265766224449085,2.74446
0.28269880600900965,2.744586
0.28273994977352845,2.744738
0.2827810935380473,2.744534
0.2828222373025662,2.744327
0.28286338106708503,2.744251
0.28290452483160383,2.743936
0.28294566859612275,2.744395
0.2829868123606416,2.744561
0.2830279561251604,2.744669
0.28306909988967927,2.744492
0.2831102436541981,2.744422
0.2831513874187169,2.744522
0.2831925311832359,2.744722
0.2832336749477547,2.744797
0.2832748187122735,2.74445
0.28331596247679236,2.74465
0.2833571062413112,2.744803
0.2833982500058301,2.744809
0.283439393770349,2.745022
0.28348053753486774,2.744717
0.2835216812993866,2.744647
0.2835628250639055,2.744862
0.2836039688284243,2.744775
0.28364511259294317,2.744568
0.283686256357462,2.744367
0.28372740012198083,2.744799
0.2837685438864997,2.744684
0.28380968765101855,2.744535
0.2838508314155374,2.744707
0.28389197518005627,2.744747
0.28393311894457507,2.744856
0.283974262709094,2.744764
0.2840154064736128,2.744754
0.28405655023813164,2.744545
0.2840976940026505,2.744441
0.28413883776716936,2.744539
0.2841799815316882,2.744629
0.2842211252962071,2.744609
0.2842622690607259,2.744665
0.28430341282524474,2.744449
0.28434455658976365,2.74463
0.28438570035428246,2.744705
0.28442684411880126,2.74435
0.2844679878833201,2.744741
0.284509131647839,2.744738
0.28455027541235783,2.744688
0.2845914191768767,2.744593
0.28463256294139555,2.744422
0.28467370670591435,2.744751
0.2847148504704332,2.744664
0.2847559942349521,2.744534
0.28479713799947093,2.744037
0.28483828176398973,2.74439
0.28487942552850865,2.744425
0.2849205692930275,2.744573
0.2849617130575463,2.744507
0.28500285682206516,2.744868
0.285044000586584,2.74467
0.2850851443511028,2.744872
0.2851262881156217,2.744949
0.2851674318801406,2.744496
0.2852085756446594,2.744648
0.2852497194091782,2.744589
0.2852908631736971,2.744676
0.285332006938216,2.744613
0.2853731507027348,2.744662
0.28541429446725364,2.744402
0.2854554382317725,2.74427
0.28549658199629135,2.744498
0.2855377257608102,2.744117
0.28557886952532907,2.744456
0.2856200132898479,2.744521
0.2856611570543668,2.744586
0.28570230081888565,2.744473
0.28574344458340445,2.74472
0.28578458834792325,2.744394
0.28582573211244217,2.744654
0.285866875876961,2.744686
0.2859080196414798,2.74454
0.2859491634059987,2.744882
0.28599030717051754,2.744732
0.28603145093503635,2.744765
0.28607259469955526,2.744934
0.2861137384640741,2.745056
0.2861548822285929,2.745118
0.2861960259931118,2.744936
0.28623716975763064,2.745007
0.2862783135221495,2.744787
0.28631945728666836,2.744917
0.28636060105118716,2.744949
0.286401744815706,2.744746
0.28644288858022493,2.744745
0.28648403234474373,2.744823
0.2865251761092626,2.744716
0.2865663198737814,2.74456
0.28660746363830025,2.744532
0.2866486074028191,2.7446
0.28668975116733797,2.744529
0.28673089493185683,2.744815
0.28677203869637563,2.744862
0.28681318246089454,2.744818
0.2868543262254134,2.744673
0.2868954699899322,2.7445
0.28693661375445106,2.744249
0.2869777575189699,2.744358
0.2870189012834888,2.74405
0.2870600450480076,2.743921
0.2871011888125265,2.744125
0.2871423325770453,2.744205
0.28718347634156416,2.744563
0.2872246201060831,2.744578
0.2872657638706019,2.744746
0.2873069076351207,2.744766
0.28734805139963954,2.744345
0.28738919516415845,2.744195
0.28743033892867725,2.744316
0.2874714826931961,2.744367
0.28751262645771497,2.744446
0.2875537702222338,2.744752
0.28759491398675263,2.744685
0.28763605775127155,2.744431
0.28767720151579035,2.744347
0.28771834528030915,2.744137
0.287759489044828,2.744133
0.2878006328093469,2.74374
0.2878417765738657,2.744249
0.2878829203383846,2.744303
0.28792406410290344,2.744353
0.2879652078674223,2.744471
0.2880063516319411,2.744413
0.28804749539646,2.744472
0.2880886391609788,2.744272
0.2881297829254976,2.744417
0.28817092669001654,2.744228
0.2882120704545354,2.74452
0.2882532142190542,2.744655
0.28829435798357306,2.744365
0.2883355017480919,2.744464
0.2883766455126108,2.744491
0.28841778927712963,2.744323
0.2884589330416485,2.744359
0.2885000768061673,2.744041
0.2885412205706862,2.743798
0.288582364335205,2.744504
0.28862350809972387,2.74467
0.28866465186424267,2.744588
0.28870579562876153,2.7443
0.28874693939328044,2.744329
0.28878808315779925,2.744311
0.2888292269223181,2.744487
0.28887037068683696,2.744539
0.28891151445135577,2.74417
0.2889526582158747,2.744314
0.28899380198039354,2.744398
0.28903494574491234,2.744349
0.2890760895094312,2.744401
0.28911723327395006,2.744218
0.2891583770384689,2.744134
0.2891995208029878,2.744461
0.2892406645675066,2.744268
0.28928180833202544,2.744132
0.28932295209654435,2.744221
0.28936409586106315,2.744265
0.289405239625582,2.744506
0.2894463833901008,2.744399
0.2894875271546197,2.744179
0.28952867091913853,2.744155
0.2895698146836574,2.744445
0.28961095844817625,2.744405
0.28965210221269505,2.744282
0.28969324597721396,2.744183
0.2897343897417328,2.744101
0.2897755335062516,2.744029
0.2898166772707705,2.744154
0.28985782103528934,2.744132
0.2898989647998082,2.744117
0.289940108564327,2.743944
0.28998125232884586,2.743928
0.2900223960933647,2.743694
0.2900635398578836,2.743217
0.29010468362240244,2.743381
0.2901458273869213,2.743488
0.2901869711514401,2.743352
0.29022811491595896,2.743481
0.29026925868047787,2.743277
0.2903104024449967,2.743221
0.2903515462095155,2.743368
0.2903926899740344,2.743306
0.2904338337385532,2.74343
0.29047497750307205,2.743262
0.29051612126759097,2.743026
0.29055726503210977,2.742872
0.29059840879662857,2.742701
0.2906395525611475,2.742882
0.29068069632566634,2.74274
0.29072184009018515,2.743107
0.290762983854704,2.743036
0.29080412761922286,2.742827
0.2908452713837417,2.743254
0.2908864151482605,2.743229
0.29092755891277944,2.743452
0.29096870267729824,2.743248
0.29100984644181704,2.743171
0.29105099020633596,2.743507
0.2910921339708548,2.743238
0.2911332777353736,2.742883
0.2911744214998925,2.742819
0.2912155652644114,2.743073
0.2912567090289302,2.74304
0.29129785279344905,2.742938
0.2913389965579679,2.742886
0.2913801403224867,2.743047
0.2914212840870056,2.743092
0.29146242785152443,2.743376
0.2915035716160433,2.743281
0.2915447153805621,2.742782
0.29158585914508095,2.742942
0.29162700290959986,2.742911
0.29166814667411867,2.742933
0.2917092904386375,2.743295
0.2917504342031564,2.743021
0.29179157796767524,2.743181
0.2918327217321941,2.743334
0.2918738654967129,2.743612
0.2919150092612317,2.743416
0.2919561530257506,2.743349
0.2919972967902695,2.743492
0.29203844055478834,2.743567
0.2920795843193072,2.743381
0.292120728083826,2.74341
0.2921618718483448,2.743327
0.29220301561286377,2.743392
0.2922441593773826,2.743407
0.29228530314190143,2.742984
0.2923264469064202,2.743088
0.29236759067093915,2.743176
0.29240873443545795,2.743329
0.29244987819997675,2.74323
0.29249102196449567,2.743129
0.29253216572901447,2.743003
0.2925733094935334,2.742978
0.29261445325805224,2.743046
0.29265559702257105,2.743009
0.29269674078708985,2.743065
0.29273788455160865,2.743235
0.2927790283161276,2.743227
0.2928201720806464,2.743245
0.2928613158451652,2.743587
0.2929024596096841,2.743394
0.292943603374203,2.743368
0.2929847471387218,2.743436
0.2930258909032407,2.743286
0.2930670346677595,2.743152
0.2931081784322783,2.743369
0.2931493221967973,2.743448
0.2931904659613161,2.743454
0.2932316097258349,2.743281
0.2932727534903538,2.743151
0.2933138972548726,2.743007
0.29335504101939147,2.743204
0.29339618478391033,2.742872
0.29343732854842913,2.74252
0.293478472312948,2.742719
0.2935196160774669,2.74291
0.29356075984198576,2.743153
0.29360190360650457,2.743049
0.29364304737102337,2.743056
0.2936841911355422,2.743185
0.2937253349000611,2.743017
0.29376647866457994,2.743022
0.29380762242909886,2.7427
0.2938487661936176,2.743101
0.2938899099581365,2.743003
0.2939310537226554,2.743262
0.2939721974871742,2.743169
0.29401334125169304,2.742914
0.2940544850162119,2.743005
0.2940956287807308,2.743178
0.29413677254524956,2.742953
0.2941779163097685,2.742695
0.2942190600742873,2.742928
0.2942602038388061,2.742991
0.29430134760332505,2.74311
0.29434249136784385,2.742939
0.29438363513236265,2.74291
0.2944247788968815,2.742916
0.2944659226614004,2.742834
0.29450706642591923,2.742778
0.29454821019043803,2.742445
0.29458935395495695,2.742811
0.29463049771947575,2.742512
0.2946716414839946,2.742425
0.2947127852485135,2.742561
0.2947539290130323,2.742579
0.2947950727775511,2.742376
0.29483621654207004,2.742488
0.2948773603065889,2.742501
0.2949185040711077,2.742247
0.29495964783562656,2.742374
0.2950007916001454,2.742435
0.2950419353646643,2.74231
0.2950830791291831,2.742305
0.295124222893702,2.742531
0.2951653666582208,2.742577
0.2952065104227396,2.742999
0.2952476541872585,2.743039
0.29528879795177737,2.742649
0.2953299417162962,2.742643
0.29537108548081503,2.742761
0.2954122292453339,2.742841
0.29545337300985275,2.742726
0.2954945167743716,2.742914
0.29553566053889047,2.742823
0.29557680430340927,2.742598
0.29561794806792824,2.742687
0.295659091832447,2.74249
0.29570023559696584,2.742511
0.29574137936148465,2.74258
0.2957825231260035,2.742695
0.2958236668905224,2.742218
0.2958648106550412,2.742392
0.2959059544195601,2.74226
0.29594709818407894,2.742607
0.29598824194859774,2.742478
0.29602938571311666,2.742598
0.29607052947763546,2.742315
0.2961116732421543,2.742278
0.2961528170066732,2.742294
0.29619396077119203,2.742383
0.2962351045357109,2.742385
0.29627624830022975,2.742139
0.29631739206474855,2.742787
0.2963585358292674,2.742443
0.2963996795937863,2.7425
0.2964408233583051,2.742343
0.296481967122824,2.742486
0.2965231108873428,2.742303
0.29656425465186165,2.742271
0.2966053984163805,2.742231
0.29664654218089936,2.742328
0.2966876859454182,2.742371
0.296728829709937,2.742242
0.29676997347445594,2.742322
0.2968111172389748,2.742168
0.2968522610034936,2.742578
0.29689340476801246,2.742474
0.2969345485325313,2.742157
0.2969756922970502,2.742251
0.297016836061569,2.742378
0.2970579798260879,2.742341
0.2970991235906067,2.742282
0.2971402673551255,2.742251
0.2971814111196444,2.741719
0.29722255488416327,2.74193
0.2972636986486821,2.742129
0.29730484241320093,2.742039
0.29734598617771985,2.742217
0.29738712994223865,2.742263
0.29742827370675745,2.742078
0.29746941747127637,2.741795
0.29751056123579517,2.741893
0.2975517050003141,2.741772
0.2975928487648329,2.7417
0.29763399252935174,2.741824
0.29767513629387055,2.741795
0.2977162800583894,2.741693
0.29775742382290826,2.741629
0.2977985675874271,2.74161
0.2978397113519459,2.741971
0.29788085511646484,2.742096
0.2979219988809837,2.741729
0.29796314264550255,2.741832
0.29800428641002136,2.741911
0.2980454301745402,2.741879
0.298086573939059,2.742055
0.298127717703578,2.742211
0.29816886146809674,2.742271
0.2982100052326156,2.742249
0.29825114899713445,2.742182
0.29829229276165337,2.741996
0.29833343652617217,2.742474
0.298374580290691,2.742649
0.29841572405520983,2.742731
0.2984568678197287,2.742651
0.2984980115842476,2.742491
0.29853915534876646,2.742449
0.29858029911328526,2.742756
0.29862144287780407,2.742905
0.2986625866423229,2.742136
0.29870373040684184,2.742388
0.29874487417136064,2.742637
0.2987860179358795,2.742553
0.2988271617003983,2.742437
0.2988683054649172,2.742472
0.2989094492294361,2.742336
0.29895059299395493,2.74258
0.29899173675847374,2.742458
0.2990328805229926,2.742678
0.29907402428751145,2.7423
0.2991151680520303,2.742593
0.29915631181654917,2.742621
0.29919745558106803,2.74254
0.2992385993455868,2.742518
0.29927974311010574,2.742495
0.29932088687462455,2.742503
0.2993620306391434,2.74246
0.2994031744036622,2.742434
0.2994443181681811,2.74242
0.2994854619326999,2.742277
0.2995266056972188,2.742378
0.29956774946173764,2.742422
0.2996088932262565,2.742478
0.2996500369907753,2.742221
0.2996911807552942,2.742347
0.299732324519813,2.742414
0.2997734682843319,2.742561
0.2998146120488507,2.742242
0.2998557558133696,2.742362
0.2998968995778884,2.742523
0.29993804334240726,2.742416
0.2999791871069261,2.742575
0.300020330871445,2.742574
0.3000614746359638,2.742443
0.3001026184004827,2.742497
0.3001437621650015,2.742617
0.30018490592952035,2.742291
0.3002260496940392,2.742502
0.30026719345855807,2.742411
0.30030833722307687,2.742308
0.3003494809875958,2.742517
0.3003906247521146,2.74234
0.30043176851663345,2.742253
0.3004729122811523,2.742472
0.30051405604567116,2.742269
0.30055519981018997,2.741819
0.3005963435747089,2.74196
0.3006374873392277,2.742161
0.30067863110374654,2.74209
0.30071977486826534,2.742295
0.30076091863278426,2.742482
0.3008020623973031,2.74252
0.300843206161822,2.74248
0.3008843499263408,2.742264
0.30092549369085964,2.741725
0.30096663745537844,2.742347
0.3010077812198974,2.742168
0.30104892498441616,2.742388
0.301090068748935,2.742407
0.30113121251345387,2.74233
0.3011723562779728,2.742159
0.3012135000424916,2.742169
0.30125464380701045,2.742202
0.30129578757152925,2.742029
0.3013369313360481,2.742055
0.301378075100567,2.742067
0.3014192188650859,2.742177
0.30146036262960463,2.742148
0.30150150639412343,2.742214
0.30154265015864234,2.742132
0.30158379392316126,2.742315
0.30162493768768006,2.742238
0.3016660814521989,2.741727
0.3017072252167177,2.741753
0.30174836898123664,2.741681
0.3017895127457555,2.741944
0.30183065651027435,2.741961
0.30187180027479316,2.741897
0.301912944039312,2.741998
0.3019540878038309,2.742254
0.30199523156834973,2.742105
0.3020363753328686,2.7421
0.30207751909738734,2.741894
0.3021186628619062,2.742053
0.30215980662642516,2.742167
0.30220095039094397,2.742029
0.3022420941554628,2.742156
0.30228323791998163,2.74228
0.30232438168450054,2.741992
0.30236552544901935,2.742054
0.3024066692135382,2.741849
0.30244781297805706,2.741419
0.3024889567425759,2.741839
0.3025301005070947,2.742158
0.30257124427161364,2.741935
0.30261238803613244,2.741825
0.3026535318006513,2.741878
0.30269467556517016,2.74193
0.302735819329689,2.7421
0.3027769630942078,2.742135
0.3028181068587266,2.741847
0.30285925062324554,2.742409
0.3029003943877644,2.742392
0.3029415381522832,2.741965
0.3029826819168021,2.741866
0.3030238256813209,2.741983
0.3030649694458397,2.742115
0.30310611321035863,2.741978
0.3031472569748775,2.742075
0.3031884007393963,2.7416
0.3032295445039152,2.741762
0.303270688268434,2.742056
0.3033118320329528,2.742029
0.3033529757974717,2.741724
0.3033941195619906,2.741765
0.3034352633265094,2.742128
0.3034764070910283,2.741866
0.3035175508555471,2.741928
0.3035586946200659,2.741585
0.30359983838458476,2.741759
0.3036409821491037,2.741603
0.30368212591362254,2.741774
0.3037232696781413,2.741873
0.3037644134426602,2.741703
0.303805557207179,2.741862
0.3038467009716979,2.742075
0.3038878447362168,2.74178
0.3039289885007356,2.741619
0.3039701322652544,2.74196
0.3040112760297733,2.741862
0.3040524197942922,2.741912
0.304093563558811,2.742039
0.30413470732332987,2.742067
0.30417585108784867,2.742024
0.3042169948523675,2.741898
0.30425813861688644,2.741695
0.3042992823814053,2.741567
0.30434042614592405,2.741657
0.30438156991044285,2.741772
0.3044227136749618,2.74181
0.3044638574394807,2.742065
0.3045050012039995,2.742057
0.3045461449685183,2.741884
0.30458728873303714,2.741619
0.304628432497556,2.741784
0.3046695762620749,2.741641
0.3047107200265938,2.741822
0.3047518637911125,2.742237
0.3047930075556314,2.742157
0.3048341513201503,2.741831
0.3048752950846691,2.742027
0.30491643884918795,2.742023
0.30495758261370676,2.741899
0.30499872637822567,2.742002
0.3050398701427445,2.742095
0.3050810139072634,2.741535
0.3051221576717822,2.742023
0.30516330143630105,2.741868
0.30520444520081996,2.74157
0.30524558896533877,2.741613
0.30528673272985757,2.741629
0.3053278764943765,2.741446
0.30536902025889523,2.74137
0.30541016402341414,2.741416
0.30545130778793306,2.740987
0.30549245155245186,2.741554
0.30553359531697066,2.741657
0.3055747390814896,2.741571
0.3056158828460084,2.741761
0.30565702661052724,2.741842
0.30569817037504604,2.741556
0.30573931413956495,2.741699
0.30578045790408376,2.741737
0.3058216016686026,2.741482
0.3058627454331215,2.741399
0.30590388919764033,2.74168
0.30594503296215914,2.741783
0.30598617672667805,2.741439
0.30602732049119685,2.741754
0.3060684642557157,2.74165
0.30610960802023457,2.741511
0.3061507517847534,2.741392
0.30619189554927223,2.741095
0.30623303931379114,2.741474
0.30627418307830995,2.741557
0.3063153268428288,2.741377
0.30635647060734766,2.741324
0.3063976143718665,2.741351
0.3064387581363853,2.741574
0.3064799019009042,2.741548
0.30652104566542304,2.741599
0.3065621894299419,2.741353
0.3066033331944607,2.741091
0.3066444769589796,2.741122
0.3066856207234984,2.741307
0.30672676448801733,2.741625
0.30676790825253614,2.741419
0.306809052017055,2.74127
0.3068501957815738,2.741569
0.3068913395460927,2.741955
0.3069324833106116,2.741297
0.30697362707513043,2.741405
0.30701477083964923,2.741262
0.3070559146041681,2.741209
0.30709705836868695,2.741308
0.30713820213320586,2.74124
0.3071793458977246,2.741495
0.30722048966224347,2.741358
0.30726163342676227,2.741702
0.30730277719128124,2.741474
0.30734392095580004,2.741517
0.3073850647203189,2.741542
0.3074262084848377,2.74162
0.30746735224935656,2.741648
0.3075084960138754,2.741636
0.30754963977839433,2.742227
0.30759078354291314,2.742361
0.30763192730743194,2.742075
0.30767307107195085,2.741721
0.3077142148364697,2.74165
0.3077553586009885,2.74157
0.3077965023655074,2.74153
0.3078376461300262,2.741645
0.3078787898945451,2.741541
0.3079199336590639,2.741523
0.3079610774235828,2.741602
0.3080022211881016,2.741502
0.3080433649526204,2.741519
0.3080845087171393,2.741341
0.3081256524816582,2.741618
0.308166796246177,2.741795
0.30820794001069585,2.741608
0.3082490837752147,2.741498
0.30829022753973356,2.741355
0.3083313713042524,2.741384
0.3083725150687713,2.741455
0.3084136588332901,2.741748
0.308454802597809,2.741241
0.3084959463623278,2.741506
0.30853709012684666,2.741368
0.30857823389136546,2.741191
0.3086193776558844,2.741113
0.3086605214204032,2.741271
0.30870166518492204,2.741155
0.3087428089494409,2.741358
0.30878395271395975,2.740966
0.30882509647847856,2.740385
0.30886624024299747,2.740791
0.3089073840075163,2.741097
0.30894852777203513,2.741099
0.308989671536554,2.741137
0.30903081530107285,2.741143
0.30907195906559165,2.741184
0.30911310283011056,2.740934
0.30915424659462937,2.740807
0.3091953903591482,2.740596
0.3092365341236671,2.740726
0.30927767788818594,2.740793
0.30931882165270475,2.740597
0.3093599654172236,2.740599
0.3094011091817425,2.740366
0.3094422529462613,2.740249
0.3094833967107801,2.740326
0.30952454047529904,2.740554
0.30956568423981784,2.740273
0.30960682800433675,2.740602
0.30964797176885556,2.740527
0.3096891155333744,2.740473
0.3097302592978932,2.740667
0.30977140306241213,2.740592
0.309812546826931,2.740904
0.3098536905914498,2.741045
0.3098948343559686,2.740791
0.3099359781204875,2.740632
0.30997712188500637,2.740582
0.3100182656495252,2.74064
0.31005940941404403,2.740655
0.3101005531785629,2.740702
0.3101416969430817,2.740685
0.31018284070760066,2.740593
0.31022398447211946,2.740751
0.3102651282366383,2.740957
0.3103062720011571,2.740782
0.310347415765676,2.740641
0.31038855953019484,2.74065
0.31042970329471375,2.740741
0.3104708470592325,2.740967
0.31051199082375136,2.741031
0.3105531345882703,2.741016
0.31059427835278913,2.740794
0.31063542211730794,2.740653
0.3106765658818268,2.740326
0.3107177096463456,2.740319
0.3107588534108645,2.740657
0.3107999971753833,2.740667
0.3108411409399022,2.740672
0.31088228470442103,2.740572
0.3109234284689398,2.740583
0.31096457223345875,2.740584
0.3110057159979776,2.74042
0.3110468597624964,2.740326
0.31108800352701527,2.74004
0.3111291472915341,2.740441
0.311170291056053,2.740637
0.31121143482057184,2.740752
0.3112525785850907,2.740504
0.3112937223496095,2.740598
0.3113348661141284,2.740328
0.3113760098786472,2.740023
0.3114171536431661,2.740058
0.3114582974076849,2.739698
0.3114994411722038,2.739753
0.3115405849367226,2.740063
0.31158172870124146,2.740206
0.3116228724657603,2.740028
0.3116640162302792,2.739982
0.311705159994798,2.740077
0.3117463037593169,2.740079
0.3117874475238357,2.740128
0.31182859128835455,2.739787
0.3118697350528734,2.740069
0.31191087881739227,2.739976
0.31195202258191107,2.740276
0.31199316634643,2.74011
0.3120343101109488,2.740105
0.3120754538754677,2.740118
0.3121165976399865,2.740072
0.31215774140450536,2.740333
0.31219888516902417,2.739811
0.312240028933543,2.739867
0.3122811726980619,2.739873
0.31232231646258074,2.739727
0.31236346022709954,2.739719
0.31240460399161846,2.739729
0.31244574775613726,2.739742
0.3124868915206562,2.739619
0.312528035285175,2.739679
0.31256917904969383,2.73948
0.31261032281421264,2.739763
0.3126514665787316,2.739809
0.3126926103432504,2.739587
0.3127337541077692,2.739541
0.312774897872288,2.739399
0.31281604163680693,2.739579
0.3128571854013258,2.739643
0.31289832916584465,2.739546
0.31293947293036345,2.739496
0.3129806166948823,2.739525
0.3130217604594011,2.739617
0.3130629042239201,2.739749
0.3131040479884389,2.739775
0.31314519175295763,2.739644
0.31318633551747654,2.73948
0.31322747928199546,2.739431
0.31326862304651426,2.739487
0.3133097668110332,2.739439
0.3133509105755519,2.739465
0.3133920543400707,2.739403
0.3134331981045897,2.739165
0.31347434186910855,2.739273
0.31351548563362736,2.739486
0.3135566293981462,2.73946
0.313597773162665,2.739634
0.31363891692718393,2.739625
0.31368006069170273,2.739543
0.31372120445622165,2.739366
0.3137623482207404,2.739658
0.3138034919852593,2.739558
0.31384463574977817,2.739738
0.313885779514297,2.739379
0.31392692327881583,2.739172
0.31396806704333463,2.739053
0.31400921080785354,2.739276
0.3140503545723724,2.739523
0.31409149833689126,2.7391
0.3141326421014101,2.739338
0.3141737858659289,2.739436
0.31421492963044784,2.739491
0.31425607339496664,2.739414
0.3142972171594855,2.739421
0.3143383609240043,2.739336
0.3143795046885232,2.739339
0.314420648453042,2.73925
0.3144617922175608,2.738917
0.31450293598207973,2.739268
0.3145440797465986,2.739323
0.3145852235111174,2.739092
0.3146263672756363,2.738598
0.3146675110401551,2.738723
0.3147086548046739,2.738765
0.31474979856919283,2.738894
0.3147909423337117,2.738649
0.3148320860982305,2.738281
0.3148732298627493,2.738602
0.3149143736272682,2.738541
0.3149555173917871,2.738572
0.31499666115630587,2.738421
0.3150378049208248,2.738817
0.3150789486853436,2.738892
0.3151200924498624,2.738909
0.3151612362143813,2.738769
0.3152023799789001,2.738599
0.31524352374341896,2.738906
0.3152846675079379,2.739077
0.3153258112724567,2.739161
0.3153669550369756,2.739331
0.3154080988014944,2.739413
0.3154492425660132,2.739233
0.31549038633053206,2.7392
0.315531530095051,2.739154
0.3155726738595698,2.738871
0.3156138176240886,2.739233
0.31565496138860744,2.739265
0.3156961051531263,2.739229
0.3157372489176452,2.739287
0.31577839268216407,2.739406
0.31581953644668287,2.739374
0.31586068021120167,2.739715
0.3159018239757206,2.73974
0.3159429677402395,2.739065
0.3159841115047583,2.738973
0.31602525526927705,2.739377
0.31606639903379596,2.739275
0.3161075427983149,2.739181
0.3161486865628337,2.739172
0.3161898303273525,2.739367
0.31623097409187134,2.739466
0.31627211785639014,2.739494
0.3163132616209091,2.7391
0.316354405385428,2.739286
0.3163955491499468,2.739459
0.3164366929144655,2.739386
0.3164778366789845,2.739658
0.31651898044350335,2.739607
0.31656012420802215,2.739426
0.31660126797254107,2.739953
0.3166424117370598,2.739947
0.3166835555015787,2.739931
0.3167246992660976,2.739659
0.3167658430306164,2.739891
0.31680698679513525,2.739848
0.31684813055965405,2.739582
0.31688927432417296,2.739782
0.31693041808869177,2.740113
0.3169715618532107,2.740105
0.3170127056177295,2.739654
0.31705384938224834,2.739466
0.31709499314676726,2.739071
0.31713613691128606,2.739285
0.31717728067580486,2.739376
0.3172184244403237,2.739589
0.3172595682048426,2.739511
0.31730071196936144,2.739577
0.31734185573388024,2.739499
0.31738299949839915,2.739494
0.31742414326291796,2.739496
0.3174652870274368,2.738908
0.3175064307919557,2.739214
0.31754757455647453,2.739413
0.31758871832099334,2.739521
0.31762986208551225,2.739516
0.31767100585003105,2.739624
0.3177121496145499,2.739607
0.3177532933790687,2.739505
0.3177944371435876,2.739779
0.31783558090810643,2.739587
0.3178767246726253,2.739779
0.31791786843714415,2.73965
0.317959012201663,2.739347
0.3180001559661818,2.739302
0.3180412997307007,2.739279
0.3180824434952195,2.739605
0.3181235872597384,2.739422
0.31816473102425724,2.739152
0.31820587478877616,2.739094
0.31824701855329496,2.73915
0.3182881623178138,2.738915
0.3183293060823326,2.739211
0.3183704498468515,2.739261
0.31841159361137045,2.73926
0.3184527373758892,2.739291
0.318493881140408,2.739196
0.31853502490492686,2.73884
0.3185761686694457,2.738789
0.31861731243396463,2.73934
0.31865845619848343,2.739394
0.3186995999630023,2.739708
0.3187407437275211,2.73976
0.31878188749204,2.739517
0.3188230312565589,2.739218
0.31886417502107767,2.739182
0.31890531878559647,2.739467
0.3189464625501154,2.73916
0.31898760631463424,2.739381
0.3190287500791531,2.739524
0.3190698938436719,2.739312
0.31911103760819076,2.739335
0.31915218137270956,2.739223
0.31919332513722853,2.739156
0.31923446890174734,2.739488
0.3192756126662662,2.739353
0.31931675643078494,2.73933
0.3193579001953039,2.738834
0.3193990439598227,2.739202
0.3194401877243416,2.739255
0.3194813314888604,2.739217
0.31952247525337923,2.73911
0.3195636190178981,2.739264
0.319604762782417,2.738765
0.3196459065469358,2.73914
0.31968705031145467,2.739001
0.31972819407597347,2.73859
0.3197693378404924,2.738955
0.3198104816050112,2.739052
0.31985162536953005,2.739283
0.3198927691340489,2.739307
0.31993391289856776,2.739528
0.31997505666308657,2.739352
0.3200162004276055,2.739449
0.3200573441921243,2.739192
0.32009848795664314,2.738703
0.320139631721162,2.739008
0.32018077548568086,2.739201
0.32022191925019966,2.739019
0.3202630630147186,2.739307
0.3203042067792374,2.739352
0.32034535054375624,2.739208
0.3203864943082751,2.739248
0.32042763807279395,2.739134
0.32046878183731276,2.738629
0.32050992560183167,2.739213
0.32055106936635047,2.73931
0.32059221313086933,2.739035
0.32063335689538813,2.738513
0.32067450065990705,2.738633
0.32071564442442585,2.738674
0.3207567881889447,2.738891
0.32079793195346357,2.738649
0.3208390757179824,2.73845
0.3208802194825013,2.738698
0.32092136324702014,2.73876
0.32096250701153894,2.738475
0.3210036507760578,2.738325
0.32104479454057666,2.738533
0.3210859383050956,2.738678
0.3211270820696143,2.738804
0.32116822583413324,2.738671
0.32120936959865204,2.738185
0.3212505133631709,2.738494
0.32129165712768976,2.738399
0.3213328008922086,2.738596
0.3213739446567274,2.738493
0.3214150884212463,2.738586
0.3214562321857652,2.738454
0.32149737595028405,2.738484
0.3215385197148028,2.738355
0.3215796634793217,2.738077
0.3216208072438405,2.73861
0.3216619510083594,2.738395
0.3217030947728783,2.737948
0.3217442385373971,2.738252
0.3217853823019159,2.738145
0.3218265260664348,2.737663
0.32186766983095366,2.737719
0.3219088135954725,2.737751
0.3219499573599913,2.737637
0.3219911011245102,2.737548
0.32203224488902904,2.737905
0.32207338865354795,2.737791
0.32211453241806676,2.737813
0.32215567618258556,2.738188
0.32219681994710436,2.738321
0.32223796371162333,2.738132
0.32227910747614213,2.738194
0.322320251240661,2.738187
0.3223613950051798,2.737893
0.32240253876969865,2.737854
0.3224436825342175,2.738288
0.3224848262987364,2.738061
0.32252597006325523,2.738025
0.3225671138277741,2.738077
0.32260825759229295,2.73808
0.3226494013568118,2.738314
0.3226905451213306,2.738365
0.32273168888584947,2.73795
0.32277283265036827,2.738142
0.3228139764148872,2.738157
0.322855120179406,2.738145
0.3228962639439249,2.738228
0.3229374077084437,2.738018
0.32297855147296256,2.738021
0.3230196952374814,2.738192
0.3230608390020003,2.738181
0.3231019827665191,2.737859
0.323143126531038,2.73815
0.3231842702955568,2.737993
0.32322541406007566,2.738104
0.3232665578245945,2.738058
0.32330770158911337,2.737907
0.3233488453536322,2.738422
0.3233899891181511,2.738349
0.3234311328826699,2.738308
0.32347227664718875,2.738234
0.32351342041170755,2.738414
0.32355456417622647,2.738343
0.32359570794074527,2.738533
0.32363685170526413,2.738398
0.323677995469783,2.738549
0.32371913923430184,2.73844
0.3237602829988207,2.738565
0.32380142676333956,2.738501
0.32384257052785836,2.737963
0.3238837142923772,2.738391
0.3239248580568961,2.738253
0.32396600182141494,2.738079
0.32400714558593374,2.738028
0.32404828935045266,2.738214
0.32408943311497146,2.738183
0.3241305768794904,2.738393
0.3241717206440092,2.738451
0.32421286440852803,2.738346
0.32425400817304684,2.738055
0.32429515193756564,2.737982
0.3243362957020846,2.737993
0.32437743946660347,2.737687
0.3244185832311222,2.737798
0.32445972699564113,2.737705
0.32450087076015993,2.737572
0.32454201452467885,2.737738
0.32458315828919765,2.73765
0.3246243020537165,2.737563
0.3246654458182353,2.737715
0.3247065895827543,2.737856
0.3247477333472731,2.737562
0.32478887711179194,2.737721
0.3248300208763107,2.738159
0.3248711646408296,2.738027
0.32491230840534846,2.737864
0.3249534521698673,2.737641
0.3249945959343862,2.737637
0.3250357396989049,2.737862
0.3250768834634238,2.73798
0.32511802722794275,2.738172
0.32515917099246155,2.738018
0.3252003147569804,2.737871
0.3252414585214992,2.73771
0.32528260228601813,2.737963
0.32532374605053693,2.737861
0.32536488981505585,2.737967
0.32540603357957465,2.73816
0.3254471773440934,2.738026
0.32548832110861237,2.738134
0.3255294648731312,2.738129
0.32557060863765,2.737702
0.32561175240216883,2.737662
0.3256528961666877,2.737605
0.3256940399312066,2.737786
0.3257351836957254,2.737642
0.3257763274602443,2.737938
0.3258174712247631,2.737865
0.3258586149892819,2.737761
0.32589975875380084,2.737846
0.3259409025183197,2.737859
0.3259820462828385,2.73793
0.3260231900473574,2.737646
0.3260643338118762,2.73766
0.326105477576395,2.737422
0.32614662134091393,2.737446
0.3261877651054328,2.737481
0.3262289088699516,2.737606
0.3262700526344705,2.73753
0.3263111963989893,2.737457
0.3263523401635081,2.737381
0.326393483928027,2.737294
0.3264346276925459,2.737394
0.3264757714570647,2.737096
0.3265169152215835,2.737425
0.3265580589861024,2.737302
0.3265992027506212,2.737123
0.3266403465151401,2.737201
0.326681490279659,2.737
0.3267226340441778,2.737065
0.3267637778086966,2.736952
0.3268049215732155,2.737047
0.3268460653377343,2.736993
0.32688720910225316,2.737244
0.3269283528667721,2.737279
0.3269694966312909,2.737075
0.3270106403958098,2.737034
0.3270517841603286,2.7371
0.3270929279248474,2.737416
0.32713407168936626,2.737413
0.32717521545388506,2.737351
0.32721635921840403,2.736814
0.3272575029829228,2.73705
0.32729864674744163,2.737309
0.3273397905119605,2.737142
0.32738093427647935,2.736761
0.32742207804099827,2.736866
0.32746322180551707,2.736994
0.32750436557003587,2.737099
0.32754550933455473,2.736777
0.3275866530990737,2.736481
0.3276277968635925,2.736319
0.32766894062811136,2.736469
0.3277100843926301,2.736495
0.32775122815714897,2.736317
0.3277923719216679,2.736264
0.3278335156861867,2.736192
0.32787465945070554,2.736358
0.32791580321522434,2.736257
0.3279569469797432,2.736018
0.32799809074426217,2.73614
0.328039234508781,2.736405
0.3280803782732998,2.736408
0.32812152203781864,2.736607
0.32816266580233755,2.736221
0.32820380956685635,2.736111
0.32824495333137527,2.736179
0.32828609709589407,2.736125
0.3283272408604128,2.736118
0.3283683846249318,2.736098
0.32840952838945064,2.736331
0.32845067215396945,2.736296
0.32849181591848825,2.736123
0.32853295968300716,2.736174
0.32857410344752597,2.736316
0.3286152472120448,2.736315
0.3286563909765637,2.736001
0.32869753474108254,2.736209
0.32873867850560134,2.735929
0.32877982227012026,2.736439
0.32882096603463906,2.73633
0.3288621097991579,2.736387
0.3289032535636767,2.736581
0.32894439732819564,2.736623
0.32898554109271444,2.736372
0.32902668485723335,2.736311
0.32906782862175216,2.73655
0.329108972386271,2.736238
0.3291501161507899,2.736609
0.32919125991530873,2.736581
0.32923240367982753,2.736363
0.3292735474443464,2.736211
0.32931469120886525,2.736231
0.3293558349733841,2.736116
0.3293969787379029,2.736648
0.3294381225024218,2.736456
0.32947926626694063,2.73617
0.3295204100314595,2.736579
0.32956155379597835,2.736313
0.3296026975604972,2.73631
0.329643841325016,2.736367
0.3296849850895349,2.736404
0.3297261288540537,2.736597
0.3297672726185726,2.73648
0.3298084163830914,2.736567
0.3298495601476103,2.736193
0.32989070391212916,2.736378
0.329931847676648,2.736349
0.3299729914411668,2.736302
0.3300141352056857,2.736049
0.3300552789702045,2.736139
0.33009642273472345,2.736284
0.3301375664992422,2.736252
0.33017871026376105,2.736154
0.3302198540282799,2.736078
0.3302609977927988,2.736678
0.33030214155731763,2.736466
0.3303432853218365,2.736251
0.3303844290863553,2.736165
0.33042557285087415,2.736428
0.3304667166153931,2.736488
0.3305078603799119,2.736623
0.33054900414443067,2.736491
0.3305901479089495,2.736235
0.3306312916734684,2.736164
0.3306724354379873,2.73622
0.3307135792025061,2.736147
0.33075472296702496,2.736207
0.33079586673154376,2.73604
0.3308370104960627,2.736061
0.33087815426058154,2.7362
0.3309192980251004,2.736348
0.3309604417896192,2.736137
0.33100158555413806,2.735862
0.3310427293186569,2.73605
0.3310838730831758,2.735988
0.33112501684769463,2.735943
0.33116616061221343,2.736048
0.33120730437673224,2.736105
0.3312484481412512,2.735899
0.33128959190577,2.736063
0.33133073567028887,2.735923
0.33137187943480767,2.735798
0.3314130231993266,2.736084
0.3314541669638454,2.736304
0.33149531072836425,2.736445
0.3315364544928831,2.736037
0.33157759825740196,2.736223
0.33161874202192076,2.736303
0.3316598857864397,2.736145
0.3317010295509585,2.735916
0.33174217331547734,2.735557
0.33178331707999614,2.735918
0.33182446084451506,2.735926
0.33186560460903386,2.735965
0.3319067483735528,2.736279
0.3319478921380716,2.736011
0.33198903590259043,2.735945
0.3320301796671093,2.736031
0.33207132343162815,2.735845
0.33211246719614695,2.735558
0.3321536109606658,2.735931
0.33219475472518467,2.73609
0.33223589848970353,2.736189
0.33227704225422233,2.73621
0.33231818601874125,2.736163
0.33235932978326005,2.736166
0.3324004735477789,2.736038
0.33244161731229777,2.736133
0.3324827610768166,2.73539
0.3325239048413354,2.73575
0.33256504860585434,2.73587
0.33260619237037314,2.736314
0.332647336134892,2.736219
0.3326884798994108,2.736233
0.3327296236639297,2.736099
0.3327707674284486,2.736036
0.3328119111929674,2.736144
0.33285305495748624,2.735781
0.3328941987220051,2.736071
0.33293534248652396,2.736113
0.3329764862510428,2.736131
0.3330176300155616,2.735939
0.3330587737800805,2.736171
0.33309991754459933,2.73608
0.33314106130911825,2.73628
0.33318220507363705,2.736592
0.3332233488381559,2.736202
0.3332644926026747,2.736259
0.33330563636719357,2.736538
0.3333467801317125,2.73632
0.33338792389623134,2.736164
0.3334290676607501,2.736295
0.33347021142526895,2.736407
0.33351135518978786,2.736572
0.3335524989543067,2.736513
0.3335936427188255,2.736461
0.3336347864833444,2.736489
0.3336759302478632,2.736903
0.3337170740123821,2.737176
0.33375821777690096,2.737146
0.3337993615414198,2.736998
0.33384050530593856,2.737183
0.3338816490704575,2.737249
0.33392279283497633,2.737183
0.3339639365994952,2.7367
0.33400508036401405,2.736448
0.33404622412853285,2.736692
0.3340873678930517,2.736619
0.3341285116575706,2.736661
0.33416965542208943,2.736768
0.3342107991866083,2.736643
0.3342519429511271,2.736834
0.334293086715646,2.736881
0.3343342304801648,2.73672
0.33437537424468367,2.736387
0.3344165180092025,2.736656
0.33445766177372127,2.736746
0.3344988055382402,2.736676
0.3345399493027591,2.736607
0.3345810930672779,2.736705
0.33462223683179676,2.736675
0.3346633805963156,2.736446
0.3347045243608345,2.736326
0.3347456681253533,2.736059
0.33478681188987214,2.736432
0.334827955654391,2.736473
0.33486909941890985,2.73653
0.33491024318342866,2.736479
0.33495138694794757,2.736419
0.3349925307124664,2.736648
0.33503367447698523,2.736582
0.3350748182415041,2.736607
0.33511596200602295,2.736285
0.33515710577054175,2.736449
0.33519824953506067,2.736366
0.33523939329957947,2.736398
0.3352805370640983,2.736086
0.3353216808286172,2.736237
0.33536282459313604,2.735995
0.33540396835765485,2.736083
0.33544511212217376,2.736014
0.33548625588669256,2.735873
0.3355273996512114,2.736301
0.3355685434157302,2.736277
0.33560968718024914,2.736248
0.335650830944768,2.736388
0.33569197470928674,2.736429
0.33573311847380566,2.736392
0.3357742622383245,2.736545
0.3358154060028434,2.736902
0.33585654976736223,2.73644
0.33589769353188104,2.736731
0.33593883729639984,2.73684
0.33597998106091875,2.736488
0.33602112482543767,2.736719
0.33606226858995647,2.73664
0.33610341235447533,2.73666
0.33614455611899413,2.736806
0.33618569988351293,2.736757
0.3362268436480319,2.73655
0.3362679874125507,2.736766
0.3363091311770695,2.736625
0.3363502749415883,2.736338
0.3363914187061073,2.736479
0.33643256247062614,2.736584
0.33647370623514494,2.736267
0.3365148499996638,2.736365
0.3365559937641826,2.736473
0.3365971375287015,2.736527
0.3366382812932204,2.73636
0.33667942505773923,2.736506
0.336720568822258,2.736566
0.3367617125867769,2.736533
0.33680285635129575,2.736392
0.3368440001158146,2.736438
0.3368851438803334,2.736501
0.3369262876448522,2.736507
0.33696743140937113,2.736329
0.33700857517389005,2.736318
0.33704971893840885,2.736536
0.3370908627029277,2.736062
0.33713200646744645,2.736057
0.3371731502319654,2.736246
0.3372142939964842,2.736033
0.3372554377610031,2.73605
0.3372965815255219,2.736408
0.3373377252900408,2.736365
0.3373788690545596,2.735928
0.3374200128190785,2.73609
0.3374611565835973,2.736228
0.3375023003481161,2.735879
0.33754344411263504,2.735684
0.3375845878771539,2.735803
0.3376257316416727,2.736036
0.3376668754061915,2.735675
0.3377080191707104,2.735797
0.3377491629352292,2.735461
0.3377903066997481,2.735794
0.337831450464267,2.735824
0.3378725942287858,2.735888
0.3379137379933046,2.736017
0.3379548817578235,2.736108
0.3379960255223423,2.73611
0.33803716928686117,2.736109
0.3380783130513801,2.736151
0.3381194568158989,2.735751
0.3381606005804177,2.736386
0.3382017443449366,2.736384
0.3382428881094554,2.736154
0.33828403187397427,2.736223
0.3383251756384932,2.736181
0.338366319403012,2.736173
0.3384074631675308,2.735725
0.33844860693204964,2.735947
0.3384897506965686,2.735271
0.33853089446108736,2.735636
0.33857203822560616,2.735406
0.3386131819901251,2.73537
0.3386543257546439,2.735392
0.3386954695191628,2.735597
0.3387366132836816,2.735577
0.33877775704820046,2.735468
0.33881890081271926,2.735467
0.3388600445772382,2.735332
0.3389011883417571,2.735744
0.33894233210627583,2.735604
0.3389834758707947,2.735795
0.33902461963531355,2.736094
0.33906576339983246,2.73594
0.3391069071643513,2.735684
0.33914805092887007,2.735616
0.33918919469338893,2.735652
0.33923033845790773,2.735393
0.3392714822224267,2.735471
0.33931262598694556,2.735696
0.33935376975146436,2.735549
0.33939491351598317,2.735313
0.339436057280502,2.735274
0.3394772010450209,2.735454
0.3395183448095398,2.735183
0.33955948857405854,2.735414
0.3396006323385774,2.735336
0.33964177610309637,2.735262
0.3396829198676152,2.735512
0.339724063632134,2.735449
0.33976520739665284,2.735258
0.33980635116117164,2.735134
0.33984749492569055,2.734988
0.33988863869020935,2.734884
0.33992978245472827,2.734994
0.33997092621924707,2.734843
0.3400120699837659,2.734518
0.34005321374828484,2.734769
0.34009435751280365,2.734831
0.34013550127732245,2.734558
0.3401766450418413,2.734687
0.34021778880636017,2.734888
0.340258932570879,2.734762
0.34030007633539794,2.734811
0.34034122009991674,2.734698
0.34038236386443554,2.734496
0.34042350762895446,2.73465
0.34046465139347326,2.734768
0.3405057951579921,2.734701
0.3405469389225109,2.73457
0.3405880826870298,2.734337
0.34062922645154864,2.734204
0.3406703702160675,2.734356
0.34071151398058636,2.73457
0.3407526577451052,2.734457
0.340793801509624,2.734635
0.34083494527414293,2.734688
0.34087608903866173,2.733994
0.3409172328031806,2.734151
0.34095837656769945,2.734342
0.3409995203322183,2.73454
0.3410406640967371,2.733903
0.341081807861256,2.734151
0.34112295162577483,2.733711
0.3411640953902937,2.733898
0.34120523915481255,2.734015
0.3412463829193314,2.733929
0.3412875266838502,2.733911
0.34132867044836906,2.734449
0.3413698142128879,2.734095
0.3414109579774068,2.73369
0.3414521017419256,2.733442
0.3414932455064445,2.733372
0.3415343892709633,2.733541
0.3415755330354822,2.733601
0.341616676800001,2.733575
0.3416578205645199,2.733446
0.3416989643290387,2.733513
0.34174010809355765,2.73353
0.34178125185807645,2.733491
0.34182239562259525,2.733622
0.3418635393871141,2.733452
0.34190468315163297,2.733711
0.34194582691615183,2.733617
0.3419869706806707,2.73355
0.3420281144451895,2.733751
0.34206925820970835,2.733505
0.34211040197422715,2.733495
0.3421515457387461,2.733737
0.3421926895032649,2.733692
0.3422338332677837,2.733397
0.3422749770323026,2.733684
0.3423161207968215,2.733462
0.3423572645613403,2.733319
0.3423984083258592,2.733161
0.34243955209037796,2.733056
0.3424806958548968,2.733262
0.34252183961941574,2.733188
0.3425629833839346,2.733359
0.3426041271484534,2.732982
0.34264527091297226,2.733021
0.34268641467749106,2.733309
0.34272755844200997,2.733303
0.3427687022065288,2.733491
0.3428098459710477,2.733306
0.34285098973556644,2.73335
0.34289213350008535,2.733464
0.3429332772646042,2.733737
0.34297442102912307,2.73354
0.34301556479364187,2.73318
0.34305670855816073,2.733384
0.3430978523226796,2.733227
0.34313899608719844,2.733248
0.3431801398517173,2.733188
0.34322128361623616,2.733167
0.34326242738075496,2.73316
0.3433035711452739,2.732957
0.3433447149097927,2.733019
0.34338585867431154,2.732733
0.34342700243883034,2.732907
0.34346814620334926,2.732766
0.34350928996786806,2.732765
0.3435504337323869,2.732731
0.3435915774969058,2.732964
0.34363272126142463,2.732983
0.34367386502594344,2.733069
0.34371500879046235,2.732871
0.34375615255498115,2.732799
0.3437972963195,2.732841
0.34383844008401887,2.732889
0.34387958384853773,2.732824
0.34392072761305653,2.733129
0.34396187137757545,2.733158
0.34400301514209425,2.733481
0.34404415890661316,2.733507
0.34408530267113197,2.733218
0.3441264464356508,2.73294
0.3441675902001696,2.733074
0.3442087339646885,2.733417
0.34424987772920734,2.733383
0.3442910214937262,2.733335
0.344332165258245,2.733215
0.3443733090227639,2.733361
0.3444144527872827,2.7336
0.34445559655180163,2.733196
0.34449674031632044,2.733066
0.3445378840808393,2.733312
0.3445790278453581,2.733452
0.34462017160987707,2.733157
0.3446613153743958,2.732878
0.3447024591389147,2.732737
0.3447436029034335,2.732751
0.3447847466679524,2.732816
0.34482589043247125,2.732713
0.3448670341969901,2.732622
0.3449081779615089,2.732781
0.34494932172602777,2.732872
0.34499046549054657,2.732681
0.34503160925506554,2.73267
0.34507275301958434,2.732336
0.34511389678410315,2.732671
0.345155040548622,2.73277
0.3451961843131409,2.732885
0.3452373280776597,2.732758
0.3452784718421786,2.732556
0.3453196156066974,2.732662
0.34536075937121624,2.732797
0.34540190313573516,2.732738
0.345443046900254,2.732704
0.3454841906647728,2.732705
0.34552533442929156,2.732878
0.3455664781938105,2.732586
0.3456076219583294,2.73266
0.3456487657228482,2.732684
0.3456899094873671,2.732734
0.34573105325188586,2.732755
0.34577219701640477,2.732876
0.34581334078092363,2.73286
0.3458544845454425,2.732821
0.3458956283099613,2.73261
0.34593677207448015,2.732464
0.345977915838999,2.732501
0.34601905960351786,2.732447
0.3460602033680367,2.732656
0.3461013471325556,2.732721
0.3461424908970744,2.732662
0.3461836346615933,2.732496
0.3462247784261121,2.732508
0.34626592219063096,2.73243
0.34630706595514976,2.732507
0.3463482097196687,2.732609
0.3463893534841875,2.732423
0.34643049724870634,2.73263
0.3464716410132252,2.732718
0.34651278477774405,2.732852
0.34655392854226286,2.73266
0.34659507230678177,2.732351
0.3466362160713006,2.732533
0.34667735983581943,2.732566
0.3467185036003383,2.732634
0.34675964736485715,2.732453
0.34680079112937595,2.732993
0.34684193489389487,2.732886
0.34688307865841367,2.732829
0.3469242224229325,2.732576
0.3469653661874514,2.732625
0.34700650995197024,2.732835
0.34704765371648905,2.732728
0.34708879748100785,2.732569
0.34712994124552676,2.732345
0.3471710850100456,2.732661
0.3472122287745644,2.732617
0.34725337253908334,2.732295
0.3472945163036022,2.732737
0.34733566006812105,2.732608
0.34737680383263986,2.732858
0.3474179475971587,2.732743
0.3474590913616775,2.732494
0.3475002351261965,2.73216
0.34754137889071524,2.732906
0.34758252265523404,2.732822
0.3476236664197529,2.732767
0.3476648101842718,2.732755
0.34770595394879067,2.732865
0.3477470977133095,2.733037
0.34778824147782833,2.732919
0.34782938524234713,2.732781
0.34787052900686605,2.732563
0.34791167277138496,2.732667
0.3479528165359037,2.732699
0.3479939603004225,2.732798
0.3480351040649414,2.732739
0.34807624782946034,2.732683
0.34811739159397914,2.73333
0.348158535358498,2.732955
0.3481996791230168,2.732885
0.3482408228875356,2.732696
0.3482819666520546,2.732872
0.34832311041657343,2.733131
0.34836425418109224,2.733097
0.348405397945611,2.732817
0.34844654171012995,2.732876
0.3484876854746488,2.732975
0.3485288292391676,2.733021
0.3485699730036864,2.733031
0.3486111167682053,2.73295
0.3486522605327242,2.732724
0.34869340429724305,2.732874
0.3487345480617619,2.733164
0.3487756918262807,2.73302
0.3488168355907995,2.732831
0.3488579793553184,2.733011
0.3488991231198373,2.733073
0.34894026688435614,2.732689
0.348981410648875,2.732728
0.3490225544133938,2.732291
0.3490636981779127,2.732632
0.3491048419424315,2.732645
0.3491459857069504,2.732741
0.3491871294714692,2.732546
0.3492282732359881,2.732639
0.3492694170005069,2.73262
0.3493105607650257,2.732586
0.3493517045295446,2.732512
0.3493928482940634,2.732192
0.3494339920585823,2.732716
0.3494751358231012,2.732513
0.34951627958762,2.732263
0.3495574233521388,2.732101
0.3495985671166577,2.732117
0.3496397108811765,2.732099
0.34968085464569537,2.732448
0.3497219984102142,2.732417
0.3497631421747331,2.731916
0.3498042859392519,2.73227
0.34984542970377075,2.73228
0.3498865734682896,2.73214
0.34992771723280847,2.732465
0.34996886099732727,2.732433
0.3500100047618462,2.732383
0.350051148526365,2.732355
0.35009229229088384,2.732479
0.3501334360554027,2.732208
0.3501745798199216,2.732367
0.35021572358444036,2.732172
0.3502568673489593,2.732365
0.3502980111134781,2.732098
0.35033915487799694,2.732167
0.3503802986425158,2.732089
0.35042144240703466,2.732167
0.35046258617155346,2.732305
0.3505037299360723,2.732065
0.3505448737005913,2.731924
0.3505860174651101,2.732141
0.3506271612296289,2.732215
0.35066830499414775,2.732291
0.35070944875866655,2.732407
0.35075059252318547,2.732197
0.3507917362877044,2.732268
0.35083288005222313,2.732336
0.35087402381674193,2.731934
0.35091516758126085,2.732242
0.35095631134577976,2.73246
0.35099745511029856,2.732519
0.35103859887481736,2.732443
0.3510797426393362,2.732546
0.3511208864038551,2.73249
0.351162030168374,2.732217
0.35120317393289285,2.732461
0.3512443176974116,2.732265
0.3512854614619304,2.731951
0.3513266052264494,2.732343
0.3513677489909682,2.732511
0.35140889275548703,2.732452
0.35145003652000584,2.732331
0.3514911802845247,2.73244
0.35153232404904355,2.732346
0.35157346781356247,2.732016
0.35161461157808127,2.732119
0.35165575534260013,2.731899
0.35169689910711904,2.732294
0.35173804287163785,2.732503
0.35177918663615665,2.732465
0.35182033040067556,2.732272
0.3518614741651943,2.732401
0.3519026179297132,2.732295
0.35194376169423214,2.73249
0.35198490545875094,2.732367
0.35202604922326974,2.732134
0.3520671929877886,2.732434
0.35210833675230746,2.732441
0.3521494805168263,2.732291
0.3521906242813451,2.732231
0.35223176804586404,2.732562
0.35227291181038284,2.73231
0.3523140555749017,2.73251
0.35235519933942056,2.732582
0.3523963431039394,2.732327
0.3524374868684582,2.732615
0.35247863063297713,2.73257
0.35251977439749593,2.732881
0.3525609181620148,2.732706
0.3526020619265336,2.732794
0.3526432056910525,2.732832
0.3526843494555713,2.732818
0.35272549322009017,2.732839
0.352766636984609,2.732402
0.3528077807491279,2.732733
0.35284892451364674,2.732681
0.3528900682781656,2.732815
0.3529312120426844,2.733203
0.35297235580720326,2.732876
0.3530134995717221,2.732901
0.353054643336241,2.732815
0.3530957871007598,2.732569
0.3531369308652787,2.732269
0.3531780746297975,2.732383
0.35321921839431636,2.732474
0.3532603621588352,2.732315
0.3533015059233541,2.732441
0.3533426496878729,2.732268
0.35338379345239174,2.732309
0.35342493721691065,2.732166
0.3534660809814295,2.732254
0.35350722474594826,2.732249
0.35354836851046717,2.732181
0.353589512274986,2.731986
0.3536306560395049,2.731939
0.3536717998040237,2.731948
0.35371294356854255,2.731808
0.35375408733306135,2.732054
0.35379523109758027,2.73207
0.3538363748620991,2.732224
0.353877518626618,2.731864
0.3539186623911368,2.731618
0.35395980615565564,2.731972
0.3540009499201745,2.732192
0.3540420936846934,2.732081
0.3540832374492122,2.732009
0.354124381213731,2.73221
0.3541655249782498,2.732136
0.3542066687427688,2.731867
0.3542478125072876,2.731671
0.35428895627180645,2.73147
0.35433010003632526,2.73172
0.35437124380084417,2.731311
0.354412387565363,2.731196
0.3544535313298819,2.731349
0.3544946750944007,2.731276
0.3545358188589195,2.730983
0.3545769626234384,2.731164
0.35461810638795727,2.731019
0.35465925015247607,2.730906
0.3547003939169949,2.731468
0.35474153768151373,2.731237
0.35478268144603264,2.731459
0.35482382521055145,2.731521
0.35486496897507036,2.731215
0.35490611273958916,2.731082
0.354947256504108,2.731066
0.3549884002686269,2.730998
0.35502954403314574,2.730326
0.35507068779766454,2.730785
0.35511183156218346,2.730439
0.35515297532670226,2.73045
0.3551941190912211,2.730335
0.35523526285574,2.730408
0.35527640662025883,2.730282
0.35531755038477764,2.730254
0.35535869414929655,2.730404
0.35539983791381535,2.730414
0.3554409816783342,2.730654
0.355482125442853,2.730452
0.35552326920737193,2.730328
0.35556441297189073,2.730587
0.3556055567364096,2.730528
0.35564670050092845,2.730293
0.3556878442654473,2.730374
0.35572898802996616,2.730207
0.355770131794485,2.730118
0.3558112755590038,2.730345
0.3558524193235227,2.73027
0.35589356308804154,2.730369
0.3559347068525604,2.73027
0.3559758506170792,2.730047
0.3560169943815981,2.729746
0.3560581381461169,2.729914
0.35609928191063583,2.729878
0.35614042567515464,2.729444
0.3561815694396735,2.729775
0.3562227132041923,2.729978
0.35626385696871116,2.73018
0.35630500073323007,2.730063
0.3563461444977489,2.730043
0.3563872882622677,2.730006
0.3564284320267866,2.730076
0.3564695757913054,2.730109
0.3565107195558243,2.729901
0.3565518633203431,2.729643
0.35659300708486197,2.729969
0.35663415084938077,2.730021
0.35667529461389974,2.730094
0.35671643837841854,2.730259
0.3567575821429374,2.73008
0.3567987259074562,2.729984
0.35683986967197506,2.729782
0.3568810134364939,2.729375
0.35692215720101284,2.729517
0.3569633009655316,2.729582
0.35700444473005044,2.729607
0.35704558849456924,2.729778
0.3570867322590882,2.729854
0.357127876023607,2.729676
0.3571690197881259,2.729786
0.3572101635526447,2.729873
0.3572513073171636,2.729762
0.3572924510816824,2.729612
0.3573335948462013,2.730198
0.3573747386107201,2.730296
0.35741588237523886,2.730307
0.3574570261397578,2.729935
0.3574981699042767,2.729972
0.3575393136687955,2.729837
0.35758045743331435,2.729644
0.35762160119783315,2.729775
0.35766274496235206,2.729594
0.35770388872687087,2.729997
0.3577450324913898,2.730019
0.3577861762559086,2.730172
0.35782732002042744,2.72986
0.3578684637849463,2.729902
0.35790960754946516,2.729901
0.35795075131398396,2.730115
0.3579918950785028,2.730177
0.3580330388430217,2.729684
0.35807418260754054,2.729836
0.3581153263720594,2.729983
0.35815647013657825,2.729718
0.35819761390109706,2.729694
0.35823875766561597,2.729643
0.3582799014301348,2.729778
0.35832104519465363,2.729522
0.35836218895917243,2.729521
0.35840333272369135,2.729198
0.35844447648821015,2.729625
0.35848562025272895,2.72971
0.35852676401724787,2.729787
0.3585679077817667,2.729673
0.35860905154628553,2.729697
0.35865019531080444,2.729473
0.35869133907532325,2.729759
0.35873248283984205,2.729802
0.35877362660436096,2.729508
0.3588147703688798,2.729934
0.3588559141333986,2.729759
0.35889705789791754,2.729485
0.35893820166243634,2.729597
0.35897934542695525,2.729517
0.35902048919147406,2.72937
0.3590616329559929,2.729333
0.3591027767205117,2.729234
0.3591439204850305,2.728932
0.3591850642495495,2.72926
0.35922620801406824,2.729438
0.3592673517785871,2.729793
0.359308495543106,2.72925
0.35934963930762487,2.729139
0.3593907830721437,2.728938
0.35943192683666253,2.728887
0.35947307060118133,2.728684
0.3595142143657002,2.728579
0.35955535813021916,2.728672
0.35959650189473796,2.729125
0.3596376456592567,2.729087
0.35967878942377557,2.729038
0.3597199331882944,2.729146
0.35976107695281334,2.729208
0.3598022207173322,2.729409
0.359843364481851,2.729042
0.3598845082463698,2.728921
0.3599256520108887,2.728972
0.35996679577540763,2.728823
0.36000793953992644,2.729033
0.3600490833044453,2.729206
0.3600902270689641,2.728983
0.360131370833483,2.728883
0.3601725145980018,2.728843
0.36021365836252073,2.729194
0.3602548021270395,2.729207
0.3602959458915583,2.729041
0.36033708965607725,2.729018
0.3603782334205961,2.728992
0.3604193771851149,2.728945
0.3604605209496337,2.728938
0.3605016647141526,2.729117
0.3605428084786715,2.728868
0.3605839522431903,2.728702
0.3606250960077092,2.728832
0.360666239772228,2.72858
0.3607073835367468,2.728796
0.3607485273012657,2.728861
0.3607896710657846,2.728978
0.3608308148303034,2.72907
0.3608719585948222,2.729074
0.3609131023593411,2.728654
0.3609542461238599,2.728778
0.3609953898883788,2.728748
0.3610365336528977,2.729127
0.3610776774174165,2.729143
0.3611188211819354,2.729102
0.3611599649464542,2.72932
0.361201108710973,2.728943
0.36124225247549185,2.728735
0.36128339624001077,2.728901
0.36132454000452957,2.728886
0.3613656837690484,2.729171
0.3614068275335673,2.72851
0.3614479712980861,2.728683
0.36148911506260495,2.728815
0.3615302588271238,2.728848
0.36157140259164267,2.729006
0.36161254635616147,2.729487
0.3616536901206804,2.729568
0.3616948338851992,2.729791
0.36173597764971804,2.729926
0.3617771214142369,2.7298
0.36181826517875576,2.730452
0.3618594089432747,2.730328
0.3619005527077935,2.73013
0.3619416964723123,2.730186
0.36198284023683114,2.73004
0.36202398400134994,2.729921
0.36206512776586885,2.729964
0.36210627153038766,2.729909
0.3621474152949065,2.730042
0.3621885590594254,2.730125
0.3622297028239443,2.730118
0.3622708465884631,2.730015
0.36231199035298195,2.730158
0.36235313411750075,2.729901
0.3623942778820196,2.730251
0.3624354216465386,2.730077
0.3624765654110574,2.730246
0.36251770917557613,2.730083
0.362558852940095,2.730182
0.36259999670461385,2.730251
0.36264114046913276,2.73026
0.36268228423365156,2.730442
0.3627234279981704,2.73026
0.3627645717626892,2.730434
0.36280571552720814,2.730627
0.36284685929172705,2.730533
0.36288800305624586,2.730341
0.3629291468207646,2.73039
0.3629702905852835,2.730329
0.3630114343498024,2.730153
0.36305257811432123,2.730398
0.36309372187884015,2.730352
0.3631348656433589,2.730578
0.36317600940787775,2.730516
0.36321715317239667,2.730391
0.36325829693691547,2.730377
0.36329944070143433,2.729714
0.36334058446595313,2.730165
0.36338172823047205,2.730202
0.36342287199499085,2.730256
0.3634640157595097,2.730195
0.36350515952402856,2.730031
0.36354630328854737,2.730049
0.3635874470530662,2.729951
0.36362859081758514,2.729926
0.36366973458210394,2.729523
0.3637108783466228,2.729824
0.36375202211114166,2.729704
0.3637931658756605,2.729923
0.3638343096401793,2.729974
0.36387545340469823,2.729796
0.36391659716921704,2.729599
0.3639577409337359,2.72977
0.36399888469825475,2.729366
0.3640400284627736,2.72886
0.3640811722272924,2.729327
0.3641223159918113,2.729009
0.36416345975633013,2.72925
0.364204603520849,2.729265
0.3642457472853678,2.729122
0.3642868910498867,2.729454
0.3643280348144055,2.729277
0.36436917857892437,2.729315
0.3644103223434432,2.728942
0.3644514661079621,2.729305
0.3644926098724809,2.729063
0.3645337536369998,2.729277
0.3645748974015186,2.729199
0.36461604116603746,2.729172
0.36465718493055627,2.729053
0.3646983286950752,2.729345
0.36473947245959404,2.729453
0.36478061622411284,2.728999
0.3648217599886317,2.729552
0.36486290375315056,2.729559
0.3649040475176694,2.72941
0.3649451912821883,2.729271
0.3649863350467071,2.72903
0.36502747881122594,2.729254
0.3650686225757448,2.729433
0.3651097663402637,2.729464
0.3651509101047825,2.729356
0.36519205386930137,2.729808
0.3652331976338202,2.729838
0.36527434139833903,2.730022
0.36531548516285794,2.730171
0.36535662892737675,2.730053
0.36539777269189555,2.730229
0.3654389164564144,2.730334
0.3654800602209333,2.730556
0.3655212039854522,2.7307
0.365562347749971,2.730843
0.36560349151448984,2.731169
0.36564463527900865,2.731012
0.36568577904352756,2.730994
0.3657269228080464,2.730994
0.3657680665725653,2.730412
0.365809210337084,2.73078
0.36585035410160294,2.730851
0.3658914978661218,2.730355
0.36593264163064065,2.730296
0.36597378539515946,2.73037
0.3660149291596783,2.730459
0.3660560729241972,2.730824
0.3660972166887161,2.73073
0.3661383604532349,2.730809
0.36617950421775375,2.730943
0.3662206479822725,2.730902
0.36626179174679147,2.730865
0.36630293551131027,2.730702
0.3663440792758291,2.731091
0.366385223040348,2.730563
0.3664263668048668,2.73087
0.36646751056938565,2.730426
0.36650865433390456,2.730711
0.36654979809842336,2.73069
0.3665909418629422,2.730494
0.3666320856274611,2.730493
0.36667322939197994,2.729958
0.36671437315649874,2.730372
0.36675551692101765,2.730446
0.36679666068553646,2.730161
0.3668378044500553,2.730194
0.3668789482145742,2.730104
0.36692009197909303,2.730096
0.36696123574361184,2.73007
0.3670023795081307,2.730112
0.36704352327264955,2.729582
0.3670846670371684,2.729651
0.3671258108016872,2.729711
0.3671669545662061,2.729936
0.36720809833072493,2.729707
0.3672492420952438,2.72961
0.36729038585976265,2.729732
0.3673315296242815,2.729797
0.3673726733888003,2.729885
0.3674138171533192,2.729466
0.367454960917838,2.729819
0.3674961046823569,2.729892
0.3675372484468757,2.730018
0.36757839221139466,2.729736
0.3676195359759134,2.729728
0.36766067974043226,2.729932
0.3677018235049511,2.729889
0.36774296726947,2.730087
0.36778411103398884,2.729655
0.3678252547985077,2.730162
0.3678663985630265,2.729937
0.36790754232754536,2.730215
0.3679486860920642,2.730114
0.36798982985658313,2.730304
0.36803097362110193,2.730242
0.3680721173856208,2.730172
0.3681132611501396,2.730347
0.3681544049146585,2.730261
0.36819554867917736,2.730357
0.36823669244369617,2.730333
0.36827783620821497,2.730603
0.3683189799727338,2.730623
0.36836012373725274,2.730555
0.3684012675017716,2.730363
0.3684424112662904,2.730282
0.36848355503080926,2.730194
0.36852469879532807,2.729944
0.368565842559847,2.730051
0.36860698632436584,2.730641
0.36864813008888464,2.730395
0.36868927385340344,2.730262
0.3687304176179224,2.730278
0.3687715613824412,2.730138
0.3688127051469601,2.73007
0.3688538489114789,2.729959
0.36889499267599773,2.729587
0.3689361364405166,2.729283
0.3689772802050355,2.728981
0.3690184239695543,2.728825
0.36905956773407317,2.728772
0.3691007114985919,2.728767
0.3691418552631109,2.72884
0.3691829990276297,2.728738
0.36922414279214855,2.728723
0.36926528655666735,2.728872
0.36930643032118626,2.728622
0.36934757408570507,2.72873
0.369388717850224,2.728598
0.3694298616147428,2.728685
0.36947100537926164,2.728669
0.3695121491437805,2.727999
0.36955329290829936,2.727938
0.36959443667281816,2.727978
0.369635580437337,2.727878
0.3696767242018559,2.727603
0.36971786796637474,2.728049
0.36975901173089354,2.728266
0.36980015549541245,2.727991
0.36984129925993126,2.72801
0.3698824430244501,2.728313
0.36992358678896897,2.72867
0.36996473055348783,2.728705
0.37000587431800663,2.728782
0.37004701808252555,2.728795
0.37008816184704435,2.729224
0.3701293056115632,2.729576
0.37017044937608207,2.729536
0.3702115931406009,2.729737
0.37025273690511973,2.729485
0.37029388066963864,2.729227
0.37033502443415744,2.729413
0.37037616819867625,2.72945
0.3704173119631951,2.72932
0.370458455727714,2.729654
0.3704995994922328,2.729755
0.3705407432567516,2.729922
0.37058188702127054,2.729624
0.37062303078578934,2.729437
0.37066417455030826,2.729459
0.3707053183148271,2.729806
0.3707464620793459,2.729656
0.3707876058438647,2.729315
0.37082874960838363,2.729791
0.37086989337290255,2.729743
0.3709110371374213,2.729951
0.3709521809019402,2.729549
0.370993324666459,2.729485
0.3710344684309779,2.729411
0.37107561219549673,2.729311
0.37111675596001553,2.729143
0.3711578997245344,2.729054
0.3711990434890532,2.72901
0.37124018725357216,2.729098
0.371281331018091,2.729125
0.3713224747826098,2.72901
0.3713636185471286,2.729064
0.3714047623116475,2.729142
0.3714459060761664,2.72914
0.37148704984068526,2.729193
0.371528193605204,2.729279
0.37156933736972286,2.729114
0.37161048113424183,2.729315
0.37165162489876064,2.729311
0.3716927686632795,2.729369
0.3717339124277983,2.729492
0.3717750561923171,2.729586
0.371816199956836,2.729822
0.3718573437213549,2.729967
0.37189848748587373,2.729865
0.3719396312503925,2.729628
0.37198077501491145,2.729731
0.3720219187794303,2.729888
0.3720630625439491,2.729794
0.3721042063084679,2.729653
0.37214535007298677,2.729621
0.3721864938375057,2.729728
0.3722276376020245,2.730016
0.3722687813665434,2.729823
0.3723099251310622,2.729495
0.372351068895581,2.729499
0.3723922126600999,2.729701
0.3724333564246188,2.729692
0.3724745001891376,2.72961
0.3725156439536564,2.729634
0.3725567877181753,2.729624
0.3725979314826941,2.729837
0.37263907524721296,2.729939
0.3726802190117319,2.729536
0.3727213627762507,2.729659
0.3727625065407695,2.729724
0.3728036503052884,2.729763
0.3728447940698072,2.729615
0.37288593783432605,2.729326
0.37292708159884497,2.729351
0.37296822536336377,2.729418
0.3730093691278826,2.729385
0.3730505128924015,2.729122
0.3730916566569203,2.72945
0.3731328004214392,2.729477
0.37317394418595806,2.729644
0.37321508795047686,2.729823
0.37325623171499567,2.729787
0.3732973754795145,2.729823
0.3733385192440334,2.729852
0.37337966300855224,2.729999
0.37342080677307105,2.729351
0.37346195053758996,2.729376
0.37350309430210876,2.729264
0.3735442380666277,2.729257
0.3735853818311465,2.729235
0.37362652559566534,2.729247
0.37366766936018414,2.729308
0.3737088131247031,2.729362
0.37374995688922186,2.729311
0.3737911006537407,2.729034
0.3738322444182596,2.729121
0.37387338818277843,2.729297
0.3739145319472973,2.729175
0.37395567571181615,2.729357
0.37399681947633495,2.729275
0.3740379632408538,2.729231
0.3740791070053726,2.729437
0.3741202507698916,2.729445
0.3741613945344104,2.729182
0.3742025382989292,2.728999
0.37424368206344805,2.729326
0.37428482582796696,2.729166
0.37432596959248576,2.72938
0.3743671133570046,2.72929
0.3744082571215234,2.729459
0.3744494008860423,2.729111
0.37449054465056125,2.729027
0.37453168841508006,2.728751
0.37457283217959886,2.728458
0.3746139759441177,2.728602
0.3746551197086365,2.7285
0.37469626347315543,2.728731
0.37473740723767424,2.728773
0.37477855100219315,2.728673
0.3748196947667119,2.728755
0.3748608385312308,2.72847
0.37490198229574967,2.728622
0.37494312606026853,2.728573
0.37498426982478733,2.728585
0.3750254135893062,2.728613
0.37506655735382505,2.728686
0.3751077011183439,2.728537
0.37514884488286276,2.728728
0.3751899886473816,2.728747
0.37523113241190037,2.72896
0.37527227617641934,2.729193
0.37531341994093814,2.729019
0.375354563705457,2.729315
0.3753957074699758,2.729317
0.3754368512344947,2.729216
0.3754779949990135,2.72922
0.3755191387635324,2.729071
0.37556028252805124,2.729162
0.3756014262925701,2.729147
0.3756425700570889,2.729096
0.3756837138216078,2.728419
0.3757248575861266,2.728855
0.3757660013506455,2.728878
0.37580714511516433,2.728999
0.3758482888796832,2.728965
0.375889432644202,2.728873
0.3759305764087209,2.729024
0.3759717201732397,2.728859
0.37601286393775857,2.728703
0.3760540077022774,2.728531
0.3760951514667963,2.728756
0.3761362952313151,2.728695
0.37617743899583395,2.728642
0.3762185827603528,2.728802
0.37625972652487166,2.728823
0.37630087028939047,2.728643
0.3763420140539094,2.728718
0.37638315781842824,2.728838
0.3764243015829471,2.72849
0.3764654453474659,2.72857
0.37650658911198476,2.728989
0.37654773287650356,2.728851
0.37658887664102253,2.728677
0.3766300204055413,2.728852
0.37667116417006014,2.72909
0.376712307934579,2.729276
0.37675345169909785,2.729177
0.3767945954636167,2.728562
0.37683573922813557,2.728715
0.37687688299265437,2.728642
0.37691802675717323,2.728735
0.37695917052169214,2.728698
0.377000314286211,2.728515
0.37704145805072975,2.728501
0.3770826018152486,2.728641
0.37712374557976747,2.72874
0.3771648893442864,2.728445
0.3772060331088052,2.728559
0.37724717687332404,2.72862
0.37728832063784284,2.728292
0.3773294644023617,2.728289
0.3773706081668806,2.728221
0.3774117519313995,2.728621
0.3774528956959183,2.728708
0.3774940394604371,2.728636
0.377535183224956,2.728335
0.37757632698947485,2.728316
0.37761747075399366,2.728859
0.3776586145185125,2.728741
0.3776997582830313,2.728685
0.37774090204755023,2.728436
0.3777820458120691,2.728338
0.37782318957658795,2.728855
0.37786433334110675,2.728596
0.3779054771056256,2.728614
0.37794662087014447,2.728171
0.3779877646346633,2.728601
0.3780289083991822,2.728704
0.37807005216370104,2.728255
0.37811119592821985,2.728516
0.37815233969273876,2.728501
0.37819348345725756,2.728454
0.3782346272217764,2.728341
0.3782757709862952,2.728513
0.37831691475081414,2.728093
0.37835805851533294,2.728367
0.3783992022798518,2.728232
0.37844034604437066,2.728428
0.3784814898088895,2.728461
0.3785226335734083,2.728573
0.37856377733792723,2.728637
0.37860492110244603,2.728723
0.3786460648669649,2.728679
0.37868720863148375,2.728489
0.3787283523960026,2.728693
0.3787694961605214,2.728693
0.3788106399250403,2.72838
0.37885178368955913,2.728261
0.378892927454078,2.728146
0.37893407121859685,2.728324
0.3789752149831157,2.728236
0.3790163587476345,2.728485
0.37905750251215337,2.728036
0.3790986462766722,2.728406
0.3791397900411911,2.728687
0.3791809338057099,2.728452
0.3792220775702288,2.728665
0.37926322133474766,2.728601
0.37930436509926646,2.728312
0.3793455088637853,2.728296
0.3793866526283042,2.728125
0.379427796392823,2.72808
0.3794689401573419,2.728307
0.3795100839218607,2.728413
0.37955122768637956,2.728146
0.37959237145089836,2.728228
0.37963351521541727,2.728157
0.37967465897993613,2.728161
0.379715802744455,2.727872
0.3797569465089738,2.727869
0.37979809027349265,2.727502
0.3798392340380115,2.727366
0.3798803778025304,2.727352
0.37992152156704917,2.727504
0.379962665331568,2.727437
0.3800038090960869,2.727399
0.3800449528606058,2.727624
0.3800860966251246,2.727456
0.38012724038964346,2.727912
0.38016838415416226,2.72769
0.38020952791868107,2.72761
0.38025067168320004,2.727556
0.3802918154477189,2.727447
0.38033295921223764,2.727405
0.38037410297675645,2.727215
0.3804152467412754,2.727345
0.3804563905057943,2.727501
0.3804975342703131,2.72731
0.38053867803483193,2.727123
0.38057982179935074,2.727052
0.38062096556386965,2.727047
0.3806621093283885,2.727005
0.38070325309290737,2.727072
0.38074439685742617,2.726968
0.3807855406219451,2.726889
0.3808266843864639,2.727137
0.38086782815098275,2.727025
0.3809089719155016,2.727097
0.38095011568002035,2.7268
0.38099125944453927,2.727111
0.3810324032090582,2.727029
0.381073546973577,2.727103
0.38111469073809584,2.727256
0.38115583450261464,2.727095
0.38119697826713356,2.726996
0.38123812203165236,2.727167
0.3812792657961712,2.726706
0.3813204095606901,2.726418
0.38136155332520894,2.72705
0.38140269708972774,2.727234
0.38144384085424665,2.727575
0.38148498461876545,2.727423
0.3815261283832843,2.727183
0.38156727214780317,2.727306
0.38160841591232203,2.727125
0.38164955967684083,2.727105
0.38169070344135975,2.726545
0.38173184720587855,2.727203
0.3817729909703974,2.727188
0.38181413473491627,2.7274
0.3818552784994351,2.727499
0.3818964222639539,2.727596
0.38193756602847284,2.727322
0.38197870979299164,2.727302
0.3820198535575105,2.727459
0.3820609973220293,2.727152
0.3821021410865482,2.727578
0.3821432848510671,2.727266
0.3821844286155858,2.727403
0.38222557238010474,2.727416
0.38226671614462354,2.72742
0.3823078599091424,2.727279
0.3823490036736613,2.727515
0.3823901474381801,2.727736
0.3824312912026989,2.727228
0.3824724349672178,2.727282
0.38251357873173675,2.727436
0.38255472249625555,2.727625
0.3825958662607743,2.727606
0.3826370100252932,2.727699
0.382678153789812,2.727732
0.38271929755433093,2.728052
0.38276044131884973,2.727844
0.3828015850833686,2.727639
0.3828427288478874,2.727451
0.3828838726124063,2.727391
0.3829250163769252,2.727359
0.382966160141444,2.727358
0.3830073039059628,2.727549
0.3830484476704817,2.727333
0.3830895914350006,2.727606
0.38313073519951946,2.727463
0.3831718789640383,2.727669
0.38321302272855706,2.727569
0.38325416649307587,2.727402
0.38329531025759483,2.727447
0.3833364540221137,2.727374
0.3833775977866325,2.727497
0.3834187415511513,2.727472
0.38345988531567016,2.727566
0.383501029080189,2.727747
0.38354217284470793,2.727536
0.3835833166092268,2.727097
0.38362446037374553,2.72752
0.3836656041382645,2.727896
0.3837067479027833,2.727958
0.3837478916673021,2.728028
0.383789035431821,2.727648
0.38383017919633977,2.727328
0.3838713229608587,2.727823
0.3839124667253776,2.727664
0.3839536104898964,2.727392
0.3839947542544152,2.727396
0.38403589801893406,2.727116
0.384077041783453,2.727303
0.3841181855479718,2.727156
0.3841593293124906,2.72699
0.3842004730770095,2.727
0.3842416168415283,2.727081
0.38428276060604716,2.727004
0.38432390437056607,2.726485
0.3843650481350849,2.726589
0.3844061918996037,2.726601
0.3844473356641226,2.726388
0.3844884794286414,2.726139
0.38452962319316025,2.725798
0.38457076695767906,2.725716
0.38461191072219797,2.725832
0.38465305448671677,2.726046
0.38469419825123563,2.725587
0.3847353420157545,2.726157
0.38477648578027335,2.726081
0.38481762954479226,2.72591
0.38485877330931106,2.725538
0.38489991707382987,2.725764
0.3849410608383487,2.725608
0.3849822046028676,2.725773
0.38502334836738644,2.725796
0.38506449213190524,2.72533
0.38510563589642416,2.725363
0.38514677966094296,2.725448
0.3851879234254619,2.725852
0.3852290671899807,2.725981
0.38527021095449954,2.72598
0.38531135471901834,2.72615
0.3853524984835372,2.726116
0.38539364224805617,2.726234
0.38543478601257497,2.725636
0.3854759297770937,2.72589
0.38551707354161263,2.725936
0.38555821730613143,2.726208
0.38559936107065035,2.726339
0.38564050483516915,2.726363
0.385681648599688,2.7264
0.3857227923642068,2.726415
0.3857639361287258,2.726271
0.3858050798932446,2.726004
0.38584622365776344,2.726231
0.38588736742228225,2.726666
0.3859285111868011,2.726687
0.38596965495131996,2.726396
0.3860107987158389,2.726259
0.3860519424803576,2.72621
0.3860930862448765,2.726281
0.3861342300093953,2.72662
0.38617537377391425,2.726461
0.38621651753843306,2.726093
0.3862576613029519,2.726382
0.3862988050674707,2.726377
0.38633994883198963,2.726515
0.38638109259650844,2.726513
0.38642223636102735,2.7266
0.38646338012554615,2.726463
0.38650452389006495,2.726499
0.38654566765458387,2.725984
0.3865868114191027,2.725787
0.38662795518362153,2.726085
0.3866690989481404,2.726081
0.3867102427126592,2.7261
0.3867513864771781,2.726502
0.38679253024169696,2.726304
0.3868336740062158,2.726136
0.3868748177707346,2.726459
0.38691596153525354,2.726082
0.38695710529977234,2.725627
0.3869982490642912,2.725569
0.38703939282881,2.725969
0.3870805365933289,2.726231
0.3871216803578477,2.726052
0.3871628241223666,2.725805
0.38720396788688544,2.725983
0.3872451116514043,2.72594
0.3872862554159231,2.725694
0.387327399180442,2.725595
0.3873685429449608,2.726109
0.3874096867094797,2.725835
0.3874508304739985,2.725716
0.3874919742385174,2.726062
0.3875331180030362,2.725637
0.38757426176755505,2.725826
0.3876154055320739,2.725574
0.38765654929659277,2.725452
0.38769769306111157,2.725219
0.3877388368256305,2.725598
0.3877799805901493,2.725861
0.38782112435466815,2.725731
0.387862268119187,2.725649
0.38790341188370586,2.725746
0.38794455564822466,2.725819
0.3879856994127436,2.725692
0.3880268431772624,2.726001
0.3880679869417813,2.725546
0.3881091307063001,2.725621
0.38815027447081896,2.725771
0.38819141823533776,2.72606
0.3882325619998566,2.725679
0.38827370576437553,2.725759
0.38831484952889433,2.725755
0.38835599329341314,2.725367
0.38839713705793205,2.725798
0.38843828082245085,2.725127
0.38847942458696977,2.725477
0.38852056835148857,2.726113
0.38856171211600743,2.725942
0.38860285588052623,2.72601
0.3886439996450452,2.725634
0.388685143409564,2.725715
0.38872628717408286,2.725776
0.38876743093860167,2.72578
0.3888085747031205,2.725534
0.3888497184676394,2.72597
0.3888908622321583,2.72598
0.38893200599667704,2.725977
0.3889731497611959,2.726045
0.3890142935257148,2.726169
0.3890554372902337,2.726038
0.3890965810547525,2.726093
0.38913772481927134,2.726114
0.38917886858379014,2.725655
0.38922001234830905,2.725575
0.38926115611282786,2.725997
0.38930229987734677,2.726105
0.3893434436418655,2.725949
0.3893845874063844,2.725904
0.3894257311709033,2.725642
0.38946687493542215,2.725933
0.38950801869994095,2.725891
0.3895491624644598,2.725822
0.38959030622897867,2.725929
0.3896314499934975,2.725998
0.38967259375801633,2.72602
0.38971373752253524,2.726061
0.38975488128705404,2.726363
0.3897960250515729,2.726377
0.38983716881609176,2.726269
0.3898783125806106,2.726177
0.3899194563451294,2.726021
0.3899606001096483,2.72566
0.39000174387416714,2.725958
0.390042887638686,2.726025
0.39008403140320486,2.725788
0.3901251751677237,2.725921
0.3901663189322425,2.725837
0.39020746269676143,2.72587
0.39024860646128023,2.726034
0.3902897502257991,2.726068
0.3903308939903179,2.725935
0.3903720377548368,2.726166
0.3904131815193556,2.726147
0.39045432528387447,2.725979
0.39049546904839333,2.725968
0.3905366128129122,2.72615
0.390577756577431,2.726092
0.3906189003419499,2.726273
0.3906600441064687,2.72648
0.39070118787098757,2.726027
0.3907423316355064,2.726161
0.3907834754000253,2.726282
0.3908246191645441,2.72619
0.390865762929063,2.725871
0.3909069066935818,2.725993
0.3909480504581007,2.726153
0.3909891942226195,2.725866
0.3910303379871384,2.725892
0.3910714817516572,2.725529
0.391112625516176,2.725823
0.3911537692806949,2.725904
0.39119491304521375,2.725661
0.39123605680973256,2.725878
0.39127720057425147,2.725865
0.39131834433877033,2.725688
0.3913594881032892,2.725647
0.391400631867808,2.725662
0.39144177563232685,2.725499
0.39148291939684565,2.72569
0.3915240631613646,2.7257
0.3915652069258834,2.725867
0.39160635069040217,2.725693
0.3916474944549211,2.725652
0.39168863821943994,2.725653
0.3917297819839588,2.725679
0.39177092574847766,2.725723
0.39181206951299646,2.725847
0.39185321327751527,2.725755
0.39189435704203424,2.72582
0.3919355008065531,2.725789
0.3919766445710719,2.725746
0.39201778833559076,2.726023
0.39205893210010956,2.725605
0.3921000758646285,2.725514
0.3921412196291473,2.725806
0.3921823633936662,2.725891
0.39222350715818494,2.72568
0.39226465092270374,2.72569
0.3923057946872227,2.725605
0.39234693845174157,2.725798
0.39238808221626037,2.725607
0.39242922598077923,2.725641
0.3924703697452981,2.725715
0.39251151350981694,2.725657
0.39255265727433575,2.725161
0.39259380103885466,2.725186
0.3926349448033734,2.725273
0.3926760885678923,2.725104
0.3927172323324112,2.725477
0.39275837609693004,2.725265
0.39279951986144884,2.725241
0.39284066362596765,2.725467
0.39288180739048656,2.725526
0.3929229511550054,2.725509
0.3929640949195243,2.724815
0.39300523868404313,2.724923
0.39304638244856194,2.724471
0.39308752621308085,2.724365
0.39312866997759965,2.724294
0.3931698137421185,2.724254
0.3932109575066373,2.724183
0.39325210127115623,2.724158
0.39329324503567503,2.724252
0.39333438880019383,2.723703
0.39337553256471275,2.724138
0.3934166763292316,2.724279
0.3934578200937504,2.724588
0.3934989638582693,2.724452
0.3935401076227881,2.724557
0.39358125138730693,2.724433
0.39362239515182584,2.724465
0.3936635389163447,2.724456
0.3937046826808635,2.724168
0.3937458264453824,2.724612
0.3937869702099012,2.72478
0.39382811397442014,2.724433
0.39386925773893894,2.72421
0.3939104015034578,2.724384
0.3939515452679766,2.724287
0.39399268903249557,2.724144
0.3940338327970143,2.723935
0.3940749765615331,2.723676
0.394116120326052,2.723865
0.39415726409057084,2.724013
0.39419840785508975,2.724098
0.3942395516196086,2.724022
0.3942806953841274,2.723832
0.3943218391486462,2.723627
0.39436298291316507,2.723822
0.39440412667768404,2.723728
0.3944452704422028,2.723196
0.3944864142067216,2.723474
0.39452755797124045,2.723754
0.3945687017357594,2.723582
0.3946098455002782,2.72367
0.394650989264797,2.72349
0.3946921330293159,2.723757
0.3947332767938347,2.723661
0.3947744205583536,2.723654
0.3948155643228725,2.723683
0.3948567080873913,2.723497
0.39489785185191006,2.723484
0.394938995616429,2.723566
0.3949801393809479,2.723725
0.3950212831454667,2.723941
0.3950624269099855,2.723937
0.39510357067450436,2.724053
0.3951447144390232,2.724079
0.39518585820354213,2.723441
0.395227001968061,2.723479
0.3952681457325798,2.723582
0.3953092894970986,2.723271
0.3953504332616175,2.722848
0.3953915770261363,2.722594
0.39543272079065517,2.722716
0.3954738645551741,2.72291
0.39551500831969283,2.72275
0.3955561520842117,2.722574
0.3955972958487306,2.722602
0.3956384396132494,2.722613
0.39567958337776826,2.722606
0.3957207271422872,2.722492
0.395761870906806,2.722562
0.3958030146713248,2.722689
0.3958441584358437,2.722896
0.3958853022003625,2.722672
0.39592644596488136,2.72289
0.39596758972940027,2.722279
0.3960087334939191,2.722804
0.3960498772584379,2.72279
0.39609102102295674,2.722809
0.3961321647874756,2.722848
0.39617330855199445,2.723452
0.39621445231651325,2.723364
0.39625559608103217,2.723066
0.39629673984555097,2.722788
0.39633788361006983,2.722373
0.3963790273745887,2.722682
0.39642017113910755,2.722682
0.39646131490362635,2.722454
0.39650245866814526,2.722169
0.39654360243266407,2.722069
0.3965847461971829,2.722189
0.3966258899617018,2.7221
0.39666703372622064,2.722159
0.39670817749073944,2.72187
0.39674932125525836,2.722262
0.39679046501977716,2.722315
0.396831608784296,2.722188
0.3968727525488149,2.722231
0.39691389631333374,2.722409
0.39695504007785254,2.72211
0.3969961838423714,2.722248
0.39703732760689026,2.722424
0.39707847137140917,2.722105
0.397119615135928,2.722291
0.39716075890044683,2.722104
0.39720190266496563,2.722102
0.3972430464294845,2.722077
0.39728419019400346,2.721928
0.3973253339585222,2.722286
0.397366477723041,2.722326
0.39740762148755987,2.722409
0.3974487652520788,2.722118
0.39748990901659764,2.722157
0.39753105278111645,2.722358
0.3975721965456353,2.722194
0.3976133403101541,2.721943
0.397654484074673,2.722095
0.3976956278391919,2.722429
0.3977367716037107,2.722508
0.3977779153682295,2.722454
0.39781905913274845,2.721971
0.39786020289726726,2.722187
0.3979013466617861,2.722184
0.3979424904263049,2.722184
0.3979836341908238,2.722258
0.39802477795534263,2.722018
0.39806592171986155,2.721893
0.39810706548438035,2.721865
0.3981482092488992,2.721878
0.39818935301341796,2.721217
0.3982304967779369,2.720761
0.39827164054245573,2.721117
0.3983127843069746,2.721152
0.3983539280714934,2.72131
0.3983950718360123,2.721578
0.3984362156005311,2.721785
0.39847735936505,2.721733
0.3985185031295688,2.721451
0.3985596468940877,2.721377
0.39860079065860654,2.720875
0.3986419344231254,2.721309
0.3986830781876442,2.72143
0.3987242219521631,2.721565
0.3987653657166819,2.721111
0.3988065094812008,2.720925
0.39884765324571964,2.720943
0.3988887970102385,2.720941
0.3989299407747573,2.720719
0.3989710845392762,2.720478
0.399012228303795,2.720556
0.39905337206831387,2.72037
0.3990945158328327,2.720429
0.3991356595973516,2.720536
0.3991768033618704,2.720551
0.39921794712638925,2.720347
0.3992590908909081,2.720301
0.39930023465542697,2.719739
0.39934137841994577,2.719254
0.3993825221844647,2.71966
0.3994236659489835,2.719975
0.39946480971350234,2.720331
0.39950595347802115,2.720506
0.3995470972425401,2.720768
0.39958824100705886,2.721688
0.3996293847715777,2.721934
0.3996705285360966,2.722085
0.39971167230061544,2.722128
0.3997528160651343,2.722573
0.39979395982965316,2.722765
0.39983510359417196,2.722758
0.3998762473586908,2.722684
0.3999173911232097,2.722845
0.3999585348877286,2.723214
0.39999967865224734,2.723191
0.40004082241676625,2.723202
0.40008196618128505,2.722761
0.40012310994580397,2.723344
0.40016425371032277,2.723133
0.40020539747484163,2.723164
0.40024654123936043,2.723142
0.4002876850038793,2.723311
0.4003288287683982,2.723146
0.40036997253291706,2.72326
0.40041111629743587,2.723211
0.4004522600619547,2.723156
0.4004934038264735,2.723366
0.40053454759099244,2.723425
0.4005756913555113,2.723371
0.4006168351200301,2.723067
0.4006579788845489,2.722739
0.4006991226490679,2.723051
0.4007402664135867,2.723091
0.40078141017810553,2.722742
0.40082255394262434,2.72221
0.4008636977071432,2.72229
0.40090484147166205,2.722692
0.40094598523618097,2.72287
0.40098712900069977,2.72279
0.4010282727652186,2.722687
0.4010694165297374,2.722814
0.40111056029425635,2.72314
0.40115170405877515,2.722806
0.401192847823294,2.723057
0.4012339915878128,2.722579
0.4012751353523317,2.722813
0.4013162791168505,2.722797
0.40135742288136944,2.72261
0.40139856664588824,2.722553
0.4014397104104071,2.722525
0.40148085417492596,2.722284
0.4015219979394448,2.72236
0.4015631417039636,2.722451
0.40160428546848254,2.722269
0.4016454292330013,2.722256
0.4016865729975202,2.722327
0.40172771676203906,2.722398
0.4017688605265579,2.722396
0.4018100042910767,2.72253
0.40185114805559563,2.722648
0.40189229182011443,2.722564
0.4019334355846333,2.722843
0.4019745793491521,2.722377
0.402015723113671,2.722616
0.4020568668781898,2.722144
0.40209801064270867,2.722179
0.40213915440722753,2.722181
0.4021802981717464,2.722146
0.40222144193626524,2.722169
0.4022625857007841,2.722389
0.4023037294653029,2.722137
0.40234487322982176,2.721757
0.40238601699434057,2.722111
0.4024271607588595,2.722128
0.4024683045233783,2.722355
0.40250944828789714,2.722313
0.402550592052416,2.721892
0.40259173581693486,2.721812
0.4026328795814537,2.722114
0.4026740233459726,2.721929
0.4027151671104914,2.721733
0.40275631087501024,2.721987
0.40279745463952915,2.722004
0.402838598404048,2.72205
0.40287974216856676,2.721884
0.40292088593308567,2.721682
0.4029620296976045,2.721766
0.4030031734621234,2.722046
0.4030443172266422,2.722299
0.40308546099116105,2.721884
0.40312660475567985,2.722198
0.40316774852019865,2.722428
0.4032088922847176,2.722163
0.4032500360492365,2.722009
0.40329117981375523,2.721445
0.40333232357827414,2.721541
0.403373467342793,2.721711
0.40341461110731186,2.72169
0.40345575487183066,2.721344
0.40349689863634947,2.721307
0.4035380424008683,2.721211
0.4035791861653873,2.721794
0.4036203299299061,2.721709
0.40366147369442495,2.72172
0.40370261745894376,2.721788
0.40374376122346256,2.721475
0.4037849049879815,2.72143
0.4038260487525004,2.72113
0.4038671925170192,2.721134
0.40390833628153794,2.721018
0.4039494800460569,2.72038
0.40399062381057577,2.719938
0.40403176757509457,2.719211
0.4040729113396134,2.719455
0.40411405510413223,2.719461
0.40415519886865114,2.719528
0.40419634263316995,2.719583
0.40423748639768886,2.718848
0.40427863016220766,2.719018
0.4043197739267264,2.719053
0.4043609176912454,2.719319
0.40440206145576424,2.719488
0.40444320522028304,2.719383
0.40448434898480184,2.719171
0.40452549274932076,2.719093
0.4045666365138396,2.719483
0.4046077802783584,2.719247
0.40464892404287733,2.71974
0.40469006780739614,2.719735
0.40473121157191494,2.719739
0.40477235533643385,2.719551
0.4048134991009527,2.719545
0.4048546428654715,2.719567
0.40489578662999043,2.719675
0.40493693039450923,2.71948
0.40497807415902803,2.719002
0.40501921792354695,2.719522
0.4050603616880658,2.71943
0.4051015054525846,2.71941
0.4051426492171035,2.71945
0.4051837929816223,2.719211
0.40522493674614113,2.719338
0.40526608051066,2.719478
0.4053072242751789,2.71964
0.4053483680396977,2.719049
0.4053895118042165,2.719054
0.4054306555687354,2.718985
0.4054717993332542,2.719114
0.40551294309777314,2.719209
0.405554086862292,2.718834
0.4055952306268108,2.718685
0.4056363743913296,2.718476
0.40567751815584857,2.718998
0.4057186619203673,2.71849
0.4057598056848862,2.718798
0.4058009494494051,2.718869
0.4058420932139239,2.718792
0.4058832369784428,2.719085
0.4059243807429616,2.718991
0.4059655245074804,2.719133
0.40600666827199927,2.719176
0.4060478120365181,2.719273
0.40608895580103704,2.71908
0.4061300995655559,2.719408
0.40617124333007465,2.71956
0.4062123870945935,2.719412
0.4062535308591124,2.719151
0.4062946746236312,2.719201
0.4063358183881501,2.719345
0.4063769621526689,2.719097
0.40641810591718774,2.719049
0.4064592496817067,2.719001
0.4065003934462255,2.719078
0.4065415372107443,2.71898
0.4065826809752632,2.718771
0.4066238247397821,2.718901
0.4066649685043009,2.718922
0.4067061122688198,2.719028
0.40674725603333856,2.718867
0.40678839979785736,2.71871
0.40682954356237633,2.718944
0.4068706873268952,2.718554
0.406911831091414,2.718977
0.4069529748559328,2.718817
0.40699411862045165,2.718568
0.4070352623849705,2.719028
0.40707640614948937,2.718954
0.4071175499140083,2.718753
0.4071586936785271,2.719036
0.4071998374430459,2.71884
0.4072409812075648,2.718213
0.4072821249720836,2.718786
0.40732326873660246,2.718766
0.40736441250112126,2.71864
0.4074055562656402,2.718496
0.407446700030159,2.718443
0.40748784379467784,2.718781
0.4075289875591967,2.71885
0.40757013132371556,2.719057
0.40761127508823436,2.718623
0.4076524188527533,2.718687
0.4076935626172721,2.718375
0.40773470638179093,2.718386
0.4077758501463098,2.718934
0.40781699391082865,2.718557
0.40785813767534745,2.718205
0.40789928143986637,2.718125
0.40794042520438517,2.718249
0.40798156896890403,2.718187
0.4080227127334229,2.718545
0.40806385649794175,2.718537
0.40810500026246055,2.718468
0.4081461440269794,2.718482
0.40818728779149827,2.71828
0.4082284315560171,2.718192
0.4082695753205359,2.718326
0.40831071908505484,2.718556
0.40835186284957375,2.718075
0.4083930066140925,2.718271
0.40843415037861136,2.718614
0.4084752941431302,2.718329
0.408516437907649,2.717931
0.40855758167216794,2.717716
0.40859872543668674,2.717862
0.4086398692012056,2.718106
0.40868101296572446,2.718287
0.4087221567302433,2.717981
0.40876330049476217,2.718226
0.40880444425928103,2.71816
0.40884558802379983,2.718249
0.4088867317883187,2.718016
0.40892787555283766,2.718192
0.40896901931735646,2.718307
0.4090101630818752,2.718102
0.40905130684639407,2.718252
0.4090924506109129,2.718193
0.40913359437543184,2.718303
0.40917473813995064,2.718229
0.4092158819044695,2.71822
0.4092570256689883,2.718032
0.40929816943350716,2.717841
0.4093393131980261,2.717962
0.40938045696254494,2.717658
0.40942160072706374,2.717766
0.40946274449158254,2.717659
0.40950388825610146,2.717579
0.4095450320206203,2.71742
0.4095861757851391,2.717366
0.409627319549658,2.716747
0.4096684633141768,2.716513
0.4097096070786957,2.717086
0.40975075084321455,2.716878
0.4097918946077334,2.716724
0.4098330383722522,2.71624
0.40987418213677107,2.715582
0.40991532590128993,2.71563
0.4099564696658088,2.715935
0.40999761343032765,2.715729
0.41003875719484645,2.716779
0.4100799009593653,2.716457
0.4101210447238842,2.716758
0.410162188488403,2.717193
0.4102033322529219,2.716961
0.4102444760174407,2.716501
0.4102856197819596,2.716877
0.4103267635464784,2.717068
0.41036790731099726,2.717071
0.4104090510755161,2.716758
0.410450194840035,2.716907
0.4104913386045538,2.716991
0.4105324823690727,2.71702
0.4105736261335915,2.717296
0.41061476989811035,2.717055
0.4106559136626292,2.717343
0.41069705742714807,2.717416
0.4107382011916669,2.717216
0.4107793449561858,2.717353
0.4108204887207046,2.717691
0.41086163248522345,2.717743
0.4109027762497423,2.717862
0.41094392001426117,2.717688
0.41098506377877997,2.717383
0.4110262075432989,2.71759
0.4110673513078177,2.717721
0.41110849507233654,2.717717
0.41114963883685535,2.717595
0.41119078260137426,2.717302
0.4112319263658931,2.717331
0.4112730701304119,2.717282
0.4113142138949308,2.717179
0.41135535765944964,2.716937
0.41139650142396844,2.717281
0.41143764518848736,2.717388
0.41147878895300616,2.717215
0.411519932717525,2.717224
0.4115610764820439,2.717206
0.4116022202465628,2.716869
0.4116433640110816,2.716777
0.41168450777560045,2.716871
0.41172565154011925,2.716311
0.4117667953046381,2.716565
0.411807939069157,2.716499
0.41184908283367583,2.716818
0.41189022659819463,2.716904
0.4119313703627135,2.716852
0.41197251412723235,2.71663
0.41201365789175126,2.717018
0.41205480165627006,2.717103
0.4120959454207889,2.716733
0.4121370891853077,2.716708
0.41217823294982664,2.716908
0.4122193767143455,2.716926
0.41226052047886436,2.716786
0.4123016642433831,2.71714
0.4123428080079019,2.717264
0.4123839517724209,2.717256
0.41242509553693973,2.717691
0.41246623930145854,2.717453
0.4125073830659774,2.717789
0.4125485268304962,2.718215
0.4125896705950151,2.718321
0.41263081435953397,2.718476
0.41267195812405283,2.718588
0.41271310188857163,2.718666
0.41275424565309055,2.718779
0.41279538941760935,2.718922
0.4128365331821282,2.718709
0.41287767694664707,2.718628
0.41291882071116587,2.718735
0.4129599644756847,2.718618
0.41300110824020364,2.718521
0.41304225200472244,2.718489
0.4130833957692413,2.718462
0.4131245395337601,2.718394
0.413165683298279,2.718557
0.4132068270627978,2.718697
0.4132479708273167,2.718044
0.41328911459183554,2.717948
0.4133302583563544,2.718006
0.4133714021208732,2.718091
0.4134125458853921,2.717589
0.4134536896499109,2.7177
0.4134948334144298,2.717881
0.41353597717894863,2.717683
0.4135771209434675,2.717749
0.4136182647079863,2.717598
0.4136594084725052,2.717829
0.413700552237024,2.718026
0.41374169600154287,2.71788
0.4137828397660617,2.717816
0.4138239835305806,2.7176
0.4138651272950994,2.717925
0.4139062710596183,2.717889
0.4139474148241371,2.717674
0.41398855858865596,2.716979
0.41402970235317477,2.717478
0.4140708461176937,2.717941
0.4141119898822125,2.717945
0.41415313364673134,2.717952
0.4141942774112502,2.717879
0.41423542117576906,2.717642
0.41427656494028786,2.717579
0.4143177087048068,2.717895
0.4143588524693256,2.717347
0.41439999623384444,2.717279
0.41444113999836324,2.717334
0.4144822837628822,2.717288
0.414523427527401,2.716962
0.41456457129191976,2.71712
0.4146057150564387,2.717084
0.41464685882095753,2.716979
0.4146880025854764,2.71696
0.41472914634999525,2.716609
0.41477029011451405,2.71697
0.41481143387903285,2.716924
0.4148525776435518,2.717172
0.4148937214080707,2.716929
0.4149348651725895,2.717208
0.41497600893710834,2.717039
0.41501715270162715,2.71709
0.41505829646614606,2.717009
0.4150994402306649,2.717025
0.41514058399518367,2.717203
0.4151817277597025,2.717371
0.4152228715242213,2.71754
0.4152640152887403,2.717532
0.41530515905325915,2.717278
0.41534630281777796,2.717337
0.41538744658229676,2.717355
0.4154285903468157,2.717265
0.41546973411133453,2.716972
0.4155108778758534,2.71683
0.41555202164037225,2.716939
0.415593165404891,2.716934
0.41563430916940997,2.716682
0.41567545293392877,2.716795
0.4157165966984476,2.716788
0.41575774046296643,2.716935
0.41579888422748523,2.716632
0.41584002799200415,2.716596
0.41588117175652306,2.716269
0.41592231552104186,2.716438
0.4159634592855607,2.717016
0.4160046030500796,2.717147
0.41604574681459844,2.716733
0.41608689057911724,2.717013
0.41612803434363604,2.717106
0.41616917810815496,2.717283
0.4162103218726738,2.716487
0.4162514656371926,2.716075
0.41629260940171153,2.716222
0.41633375316623034,2.716225
0.41637489693074914,2.716329
0.41641604069526805,2.716215
0.4164571844597869,2.716277
0.4164983282243057,2.716233
0.41653947198882463,2.716238
0.41658061575334343,2.716274
0.41662175951786223,2.715956
0.41666290328238115,2.716202
0.4167040470469,2.71627
0.4167451908114188,2.715977
0.4167863345759377,2.715941
0.4168274783404565,2.716127
0.41686862210497533,2.716054
0.4169097658694942,2.715583
0.4169509096340131,2.715723
0.4169920533985319,2.715522
0.4170331971630507,2.716171
0.4170743409275696,2.716281
0.4171154846920884,2.715992
0.41715662845660734,2.715653
0.4171977722211262,2.715486
0.417238915985645,2.715931
0.4172800597501638,2.71616
0.41732120351468266,2.715861
0.41736234727920163,2.715783
0.4174034910437204,2.716093
0.4174446348082392,2.715916
0.4174857785727581,2.71605
0.4175269223372769,2.715899
0.4175680661017958,2.715995
0.4176092098663146,2.715922
0.41765035363083347,2.715935
0.4176914973953523,2.715839
0.41773264115987124,2.715416
0.4177737849243901,2.715624
0.4178149286889089,2.715708
0.4178560724534277,2.715378
0.41789721621794657,2.715234
0.4179383599824655,2.715273
0.41797950374698434,2.715219
0.4180206475115031,2.715215
0.41806179127602194,2.71526
0.41810293504054075,2.715059
0.4181440788050597,2.714742
0.4181852225695785,2.71478
0.4182263663340974,2.714998
0.4182675100986162,2.715769
0.4183086538631351,2.7159
0.4183497976276539,2.715804
0.4183909413921728,2.715749
0.41843208515669156,2.715892
0.4184732289212104,2.715752
0.4185143726857294,2.715884
0.4185555164502482,2.716119
0.418596660214767,2.716003
0.41863780397928585,2.715865
0.41867894774380465,2.716004
0.41872009150832357,2.715903
0.4187612352728425,2.715839
0.4188023790373613,2.715899
0.4188435228018801,2.715813
0.418884666566399,2.715544
0.4189258103309178,2.715932
0.41896695409543666,2.716307
0.41900809785995546,2.716
0.4190492416244743,2.715753
0.4190903853889932,2.716046
0.41913152915351204,2.715927
0.4191726729180309,2.715771
0.41921381668254976,2.715971
0.41925496044706856,2.715609
0.4192961042115875,2.715701
0.4193372479761063,2.71601
0.41937839174062513,2.71612
0.41941953550514394,2.716138
0.41946067926966285,2.716312
0.41950182303418165,2.716016
0.4195429667987005,2.716514
0.41958411056321937,2.716505
0.41962525432773823,2.715893
0.41966639809225703,2.716088
0.41970754185677595,2.716085
0.41974868562129475,2.716265
0.4197898293858136,2.716151
0.41983097315033246,2.716498
0.4198721169148513,2.716231
0.4199132606793701,2.716003
0.41995440444388904,2.716406
0.41999554820840784,2.715917
0.42003669197292676,2.715967
0.42007783573744556,2.716252
0.4201189795019644,2.716163
0.4201601232664832,2.715804
0.4202012670310021,2.71561
0.42024241079552105,2.715602
0.4202835545600398,2.715797
0.4203246983245586,2.71588
0.4203658420890775,2.714948
0.42040698585359637,2.715234
0.42044812961811523,2.71539
0.42048927338263403,2.714994
0.4205304171471529,2.715224
0.4205715609116717,2.715073
0.42061270467619066,2.714433
0.42065384844070947,2.715356
0.42069499220522827,2.715114
0.4207361359697471,2.714531
0.420777279734266,2.714432
0.42081842349878484,2.71447
0.4208595672633037,2.714745
0.4209007110278225,2.714237
0.42094185479234136,2.714377
0.42098299855686033,2.714085
0.42102414232137914,2.714225
0.42106528608589794,2.714118
0.4211064298504168,2.713763
0.4211475736149356,2.713014
0.4211887173794545,2.713392
0.4212298611439733,2.713311
0.42127100490849223,2.713634
0.421312148673011,2.714385
0.42135329243752984,2.714405
0.42139443620204875,2.714146
0.4214355799665676,2.714142
0.4214767237310864,2.714255
0.42151786749560527,2.714478
0.42155901126012413,2.714724
0.421600155024643,2.715267
0.42164129878916184,2.71464
0.4216824425536807,2.714912
0.42172358631819945,2.714378
0.4217647300827184,2.714288
0.4218058738472372,2.713603
0.4218470176117561,2.712962
0.4218881613762749,2.713503
0.42192930514079374,2.713806
0.4219704489053126,2.713196
0.42201159266983146,2.713485
0.4220527364343503,2.713655
0.4220938801988692,2.713729
0.422135023963388,2.713764
0.4221761677279069,2.71397
0.4222173114924257,2.714031
0.42225845525694455,2.713693
0.42229959902146336,2.714316
0.42234074278598227,2.714326
0.4223818865505011,2.714513
0.42242303031501993,2.714878
0.4224641740795388,2.714766
0.42250531784405765,2.714966
0.42254646160857645,2.714946
0.42258760537309537,2.714627
0.42262874913761417,2.714095
0.422669892902133,2.714462
0.4227110366666519,2.714633
0.42275218043117074,2.714553
0.42279332419568955,2.714571
0.42283446796020846,2.714549
0.42287561172472726,2.714822
0.4229167554892462,2.715049
0.422957899253765,2.715196
0.42299904301828384,2.714512
0.42304018678280264,2.71488
0.4230813305473215,2.715001
0.42312247431184036,2.715076
0.4231636180763592,2.714933
0.423204761840878,2.714726
0.42324590560539693,2.714856
0.4232870493699158,2.715156
0.42332819313443465,2.71525
0.42336933689895345,2.714794
0.4234104806634723,2.715215
0.4234516244279911,2.714821
0.4234927681925101,2.71461
0.4235339119570289,2.715057
0.4235750557215477,2.715137
0.42361619948606655,2.715726
0.42365734325058546,2.715544
0.42369848701510426,2.715638
0.4237396307796231,2.715812
0.4237807745441419,2.715861
0.4238219183086608,2.716203
0.4238630620731797,2.716181
0.42390420583769856,2.716386
0.42394534960221736,2.716133
0.4239864933667361,2.715732
0.424027637131255,2.715214
0.42406878089577393,2.715401
0.42410992466029274,2.715547
0.4241510684248116,2.715588
0.4241922121893304,2.716577
0.4242333559538493,2.716968
0.42427449971836817,2.717096
0.42431564348288703,2.717055
0.42435678724740583,2.717079
0.4243979310119247,2.716814
0.42443907477644355,2.716912
0.4244802185409624,2.716642
0.4245213623054812,2.716288
0.4245625060700001,2.716506
0.42460364983451887,2.716526
0.4246447935990378,2.716311
0.42468593736355664,2.716355
0.4247270811280755,2.716437
0.4247682248925943,2.7166
0.4248093686571132,2.716505
0.424850512421632,2.716459
0.4248916561861509,2.71593
0.42493279995066974,2.716454
0.4249739437151886,2.71665
0.4250150874797074,2.716462
0.4250562312442263,2.716268
0.4250973750087451,2.716393
0.425138518773264,2.716111
0.4251796625377828,2.716045
0.4252208063023017,2.716291
0.4252619500668205,2.716058
0.42530309383133935,2.716406
0.4253442375958582,2.716472
0.42538538136037707,2.716693
0.42542652512489587,2.716884
0.4254676688894148,2.71666
0.4255088126539336,2.71635
0.42554995641845245,2.716022
0.4255911001829713,2.7158
0.42563224394749016,2.715496
0.42567338771200897,2.715574
0.4257145314765279,2.715509
0.4257556752410467,2.715283
0.42579681900556554,2.715361
0.4258379627700844,2.715483
0.42587910653460326,2.715404
0.42592025029912206,2.715495
0.425961394063641,2.715759
0.4260025378281598,2.715437
0.42604368159267864,2.715896
0.42608482535719744,2.715909
0.42612596912171635,2.715938
0.4261671128862352,2.715932
0.42620825665075407,2.715994
0.42624940041527287,2.716098
0.42629054417979173,2.715958
0.42633168794431053,2.715903
0.4263728317088295,2.715693
0.42641397547334825,2.715967
0.42645511923786705,2.716082
0.42649626300238597,2.716132
0.4265374067669049,2.716028
0.4265785505314237,2.716167
0.42661969429594254,2.716359
0.42666083806046134,2.716252
0.42670198182498015,2.716163
0.4267431255894991,2.715893
0.426784269354018,2.716094
0.4268254131185368,2.71637
0.4268665568830555,2.716345
0.42690770064757444,2.715905
0.42694884441209335,2.715981
0.42698998817661216,2.716126
0.42703113194113096,2.716276
0.4270722757056498,2.715833
0.42711341947016873,2.71506
0.4271545632346876,2.714885
0.42719570699920645,2.71483
0.42723685076372525,2.715049
0.427277994528244,2.715335
0.42731913829276297,2.715291
0.4273602820572818,2.715232
0.42740142582180063,2.714862
0.42744256958631943,2.714519
0.4274837133508383,2.714363
0.42752485711535715,2.714136
0.42756600087987606,2.71434
0.4276071446443949,2.714414
0.4276482884089137,2.714722
0.42768943217343264,2.714545
0.42773057593795144,2.714617
0.42777171970247024,2.714299
0.42781286346698916,2.714238
0.427854007231508,2.713474
0.4278951509960268,2.713084
0.42793629476054573,2.713005
0.42797743852506454,2.713676
0.42801858228958334,2.713807
0.42805972605410225,2.713928
0.4281008698186211,2.714703
0.4281420135831399,2.714687
0.4281831573476587,2.714565
0.42822430111217763,2.714438
0.42826544487669643,2.713875
0.4283065886412153,2.714237
0.4283477324057342,2.714486
0.428388876170253,2.714972
0.4284300199347718,2.714962
0.4284711636992907,2.714753
0.4285123074638095,2.714152
0.4285534512283284,2.71402
0.4285945949928473,2.713598
0.42863573875736616,2.712924
0.4286768825218849,2.71328
0.4287180262864038,2.713762
0.4287591700509226,2.713852
0.4288003138154415,2.714059
0.4288414575799604,2.713917
0.4288826013444792,2.713905
0.428923745108998,2.713906
0.42896488887351686,2.713718
0.4290060326380357,2.713444
0.42904717640255463,2.71355
0.4290883201670734,2.713554
0.4291294639315923,2.713229
0.4291706076961111,2.713428
0.42921175146063,2.713785
0.4292528952251488,2.713459
0.42929403898966767,2.713131
0.4293351827541865,2.713071
0.42937632651870533,2.712671
0.4294174702832243,2.712677
0.4294586140477431,2.713249
0.4294997578122619,2.713657
0.42954090157678076,2.713825
0.42958204534129957,2.713923
0.4296231891058185,2.713645
0.4296643328703374,2.713599
0.42970547663485614,2.713614
0.42974662039937495,2.713365
0.4297877641638939,2.71356
0.4298289079284128,2.713405
0.4298700516929316,2.713073
0.4299111954574504,2.712948
0.42995233922196924,2.712778
0.4299934829864881,2.713024
0.430034626751007,2.71281
0.4300757705155258,2.71274
0.43011691428004467,2.712926
0.4301580580445634,2.71305
0.4301992018090824,2.713313
0.4302403455736012,2.713116
0.43028148933812005,2.713136
0.43032263310263885,2.713013
0.43036377686715777,2.71264
0.43040492063167657,2.712775
0.4304460643961955,2.712534
0.4304872081607143,2.712502
0.43052835192523314,2.712676
0.430569495689752,2.712636
0.43061063945427086,2.71244
0.43065178321878966,2.712308
0.4306929269833086,2.712427
0.4307340707478273,2.712584
0.43077521451234624,2.713163
0.4308163582768651,2.713197
0.43085750204138396,2.712967
0.43089864580590276,2.712589
0.43093978957042167,2.712815
0.4309809333349405,2.713345
0.43102207709945933,2.713749
0.43106322086397814,2.713984
0.43110436462849705,2.714162
0.43114550839301585,2.71401
0.4311866521575347,2.714051
0.43122779592205357,2.713913
0.43126893968657243,2.713343
0.43131008345109123,2.713624
0.43135122721561014,2.714165
0.43139237098012895,2.713779
0.4314335147446478,2.713987
0.43147465850916666,2.714031
0.4315158022736855,2.713959
0.4315569460382043,2.713888
0.43159808980272324,2.713609
0.43163923356724204,2.713413
0.4316803773317609,2.71379
0.43172152109627976,2.713641
0.4317626648607986,2.71352
0.4318038086253174,2.713699
0.4318449523898363,2.713903
0.43188609615435514,2.713653
0.43192723991887405,2.713337
0.4319683836833928,2.713235
0.4320095274479117,2.713023
0.4320506712124305,2.713553
0.43209181497694943,2.713306
0.43213295874146823,2.71322
0.4321741025059871,2.713379
0.4322152462705059,2.713185
0.43225639003502475,2.713387
0.43229753379954367,2.713197
0.4323386775640625,2.713275
0.43237982132858127,2.712605
0.4324209650931002,2.713056
0.43246210885761904,2.713205
0.4325032526221379,2.713132
0.4325443963866567,2.713217
0.43258554015117556,2.713233
0.43262668391569437,2.713235
0.43266782768021333,2.713104
0.43270897144473214,2.71326
0.432750115209251,2.712839
0.4327912589737698,2.712891
0.43283240273828866,2.713453
0.4328735465028075,2.713334
0.43291469026732643,2.713318
0.43295583403184523,2.713239
0.43299697779636404,2.713461
0.43303812156088295,2.713377
0.4330792653254018,2.713069
0.4331204090899206,2.712742
0.43316155285443947,2.712446
0.43320269661895827,2.712555
0.4332438403834772,2.712881
0.433284984147996,2.712785
0.4333261279125149,2.712967
0.4333672716770337,2.712656
0.4334084154415525,2.712583
0.4334495592060714,2.713192
0.4334907029705903,2.713562
0.4335318467351091,2.713346
0.433572990499628,2.713485
0.4336141342641468,2.71337
0.43365527802866566,2.713495
0.4336964217931845,2.713417
0.4337375655577034,2.713319
0.4337787093222222,2.713423
0.4338198530867411,2.7133
0.4338609968512599,2.713032
0.43390214061577875,2.712752
0.43394328438029756,2.713299
0.43398442814481647,2.713302
0.4340255719093353,2.713248
0.43406671567385413,2.713462
0.434107859438373,2.71379
0.43414900320289185,2.71365
0.43419014696741065,2.713737
0.43423129073192956,2.713864
0.43427243449644837,2.713353
0.4343135782609672,2.713689
0.43435472202548603,2.713556
0.43439586579000494,2.71354
0.43443700955452375,2.713935
0.4344781533190426,2.713614
0.43451929708356146,2.713601
0.4345604408480803,2.71337
0.4346015846125992,2.713178
0.43464272837711804,2.712841
0.43468387214163684,2.712882
0.4347250159061557,2.712616
0.4347661596706746,2.712738
0.4348073034351934,2.71276
0.4348484471997122,2.712727
0.43488959096423113,2.712564
0.43493073472874993,2.712674
0.43497187849326885,2.712557
0.43501302225778765,2.712009
0.4350541660223065,2.712369
0.4350953097868253,2.712515
0.43513645355134417,2.712512
0.4351775973158631,2.712529
0.43521874108038194,2.712309
0.4352598848449007,2.712472
0.4353010286094196,2.712346
0.43534217237393846,2.712726
0.4353833161384573,2.712591
0.4354244599029761,2.71317
0.435465603667495,2.713626
0.4355067474320138,2.713415
0.43554789119653275,2.7135
0.43558903496105156,2.71354
0.4356301787255704,2.713731
0.4356713224900892,2.713553
0.4357124662546081,2.713871
0.43575361001912694,2.713707
0.43579475378364585,2.713473
0.4358358975481646,2.7136
0.4358770413126834,2.713737
0.43591818507720237,2.713894
0.4359593288417212,2.713872
0.43600047260624003,2.713812
0.4360416163707589,2.713692
0.4360827601352777,2.713614
0.4361239038997966,2.71325
0.4361650476643154,2.713095
0.4362061914288343,2.713231
0.4362473351933531,2.713361
0.4362884789578719,2.713527
0.43632962272239084,2.713308
0.4363707664869097,2.713525
0.4364119102514285,2.713496
0.43645305401594736,2.713562
0.4364941977804662,2.713315
0.4365353415449851,2.713105
0.43657648530950394,2.713405
0.4366176290740228,2.713224
0.4366587728385416,2.713187
0.4366999166030605,2.713228
0.4367410603675793,2.713151
0.4367822041320982,2.713489
0.436823347896617,2.713113
0.4368644916611359,2.713153
0.4369056354256547,2.713012
0.43694677919017355,2.713227
0.4369879229546924,2.713133
0.43702906671921127,2.71312
0.43707021048373007,2.713103
0.437111354248249,2.712921
0.4371524980127678,2.712965
0.43719364177728665,2.713061
0.43723478554180545,2.713084
0.43727592930632436,2.713022
0.43731707307084317,2.713457
0.43735821683536197,2.713206
0.4373993605998809,2.713046
0.4374405043643998,2.712947
0.43748164812891854,2.712867
0.43752279189343746,2.713042
0.43756393565795626,2.712947
0.43760507942247506,2.712869
0.43764622318699403,2.712504
0.43768736695151284,2.712547
0.43772851071603164,2.712669
0.43776965448055055,2.712546
0.43781079824506935,2.712323
0.43785194200958827,2.711886
0.43789308577410707,2.712359
0.43793422953862593,2.712492
0.43797537330314473,2.712369
0.4380165170676637,2.712198
0.4380576608321825,2.712721
0.43809880459670125,2.713044
0.4381399483612201,2.712944
0.438181092125739,2.712977
0.4382222358902579,2.712997
0.43826337965477674,2.713182
0.43830452341929554,2.71308
0.43834566718381435,2.713093
0.4383868109483332,2.712793
0.4384279547128522,2.71312
0.438469098477371,2.713017
0.43851024224188984,2.712682
0.43855138600640864,2.712481
0.43859252977092755,2.712725
0.43863367353544636,2.712424
0.43867481729996527,2.712075
0.438715961064484,2.71198
0.4387571048290028,2.711602
0.4387982485935218,2.711846
0.43883939235804065,2.712233
0.43888053612255945,2.712408
0.43892167988707825,2.712367
0.4389628236515971,2.711955
0.439003967416116,2.71191
0.43904511118063483,2.711864
0.43908625494515374,2.712341
0.4391273987096725,2.712472
0.43916854247419135,2.712399
0.43920968623871026,2.71246
0.4392508300032291,2.712543
0.4392919737677479,2.712761
0.4393331175322667,2.712612
0.43937426129678564,2.712354
0.43941540506130444,2.712848
0.4394565488258233,2.712978
0.4394976925903422,2.712959
0.439538836354861,2.712608
0.4395799801193798,2.712796
0.43962112388389873,2.71269
0.43966226764841754,2.712675
0.4397034114129364,2.711957
0.4397445551774553,2.711871
0.4397856989419741,2.711377
0.4398268427064929,2.710813
0.43986798647101183,2.710703
0.43990913023553063,2.710313
0.4399502740000495,2.710278
0.4399914177645684,2.710056
0.4400325615290872,2.710567
0.440073705293606,2.710683
0.44011484905812487,2.711602
0.4401559928226437,2.711966
0.4401971365871626,2.712756
0.4402382803516814,2.713073
0.4402794241162003,2.71223
0.4403205678807192,2.712522
0.44036171164523796,2.712333
0.4404028554097568,2.712057
0.4404439991742757,2.711953
0.4404851429387945,2.712261
0.4405262867033134,2.712359
0.4405674304678322,2.711982
0.44060857423235106,2.711897
0.4406497179968699,2.711323
0.4406908617613888,2.711552
0.4407320055259077,2.71167
0.4407731492904265,2.711717
0.4408142930549453,2.7117
0.44085543681946415,2.711834
0.4408965805839831,2.711815
0.4409377243485019,2.711762
0.44097886811302067,2.711767
0.44102001187753953,2.711398
0.4410611556420584,2.711616
0.4411022994065773,2.71153
0.4411434431710961,2.712003
0.44118458693561496,2.711695
0.44122573070013377,2.71136
0.4412668744646527,2.71151
0.4413080182291716,2.711774
0.4413491619936904,2.71144
0.44139030575820914,2.711099
0.44143144952272806,2.710694
0.441472593287247,2.711265
0.4415137370517658,2.71127
0.4415548808162846,2.710991
0.44159602458080344,2.710878
0.44163716834532224,2.711002
0.4416783121098412,2.711231
0.44171945587436007,2.711227
0.44176059963887887,2.711443
0.4418017434033977,2.711708
0.4418428871679166,2.71206
0.4418840309324354,2.712036
0.44192517469695425,2.711699
0.44196631846147316,2.711613
0.4420074622259919,2.711634
0.44204860599051077,2.711509
0.4420897497550297,2.711408
0.4421308935195485,2.711133
0.44217203728406734,2.710874
0.44221318104858615,2.711034
0.44225432481310506,2.711346
0.44229546857762386,2.711637
0.4423366123421427,2.711437
0.4423777561066616,2.711289
0.44241889987118044,2.711497
0.44246004363569924,2.711236
0.44250118740021815,2.710996
0.44254233116473696,2.710569
0.4425834749292558,2.71141
0.4426246186937747,2.711475
0.44266576245829353,2.711843
0.44270690622281234,2.711705
0.44274804998733125,2.711997
0.44278919375185005,2.711832
0.4428303375163689,2.711594
0.44287148128088777,2.711678
0.4429126250454066,2.7114
0.44295376880992543,2.711576
0.44299491257444434,2.71136
0.44303605633896315,2.711564
0.443077200103482,2.711631
0.4431183438680008,2.711625
0.4431594876325197,2.711952
0.4432006313970385,2.712094
0.4432417751615574,2.712173
0.44328291892607624,2.711581
0.4433240626905951,2.711989
0.4433652064551139,2.712075
0.4434063502196328,2.712073
0.4434474939841516,2.711909
0.4434886377486705,2.711199
0.44352978151318934,2.710973
0.44357092527770825,2.710863
0.44361206904222705,2.710835
0.4436532128067459,2.710346
0.4436943565712647,2.710913
0.4437355003357836,2.71097
0.44377664410030254,2.71122
0.4438177878648213,2.711445
0.4438589316293401,2.711068
0.44390007539385895,2.711413
0.4439412191583778,2.71152
0.4439823629228967,2.711389
0.4440235066874155,2.711133
0.4440646504519344,2.711126
0.4441057942164532,2.71101
0.4441469379809721,2.71083
0.44418808174549096,2.710605
0.4442292255100098,2.710763
0.44427036927452856,2.710716
0.4443115130390474,2.710552
0.44435265680356634,2.710486
0.4443938005680852,2.710321
0.444434944332604,2.71019
0.44447608809712286,2.710336
0.44451723186164166,2.710465
0.4445583756261606,2.710546
0.44459951939067943,2.710649
0.4446406631551983,2.710369
0.44468180691971704,2.709993
0.444722950684236,2.709707
0.4447640944487548,2.709209
0.44480523821327367,2.709204
0.44484638197779247,2.709856
0.44488752574231133,2.709881
0.4449286695068302,2.709857
0.4449698132713491,2.709944
0.4450109570358679,2.710051
0.44505210080038676,2.710206
0.4450932445649056,2.710207
0.4451343883294245,2.710342
0.4451755320939433,2.710269
0.44521667585846214,2.711034
0.445257819622981,2.711226
0.44529896338749986,2.710912
0.44534010715201866,2.710754
0.4453812509165376,2.710657
0.4454223946810564,2.710536
0.44546353844557524,2.710309
0.4455046822100941,2.710588
0.44554582597461295,2.710318
0.44558696973913176,2.710553
0.44562811350365067,2.710668
0.44566925726816947,2.710352
0.44571040103268833,2.710328
0.4457515447972072,2.710226
0.44579268856172605,2.710106
0.44583383232624485,2.710131
0.44587497609076376,2.710093
0.44591611985528257,2.709829
0.4459572636198014,2.710353
0.44599840738432023,2.71041
0.44603955114883914,2.710159
0.44608069491335794,2.710253
0.4461218386778768,2.710391
0.44616298244239566,2.710527
0.4462041262069145,2.710955
0.4462452699714334,2.711103
0.44628641373595224,2.710482
0.44632755750047104,2.711113
0.4463687012649899,2.710778
0.44640984502950876,2.710562
0.44645098879402767,2.710539
0.4464921325585464,2.710875
0.44653327632306533,2.710742
0.44657442008758413,2.710614
0.446615563852103,2.710361
0.44665670761662185,2.709939
0.4466978513811407,2.710168
0.4467389951456595,2.710063
0.44678013891017837,2.709529
0.4468212826746973,2.709571
0.44686242643921614,2.709417
0.44690357020373495,2.709818
0.4469447139682538,2.710192
0.4469858577327726,2.710381
0.4470270014972915,2.710129
0.4470681452618104,2.710409
0.4471092890263292,2.71025
0.447150432790848,2.710232
0.4471915765553668,2.71031
0.44723272031988576,2.710165
0.4472738640844046,2.710422
0.4473150078489234,2.710271
0.4473561516134423,2.710219
0.44739729537796114,2.710273
0.44743843914248,2.710194
0.44747958290699885,2.710178
0.4475207266715177,2.709632
0.44756187043603646,2.709918
0.4476030142005554,2.710195
0.44764415796507423,2.710162
0.4476853017295931,2.710162
0.4477264454941119,2.710019
0.44776758925863075,2.710021
0.4478087330231496,2.710004
0.4478498767876685,2.710405
0.4478910205521873,2.710184
0.4479321643167062,2.710175
0.44797330808122504,2.71028
0.4480144518457439,2.710222
0.4480555956102627,2.709966
0.44809673937478156,2.70994
0.44813788313930036,2.709963
0.4481790269038193,2.709826
0.4482201706683381,2.710446
0.448261314432857,2.710567
0.4483024581973758,2.710673
0.44834360196189466,2.710574
0.4483847457264135,2.710564
0.4484258894909324,2.710494
0.4484670332554512,2.710476
0.4485081770199701,2.710462
0.4485493207844889,2.709882
0.44859046454900775,2.710253
0.4486316083135266,2.710203
0.44867275207804547,2.709921
0.44871389584256427,2.710276
0.4487550396070832,2.710082
0.448796183371602,2.709962
0.44883732713612084,2.710182
0.44887847090063965,2.710123
0.44891961466515856,2.709528
0.44896075842967736,2.709328
0.44900190219419617,2.709292
0.4490430459587151,2.709156
0.44908418972323394,2.709018
0.4491253334877528,2.709371
0.44916647725227166,2.7096
0.44920762101679046,2.709557
0.44924876478130926,2.709694
0.4492899085458281,2.709312
0.4493310523103471,2.709668
0.44937219607486584,2.709592
0.44941333983938464,2.709554
0.44945448360390355,2.709651
0.44949562736842247,2.709755
0.44953677113294127,2.709542
0.44957791489746013,2.709417
0.44961905866197893,2.709421
0.44966020242649773,2.708679
0.4497013461910167,2.708931
0.44974248995553556,2.70913
0.4497836337200543,2.708911
0.4498247774845732,2.708662
0.449865921249092,2.708578
0.44990706501361094,2.708263
0.44994820877812974,2.708009
0.44998935254264855,2.708355
0.4500304963071674,2.708607
0.4500716400716864,2.708985
0.4501127838362052,2.708958
0.45015392760072404,2.708651
0.45019507136524284,2.708819
0.45023621512976164,2.709042
0.45027735889428055,2.708927
0.4503185026587994,2.708575
0.45035964642331827,2.708267
0.450400790187837,2.708304
0.4504419339523559,2.708634
0.45048307771687485,2.708743
0.45052422148139365,2.708982
0.4505653652459125,2.7093
0.4506065090104313,2.709513
0.4506476527749502,2.70967
0.450688796539469,2.709338
0.45072994030398794,2.709169
0.45077108406850674,2.708998
0.4508122278330255,2.708809
0.45085337159754446,2.709227
0.4508945153620633,2.709276
0.4509356591265821,2.709265
0.4509768028911009,2.709238
0.4510179466556198,2.709268
0.45105909042013864,2.709185
0.4511002341846575,2.709391
0.4511413779491764,2.709475
0.4511825217136952,2.709038
0.451223665478214,2.70927
0.45126480924273293,2.709227
0.45130595300725174,2.709032
0.4513470967717706,2.709068
0.4513882405362895,2.708986
0.4514293843008083,2.709061
0.4514705280653271,2.709008
0.45151167182984603,2.70889
0.45155281559436483,2.708758
0.4515939593588837,2.709232
0.4516351031234026,2.70902
0.4516762468879214,2.709029
0.4517173906524402,2.708899
0.45175853441695907,2.708141
0.4517996781814779,2.707275
0.4518408219459968,2.707341
0.4518819657105156,2.707241
0.4519231094750345,2.707881
0.4519642532395533,2.708153
0.4520053970040722,2.707656
0.452046540768591,2.707973
0.4520876845331099,2.708191
0.4521288282976287,2.708076
0.45216997206214754,2.70836
0.4522111158266664,2.708459
0.45225225959118526,2.708267
0.45229340335570406,2.707815
0.452334547120223,2.708338
0.4523756908847419,2.708325
0.4524168346492607,2.708275
0.4524579784137795,2.708377
0.45249912217829835,2.70833
0.45254026594281715,2.708426
0.4525814097073361,2.708555
0.452622553471855,2.708774
0.45266369723637373,2.708338
0.4527048410008926,2.708585
0.45274598476541145,2.708602
0.4527871285299303,2.708987
0.45282827229444916,2.708852
0.45286941605896797,2.709134
0.4529105598234868,2.709297
0.4529517035880058,2.709215
0.4529928473525246,2.709117
0.4530339911170434,2.708584
0.4530751348815622,2.708819
0.45311627864608106,2.708943
0.4531574224106,2.708837
0.4531985661751188,2.708972
0.45323970993963764,2.708919
0.45328085370415644,2.708647
0.4533219974686753,2.708285
0.45336314123319427,2.707544
0.45340428499771307,2.707161
0.4534454287622319,2.707176
0.45348657252675073,2.708024
0.4535277162912696,2.708181
0.45356886005578845,2.708111
0.45361000382030736,2.708119
0.45365114758482616,2.708345
0.4536922913493449,2.708179
0.4537334351138639,2.708175
0.4537745788783827,2.708361
0.45381572264290154,2.70814
0.45385686640742035,2.708682
0.45389801017193926,2.708343
0.45393915393645806,2.707868
0.4539802977009769,2.707915
0.4540214414654958,2.708035
0.45406258523001464,2.707937
0.45410372899453344,2.707858
0.45414487275905235,2.70814
0.45418601652357116,2.7079
0.45422716028809,2.708456
0.4542683040526088,2.708126
0.45430944781712773,2.707936
0.45435059158164653,2.708033
0.4543917353461654,2.708126
0.45443287911068425,2.707868
0.4544740228752031,2.708057
0.4545151666397219,2.708125
0.4545563104042408,2.707978
0.45459745416875963,2.708493
0.4546385979332785,2.708034
0.45467974169779735,2.707993
0.4547208854623162,2.708221
0.454762029226835,2.708457
0.4548031729913539,2.708468
0.4548443167558727,2.708961
0.4548854605203916,2.709155
0.45492660428491044,2.708908
0.4549677480494293,2.709134
0.4550088918139481,2.708721
0.45505003557846707,2.708806
0.4550911793429858,2.708997
0.4551323231075047,2.709341
0.4551734668720235,2.709005
0.4552146106365424,2.709155
0.45525575440106125,2.709054
0.4552968981655801,2.70896
0.4553380419300989,2.709242
0.45537918569461777,2.709805
0.4554203294591366,2.709989
0.45546147322365554,2.709882
0.4555026169881743,2.710119
0.45554376075269315,2.710166
0.455584904517212,2.709803
0.4556260482817309,2.710093
0.4556671920462497,2.709844
0.4557083358107686,2.710099
0.4557494795752874,2.71001
0.45579062333980624,2.709522
0.45583176710432516,2.709635
0.455872910868844,2.709472
0.4559140546333628,2.709669
0.4559551983978816,2.70936
0.4559963421624005,2.709414
0.4560374859269194,2.708975
0.4560786296914382,2.709057
0.45611977345595706,2.709124
0.45616091722047586,2.708967
0.4562020609849948,2.708882
0.45624320474951363,2.708628
0.4562843485140325,2.708742
0.4563254922785513,2.708736
0.45636663604307015,2.708834
0.456407779807589,2.708518
0.45644892357210787,2.708545
0.4564900673366267,2.708652
0.45653121110114553,2.709078
0.45657235486566433,2.708899
0.4566134986301833,2.709105
0.4566546423947021,2.709138
0.45669578615922096,2.708889
0.45673692992373977,2.70891
0.4567780736882587,2.708615
0.4568192174527775,2.708519
0.45686036121729634,2.709035
0.4569015049818152,2.708882
0.45694264874633406,2.708977
0.45698379251085286,2.708878
0.4570249362753718,2.708793
0.4570660800398906,2.708848
0.45710722380440943,2.709246
0.45714836756892824,2.709067
0.45718951133344715,2.70863
0.45723065509796595,2.708781
0.4572717988624848,2.709003
0.45731294262700367,2.708798
0.45735408639152253,2.708758
0.45739523015604133,2.709076
0.45743637392056025,2.708997
0.45747751768507905,2.708893
0.4575186614495979,2.708799
0.45755980521411677,2.708538
0.4576009489786356,2.709035
0.4576420927431544,2.709019
0.45768323650767334,2.708587
0.45772438027219214,2.708023
0.457765524036711,2.707944
0.45780666780122986,2.708232
0.4578478115657487,2.70882
0.4578889553302675,2.708471
0.45793009909478644,2.707552
0.45797124285930524,2.70773
0.4580123866238241,2.707583
0.4580535303883429,2.707198
0.4580946741528618,2.706652
0.45813581791738067,2.70819
0.4581769616818995,2.708687
0.45821810544641833,2.708693
0.4582592492109372,2.709135
0.45830039297545605,2.708957
0.45834153673997496,2.709229
0.4583826805044937,2.709502
0.45842382426901257,2.709483
0.45846496803353143,2.709841
0.45850611179805034,2.709482
0.45854725556256914,2.709494
0.458588399327088,2.710187
0.4586295430916068,2.70996
0.45867068685612566,2.709404
0.4587118306206446,2.709271
0.45875297438516344,2.709113
0.4587941181496822,2.709183
0.458835261914201,2.709283
0.45887640567871996,2.709413
0.4589175494432388,2.709431
0.4589586932077576,2.709144
0.4589998369722765,2.70904
0.4590409807367953,2.708757
0.4590821245013142,2.708673
0.45912326826583305,2.709313
0.4591644120303519,2.709523
0.4592055557948707,2.709511
0.45924669955938946,2.709634
0.45928784332390843,2.710043
0.4593289870884273,2.7099
0.4593701308529461,2.70992
0.45941127461746495,2.710071
0.4594524183819838,2.7104
0.45949356214650267,2.710869
0.4595347059110215,2.710776
0.4595758496755404,2.710733
0.4596169934400592,2.710578
0.4596581372045781,2.710364
0.4596992809690969,2.710599
0.45974042473361576,2.710956
0.4597815684981346,2.710704
0.45982271226265337,2.710657
0.4598638560271723,2.710994
0.4599049997916912,2.710951
0.45994614355621,2.71115
0.45998728732072885,2.711441
0.4600284310852477,2.711355
0.46006957484976657,2.711024
0.4601107186142854,2.711324
0.4601518623788042,2.711257
0.4601930061433231,2.710665
0.46023414990784195,2.711318
0.46027529367236075,2.710821
0.46031643743687967,2.710304
0.46035758120139847,2.71006
0.46039872496591727,2.709532
0.4604398687304362,2.708822
0.46048101249495504,2.708749
0.46052215625947385,2.708928
0.46056330002399276,2.708538
0.46060444378851156,2.708966
0.46064558755303037,2.709143
0.4606867313175493,2.709061
0.46072787508206814,2.708767
0.46076901884658694,2.708709
0.46081016261110586,2.708281
0.46085130637562466,2.708474
0.46089245014014346,2.708852
0.4609335939046623,2.708564
0.46097473766918123,2.709122
0.4610158814337001,2.709334
0.46105702519821884,2.70943
0.46109816896273775,2.709225
0.46113931272725656,2.709801
0.46118045649177547,2.709581
0.46122160025629433,2.709607
0.46126274402081313,2.709328
0.46130388778533193,2.708643
0.46134503154985085,2.709059
0.46138617531436976,2.709204
0.46142731907888856,2.708956
0.4614684628434074,2.708676
0.4615096066079262,2.708028
0.46155075037244503,2.70753
0.461591894136964,2.706696
0.46163303790148286,2.706931
0.4616741816660016,2.707062
0.4617153254305204,2.707185
0.4617564691950394,2.707454
0.46179761295955823,2.706747
0.46183875672407704,2.707048
0.46187990048859584,2.706973
0.4619210442531147,2.706752
0.4619621880176336,2.706322
0.46200333178215247,2.707091
0.46204447554667133,2.707628
0.4620856193111901,2.707891
0.4621267630757089,2.708359
0.46216790684022785,2.708485
0.4622090506047467,2.709074
0.4622501943692655,2.709091
0.4622913381337843,2.708846
0.4623324818983032,2.708323
0.46237362566282203,2.70866
0.46241476942734094,2.708499
0.4624559131918598,2.707663
0.4624970569563786,2.707537
0.4625382007208975,2.707656
0.4625793444854163,2.707948
0.4626204882499351,2.708205
0.46266163201445404,2.707978
0.4627027757789729,2.707902
0.4627439195434917,2.707655
0.4627850633080106,2.707365
0.4628262070725294,2.706575
0.4628673508370482,2.707186
0.46290849460156713,2.707277
0.46294963836608594,2.707295
0.4629907821306048,2.707389
0.4630319258951236,2.707868
0.4630730696596425,2.707993
0.4631142134241613,2.707803
0.4631553571886802,2.707878
0.46319650095319903,2.707417
0.4632376447177179,2.707972
0.4632787884822368,2.708028
0.4633199322467556,2.708189
0.4633610760112744,2.708338
0.46340221977579327,2.707978
0.4634433635403121,2.708064
0.463484507304831,2.708315
0.4635256510693498,2.708384
0.4635667948338687,2.708067
0.4636079385983875,2.708251
0.46364908236290636,2.708276
0.4636902261274252,2.707617
0.4637313698919441,2.706784
0.4637725136564629,2.706226
0.46381365742098174,2.705893
0.4638548011855007,2.706478
0.46389594495001946,2.706319
0.46393708871453826,2.706391
0.4639782324790572,2.707577
0.464019376243576,2.707694
0.4640605200080949,2.707844
0.4641016637726137,2.708163
0.46414280753713255,2.708145
0.46418395130165135,2.708357
0.4642250950661702,2.708802
0.4642662388306892,2.709039
0.464307382595208,2.708446
0.46434852635972673,2.708626
0.46438967012424565,2.708618
0.4644308138887645,2.708607
0.46447195765328336,2.708532
0.46451310141780217,2.708682
0.464554245182321,2.708736
0.4645953889468398,2.70858
0.4646365327113588,2.708602
0.4646776764758776,2.708339
0.46471882024039646,2.708415
0.46475996400491526,2.708076
0.4648011077694341,2.707893
0.464842251533953,2.707893
0.4648833952984719,2.707942
0.46492453906299064,2.707999
0.4649656828275095,2.708015
0.46500682659202847,2.708257
0.46504797035654727,2.708138
0.46508911412106607,2.708233
0.46513025788558493,2.708539
0.46517140165010373,2.708659
0.46521254541462265,2.708712
0.46525368917914145,2.709486
0.46529483294366036,2.709523
0.46533597670817917,2.709563
0.46537712047269797,2.709653
0.4654182642372169,2.709582
0.46545940800173574,2.708805
0.46550055176625454,2.708767
0.4655416955307734,2.708586
0.46558283929529226,2.708207
0.4656239830598111,2.707474
0.46566512682433,2.706972
0.46570627058884884,2.706723
0.46574741435336764,2.706385
0.46578855811788655,2.705925
0.46582970188240536,2.705742
0.4658708456469242,2.706393
0.465911989411443,2.706616
0.46595313317596193,2.706697
0.46599427694048073,2.706943
0.4660354207049996,2.706986
0.46607656446951845,2.707276
0.4661177082340373,2.707386
0.4661588519985561,2.7072
0.466199995763075,2.70637
0.46624113952759383,2.707098
0.4662822832921127,2.707173
0.46632342705663155,2.707388
0.4663645708211504,2.707486
0.4664057145856692,2.707555
0.4664468583501881,2.707737
0.4664880021147069,2.707367
0.4665291458792258,2.707524
0.46657028964374464,2.707099
0.4666114334082635,2.707466
0.4666525771727823,2.707651
0.46669372093730116,2.708048
0.4667348647018201,2.708394
0.4667760084663389,2.708051
0.4668171522308577,2.707757
0.4668582959953766,2.707826
0.4668994397598954,2.707536
0.4669405835244143,2.706851
0.4669817272889331,2.70707
0.46702287105345197,2.707366
0.4670640148179708,2.707475
0.46710515858248974,2.707503
0.46714630234700855,2.707582
0.46718744611152735,2.707516
0.46722858987604615,2.707901
0.46726973364056507,2.708027
0.4673108774050839,2.70758
0.4673520211696028,2.707632
0.4673931649341216,2.707754
0.46743430869864044,2.707721
0.46747545246315925,2.708048
0.4675165962276782,2.707991
0.467557739992197,2.707657
0.4675988837567159,2.707775
0.4676400275212347,2.707919
0.4676811712857536,2.707514
0.4677223150502724,2.707431
0.4677634588147913,2.707517
0.46780460257931006,2.707463
0.4678457463438289,2.707404
0.46788689010834783,2.707387
0.4679280338728667,2.707811
0.4679691776373855,2.708019
0.46801032140190435,2.707887
0.46805146516642315,2.707413
0.46809260893094207,2.707271
0.46813375269546087,2.707392
0.4681748964599798,2.707399
0.46821604022449853,2.707534
0.46825718398901744,2.707719
0.4682983277535363,2.707678
0.46833947151805516,2.707898
0.46838061528257396,2.707599
0.4684217590470928,2.707515
0.4684629028116117,2.707015
0.46850404657613054,2.707451
0.4685451903406494,2.707266
0.46858633410516826,2.70757
0.46862747786968706,2.707522
0.468668621634206,2.707384
0.4687097653987248,2.707395
0.46875090916324363,2.707363
0.46879205292776244,2.707081
0.46883319669228135,2.706481
0.46887434045680015,2.706959
0.468915484221319,2.707157
0.46895662798583787,2.70703
0.46899777175035673,2.706803
0.46903891551487553,2.706965
0.46908005927939445,2.707146
0.46912120304391325,2.707254
0.4691623468084321,2.706967
0.4692034905729509,2.706698
0.4692446343374698,2.707213
0.4692857781019886,2.708118
0.4693269218665075,2.707443
0.46936806563102634,2.707349
0.46940920939554526,2.707129
0.469450353160064,2.707061
0.4694914969245829,2.707447
0.4695326406891017,2.707597
0.4695737844536206,2.707278
0.46961492821813944,2.707744
0.4696560719826583,2.707369
0.4696972157471771,2.707123
0.469738359511696,2.707179
0.4697795032762148,2.707223
0.46982064704073373,2.707043
0.46986179080525253,2.707372
0.4699029345697714,2.707165
0.4699440783342902,2.706722
0.46998522209880916,2.707139
0.47002636586332797,2.707393
0.47006750962784677,2.7077
0.47010865339236557,2.707392
0.4701497971568845,2.70745
0.47019094092140334,2.707603
0.4702320846859222,2.707756
0.470273228450441,2.707385
0.47031437221495986,2.707076
0.47035551597947867,2.707432
0.47039665974399764,2.707533
0.47043780350851644,2.707586
0.4704789472730352,2.707555
0.4705200910375541,2.707602
0.470561234802073,2.707473
0.4706023785665918,2.707473
0.4706435223311107,2.707718
0.4706846660956295,2.707357
0.4707258098601483,2.707652
0.47076695362466725,2.707741
0.4708080973891861,2.707567
0.4708492411537049,2.707652
0.47089038491822377,2.707534
0.4709315286827426,2.707715
0.4709726724472615,2.707437
0.4710138162117803,2.707684
0.4710549599762992,2.707506
0.47109610374081795,2.707299
0.47113724750533686,2.707599
0.4711783912698557,2.707474
0.4712195350343746,2.707523
0.4712606787988934,2.707746
0.47130182256341224,2.707532
0.4713429663279311,2.708016
0.47138411009244996,2.708474
0.4714252538569688,2.708257
0.4714663976214877,2.707626
0.4715075413860065,2.70778
0.4715486851505254,2.708014
0.4715898289150442,2.70821
0.47163097267956305,2.707541
0.47167211644408186,2.707529
0.47171326020860077,2.707106
0.4717544039731196,2.706926
0.4717955477376384,2.706901
0.4718366915021573,2.705718
0.47187783526667615,2.705318
0.47191897903119495,2.704169
0.47196012279571387,2.704273
0.47200126656023267,2.703885
0.47204241032475147,2.703582
0.4720835540892704,2.703684
0.47212469785378924,2.704407
0.47216584161830805,2.704525
0.47220698538282685,2.704133
0.47224812914734576,2.704509
0.47228927291186457,2.704611
0.4723304166763834,2.704726
0.47237156044090234,2.704835
0.47241270420542114,2.705511
0.47245384796993994,2.705533
0.47249499173445886,2.705692
0.47253613549897766,2.705672
0.4725772792634965,2.704948
0.47261842302801543,2.705498
0.4726595667925343,2.70527
0.47270071055705315,2.705046
0.47274185432157195,2.705203
0.47278299808609076,2.705227
0.4728241418506096,2.705523
0.4728652856151286,2.705768
0.47290642937964733,2.705849
0.47294757314416613,2.70502
0.472988716908685,2.705187
0.47302986067320385,2.70549
0.47307100443772276,2.705199
0.4731121482022416,2.704918
0.4731532919667604,2.705104
0.47319443573127923,2.705162
0.47323557949579814,2.70501
0.47327672326031706,2.705244
0.47331786702483586,2.704822
0.4733590107893546,2.704843
0.4734001545538735,2.705256
0.47344129831839243,2.705074
0.47348244208291124,2.705155
0.47352358584743004,2.704508
0.4735647296119489,2.70352
0.4736058733764677,2.703179
0.47364701714098667,2.703124
0.47368816090550553,2.70318
0.47372930467002433,2.703539
0.4737704484345431,2.704016
0.47381159219906205,2.704484
0.4738527359635809,2.704399
0.4738938797280997,2.704364
0.4739350234926185,2.704487
0.47397616725713737,2.704313
0.47401731102165634,2.704713
0.47405845478617514,2.704521
0.474099598550694,2.704759
0.4741407423152128,2.70491
0.4741818860797316,2.704876
0.4742230298442505,2.704775
0.4742641736087693,2.704713
0.4743053173732882,2.704994
0.474346461137807,2.705076
0.4743876049023259,2.705172
0.4744287486668447,2.705063
0.47446989243136356,2.704803
0.47451103619588253,2.705205
0.4745521799604013,2.70497
0.4745933237249201,2.704869
0.47463446748943905,2.704773
0.4746756112539579,2.704746
0.4747167550184767,2.704843
0.4747578987829955,2.704744
0.4747990425475144,2.704767
0.47484018631203323,2.704532
0.4748813300765521,2.704637
0.4749224738410709,2.704587
0.4749636176055898,2.704719
0.4750047613701086,2.705022
0.47504590513462747,2.704881
0.47508704889914627,2.704845
0.4751281926636651,2.70503
0.475169336428184,2.704928
0.47521048019270284,2.704473
0.47525162395722165,2.704704
0.4752927677217406,2.704784
0.4753339114862594,2.704557
0.4753750552507783,2.70431
0.475416199015297,2.704646
0.475457342779816,2.704603
0.4754984865443348,2.704836
0.47553963030885366,2.70451
0.4755807740733725,2.704403
0.4756219178378914,2.704952
0.4756630616024102,2.704944
0.47570420536692903,2.705097
0.475745349131448,2.704989
0.47578649289596675,2.705184
0.47582763666048555,2.705295
0.4758687804250044,2.705148
0.4759099241895234,2.705199
0.4759510679540422,2.704631
0.475992211718561,2.705148
0.4760333554830798,2.705288
0.4760744992475986,2.705175
0.47611564301211756,2.705077
0.47615678677663636,2.704977
0.4761979305411552,2.705032
0.4762390743056741,2.704497
0.47628021807019294,2.704137
0.47632136183471174,2.703327
0.47636250559923066,2.703233
0.47640364936374946,2.70332
0.4764447931282683,2.702932
0.4764859368927873,2.702777
0.4765270806573061,2.703154
0.4765682244218249,2.703644
0.47660936818634375,2.703877
0.4766505119508625,2.704355
0.47669165571538147,2.704327
0.47673279947990027,2.704128
0.47677394324441913,2.704489
0.47681508700893793,2.703908
0.4768562307734568,2.703522
0.47689737453797565,2.703874
0.4769385183024945,2.704105
0.4769796620670133,2.704241
0.4770208058315322,2.704831
0.477061949596051,2.704162
0.4771030933605699,2.703632
0.47714423712508885,2.70367
0.47718538088960766,2.703857
0.4772265246541264,2.704043
0.4772676684186454,2.704124
0.4773088121831642,2.703922
0.47734995594768304,2.704429
0.47739109971220184,2.70491
0.4774322434767207,2.704686
0.47747338724123956,2.705078
0.4775145310057584,2.705228
0.4775556747702772,2.705064
0.4775968185347961,2.705014
0.47763796229931493,2.704526
0.4776791060638338,2.704762
0.4777202498283526,2.704624
0.47776139359287145,2.704617
0.47780253735739037,2.704575
0.47784368112190917,2.70436
0.477884824886428,2.704618
0.47792596865094694,2.704643
0.47796711241546574,2.704659
0.4780082561799846,2.704607
0.47804939994450346,2.70455
0.4780905437090223,2.704638
0.4781316874735411,2.705031
0.47817283123806,2.704626
0.47821397500257884,2.704448
0.4782551187670977,2.704923
0.4782962625316165,2.704866
0.47833740629613536,2.705135
0.47837855006065416,2.704916
0.47841969382517313,2.704826
0.4784608375896919,2.704757
0.47850198135421074,2.704541
0.47854312511872954,2.704475
0.4785842688832485,2.704002
0.4786254126477673,2.704425
0.47866655641228617,2.704255
0.47870770017680503,2.704605
0.4787488439413239,2.704454
0.4787899877058427,2.704543
0.4788311314703616,2.704635
0.4788722752348804,2.704492
0.47891341899939927,2.704284
0.47895456276391807,2.704091
0.47899570652843704,2.704417
0.47903685029295584,2.704389
0.47907799405747464,2.704636
0.47911913782199345,2.704646
0.4791602815865123,2.704482
0.4792014253510312,2.704553
0.4792425691155501,2.704585
0.4792837128800689,2.704633
0.4793248566445876,2.704291
0.4793660004091066,2.704359
0.47940714417362545,2.704325
0.47944828793814426,2.704513
0.47948943170266317,2.704526
0.479530575467182,2.704538
0.47957171923170083,2.704449
0.47961286299621975,2.704387
0.47965400676073855,2.704546
0.47969515052525735,2.704465
0.4797362942897763,2.704285
0.4797774380542951,2.704931
0.479818581818814,2.704726
0.4798597255833328,2.704503
0.47990086934785164,2.704388
0.4799420131123705,2.704398
0.47998315687688936,2.704582
0.48002430064140816,2.704369
0.480065444405927,2.704456
0.4801065881704458,2.704038
0.48014773193496474,2.704648
0.48018887569948354,2.704436
0.4802300194640024,2.704753
0.48027116322852126,2.704602
0.4803123069930401,2.704457
0.4803534507575589,2.704504
0.4803945945220778,2.704577
0.4804357382865967,2.704686
0.48047688205111555,2.704493
0.4805180258156343,2.70485
0.48055916958015327,2.70502
0.48060031334467207,2.70545
0.48064145710919093,2.705033
0.48068260087370973,2.704987
0.48072374463822864,2.705031
0.48076488840274745,2.705047
0.4808060321672663,2.704881
0.4808471759317851,2.704699
0.480888319696304,2.705162
0.4809294634608228,2.705254
0.4809706072253417,2.705113
0.4810117509898605,2.704952
0.4810528947543793,2.704908
0.48109403851889826,2.70495
0.481135182283417,2.705133
0.48117632604793587,2.705342
0.48121746981245483,2.70458
0.48125861357697364,2.705023
0.4812997573414925,2.705119
0.48134090110601135,2.70505
0.4813820448705302,2.705059
0.481423188635049,2.704775
0.48146433239956793,2.704817
0.48150547616408673,2.705073
0.4815466199286056,2.704797
0.4815877636931244,2.704718
0.4816289074576432,2.705183
0.48167005122216217,2.70504
0.481711194986681,2.705126
0.48175233875119977,2.705022
0.4817934825157186,2.705307
0.48183462628023743,2.705264
0.4818757700447564,2.704986
0.4819169138092752,2.70479
0.48195805757379406,2.704664
0.4819992013383129,2.704871
0.4820403451028318,2.704861
0.4820814888673506,2.705089
0.4821226326318695,2.705155
0.4821637763963883,2.70517
0.48220492016090716,2.705065
0.48224606392542607,2.705047
0.48228720768994493,2.705095
0.4823283514544637,2.705122
0.4823694952189825,2.705313
0.48241063898350134,2.705336
0.4824517827480203,2.705198
0.4824929265125391,2.704924
0.48253407027705797,2.704879
0.48257521404157677,2.704814
0.4826163578060957,2.704982
0.4826575015706145,2.70509
0.48269864533513335,2.704879
0.48273978909965215,2.704852
0.48278093286417106,2.705507
0.48282207662868987,2.705345
0.48286322039320867,2.705127
0.48290436415772764,2.705265
0.48294550792224644,2.705107
0.48298665168676524,2.705273
0.4830277954512842,2.705233
0.483068939215803,2.705191
0.4831100829803219,2.704815
0.4831512267448407,2.705605
0.4831923705093596,2.705443
0.4832335142738784,2.705287
0.48327465803839725,2.705256
0.48331580180291606,2.705174
0.48335694556743486,2.705097
0.4833980893319538,2.705024
0.48343923309647263,2.70513
0.48348037686099143,2.704674
0.48352152062551024,2.704968
0.48356266439002915,2.704944
0.48360380815454795,2.70516
0.4836449519190668,2.704944
0.4836860956835858,2.704919
0.4837272394481046,2.70507
0.48376838321262344,2.704961
0.4838095269771423,2.705034
0.48385067074166116,2.704518
0.48389181450617996,2.704839
0.48393295827069877,2.704564
0.4839741020352177,2.704389
0.48401524579973654,2.704909
0.48405638956425534,2.704947
0.48409753332877414,2.705021
0.4841386770932931,2.704796
0.48417982085781186,2.704706
0.4842209646223307,2.704249
0.4842621083868495,2.704411
0.4843032521513684,2.704409
0.48434439591588735,2.704442
0.48438553968040615,2.70439
0.4844266834449249,2.704392
0.48446782720944387,2.704503
0.4845089709739627,2.704612
0.48455011473848153,2.704728
0.48459125850300044,2.704328
0.48463240226751925,2.704701
0.48467354603203805,2.704579
0.484714689796557,2.704813
0.4847558335610758,2.704488
0.4847969773255946,2.704583
0.4848381210901134,2.70444
0.4848792648546323,2.704553
0.48492040861915126,2.704595
0.48496155238367006,2.704276
0.4850026961481889,2.704679
0.48504383991270766,2.704637
0.48508498367722647,2.704617
0.48512612744174544,2.704418
0.48516727120626424,2.704608
0.4852084149707831,2.704776
0.485249558735302,2.704622
0.4852907024998208,2.704508
0.4853318462643396,2.704594
0.4853729900288585,2.704528
0.48541413379337733,2.70438
0.4854552775578962,2.704096
0.485496421322415,2.704211
0.48553756508693396,2.704209
0.4855787088514528,2.704062
0.48561985261597157,2.704087
0.4856609963804904,2.704215
0.48570214014500934,2.704034
0.4857432839095282,2.703865
0.485784427674047,2.703891
0.4858255714385658,2.703836
0.4858667152030847,2.703751
0.4859078589676035,2.703952
0.4859490027321224,2.703555
0.4859901464966412,2.703795
0.48603129026116004,2.703801
0.4860724340256789,2.703601
0.48611357779019776,2.703188
0.48615472155471656,2.703884
0.48619586531923553,2.703874
0.4862370090837543,2.703975
0.48627815284827314,2.703956
0.4863192966127921,2.704083
0.4863604403773109,2.703781
0.4864015841418297,2.703889
0.4864427279063486,2.704271
0.4864838716708675,2.70391
0.4865250154353863,2.704396
0.4865661591999051,2.704301
0.48660730296442395,2.704447
0.4866484467289428,2.704237
0.48668959049346167,2.704521
0.48673073425798047,2.704419
0.4867718780224993,2.704243
0.48681302178701813,2.704087
0.48685416555153704,2.703677
0.48689530931605585,2.704086
0.4869364530805747,2.704179
0.4869775968450936,2.704064
0.4870187406096125,2.704274
0.4870598843741313,2.704356
0.4871010281386502,2.704145
0.487142171903169,2.704013
0.48718331566768786,2.703872
0.4872244594322067,2.703681
0.48726560319672557,2.703997
0.4873067469612444,2.704019
0.48734789072576323,2.704337
0.48738903449028204,2.704316
0.487430178254801,2.703957
0.48747132201931975,2.703687
0.4875124657838386,2.703585
0.4875536095483574,2.703552
0.4875947533128764,2.703331
0.4876358970773952,2.70346
0.48767704084191404,2.703954
0.4877181846064328,2.70366
0.48775932837095176,2.703551
0.48780047213547056,2.703929
0.4878416158999894,2.703798
0.4878827596645083,2.703948
0.48792390342902714,2.704219
0.48796504719354594,2.704005
0.4880061909580649,2.703856
0.48804733472258366,2.703751
0.4880884784871025,2.703923
0.4881296222516213,2.703629
0.4881707660161403,2.703867
0.4882119097806591,2.703995
0.48825305354517795,2.703805
0.48829419730969675,2.703646
0.48833534107421556,2.703759
0.48837648483873447,2.703694
0.48841762860325333,2.703845
0.48845877236777213,2.70378
0.488499916132291,2.703876
0.48854105989680985,2.7038
0.4885822036613287,2.703894
0.4886233474258475,2.703825
0.4886644911903664,2.703808
0.4887056349548852,2.703755
0.4887467787194041,2.703696
0.48878792248392305,2.703897
0.48882906624844186,2.70397
0.48887021001296066,2.703731
0.48891135377747946,2.703576
0.4889524975419984,2.703408
0.48899364130651723,2.703477
0.48903478507103604,2.703377
0.4890759288355549,2.703476
0.48911707260007375,2.702849
0.4891582163645926,2.703242
0.4891993601291114,2.703088
0.4892405038936303,2.703006
0.4892816476581491,2.703217
0.489322791422668,2.703131
0.4893639351871868,2.703122
0.48940507895170565,2.70333
0.48944622271622457,2.703378
0.4894873664807434,2.702878
0.48952851024526217,2.703175
0.48956965400978114,2.702921
0.48961079777429994,2.702849
0.4896519415388188,2.703144
0.48969308530333766,2.703246
0.4897342290678565,2.703116
0.4897753728323753,2.70338
0.4898165165968942,2.703253
0.489857660361413,2.702711
0.4898988041259319,2.703506
0.4899399478904507,2.703294
0.48998109165496956,2.703418
0.49002223541948836,2.703269
0.4900633791840072,2.703445
0.49010452294852613,2.703292
0.49014566671304494,2.703158
0.49018681047756374,2.702937
0.4902279542420827,2.702508
0.4902690980066015,2.703082
0.49031024177112037,2.702646
0.4903513855356392,2.702618
0.4903925293001581,2.702971
0.4904336730646769,2.703023
0.49047481682919575,2.702846
0.4905159605937146,2.70304
0.49055710435823346,2.702833
0.49059824812275227,2.702283
0.4906393918872711,2.703009
0.49068053565179004,2.702893
0.4907216794163089,2.702921
0.49076282318082765,2.702817
0.4908039669453465,2.702866
0.4908451107098654,2.702893
0.4908862544743843,2.702724
0.4909273982389031,2.70306
0.49096854200342194,2.702889
0.4910096857679407,2.702956
0.49105082953245965,2.702939
0.49109197329697846,2.702987
0.4911331170614973,2.703013
0.4911742608260162,2.703079
0.49121540459053503,2.703295
0.49125654835505383,2.703318
0.4912976921195728,2.703377
0.49133883588409155,2.702935
0.4913799796486104,2.702604
0.4914211234131293,2.702931
0.4914622671776482,2.702879
0.491503410942167,2.703137
0.49154455470668584,2.703334
0.49158569847120465,2.702985
0.49162684223572356,2.702997
0.49166798600024236,2.703033
0.4917091297647612,2.703018
0.49175027352928,2.702496
0.4917914172937989,2.702776
0.49183256105831774,2.703168
0.4918737048228366,2.702973
0.4919148485873554,2.703218
0.4919559923518743,2.70349
0.4919971361163931,2.702952
0.492038279880912,2.703094
0.4920794236454309,2.702987
0.49212056740994975,2.702772
0.49216171117446855,2.703739
0.49220285493898747,2.703519
0.49224399870350627,2.703428
0.4922851424680251,2.703205
0.49232628623254393,2.703024
0.4923674299970628,2.702975
0.49240857376158165,2.702997
0.4924497175261005,2.703079
0.4924908612906193,2.70265
0.49253200505513817,2.702999
0.492573148819657,2.70311
0.4926142925841759,2.70318
0.4926554363486947,2.703349
0.4926965801132135,2.703043
0.49273772387773246,2.703176
0.4927788676422513,2.702907
0.49282001140677006,2.703137
0.49286115517128903,2.703045
0.49290229893580784,2.703209
0.4929434427003267,2.703147
0.49298458646484555,2.703039
0.4930257302293644,2.702761
0.4930668739938832,2.702639
0.4931080177584021,2.702731
0.493149161522921,2.703026
0.4931903052874398,2.702608
0.4932314490519586,2.701926
0.4932725928164774,2.702579
0.49331373658099625,2.70265
0.4933548803455152,2.702689
0.493396024110034,2.702638
0.4934371678745528,2.702717
0.49347831163907163,2.702807
0.4935194554035906,2.702971
0.4935605991681094,2.703028
0.49360174293262826,2.702556
0.4936428866971471,2.702486
0.493684030461666,2.702407
0.4937251742261848,2.702634
0.4937663179907037,2.702648
0.4938074617552225,2.702779
0.49384860551974136,2.702792
0.49388974928426016,2.702865
0.49393089304877913,2.702872
0.49397203681329793,2.702778
0.4940131805778168,2.702542
0.49405432434233554,2.702537
0.4940954681068545,2.702498
0.4941366118713733,2.702573
0.49417775563589217,2.702438
0.49421889940041097,2.702283
0.4942600431649298,2.702316
0.4943011869294487,2.702429
0.49434233069396755,2.702474
0.49438347445848635,2.702225
0.49442461822300526,2.702176
0.49446576198752407,2.702143
0.49450690575204287,2.70236
0.49454804951656184,2.70251
0.4945891932810807,2.702411
0.49463033704559944,2.702357
0.4946714808101184,2.702271
0.4947126245746372,2.702539
0.4947537683391561,2.702388
0.4947949121036749,2.702338
0.49483605586819374,2.702269
0.4948771996327126,2.702405
0.49491834339723145,2.702393
0.49495948716175026,2.702374
0.49500063092626906,2.702248
0.4950417746907879,2.702304
0.49508291845530683,2.702292
0.49512406221982563,2.701787
0.49516520598434444,2.702261
0.4952063497488634,2.702259
0.49524749351338215,2.702388
0.495288637277901,2.702279
0.4953297810424198,2.702101
0.4953709248069388,2.702354
0.49541206857145764,2.702107
0.49545321233597645,2.702285
0.49549435610049536,2.701841
0.49553549986501416,2.702288
0.495576643629533,2.702508
0.4956177873940518,2.702455
0.49565893115857074,2.702319
0.49570007492308954,2.702284
0.49574121868760834,2.702425
0.4957823624521272,2.702354
0.49582350621664617,2.702352
0.4958646499811649,2.701946
0.4959057937456837,2.702089
0.4959469375102026,2.702118
0.4959880812747214,2.7023
0.49602922503924035,2.702374
0.49607036880375915,2.702506
0.49611151256827796,2.702432
0.4961526563327969,2.702655
0.49619380009731573,2.702604
0.49623494386183453,2.702398
0.49627608762635345,2.702759
0.49631723139087225,2.702486
0.4963583751553911,2.702338
0.4963995189199101,2.702395
0.4964406626844289,2.702313
0.4964818064489476,2.70225
0.4965229502134665,2.701988
0.4965640939779853,2.702168
0.49660523774250426,2.701923
0.4966463815070231,2.702112
0.4966875252715419,2.702141
0.49672866903606067,2.702342
0.4967698128005795,2.702269
0.49681095656509844,2.70221
0.4968521003296173,2.702212
0.4968932440941361,2.702237
0.496934387858655,2.702435
0.4969755316231738,2.702164
0.4970166753876927,2.702184
0.49705781915221153,2.702227
0.4970989629167304,2.702188
0.4971401066812492,2.702042
0.49718125044576816,2.702289
0.497222394210287,2.702302
0.4972635379748058,2.702083
0.4973046817393246,2.702233
0.49734582550384354,2.702093
0.4973869692683624,2.70181
0.4974281130328812,2.701895
0.4974692567974,2.70189
0.49751040056191886,2.701713
0.4975515443264377,2.701753
0.4975926880909566,2.701838
0.4976338318554754,2.701854
0.49767497561999424,2.701688
0.4977161193845131,2.701785
0.49775726314903196,2.701355
0.49779840691355076,2.701522
0.49783955067806973,2.70169
0.4978806944425886,2.701719
0.49792183820710734,2.701529
0.4979629819716263,2.701545
0.4980041257361451,2.701493
0.4980452695006639,2.701594
0.49808641326518277,2.701572
0.4981275570297017,2.701169
0.4981687007942205,2.701395
0.4982098445587393,2.70161
0.49825098832325815,2.701821
0.49829213208777695,2.701679
0.49833327585229586,2.701807
0.49837441961681467,2.702057
0.4984155633813335,2.702334
0.49845670714585233,2.702044
0.4984978509103713,2.701585
0.49853899467489005,2.7018
0.4985801384394089,2.701814
0.4986212822039279,2.701774
0.4986624259684467,2.70193
0.4987035697329655,2.702026
0.4987447134974844,2.70179
0.4987858572620032,2.701896
0.49882700102652205,2.701982
0.49886814479104086,2.701511
0.49890928855555977,2.702074
0.4989504323200786,2.702041
0.49899157608459743,2.701731
0.49903271984911624,2.701871
0.4990738636136352,2.701845
0.499115007378154,2.701817
0.4991561511426728,2.701878
0.4991972949071916,2.702044
0.49923843867171047,2.701537
0.4992795824362294,2.70137
0.49932072620074824,2.701219
0.49936186996526705,2.701348
0.49940301372978596,2.701318
0.49944415749430476,2.701382
0.4994853012588236,2.701439
0.4995264450233425,2.701364
0.49956758878786134,2.701279
0.49960873255238014,2.701246
0.4996498763168991,2.701431
0.49969102008141797,2.70132
0.4997321638459367,2.701385
0.4997733076104555,2.701642
0.4998144513749744,2.701759
0.4998555951394933,2.701456
0.49989673890401215,2.701089
0.49993788266853095,2.701081
0.4999790264330498,2.701186
0.5000201701975686,2.70099
0.5000613139620875,2.701221
0.5001024577266063,2.701252
0.5001436014911251,2.701404
0.500184745255644,2.70119
0.5002258890201629,2.701017
0.5002670327846818,2.701446
0.5003081765492006,2.701372
0.5003493203137195,2.701413
0.5003904640782383,2.701148
0.5004316078427571,2.701415
0.500472751607276,2.701334
0.5005138953717949,2.70137
0.5005550391363137,2.701223
0.5005961829008325,2.701282
0.5006373266653514,2.701316
0.5006784704298702,2.70109
0.500719614194389,2.70117
0.500760757958908,2.700689
0.5008019017234268,2.70103
0.5008430454879457,2.701205
0.5008841892524645,2.701148
0.5009253330169833,2.701099
0.5009664767815021,2.701039
0.501007620546021,2.701139
0.5010487643105398,2.70133
0.5010899080750587,2.701306
0.5011310518395776,2.700778
0.5011721956040964,2.701213
0.5012133393686152,2.701168
0.5012544831331341,2.701124
0.501295626897653,2.701088
0.5013367706621719,2.701139
0.5013779144266907,2.701228
0.5014190581912096,2.701379
0.5014602019557284,2.701124
0.5015013457202472,2.700953
0.501542489484766,2.701368
0.5015836332492849,2.701493
0.5016247770138037,2.701347
0.5016659207783226,2.701305
0.5017070645428414,2.701555
0.5017482083073603,2.70147
0.5017893520718791,2.701228
0.5018304958363979,2.701197
0.5018716396009167,2.701064
0.5019127833654358,2.701111
0.5019539271299546,2.701127
0.5019950708944734,2.701031
0.5020362146589923,2.701015
0.5020773584235111,2.700939
0.5021185021880299,2.700967
0.5021596459525488,2.700836
0.5022007897170676,2.701014
0.5022419334815865,2.700573
0.5022830772461053,2.700742
0.5023242210106242,2.700801
0.502365364775143,2.700945
0.502406508539662,2.70111
0.5024476523041806,2.701373
0.5024887960686995,2.701233
0.5025299398332185,2.700855
0.5025710835977373,2.700964
0.5026122273622561,2.700597
0.502653371126775,2.700801
0.5026945148912938,2.700934
0.5027356586558127,2.70079
0.5027768024203315,2.700931
0.5028179461848504,2.701021
0.5028590899493692,2.701005
0.502900233713888,2.700891
0.502941377478407,2.7011
0.5029825212429259,2.700883
0.5030236650074446,2.700792
0.5030648087719635,2.700799
0.5031059525364824,2.700676
0.5031470963010012,2.700599
0.50318824006552,2.700713
0.5032293838300389,2.70065
0.5032705275945577,2.700973
0.5033116713590766,2.701126
0.5033528151235954,2.700624
0.5033939588881142,2.700165
0.503435102652633,2.700668
0.5034762464171519,2.700742
0.5035173901816707,2.700625
0.5035585339461897,2.700884
0.5035996777107086,2.701067
0.5036408214752274,2.70095
0.5036819652397462,2.700917
0.5037231090042651,2.70077
0.5037642527687839,2.700621
0.5038053965333028,2.700738
0.5038465402978216,2.70088
0.5038876840623405,2.701087
0.5039288278268593,2.701167
0.5039699715913781,2.7012
0.5040111153558969,2.701174
0.5040522591204158,2.701341
0.5040934028849346,2.701148
0.5041345466494536,2.700204
0.5041756904139724,2.700475
0.5042168341784912,2.700839
0.5042579779430101,2.701175
0.5042991217075289,2.700879
0.5043402654720477,2.700844
0.5043814092365667,2.700841
0.5044225530010855,2.70068
0.5044636967656043,2.700337
0.5045048405301232,2.700538
0.504545984294642,2.700636
0.5045871280591608,2.70055
0.5046282718236798,2.700737
0.5046694155881986,2.700718
0.5047105593527175,2.700532
0.5047517031172363,2.700949
0.5047928468817551,2.701022
0.504833990646274,2.700746
0.5048751344107928,2.700294
0.5049162781753116,2.700398
0.5049574219398304,2.700536
0.5049985657043493,2.700432
0.5050397094688682,2.700653
0.505080853233387,2.70044
0.5051219969979058,2.70045
0.5051631407624247,2.700275
0.5052042845269437,2.700618
0.5052454282914625,2.700031
0.5052865720559813,2.700344
0.5053277158205002,2.700375
0.505368859585019,2.700209
0.5054100033495378,2.700082
0.5054511471140567,2.700385
0.5054922908785755,2.700433
0.5055334346430943,2.700581
0.5055745784076133,2.700464
0.5056157221721321,2.700064
0.5056568659366509,2.700255
0.5056980097011698,2.70044
0.5057391534656885,2.700665
0.5057802972302076,2.700596
0.5058214409947264,2.700324
0.5058625847592452,2.700296
0.505903728523764,2.700504
0.5059448722882828,2.70049
0.5059860160528017,2.700296
0.5060271598173205,2.700122
0.5060683035818394,2.700351
0.5061094473463583,2.700929
0.5061505911108771,2.700697
0.5061917348753959,2.700385
0.5062328786399148,2.70012
0.5062740224044338,2.700031
0.5063151661689524,2.700006
0.5063563099334715,2.700121
0.5063974536979903,2.699871
0.5064385974625091,2.699959
0.5064797412270279,2.700083
0.5065208849915467,2.700206
0.5065620287560656,2.69979
0.5066031725205845,2.699842
0.5066443162851033,2.700098
0.5066854600496221,2.700108
0.506726603814141,2.699834
0.5067677475786598,2.699713
0.5068088913431786,2.700226
0.5068500351076974,2.70036
0.5068911788722165,2.70064
0.5069323226367352,2.700216
0.5069734664012541,2.700207
0.507014610165773,2.700139
0.5070557539302918,2.700296
0.5070968976948107,2.69993
0.5071380414593295,2.699885
0.5071791852238484,2.700292
0.5072203289883672,2.700163
0.507261472752886,2.700136
0.5073026165174049,2.700217
0.5073437602819237,2.700182
0.5073849040464425,2.700135
0.5074260478109613,2.700148
0.5074671915754803,2.699873
0.5075083353399992,2.699362
0.507549479104518,2.69995
0.5075906228690368,2.699918
0.5076317666335556,2.699786
0.5076729103980746,2.700101
0.5077140541625934,2.700234
0.5077551979271122,2.699618
0.5077963416916311,2.69967
0.5078374854561499,2.699641
0.5078786292206687,2.699425
0.5079197729851876,2.699928
0.5079609167497064,2.69986
0.5080020605142253,2.700033
0.5080432042787442,2.700099
0.5080843480432631,2.700083
0.5081254918077819,2.700143
0.5081666355723007,2.700114
0.5082077793368195,2.699905
0.5082489231013383,2.699846
0.5082900668658573,2.69997
0.5083312106303761,2.700091
0.5083723543948949,2.700142
0.5084134981594137,2.699817
0.5084546419239326,2.699993
0.5084957856884514,2.700224
0.5085369294529704,2.699797
0.5085780732174892,2.699741
0.5086192169820081,2.699324
0.5086603607465269,2.69928
0.5087015045110458,2.699458
0.5087426482755646,2.699465
0.5087837920400834,2.699637
0.5088249358046022,2.699515
0.5088660795691212,2.699683
0.50890722333364,2.699748
0.5089483670981588,2.69957
0.5089895108626776,2.699317
0.5090306546271965,2.699245
0.5090717983917153,2.699744
0.5091129421562343,2.699492
0.5091540859207531,2.699556
0.5091952296852719,2.69974
0.5092363734497908,2.699579
0.5092775172143096,2.699495
0.5093186609788284,2.699481
0.5093598047433473,2.699867
0.5094009485078661,2.699337
0.509442092272385,2.699573
0.5094832360369039,2.699611
0.5095243798014227,2.699713
0.5095655235659415,2.699659
0.5096066673304604,2.699677
0.5096478110949794,2.699619
0.5096889548594982,2.699442
0.509730098624017,2.699444
0.5097712423885358,2.699251
0.5098123861530547,2.699842
0.5098535299175735,2.69993
0.5098946736820923,2.699692
0.5099358174466112,2.699508
0.50997696121113,2.699733
0.5100181049756489,2.699625
0.5100592487401677,2.69965
0.5101003925046865,2.699589
0.5101415362692056,2.699148
0.5101826800337244,2.699598
0.510223823798243,2.699782
0.510264967562762,2.69946
0.5103061113272809,2.699262
0.5103472550917997,2.699084
0.5103883988563185,2.699137
0.5104295426208374,2.699333
0.5104706863853562,2.699289
0.5105118301498751,2.698953
0.510552973914394,2.699554
0.5105941176789128,2.699626
0.5106352614434316,2.699537
0.5106764052079504,2.699399
0.5107175489724692,2.699501
0.5107586927369883,2.699541
0.5107998365015071,2.699668
0.5108409802660259,2.699622
0.5108821240305447,2.699315
0.5109232677950635,2.699686
0.5109644115595824,2.69962
0.5110055553241013,2.699646
0.5110466990886201,2.699821
0.511087842853139,2.699681
0.5111289866176578,2.699746
0.5111701303821766,2.699582
0.5112112741466955,2.699766
0.5112524179112143,2.699618
0.5112935616757331,2.699919
0.5113347054402522,2.699969
0.511375849204771,2.699961
0.5114169929692898,2.69962
0.5114581367338086,2.699579
0.5114992804983274,2.699647
0.5115404242628463,2.699613
0.5115815680273652,2.699558
0.511622711791884,2.699466
0.5116638555564028,2.69965
0.5117049993209217,2.699807
0.5117461430854405,2.699598
0.5117872868499593,2.699848
0.5118284306144782,2.699816
0.511869574378997,2.699863
0.511910718143516,2.699569
0.5119518619080348,2.699617
0.5119930056725537,2.699419
0.5120341494370725,2.699417
0.5120752932015913,2.699616
0.5121164369661102,2.699799
0.5121575807306291,2.699931
0.5121987244951479,2.699956
0.5122398682596667,2.699854
0.5122810120241856,2.700004
0.5123221557887044,2.699959
0.5123632995532232,2.700041
0.5124044433177422,2.699615
0.512445587082261,2.699988
0.5124867308467799,2.700005
0.5125278746112987,2.700003
0.5125690183758175,2.700144
0.5126101621403363,2.700265
0.5126513059048552,2.700233
0.512692449669374,2.699893
0.5127335934338929,2.699946
0.5127747371984118,2.699518
0.5128158809629306,2.700137
0.5128570247274494,2.700197
0.5128981684919683,2.700338
0.5129393122564871,2.70009
0.5129804560210061,2.699744
0.5130215997855249,2.699726
0.5130627435500438,2.699702
0.5131038873145626,2.699634
0.5131450310790814,2.699425
0.5131861748436002,2.699657
0.5132273186081191,2.699438
0.5132684623726379,2.699718
0.5133096061371568,2.699911
0.5133507499016756,2.700059
0.5133918936661944,2.699778
0.5134330374307133,2.699964
0.5134741811952322,2.700025
0.5135153249597509,2.699775
0.51355646872427,2.699924
0.5135976124887888,2.700256
0.5136387562533076,2.700173
0.5136799000178265,2.700108
0.5137210437823453,2.700157
0.5137621875468641,2.70014
0.513803331311383,2.700032
0.5138444750759018,2.700289
0.5138856188404207,2.699809
0.5139267626049395,2.699766
0.5139679063694583,2.699755
0.5140090501339772,2.699698
0.5140501938984962,2.699724
0.514091337663015,2.699707
0.5141324814275336,2.699885
0.5141736251920526,2.699759
0.5142147689565715,2.699683
0.5142559127210903,2.69939
0.5142970564856092,2.69947
0.514338200250128,2.699393
0.5143793440146469,2.699455
0.5144204877791657,2.699466
0.5144616315436846,2.699664
0.5145027753082034,2.699539
0.5145439190727222,2.699493
0.5145850628372411,2.69971
0.5146262066017601,2.699394
0.5146673503662789,2.699382
0.5147084941307977,2.699474
0.5147496378953165,2.699537
0.5147907816598354,2.699382
0.5148319254243542,2.699609
0.5148730691888731,2.699681
0.5149142129533919,2.699755
0.5149553567179108,2.699511
0.5149965004824296,2.699531
0.5150376442469484,2.699319
0.5150787880114672,2.699522
0.5151199317759861,2.69975
0.5151610755405049,2.699845
0.5152022193050239,2.699835
0.5152433630695427,2.699793
0.5152845068340616,2.699733
0.5153256505985804,2.69972
0.5153667943630992,2.699711
0.5154079381276181,2.699429
0.515449081892137,2.69985
0.5154902256566558,2.699919
0.5155313694211747,2.699945
0.5155725131856935,2.699943
0.5156136569502123,2.69991
0.5156548007147311,2.699489
0.51569594447925,2.699499
0.5157370882437688,2.699526
0.5157782320082878,2.699095
0.5158193757728066,2.699419
0.5158605195373254,2.699633
0.5159016633018442,2.6995
0.5159428070663631,2.69936
0.5159839508308819,2.699628
0.5160250945954007,2.699711
0.5160662383599197,2.699431
0.5161073821244385,2.699341
0.5161485258889573,2.699075
0.5161896696534762,2.699556
0.516230813417995,2.699176
0.516271957182514,2.699122
0.5163131009470328,2.699089
0.5163542447115517,2.699078
0.5163953884760705,2.699417
0.5164365322405893,2.699304
0.5164776760051081,2.699363
0.5165188197696271,2.698869
0.5165599635341458,2.699229
0.5166011072986646,2.699325
0.5166422510631835,2.699402
0.5166833948277024,2.699243
0.5167245385922212,2.699112
0.5167656823567401,2.699043
0.5168068261212588,2.699231
0.5168479698857779,2.699359
0.5168891136502967,2.699155
0.5169302574148155,2.699323
0.5169714011793344,2.699462
0.5170125449438532,2.699521
0.517053688708372,2.699416
0.517094832472891,2.699469
0.5171359762374097,2.699923
0.5171771200019285,2.69991
0.5172182637664474,2.699387
0.5172594075309663,2.699252
0.5173005512954851,2.699393
0.517341695060004,2.699363
0.5173828388245229,2.69947
0.5174239825890415,2.699648
0.5174651263535606,2.699569
0.5175062701180794,2.699474
0.5175474138825982,2.699419
0.517588557647117,2.699461
0.5176297014116359,2.699159
0.5176708451761547,2.699349
0.5177119889406736,2.699513
0.5177531327051925,2.699673
0.5177942764697113,2.699656
0.5178354202342301,2.69952
0.517876563998749,2.699595
0.517917707763268,2.699468
0.5179588515277868,2.699401
0.5179999952923056,2.698969
0.5180411390568245,2.698755
0.5180822828213433,2.699223
0.5181234265858621,2.699368
0.5181645703503809,2.6995
0.5182057141148998,2.69948
0.5182468578794187,2.699408
0.5182880016439375,2.699431
0.5183291454084563,2.699538
0.5183702891729751,2.69962
0.518411432937494,2.699066
0.5184525767020128,2.699524
0.5184937204665316,2.699573
0.5185348642310507,2.699462
0.5185760079955695,2.699496
0.5186171517600883,2.699533
0.5186582955246072,2.699612
0.518699439289126,2.699459
0.5187405830536449,2.699308
0.5187817268181637,2.698831
0.5188228705826826,2.699147
0.5188640143472014,2.699218
0.5189051581117202,2.699153
0.518946301876239,2.699364
0.5189874456407579,2.69959
0.5190285894052767,2.69938
0.5190697331697955,2.699301
0.5191108769343145,2.699149
0.5191520206988333,2.698691
0.5191931644633522,2.698989
0.519234308227871,2.698673
0.5192754519923898,2.699031
0.5193165957569088,2.699285
0.5193577395214276,2.698977
0.5193988832859464,2.699002
0.5194400270504653,2.699153
0.5194811708149841,2.698969
0.5195223145795029,2.698647
0.5195634583440218,2.699296
0.5196046021085406,2.699332
0.5196457458730595,2.699306
0.5196868896375784,2.699152
0.5197280334020972,2.699308
0.5197691771666161,2.699292
0.519810320931135,2.699147
0.5198514646956537,2.699311
0.5198926084601725,2.698702
0.5199337522246915,2.698804
0.5199748959892103,2.699033
0.5200160397537291,2.698924
0.5200571835182479,2.698871
0.5200983272827668,2.699085
0.5201394710472856,2.698923
0.5201806148118046,2.698943
0.5202217585763234,2.698936
0.5202629023408423,2.698812
0.5203040461053611,2.698726
0.5203451898698799,2.69898
0.5203863336343989,2.699092
0.5204274773989176,2.699127
0.5204686211634364,2.699039
0.5205097649279554,2.699068
0.5205509086924742,2.698861
0.520592052456993,2.698777
0.5206331962215118,2.698658
0.5206743399860307,2.698581
0.5207154837505495,2.698977
0.5207566275150685,2.698741
0.5207977712795873,2.698721
0.5208389150441061,2.698785
0.5208800588086249,2.698774
0.5209212025731438,2.698823
0.5209623463376626,2.698809
0.5210034901021815,2.698593
0.5210446338667003,2.69852
0.5210857776312192,2.698798
0.521126921395738,2.699249
0.5211680651602569,2.699122
0.5212092089247757,2.699125
0.5212503526892946,2.69911
0.5212914964538136,2.698723
0.5213326402183324,2.698399
0.5213737839828512,2.698762
0.52141492774737,2.698308
0.5214560715118888,2.698639
0.5214972152764077,2.698777
0.5215383590409265,2.69874
0.5215795028054454,2.698746
0.5216206465699642,2.698796
0.5216617903344831,2.698947
0.5217029340990019,2.698775
0.5217440778635207,2.698709
0.5217852216280395,2.698306
0.5218263653925586,2.698533
0.5218675091570774,2.698717
0.5219086529215962,2.698854
0.5219497966861151,2.698885
0.5219909404506339,2.698795
0.5220320842151527,2.698798
0.5220732279796716,2.698746
0.5221143717441904,2.698816
0.5221555155087093,2.698864
0.5221966592732281,2.699125
0.522237803037747,2.699144
0.5222789468022658,2.699307
0.5223200905667846,2.699085
0.5223612343313034,2.699308
0.5224023780958224,2.699136
0.5224435218603413,2.698931
0.5224846656248601,2.698872
0.5225258093893789,2.69863
0.5225669531538977,2.698848
0.5226080969184166,2.69881
0.5226492406829355,2.698838
0.5226903844474543,2.698801
0.5227315282119732,2.698886
0.522772671976492,2.698853
0.5228138157410108,2.698887
0.5228549595055297,2.698788
0.5228961032700485,2.698637
0.5229372470345673,2.698629
0.5229783907990863,2.698445
0.5230195345636052,2.698596
0.523060678328124,2.698661
0.5231018220926428,2.698949
0.5231429658571616,2.699141
0.5231841096216805,2.698762
0.5232252533861994,2.699093
0.5232663971507182,2.698881
0.523307540915237,2.698938
0.5233486846797558,2.699378
0.5233898284442747,2.699404
0.5234309722087935,2.699144
0.5234721159733124,2.698945
0.5235132597378312,2.698913
0.5235544035023502,2.698738
0.523595547266869,2.698985
0.5236366910313879,2.698882
0.5236778347959067,2.698665
0.5237189785604255,2.699022
0.5237601223249444,2.698673
0.5238012660894633,2.698545
0.5238424098539821,2.698539
0.5238835536185009,2.698765
0.5239246973830197,2.698412
0.5239658411475386,2.69839
0.5240069849120574,2.698362
0.5240481286765764,2.698106
0.5240892724410952,2.69832
0.524130416205614,2.698287
0.5241715599701329,2.698574
0.5242127037346517,2.698981
0.5242538474991705,2.698643
0.5242949912636895,2.698456
0.5243361350282082,2.698651
0.5243772787927271,2.698843
0.524418422557246,2.698103
0.5244595663217648,2.698545
0.5245007100862836,2.698488
0.5245418538508025,2.698501
0.5245829976153213,2.698502
0.5246241413798403,2.698409
0.5246652851443591,2.69848
0.5247064289088779,2.698417
0.5247475726733968,2.698372
0.5247887164379156,2.697824
0.5248298602024344,2.69832
0.5248710039669533,2.698457
0.5249121477314722,2.698252
0.524953291495991,2.698381
0.5249944352605098,2.698387
0.5250355790250286,2.698653
0.5250767227895475,2.698803
0.5251178665540664,2.698798
0.5251590103185853,2.698498
0.5252001540831039,2.69894
0.525241297847623,2.698868
0.5252824416121418,2.699044
0.5253235853766606,2.699259
0.5253647291411795,2.699318
0.5254058729056983,2.699439
0.5254470166702172,2.698773
0.5254881604347361,2.698773
0.5255293041992549,2.698707
0.5255704479637737,2.698852
0.5256115917282925,2.698775
0.5256527354928113,2.6986
0.5256938792573304,2.698762
0.5257350230218492,2.698699
0.525776166786368,2.698989
0.5258173105508868,2.698642
0.5258584543154056,2.698282
0.5258995980799245,2.698215
0.5259407418444434,2.698478
0.5259818856089622,2.698766
0.5260230293734811,2.698556
0.5260641731379999,2.698296
0.5261053169025187,2.698323
0.5261464606670376,2.698123
0.5261876044315564,2.698518
0.5262287481960752,2.698642
0.5262698919605943,2.698073
0.5263110357251131,2.697994
0.5263521794896319,2.697946
0.5263933232541507,2.697914
0.5264344670186695,2.697732
0.5264756107831884,2.697874
0.5265167545477073,2.698088
0.5265578983122261,2.698176
0.5265990420767449,2.698132
0.5266401858412638,2.697978
0.5266813296057826,2.697879
0.5267224733703014,2.697965
0.5267636171348202,2.697701
0.5268047608993391,2.697902
0.5268459046638581,2.697874
0.5268870484283769,2.698159
0.5269281921928958,2.698179
0.5269693359574146,2.698118
0.5270104797219334,2.69783
0.5270516234864523,2.697239
0.5270927672509712,2.697699
0.52713391101549,2.697534
0.5271750547800088,2.697332
0.5272161985445277,2.697342
0.5272573423090465,2.697479
0.5272984860735653,2.697245
0.5273396298380842,2.697327
0.527380773602603,2.697253
0.527421917367122,2.697139
0.5274630611316408,2.697933
0.5275042048961596,2.698149
0.5275453486606784,2.69817
0.5275864924251974,2.698204
0.5276276361897161,2.697874
0.5276687799542349,2.698117
0.5277099237187539,2.697879
0.5277510674832727,2.697689
0.5277922112477915,2.697269
0.5278333550123104,2.697576
0.5278744987768292,2.697613
0.5279156425413482,2.697746
0.527956786305867,2.698004
0.5279979300703859,2.698099
0.5280390738349047,2.698136
0.5280802175994235,2.697693
0.5281213613639423,2.697899
0.5281625051284613,2.697821
0.5282036488929801,2.697652
0.5282447926574988,2.697507
0.5282859364220177,2.69745
0.5283270801865365,2.697568
0.5283682239510554,2.697443
0.5284093677155743,2.697097
0.5284505114800931,2.697162
0.5284916552446121,2.697435
0.5285327990091309,2.697153
0.5285739427736497,2.697364
0.5286150865381686,2.69718
0.5286562303026874,2.69717
0.5286973740672062,2.697437
0.5287385178317252,2.697155
0.528779661596244,2.697217
0.5288208053607628,2.697553
0.5288619491252816,2.697702
0.5289030928898004,2.697515
0.5289442366543193,2.697495
0.5289853804188382,2.697351
0.529026524183357,2.697517
0.5290676679478759,2.697526
0.5291088117123947,2.69755
0.5291499554769136,2.697282
0.5291910992414324,2.69715
0.5292322430059512,2.697196
0.5292733867704701,2.696686
0.5293145305349889,2.696657
0.5293556742995078,2.697093
0.5293968180640267,2.697137
0.5294379618285455,2.696935
0.5294791055930643,2.697163
0.5295202493575832,2.697227
0.5295613931221022,2.697257
0.529602536886621,2.697218
0.5296436806511398,2.697093
0.5296848244156586,2.696906
0.5297259681801775,2.69708
0.5297671119446963,2.696844
0.5298082557092151,2.69672
0.529849399473734,2.696717
0.5298905432382529,2.696755
0.5299316870027717,2.696953
0.5299728307672905,2.696778
0.5300139745318093,2.696666
0.5300551182963282,2.696216
0.530096262060847,2.696525
0.5301374058253658,2.696611
0.5301785495898848,2.696389
0.5302196933544037,2.696326
0.5302608371189225,2.696146
0.5303019808834413,2.696316
0.5303431246479602,2.696376
0.5303842684124791,2.696372
0.5304254121769979,2.696099
0.5304665559415168,2.696656
0.5305076997060356,2.696848
0.5305488434705544,2.696527
0.5305899872350732,2.696298
0.530631130999592,2.696394
0.5306722747641109,2.696251
0.5307134185286297,2.696335
0.5307545622931487,2.696379
0.5307957060576675,2.696271
0.5308368498221863,2.696428
0.5308779935867053,2.696448
0.530919137351224,2.696489
0.5309602811157428,2.696208
0.5310014248802618,2.696074
0.5310425686447806,2.696065
0.5310837124092994,2.696275
0.5311248561738183,2.696159
0.5311659999383371,2.695727
0.5312071437028559,2.696029
0.5312482874673748,2.696256
0.5312894312318936,2.696084
0.5313305749964126,2.695964
0.5313717187609314,2.696087
0.5314128625254502,2.696163
0.5314540062899692,2.696227
0.531495150054488,2.696284
0.5315362938190067,2.695825
0.5315774375835256,2.696042
0.5316185813480445,2.695935
0.5316597251125633,2.695768
0.5317008688770821,2.695928
0.531742012641601,2.696166
0.5317831564061198,2.695874
0.5318243001706388,2.696027
0.5318654439351576,2.696137
0.5319065876996765,2.695829
0.5319477314641953,2.695847
0.5319888752287141,2.69612
0.5320300189932331,2.695966
0.5320711627577519,2.695825
0.5321123065222707,2.695846
0.5321534502867895,2.696003
0.5321945940513084,2.696147
0.5322357378158272,2.696186
0.532276881580346,2.696052
0.5323180253448649,2.695908
0.5323591691093837,2.695956
0.5324003128739027,2.695956
0.5324414566384215,2.695973
0.5324826004029403,2.695791
0.5325237441674591,2.695993
0.532564887931978,2.696018
0.5326060316964968,2.695892
0.5326471754610157,2.695955
0.5326883192255346,2.695513
0.5327294629900534,2.695673
0.5327706067545722,2.69576
0.5328117505190911,2.695882
0.5328528942836099,2.695961
0.5328940380481288,2.696005
0.5329351818126477,2.695812
0.5329763255771666,2.695799
0.5330174693416854,2.696094
0.5330586131062042,2.695509
0.533099756870723,2.696168
0.5331409006352419,2.695938
0.5331820443997607,2.695896
0.5332231881642796,2.695652
0.5332643319287984,2.69577
0.5333054756933172,2.695831
0.5333466194578361,2.695888
0.5333877632223549,2.69606
0.5334289069868737,2.695503
0.5334700507513928,2.695756
0.5335111945159116,2.695776
0.5335523382804304,2.695698
0.5335934820449493,2.6957
0.5336346258094681,2.695752
0.5336757695739869,2.695896
0.5337169133385058,2.695859
0.5337580571030246,2.695824
0.5337992008675435,2.69548
0.5338403446320623,2.695621
0.5338814883965811,2.695819
0.5339226321611001,2.695795
0.5339637759256188,2.69562
0.5340049196901376,2.695895
0.5340460634546565,2.69568
0.5340872072191754,2.695626
0.5341283509836943,2.695598
0.5341694947482131,2.695082
0.5342106385127319,2.695185
0.5342517822772508,2.695668
0.5342929260417697,2.695681
0.5343340698062885,2.69569
0.5343752135708074,2.695414
0.5344163573353262,2.695354
0.534457501099845,2.695472
0.534498644864364,2.695643
0.5345397886288827,2.69545
0.5345809323934015,2.695285
0.5346220761579205,2.695296
0.5346632199224393,2.695287
0.5347043636869582,2.695415
0.534745507451477,2.695353
0.5347866512159959,2.695232
0.5348277949805146,2.69511
0.5348689387450336,2.695182
0.5349100825095524,2.694933
0.5349512262740712,2.695097
0.53499237003859,2.695111
0.5350335138031089,2.695155
0.5350746575676277,2.695189
0.5351158013321466,2.695473
0.5351569450966654,2.695433
0.5351980888611844,2.695673
0.5352392326257032,2.69561
0.535280376390222,2.695235
0.5353215201547409,2.695112
0.5353626639192598,2.695257
0.5354038076837786,2.695615
0.5354449514482975,2.69577
0.5354860952128163,2.695459
0.5355272389773351,2.695371
0.5355683827418539,2.695187
0.5356095265063728,2.695235
0.5356506702708916,2.694972
0.5356918140354106,2.694542
0.5357329577999294,2.694977
0.5357741015644482,2.694942
0.535815245328967,2.694817
0.5358563890934859,2.695177
0.5358975328580047,2.695047
0.5359386766225236,2.694762
0.5359798203870425,2.694836
0.5360209641515613,2.694381
0.5360621079160801,2.693905
0.536103251680599,2.694483
0.5361443954451178,2.694422
0.5361855392096367,2.69458
0.5362266829741555,2.694596
0.5362678267386745,2.694537
0.5363089705031933,2.694302
0.5363501142677121,2.694316
0.536391258032231,2.694391
0.5364324017967498,2.69385
0.5364735455612686,2.694427
0.5365146893257875,2.694376
0.5365558330903063,2.694317
0.5365969768548252,2.694423
0.536638120619344,2.69469
0.5366792643838628,2.694645
0.5367204081483816,2.694685
0.5367615519129006,2.694738
0.5368026956774195,2.694282
0.5368438394419383,2.694638
0.5368849832064572,2.694737
0.536926126970976,2.694643
0.5369672707354948,2.694734
0.5370084145000137,2.694543
0.5370495582645325,2.694375
0.5370907020290514,2.694445
0.5371318457935702,2.694681
0.5371729895580891,2.694504
0.5372141333226079,2.694688
0.5372552770871267,2.695009
0.5372964208516455,2.695019
0.5373375646161643,2.694814
0.5373787083806834,2.694506
0.5374198521452022,2.69467
0.537460995909721,2.694673
0.5375021396742398,2.694467
0.5375432834387587,2.69416
0.5375844272032776,2.69436
0.5376255709677964,2.69452
0.5376667147323153,2.694346
0.5377078584968341,2.694159
0.5377490022613529,2.694325
0.5377901460258718,2.694431
0.5378312897903906,2.693903
0.5378724335549094,2.694058
0.5379135773194282,2.694099
0.5379547210839473,2.694163
0.5379958648484661,2.69442
0.5380370086129849,2.694296
0.5380781523775038,2.694557
0.5381192961420226,2.694549
0.5381604399065415,2.694326
0.5382015836710603,2.694495
0.5382427274355791,2.694234
0.5382838712000979,2.693997
0.5383250149646168,2.69364
0.5383661587291356,2.693799
0.5384073024936544,2.693963
0.5384484462581733,2.693983
0.5384895900226923,2.694017
0.5385307337872111,2.693919
0.53857187755173,2.693846
0.5386130213162488,2.69405
0.5386541650807677,2.694101
0.5386953088452865,2.693908
0.5387364526098054,2.69429
0.5387775963743242,2.694321
0.538818740138843,2.694202
0.5388598839033618,2.693857
0.5389010276678807,2.693824
0.5389421714323995,2.69385
0.5389833151969184,2.694041
0.5390244589614372,2.694071
0.539065602725956,2.69366
0.539106746490475,2.694052
0.5391478902549938,2.693914
0.5391890340195126,2.694015
0.5392301777840316,2.694376
0.5392713215485504,2.69438
0.5393124653130691,2.694153
0.539353609077588,2.694244
0.5393947528421069,2.694288
0.5394358966066257,2.694068
0.5394770403711446,2.694222
0.5395181841356634,2.694193
0.5395593279001824,2.694141
0.5396004716647012,2.694196
0.5396416154292201,2.69423
0.5396827591937388,2.694355
0.5397239029582577,2.6938
0.5397650467227766,2.693753
0.5398061904872953,2.693606
0.5398473342518143,2.694044
0.5398884780163331,2.694142
0.5399296217808519,2.693961
0.5399707655453708,2.693896
0.5400119093098896,2.693825
0.5400530530744085,2.693802
0.5400941968389273,2.693576
0.5401353406034461,2.693604
0.5401764843679651,2.693327
0.5402176281324839,2.693694
0.5402587718970027,2.69361
0.5402999156615215,2.693674
0.5403410594260404,2.693855
0.5403822031905592,2.69388
0.5404233469550781,2.693639
0.540464490719597,2.693973
0.5405056344841158,2.693877
0.5405467782486346,2.693923
0.5405879220131535,2.693989
0.5406290657776722,2.693799
0.5406702095421912,2.693587
0.5407113533067102,2.69374
0.5407524970712289,2.69383
0.5407936408357478,2.693964
0.5408347846002666,2.693581
0.5408759283647854,2.693448
0.5409170721293043,2.693333
0.5409582158938231,2.692997
0.540999359658342,2.693218
0.5410405034228608,2.693669
0.5410816471873797,2.693673
0.5411227909518985,2.693449
0.5411639347164173,2.693427
0.5412050784809364,2.693539
0.541246222245455,2.693449
0.541287366009974,2.693298
0.5413285097744929,2.69314
0.5413696535390116,2.693566
0.5414107973035305,2.693382
0.5414519410680492,2.693367
0.5414930848325682,2.693022
0.5415342285970871,2.693177
0.5415753723616058,2.693341
0.5416165161261247,2.693456
0.5416576598906436,2.693484
0.5416988036551623,2.693003
0.5417399474196812,2.693234
0.5417810911842,2.693202
0.541822234948719,2.693347
0.5418633787132379,2.693471
0.5419045224777567,2.693538
0.5419456662422755,2.693525
0.5419868100067944,2.693431
0.5420279537713133,2.693278
0.5420690975358321,2.692876
0.5421102413003509,2.693276
0.5421513850648698,2.693274
0.5421925288293885,2.693377
0.5422336725939074,2.693239
0.5422748163584264,2.693213
0.5423159601229451,2.693174
0.5423571038874639,2.693247
0.5423982476519829,2.693199
0.5424393914165017,2.692923
0.5424805351810206,2.693301
0.5425216789455395,2.693054
0.5425628227100583,2.692957
0.542603966474577,2.693128
0.542645110239096,2.693169
0.5426862540036148,2.693186
0.5427273977681336,2.693257
0.5427685415326525,2.693116
0.5428096852971713,2.692468
0.5428508290616901,2.692803
0.5428919728262092,2.692775
0.5429331165907278,2.692958
0.5429742603552468,2.692725
0.5430154041197657,2.692586
0.5430565478842844,2.692543
0.5430976916488034,2.692531
0.5431388354133221,2.692802
0.543179979177841,2.692753
0.5432211229423599,2.692787
0.5432622667068786,2.692843
0.5433034104713975,2.692971
0.5433445542359163,2.692823
0.5433856980004352,2.693076
0.543426841764954,2.69304
0.543467985529473,2.692804
0.5435091292939918,2.692697
0.5435502730585106,2.692226
0.5435914168230295,2.692035
0.5436325605875483,2.692169
0.5436737043520671,2.692195
0.5437148481165861,2.692244
0.5437559918811048,2.692112
0.5437971356456237,2.692354
0.5438382794101426,2.692208
0.5438794231746613,2.692258
0.5439205669391802,2.692263
0.5439617107036991,2.692307
0.544002854468218,2.692458
0.5440439982327369,2.692641
0.5440851419972557,2.692584
0.5441262857617745,2.692551
0.5441674295262934,2.692356
0.5442085732908122,2.692429
0.544249717055331,2.692547
0.5442908608198499,2.692689
0.5443320045843688,2.691958
0.5443731483488876,2.692025
0.5444142921134064,2.692103
0.5444554358779253,2.692236
0.544496579642444,2.692221
0.544537723406963,2.692367
0.544578867171482,2.692403
0.5446200109360007,2.692269
0.5446611547005196,2.692147
0.5447022984650383,2.691496
0.5447434422295572,2.69205
0.5447845859940761,2.691954
0.5448257297585949,2.692176
0.5448668735231138,2.69227
0.5449080172876327,2.692145
0.5449491610521514,2.691969
0.5449903048166703,2.691901
0.5450314485811891,2.691966
0.5450725923457079,2.69167
0.545113736110227,2.692111
0.5451548798747458,2.692354
0.5451960236392646,2.692113
0.5452371674037834,2.692246
0.5452783111683023,2.691989
0.5453194549328211,2.691888
0.54536059869734,2.691824
0.5454017424618588,2.691887
0.5454428862263776,2.691628
0.5454840299908965,2.691907
0.5455251737554154,2.692027
0.5455663175199341,2.692188
0.5456074612844531,2.692162
0.5456486050489718,2.692153
0.5456897488134907,2.691986
0.5457308925780097,2.691909
0.5457720363425284,2.691869
0.5458131801070473,2.691391
0.5458543238715662,2.691888
0.5458954676360849,2.691859
0.5459366114006039,2.691792
0.5459777551651227,2.691931
0.5460188989296415,2.692062
0.5460600426941604,2.692025
0.5461011864586792,2.691943
0.546142330223198,2.691908
0.5461834739877169,2.691421
0.5462246177522359,2.691577
0.5462657615167547,2.691709
0.5463069052812735,2.691853
0.5463480490457924,2.691628
0.5463891928103111,2.691617
0.5464303365748301,2.691435
0.5464714803393489,2.691662
0.5465126241038676,2.691586
0.5465537678683866,2.691241
0.5465949116329054,2.691312
0.5466360553974242,2.691716
0.5466771991619431,2.691659
0.5467183429264619,2.6917
0.5467594866909808,2.691582
0.5468006304554996,2.691422
0.5468417742200186,2.691389
0.5468829179845374,2.691423
0.5469240617490562,2.691441
0.5469652055135751,2.691202
0.5470063492780938,2.69171
0.5470474930426128,2.691686
0.5470886368071317,2.691552
0.5471297805716504,2.69157
0.5471709243361693,2.69131
0.5472120681006882,2.691285
0.547253211865207,2.690974
0.5472943556297258,2.690891
0.5473354993942446,2.69053
0.5473766431587636,2.690753
0.5474177869232825,2.690857
0.5474589306878012,2.690874
0.5475000744523201,2.690768
0.5475412182168389,2.690958
0.5475823619813578,2.690869
0.5476235057458767,2.690919
0.5476646495103955,2.69103
0.5477057932749143,2.690724
0.5477469370394331,2.691072
0.547788080803952,2.690956
0.5478292245684709,2.690979
0.5478703683329897,2.690843
0.5479115120975087,2.691129
0.5479526558620273,2.6912
0.5479937996265463,2.69134
0.5480349433910652,2.691513
0.548076087155584,2.690943
0.5481172309201028,2.691221
0.5481583746846217,2.691359
0.5481995184491405,2.691354
0.5482406622136594,2.691318
0.5482818059781782,2.691373
0.548322949742697,2.691456
0.5483640935072159,2.691586
0.5484052372717348,2.69157
0.5484463810362536,2.691477
0.5484875248007725,2.691437
0.5485286685652914,2.691499
0.5485698123298102,2.691131
0.548610956094329,2.691083
0.5486520998588479,2.691232
0.5486932436233667,2.691016
0.5487343873878856,2.690933
0.5487755311524045,2.691238
0.5488166749169232,2.690853
0.5488578186814421,2.690974
0.5488989624459608,2.691202
0.5489401062104797,2.691197
0.5489812499749988,2.691328
0.5490223937395174,2.691023
0.5490635375040364,2.69086
0.5491046812685552,2.691226
0.5491458250330741,2.691062
0.5491869687975929,2.690737
0.5492281125621118,2.690942
0.5492692563266306,2.691061
0.5493104000911495,2.69116
0.5493515438556683,2.691288
0.5493926876201871,2.691383
0.5494338313847059,2.691503
0.5494749751492249,2.691542
0.5495161189137437,2.691597
0.5495572626782624,2.691651
0.5495984064427815,2.691564
0.5496395502073002,2.691661
0.5496806939718191,2.691599
0.549721837736338,2.691826
0.5497629815008568,2.691844
0.5498041252653757,2.691722
0.5498452690298945,2.691503
0.5498864127944133,2.691431
0.5499275565589322,2.691206
0.549968700323451,2.69116
0.5500098440879698,2.691473
0.5500509878524886,2.691691
0.5500921316170075,2.691516
0.5501332753815265,2.691185
0.5501744191460453,2.691283
0.5502155629105641,2.691344
0.5502567066750829,2.691352
0.5502978504396019,2.691547
0.5503389942041207,2.691423
0.5503801379686395,2.691707
0.5504212817331584,2.691687
0.5504624254976772,2.691431
0.550503569262196,2.691305
0.5505447130267149,2.691286
0.5505858567912337,2.691225
0.5506270005557526,2.691376
0.5506681443202716,2.691701
0.5507092880847902,2.691031
0.5507504318493092,2.691615
0.550791575613828,2.691681
0.5508327193783468,2.69129
0.5508738631428658,2.690918
0.5509150069073846,2.691262
0.5509561506719034,2.691369
0.5509972944364222,2.69148
0.5510384382009411,2.691647
0.5510795819654599,2.691211
0.5511207257299788,2.691315
0.5511618694944976,2.691231
0.5512030132590164,2.691156
0.5512441570235354,2.691573
0.5512853007880543,2.691977
0.551326444552573,2.691644
0.5513675883170919,2.691424
0.5514087320816107,2.691356
0.5514498758461295,2.690722
0.5514910196106485,2.691025
0.5515321633751672,2.691491
0.5515733071396861,2.691346
0.551614450904205,2.691122
0.5516555946687237,2.691253
0.5516967384332427,2.691084
0.5517378821977615,2.691263
0.5517790259622803,2.691321
0.5518201697267993,2.691003
0.5518613134913181,2.691081
0.5519024572558369,2.691239
0.5519436010203557,2.691266
0.5519847447848746,2.691562
0.5520258885493934,2.691625
0.5520670323139123,2.691375
0.5521081760784312,2.691502
0.5521493198429499,2.6914
0.5521904636074689,2.691355
0.5522316073719877,2.691493
0.5522727511365064,2.691625
0.5523138949010254,2.69155
0.5523550386655443,2.691513
0.552396182430063,2.691426
0.552437326194582,2.691441
0.5524784699591008,2.6915
0.5525196137236196,2.691884
0.5525607574881385,2.69175
0.5526019012526573,2.691798
0.5526430450171762,2.691833
0.552684188781695,2.691861
0.5527253325462139,2.691701
0.5527664763107328,2.691536
0.5528076200752516,2.69183
0.5528487638397706,2.69191
0.5528899076042892,2.691813
0.5529310513688082,2.691593
0.5529721951333271,2.691328
0.5530133388978458,2.691769
0.5530544826623647,2.691869
0.5530956264268834,2.691907
0.5531367701914024,2.691632
0.5531779139559213,2.691609
0.55321905772044,2.691619
0.5532602014849589,2.691599
0.5533013452494777,2.691728
0.5533424890139965,2.691431
0.5533836327785155,2.691958
0.5534247765430342,2.691957
0.5534659203075531,2.691897
0.553507064072072,2.691859
0.5535482078365909,2.691754
0.5535893516011097,2.691895
0.5536304953656286,2.691764
0.5536716391301475,2.691738
0.5537127828946663,2.691104
0.5537539266591851,2.691844
0.553795070423704,2.691829
0.5538362141882227,2.691633
0.5538773579527416,2.691932
0.5539185017172606,2.692089
0.5539596454817793,2.692192
0.5540007892462983,2.691813
0.5540419330108171,2.691604
0.5540830767753359,2.691387
0.5541242205398548,2.69167
0.5541653643043737,2.691523
0.5542065080688925,2.691604
0.5542476518334113,2.691386
0.5542887955979302,2.691543
0.554329939362449,2.69164
0.5543710831269678,2.691498
0.5544122268914867,2.69148
0.5544533706560055,2.691159
0.5544945144205243,2.691526
0.5545356581850434,2.691763
0.554576801949562,2.691428
0.554617945714081,2.691603
0.5546590894785997,2.691591
0.5547002332431186,2.691439
0.5547413770076376,2.691522
0.5547825207721563,2.691555
0.5548236645366752,2.691007
0.5548648083011941,2.691281
0.5549059520657128,2.69131
0.5549470958302317,2.691017
0.5549882395947505,2.691281
0.5550293833592694,2.691409
0.5550705271237882,2.691284
0.5551116708883072,2.691374
0.555152814652826,2.691903
0.5551939584173448,2.691312
0.5552351021818637,2.691198
0.5552762459463825,2.691546
0.5553173897109013,2.691719
0.5553585334754203,2.691617
0.555399677239939,2.691757
0.5554408210044579,2.691596
0.5554819647689768,2.691703
0.5555231085334955,2.691816
0.5555642522980144,2.691577
0.5556053960625331,2.691406
0.5556465398270521,2.691463
0.5556876835915711,2.69143
0.5557288273560897,2.691274
0.5557699711206087,2.691288
0.5558111148851275,2.691261
0.5558522586496464,2.691478
0.5558934024141652,2.691434
0.5559345461786841,2.690984
0.5559756899432029,2.690954
0.5560168337077218,2.691256
0.5560579774722406,2.691168
0.5560991212367595,2.691115
0.5561402650012782,2.691182
0.5561814087657972,2.691222
0.556222552530316,2.691202
0.5562636962948349,2.691158
0.5563048400593538,2.691274
0.5563459838238726,2.69094
0.5563871275883914,2.691101
0.5564282713529104,2.690937
0.5564694151174291,2.69117
0.556510558881948,2.691215
0.5565517026464668,2.690903
0.5565928464109856,2.690765
0.5566339901755045,2.690819
0.5566751339400234,2.690746
0.5567162777045421,2.690539
0.556757421469061,2.690998
0.55679856523358,2.690976
0.5568397089980988,2.691011
0.5568808527626176,2.691311
0.5569219965271365,2.691398
0.5569631402916553,2.691382
0.5570042840561742,2.691341
0.5570454278206931,2.691312
0.5570865715852118,2.690877
0.5571277153497307,2.690839
0.5571688591142496,2.69089
0.5572100028787683,2.69068
0.5572511466432873,2.690489
0.557292290407806,2.690451
0.557333434172325,2.690454
0.5573745779368439,2.690586
0.5574157217013626,2.690744
0.5574568654658815,2.690113
0.5574980092304004,2.690612
0.5575391529949192,2.690659
0.5575802967594381,2.690779
0.5576214405239569,2.691046
0.5576625842884757,2.69096
0.5577037280529945,2.690961
0.5577448718175134,2.691157
0.5577860155820322,2.691035
0.5578271593465511,2.690729
0.55786830311107,2.690983
0.5579094468755887,2.691018
0.5579505906401077,2.690926
0.5579917344046266,2.690767
0.5580328781691453,2.690851
0.5580740219336643,2.690805
0.5581151656981831,2.690826
0.5581563094627019,2.691054
0.5581974532272208,2.690625
0.5582385969917396,2.690932
0.5582797407562584,2.691308
0.5583208845207773,2.691194
0.5583620282852961,2.691243
0.558403172049815,2.690627
0.5584443158143338,2.690675
0.5584854595788528,2.690625
0.5585266033433716,2.690855
0.5585677471078904,2.690673
0.5586088908724093,2.690806
0.558650034636928,2.691072
0.558691178401447,2.691036
0.5587323221659659,2.690885
0.5587734659304846,2.690917
0.5588146096950035,2.690963
0.5588557534595222,2.690762
0.5588968972240412,2.690768
0.55893804098856,2.690629
0.5589791847530788,2.690318
0.5590203285175978,2.690716
0.5590614722821166,2.690573
0.5591026160466354,2.690526
0.5591437598111543,2.690668
0.5591849035756731,2.690764
0.559226047340192,2.690511
0.5592671911047109,2.690818
0.5593083348692297,2.690938
0.5593494786337485,2.690698
0.5593906223982674,2.691198
0.5594317661627862,2.690932
0.5594729099273051,2.6909
0.5595140536918239,2.691106
0.5595551974563429,2.69109
0.5595963412208615,2.691139
0.5596374849853805,2.690846
0.5596786287498994,2.690555
0.5597197725144182,2.690231
0.559760916278937,2.690564
0.5598020600434559,2.690525
0.5598432038079747,2.690394
0.5598843475724936,2.690522
0.5599254913370124,2.690594
0.5599666351015313,2.690691
0.56000777886605,2.690564
0.5600489226305688,2.690374
0.5600900663950878,2.690069
0.5601312101596067,2.69055
0.5601723539241255,2.690554
0.5602134976886444,2.690634
0.5602546414531632,2.690547
0.5602957852176821,2.690606
0.5603369289822009,2.690282
0.5603780727467198,2.690261
0.5604192165112386,2.690293
0.5604603602757574,2.690164
0.5605015040402763,2.690261
0.560542647804795,2.690382
0.560583791569314,2.690813
0.560624935333833,2.69069
0.5606660790983516,2.690692
0.5607072228628706,2.690732
0.5607483666273894,2.690659
0.5607895103919083,2.690647
0.5608306541564271,2.6903
0.560871797920946,2.690425
0.5609129416854648,2.690572
0.5609540854499836,2.690708
0.5609952292145025,2.690589
0.5610363729790213,2.69066
0.5610775167435401,2.690689
0.5611186605080591,2.690762
0.5611598042725778,2.690537
0.5612009480370967,2.690427
0.5612420918016157,2.690115
0.5612832355661344,2.68999
0.5613243793306533,2.690061
0.561365523095172,2.690294
0.561406666859691,2.690427
0.5614478106242099,2.690208
0.5614889543887286,2.690309
0.5615300981532475,2.690247
0.5615712419177664,2.690051
0.5616123856822851,2.689949
0.561653529446804,2.690297
0.5616946732113228,2.690271
0.5617358169758417,2.69039
0.5617769607403607,2.69028
0.5618181045048795,2.690283
0.5618592482693983,2.690128
0.5619003920339171,2.690074
0.5619415357984361,2.690026
0.5619826795629549,2.68979
0.5620238233274737,2.69017
0.5620649670919926,2.68995
0.5621061108565113,2.689903
0.5621472546210302,2.689898
0.5621883983855491,2.690487
0.5622295421500679,2.690352
0.5622706859145868,2.69012
0.5623118296791056,2.690043
0.5623529734436244,2.6894
0.5623941172081434,2.689705
0.5624352609726622,2.689754
0.562476404737181,2.690137
0.5625175485017,2.690325
0.5625586922662188,2.69021
0.5625998360307376,2.690379
0.5626409797952564,2.690469
0.5626821235597753,2.690197
0.5627232673242941,2.689744
0.562764411088813,2.68989
0.5628055548533318,2.68979
0.5628466986178506,2.689826
0.5628878423823696,2.690039
0.5629289861468885,2.689947
0.5629701299114072,2.689884
0.5630112736759262,2.690179
0.5630524174404449,2.690049
0.5630935612049637,2.689854
0.5631347049694827,2.690202
0.5631758487340014,2.690309
0.5632169924985203,2.689845
0.5632581362630392,2.689615
0.5632992800275579,2.689539
0.5633404237920769,2.68957
0.5633815675565957,2.689788
0.5634227113211145,2.690047
0.5634638550856333,2.689578
0.5635049988501523,2.689765
0.5635461426146711,2.689607
0.5635872863791899,2.689652
0.5636284301437089,2.689365
0.5636695739082276,2.689562
0.5637107176727465,2.689662
0.5637518614372654,2.689422
0.5637930052017841,2.689164
0.5638341489663031,2.689323
0.5638752927308219,2.689609
0.5639164364953406,2.689333
0.5639575802598596,2.689622
0.5639987240243785,2.68971
0.5640398677888973,2.689638
0.5640810115534162,2.689865
0.564122155317935,2.689862
0.5641632990824538,2.689805
0.5642044428469727,2.68952
0.5642455866114916,2.689357
0.5642867303760104,2.689686
0.5643278741405292,2.689623
0.5643690179050481,2.689754
0.5644101616695668,2.689643
0.5644513054340858,2.689755
0.5644924491986048,2.689629
0.5645335929631234,2.689367
0.5645747367276424,2.689279
0.564615880492161,2.689113
0.56465702425668,2.689348
0.5646981680211989,2.689518
0.5647393117857177,2.689549
0.5647804555502366,2.689499
0.5648215993147555,2.689398
0.5648627430792742,2.68925
0.5649038868437931,2.688949
0.5649450306083119,2.689052
0.5649861743728307,2.688751
0.5650273181373497,2.689261
0.5650684619018685,2.689024
0.5651096056663873,2.689063
0.5651507494309062,2.688971
0.5651918931954251,2.68919
0.5652330369599439,2.689048
0.5652741807244628,2.689074
0.5653153244889817,2.689449
0.5653564682535004,2.688898
0.5653976120180193,2.689384
0.5654387557825382,2.689474
0.5654798995470569,2.68924
0.5655210433115758,2.689399
0.5655621870760946,2.689389
0.5656033308406135,2.689435
0.5656444746051325,2.689338
0.5656856183696511,2.689438
0.5657267621341701,2.688742
0.5657679058986889,2.689033
0.5658090496632077,2.689066
0.5658501934277267,2.688956
0.5658913371922455,2.689138
0.5659324809567643,2.689461
0.5659736247212832,2.689189
0.566014768485802,2.689403
0.5660559122503208,2.689578
0.5660970560148397,2.689104
0.5661381997793585,2.689155
0.5661793435438774,2.689617
0.5662204873083962,2.689629
0.5662616310729152,2.689579
0.5663027748374339,2.689716
0.5663439186019528,2.68953
0.5663850623664718,2.689557
0.5664262061309905,2.689504
0.5664673498955094,2.689123
0.5665084936600282,2.68946
0.566549637424547,2.689444
0.5665907811890659,2.689673
0.5666319249535847,2.689433
0.5666730687181036,2.689337
0.5667142124826224,2.689423
0.5667553562471414,2.689445
0.5667965000116602,2.689471
0.566837643776179,2.689447
0.566878787540698,2.689538
0.5669199313052168,2.689747
0.5669610750697355,2.6898
0.5670022188342545,2.689988
0.5670433625987732,2.689824
0.5670845063632921,2.689657
0.567125650127811,2.689761
0.5671667938923298,2.689396
0.5672079376568486,2.689382
0.5672490814213673,2.689352
0.5672902251858863,2.689643
0.5673313689504053,2.689709
0.567372512714924,2.689702
0.5674136564794429,2.689511
0.5674548002439617,2.689531
0.5674959440084806,2.689541
0.5675370877729994,2.689327
0.5675782315375183,2.689367
0.5676193753020371,2.689457
0.5676605190665559,2.689777
0.5677016628310748,2.689757
0.5677428065955937,2.689903
0.5677839503601125,2.689775
0.5678250941246314,2.689786
0.5678662378891501,2.689744
0.567907381653669,2.689376
0.567948525418188,2.689575
0.5679896691827068,2.689148
0.5680308129472256,2.6891
0.5680719567117446,2.689433
0.5681131004762633,2.689291
0.5681542442407822,2.689473
0.568195388005301,2.689492
0.5682365317698198,2.689303
0.5682776755343387,2.689307
0.5683188192988576,2.689484
0.5683599630633764,2.689064
0.5684011068278952,2.689521
0.5684422505924142,2.689507
0.568483394356933,2.6896
0.5685245381214518,2.689586
0.5685656818859707,2.690004
0.5686068256504895,2.689637
0.5686479694150084,2.689566
0.5686891131795273,2.689642
0.568730256944046,2.689419
0.5687714007085649,2.689587
0.5688125444730837,2.689783
0.5688536882376025,2.689872
0.5688948320021215,2.689831
0.5689359757666402,2.68968
0.5689771195311591,2.689607
0.569018263295678,2.689564
0.5690594070601968,2.68944
0.5691005508247157,2.688883
0.5691416945892346,2.689209
0.5691828383537534,2.689561
0.5692239821182723,2.689569
0.5692651258827911,2.689526
0.5693062696473099,2.689436
0.5693474134118287,2.689676
0.5693885571763476,2.689691
0.5694297009408664,2.689479
0.5694708447053853,2.689137
0.5695119884699043,2.689261
0.5695531322344229,2.68949
0.5695942759989419,2.689517
0.5696354197634608,2.689448
0.5696765635279795,2.68948
0.5697177072924985,2.689516
0.5697588510570173,2.689519
0.5697999948215361,2.689206
0.569841138586055,2.689069
0.5698822823505738,2.689064
0.5699234261150926,2.689412
0.5699645698796115,2.689548
0.5700057136441303,2.689399
0.5700468574086492,2.689781
0.570088001173168,2.689465
0.5701291449376868,2.68963
0.5701702887022057,2.689698
0.5702114324667247,2.689827
0.5702525762312434,2.689331
0.5702937199957622,2.689595
0.5703348637602812,2.689466
0.5703760075248,2.689588
0.5704171512893188,2.689638
0.5704582950538377,2.689785
0.5704994388183564,2.68973
0.5705405825828754,2.689644
0.5705817263473942,2.689818
0.570622870111913,2.689282
0.570664013876432,2.689571
0.5707051576409508,2.689786
0.5707463014054696,2.689641
0.5707874451699886,2.689744
0.5708285889345073,2.689673
0.5708697326990262,2.689738
0.570910876463545,2.689735
0.5709520202280639,2.689818
0.5709931639925827,2.689387
0.5710343077571016,2.689624
0.5710754515216204,2.68961
0.5711165952861391,2.689422
0.5711577390506581,2.689926
0.5711988828151771,2.689611
0.5712400265796957,2.689488
0.5712811703442147,2.689408
0.5713223141087336,2.689418
0.5713634578732524,2.689217
0.5714046016377713,2.689584
0.57144574540229,2.689385
0.5714868891668089,2.689409
0.5715280329313278,2.689402
0.5715691766958465,2.689497
0.5716103204603655,2.689359
0.5716514642248843,2.689408
0.571692607989403,2.689429
0.571733751753922,2.689235
0.5717748955184409,2.689472
0.5718160392829597,2.689418
0.5718571830474786,2.689471
0.5718983268119974,2.689678
0.5719394705765163,2.68959
0.5719806143410351,2.689517
0.572021758105554,2.689544
0.5720629018700727,2.689284
0.5721040456345916,2.688775
0.5721451893991105,2.68893
0.5721863331636292,2.689146
0.5722274769281482,2.689277
0.572268620692667,2.689587
0.5723097644571858,2.689472
0.5723509082217048,2.689653
0.5723920519862236,2.689272
0.5724331957507425,2.689165
0.5724743395152613,2.688846
0.5725154832797802,2.689173
0.572556627044299,2.689122
0.5725977708088178,2.689069
0.5726389145733367,2.68907
0.5726800583378555,2.689104
0.5727212021023743,2.689025
0.5727623458668933,2.688986
0.572803489631412,2.689438
0.572844633395931,2.689006
0.5728857771604499,2.688688
0.5729269209249686,2.688962
0.5729680646894875,2.688776
0.5730092084540062,2.689309
0.5730503522185252,2.689181
0.5730914959830441,2.689373
0.5731326397475628,2.689113
0.5731737835120817,2.689089
0.5732149272766005,2.688963
0.5732560710411193,2.68873
0.5732972148056382,2.688859
0.573338358570157,2.689003
0.5733795023346759,2.689026
0.5734206460991947,2.688814
0.5734617898637137,2.688898
0.5735029336282326,2.689087
0.5735440773927513,2.689206
0.5735852211572703,2.689286
0.5736263649217891,2.688743
0.5736675086863079,2.689186
0.5737086524508268,2.689308
0.5737497962153455,2.689239
0.5737909399798644,2.689215
0.5738320837443834,2.688995
0.5738732275089021,2.688909
0.573914371273421,2.68913
0.5739555150379398,2.689122
0.5739966588024586,2.688924
0.5740378025669776,2.689101
0.5740789463314965,2.689107
0.5741200900960152,2.689236
0.574161233860534,2.689189
0.574202377625053,2.689108
0.5742435213895718,2.689221
0.5742846651540906,2.68915
0.5743258089186095,2.689154
0.5743669526831283,2.688733
0.5744080964476472,2.689062
0.5744492402121661,2.689271
0.5744903839766848,2.689092
0.5745315277412038,2.688971
0.5745726715057224,2.68894
0.5746138152702414,2.688949
0.5746549590347604,2.688756
0.5746961027992791,2.688633
0.5747372465637979,2.688187
0.5747783903283169,2.688643
0.5748195340928356,2.688527
0.5748606778573545,2.688579
0.5749018216218734,2.688408
0.5749429653863922,2.68856
0.5749841091509111,2.688521
0.5750252529154299,2.6884
0.5750663966799487,2.688423
0.5751075404444675,2.688113
0.5751486842089865,2.688769
0.5751898279735053,2.688666
0.5752309717380241,2.68877
0.5752721155025431,2.688577
0.5753132592670618,2.688715
0.5753544030315807,2.68875
0.5753955467960996,2.688922
0.5754366905606183,2.688888
0.5754778343251373,2.688555
0.575518978089656,2.688692
0.5755601218541749,2.688905
0.5756012656186938,2.688999
0.5756424093832125,2.688933
0.5756835531477315,2.688443
0.5757246969122504,2.688412
0.5757658406767692,2.688586
0.575806984441288,2.688863
0.5758481282058069,2.688656
0.5758892719703257,2.688568
0.5759304157348446,2.688788
0.5759715594993634,2.688675
0.5760127032638822,2.688919
0.576053847028401,2.688758
0.57609499079292,2.688724
0.5761361345574388,2.688414
0.5761772783219576,2.688414
0.5762184220864766,2.68832
0.5762595658509952,2.688066
0.5763007096155142,2.688321
0.5763418533800331,2.688083
0.5763829971445519,2.688055
0.5764241409090708,2.688105
0.5764652846735896,2.688287
0.5765064284381084,2.68861
0.5765475722026273,2.688384
0.5765887159671461,2.688318
0.5766298597316649,2.687863
0.5766710034961838,2.688348
0.5767121472607027,2.688497
0.5767532910252215,2.6885
0.5767944347897404,2.688649
0.5768355785542593,2.688412
0.5768767223187781,2.688529
0.576917866083297,2.688309
0.5769590098478159,2.688255
0.5770001536123346,2.687784
0.5770412973768535,2.688396
0.5770824411413724,2.688431
0.5771235849058911,2.688486
0.57716472867041,2.688325
0.5772058724349288,2.688328
0.5772470161994477,2.688423
0.5772881599639667,2.688231
0.5773293037284853,2.688212
0.5773704474930043,2.68797
0.5774115912575231,2.688489
0.5774527350220419,2.688201
0.5774938787865609,2.688066
0.5775350225510797,2.688298
0.5775761663155985,2.688228
0.5776173100801173,2.688344
0.5776584538446362,2.68816
0.577699597609155,2.688384
0.5777407413736739,2.687725
0.5777818851381927,2.687978
0.5778230289027115,2.688035
0.5778641726672304,2.6878
0.5779053164317494,2.687819
0.577946460196268,2.687773
0.5779876039607871,2.687961
0.578028747725306,2.687984
0.5780698914898247,2.688009
0.5781110352543436,2.687711
0.5781521790188624,2.688019
0.5781933227833812,2.688065
0.5782344665479001,2.687978
0.5782756103124189,2.687997
0.5783167540769378,2.687889
0.5783578978414566,2.687858
0.5783990416059756,2.687968
0.5784401853704944,2.687986
0.5784813291350132,2.687572
0.5785224728995322,2.687837
0.5785636166640509,2.688055
0.5786047604285698,2.688147
0.5786459041930887,2.688024
0.5786870479576074,2.687927
0.5787281917221263,2.687878
0.578769335486645,2.688132
0.578810479251164,2.687937
0.5788516230156828,2.687713
0.5788927667802016,2.687833
0.5789339105447205,2.688141
0.5789750543092393,2.688138
0.5790161980737581,2.687943
0.5790573418382771,2.687836
0.5790984856027959,2.688006
0.5791396293673148,2.688089
0.5791807731318337,2.687589
0.5792219168963525,2.687638
0.5792630606608713,2.687334
0.5793042044253901,2.68767
0.579345348189909,2.687831
0.5793864919544279,2.687696
0.5794276357189467,2.687324
0.5794687794834656,2.68734
0.5795099232479843,2.687486
0.5795510670125033,2.687553
0.5795922107770222,2.687471
0.579633354541541,2.687461
0.5796744983060598,2.687583
0.5797156420705787,2.687567
0.5797567858350975,2.687738
0.5797979295996164,2.68755
0.5798390733641352,2.687484
0.579880217128654,2.687466
0.5799213608931728,2.687417
0.5799625046576917,2.687551
0.5800036484222106,2.6872
0.5800447921867294,2.687438
0.5800859359512482,2.687634
0.5801270797157672,2.687596
0.580168223480286,2.687703
0.5802093672448049,2.687628
0.5802505110093237,2.687602
0.5802916547738426,2.687552
0.5803327985383614,2.687685
0.5803739423028802,2.687265
0.5804150860673991,2.687516
0.5804562298319179,2.687537
0.5804973735964367,2.687078
0.5805385173609557,2.687165
0.5805796611254744,2.687374
0.5806208048899933,2.687371
0.5806619486545122,2.687428
0.580703092419031,2.68781
0.5807442361835499,2.68749
0.5807853799480688,2.687521
0.5808265237125876,2.687627
0.5808676674771064,2.687329
0.5809088112416253,2.687257
0.5809499550061441,2.68753
0.5809910987706629,2.687618
0.5810322425351819,2.687435
0.5810733862997006,2.687312
0.5811145300642195,2.687023
0.5811556738287385,2.686775
0.5811968175932571,2.686747
0.5812379613577761,2.687075
0.581279105122295,2.687167
0.5813202488868137,2.686862
0.5813613926513327,2.686662
0.5814025364158514,2.686624
0.5814436801803703,2.686612
0.5814848239448892,2.686777
0.581525967709408,2.686246
0.5815671114739268,2.686669
0.5816082552384457,2.686762
0.5816493990029645,2.686531
0.5816905427674834,2.686436
0.5817316865320022,2.686246
0.581772830296521,2.686324
0.5818139740610399,2.686424
0.5818551178255589,2.686
0.5818962615900777,2.686141
0.5819374053545965,2.686453
0.5819785491191154,2.686383
0.5820196928836341,2.686159
0.582060836648153,2.686425
0.5821019804126719,2.686658
0.5821431241771907,2.686616
0.5821842679417096,2.686571
0.5822254117062284,2.686473
0.5822665554707472,2.686306
0.5823076992352662,2.686684
0.582348842999785,2.686466
0.5823899867643038,2.686387
0.5824311305288228,2.686403
0.5824722742933416,2.686215
0.5825134180578604,2.686208
0.5825545618223792,2.686448
0.5825957055868981,2.686643
0.5826368493514169,2.686097
0.5826779931159358,2.686441
0.5827191368804546,2.686387
0.5827602806449734,2.68661
0.5828014244094923,2.686306
0.5828425681740113,2.686222
0.58288371193853,2.686394
0.5829248557030489,2.686467
0.5829659994675677,2.686183
0.5830071432320866,2.685907
0.5830482869966055,2.686224
0.5830894307611242,2.686087
0.5831305745256431,2.686047
0.5831717182901619,2.686003
0.5832128620546807,2.685947
0.5832540058191997,2.685984
0.5832951495837185,2.686012
0.5833362933482373,2.686359
0.5833774371127562,2.685951
0.583418580877275,2.686272
0.5834597246417939,2.686078
0.5835008684063128,2.68608
0.5835420121708316,2.686273
0.5835831559353505,2.686245
0.5836242996998693,2.686206
0.5836654434643882,2.686001
0.5837065872289069,2.68601
0.5837477309934258,2.685675
0.5837888747579447,2.686091
0.5838300185224634,2.686237
0.5838711622869824,2.686144
0.5839123060515012,2.685928
0.58395344981602,2.686169
0.583994593580539,2.686418
0.5840357373450578,2.686355
0.5840768811095767,2.686301
0.5841180248740955,2.685996
0.5841591686386144,2.686317
0.5842003124031332,2.686415
0.584241456167652,2.686042
0.5842825999321709,2.686448
0.5843237436966896,2.686529
0.5843648874612085,2.68676
0.5844060312257275,2.686773
0.5844471749902462,2.686941
0.5844883187547651,2.686638
0.5845294625192841,2.686395
0.5845706062838029,2.686838
0.5846117500483217,2.686755
0.5846528938128404,2.686591
0.5846940375773594,2.686945
0.5847351813418783,2.686905
0.584776325106397,2.686826
0.5848174688709159,2.686638
0.5848586126354347,2.686489
0.5848997563999535,2.686192
0.5849409001644724,2.68636
0.5849820439289913,2.686623
0.5850231876935101,2.686511
0.5850643314580289,2.686616
0.5851054752225479,2.686395
0.5851466189870668,2.686372
0.5851877627515856,2.686436
0.5852289065161045,2.686423
0.5852700502806232,2.686158
0.5853111940451421,2.68642
0.585352337809661,2.686595
0.5853934815741797,2.686605
0.5854346253386986,2.686106
0.5854757691032173,2.68627
0.5855169128677363,2.686172
0.5855580566322552,2.685979
0.5855992003967739,2.686222
0.5856403441612928,2.68597
0.5856814879258118,2.686372
0.5857226316903305,2.686315
0.5857637754548495,2.686229
0.5858049192193682,2.686184
0.5858460629838871,2.686151
0.585887206748406,2.686261
0.5859283505129248,2.686039
0.5859694942774436,2.685806
0.5860106380419625,2.685483
0.5860517818064814,2.685741
0.5860929255710002,2.68589
0.586134069335519,2.686338
0.586175213100038,2.686177
0.5862163568645566,2.686199
0.5862575006290756,2.686023
0.5862986443935946,2.686073
0.5863397881581133,2.686186
0.5863809319226322,2.68575
0.586422075687151,2.686085
0.5864632194516698,2.686071
0.5865043632161887,2.68614
0.5865455069807076,2.686141
0.5865866507452264,2.686287
0.5866277945097452,2.686207
0.5866689382742641,2.686633
0.5867100820387829,2.686486
0.5867512258033017,2.686109
0.5867923695678207,2.686065
0.5868335133323395,2.686085
0.5868746570968583,2.686058
0.5869158008613773,2.686255
0.586956944625896,2.685663
0.5869980883904149,2.68574
0.5870392321549338,2.686139
0.5870803759194525,2.686166
0.5871215196839715,2.686082
0.5871626634484902,2.686059
0.5872038072130091,2.686038
0.587244950977528,2.685855
0.5872860947420467,2.685763
0.5873272385065657,2.685971
0.5873683822710845,2.685967
0.5874095260356034,2.685755
0.5874506698001222,2.685604
0.5874918135646411,2.685576
0.5875329573291599,2.6858
0.5875741010936787,2.685836
0.5876152448581977,2.685936
0.5876563886227164,2.686186
0.5876975323872352,2.685951
0.5877386761517542,2.685934
0.587779819916273,2.686027
0.5878209636807918,2.685915
0.5878621074453108,2.685482
0.5879032512098294,2.685209
0.5879443949743484,2.685569
0.5879855387388673,2.685789
0.5880266825033861,2.685495
0.588067826267905,2.685747
0.5881089700324238,2.685796
0.5881501137969426,2.686064
0.5881912575614616,2.685673
0.5882324013259803,2.685397
0.5882735450904991,2.685043
0.588314688855018,2.685505
0.588355832619537,2.68573
0.5883969763840557,2.685847
0.5884381201485746,2.685744
0.5884792639130935,2.685684
0.5885204076776122,2.685764
0.5885615514421312,2.685925
0.5886026952066501,2.685929
0.5886438389711688,2.685501
0.5886849827356877,2.685924
0.5887261265002065,2.68575
0.5887672702647253,2.685669
0.5888084140292443,2.685617
0.588849557793763,2.685654
0.5888907015582819,2.685668
0.5889318453228009,2.685621
0.5889729890873195,2.68561
0.5890141328518385,2.685289
0.5890552766163574,2.685574
0.5890964203808761,2.685645
0.5891375641453951,2.685584
0.5891787079099139,2.685419
0.5892198516744327,2.685273
0.5892609954389515,2.685221
0.5893021392034704,2.685596
0.5893432829679892,2.685624
0.5893844267325081,2.685385
0.589425570497027,2.685546
0.5894667142615457,2.685611
0.5895078580260646,2.685541
0.5895490017905836,2.685454
0.5895901455551023,2.685261
0.5896312893196213,2.685446
0.5896724330841401,2.685343
0.5897135768486589,2.685338
0.5897547206131778,2.685362
0.5897958643776966,2.685271
0.5898370081422154,2.68519
0.5898781519067343,2.685376
0.5899192956712531,2.685472
0.589960439435772,2.68527
0.5900015832002908,2.685355
0.5900427269648096,2.685388
0.5900838707293286,2.685522
0.5901250144938474,2.685098
0.5901661582583662,2.685151
0.5902073020228851,2.6852
0.590248445787404,2.685415
0.5902895895519228,2.685676
0.5903307333164416,2.685403
0.5903718770809605,2.685671
0.5904130208454792,2.68547
0.5904541646099982,2.685289
0.590495308374517,2.684933
0.5905364521390358,2.684912
0.5905775959035547,2.68544
0.5906187396680735,2.685161
0.5906598834325923,2.685093
0.5907010271971113,2.685004
0.5907421709616301,2.684603
0.590783314726149,2.684452
0.5908244584906678,2.684508
0.5908656022551867,2.684519
0.5909067460197055,2.684322
0.5909478897842243,2.684534
0.5909890335487432,2.684554
0.591030177313262,2.684778
0.5910713210777809,2.684469
0.5911124648422998,2.68459
0.5911536086068185,2.684491
0.5911947523713375,2.684549
0.5912358961358565,2.684433
0.5912770399003752,2.684431
0.591318183664894,2.685073
0.5913593274294128,2.684992
0.5914004711939317,2.684664
0.5914416149584506,2.684896
0.5914827587229693,2.684803
0.5915239024874882,2.684687
0.591565046252007,2.684771
0.5916061900165259,2.685032
0.5916473337810448,2.684393
0.5916884775455636,2.684833
0.5917296213100824,2.684893
0.5917707650746014,2.684765
0.5918119088391202,2.684842
0.5918530526036391,2.684857
0.5918941963681579,2.684958
0.5919353401326768,2.685227
0.5919764838971955,2.685177
0.5920176276617144,2.684434
0.5920587714262333,2.684749
0.5920999151907521,2.685039
0.5921410589552709,2.685072
0.5921822027197899,2.684832
0.5922233464843086,2.685067
0.5922644902488275,2.684991
0.5923056340133463,2.684918
0.5923467777778653,2.684642
0.5923879215423841,2.684333
0.592429065306903,2.684335
0.5924702090714218,2.684074
0.5925113528359406,2.684158
0.5925524966004595,2.683936
0.5925936403649783,2.684025
0.5926347841294971,2.684362
0.5926759278940161,2.684115
0.5927170716585348,2.683956
0.5927582154230537,2.683829
0.5927993591875726,2.684083
0.5928405029520913,2.684595
0.5928816467166103,2.684568
0.592922790481129,2.684664
0.592963934245648,2.684548
0.5930050780101669,2.684653
0.5930462217746856,2.684431
0.5930873655392045,2.684175
0.5931285093037233,2.684192
0.5931696530682422,2.684024
0.593210796832761,2.684145
0.5932519405972799,2.684078
0.5932930843617987,2.684201
0.5933342281263176,2.684396
0.5933753718908364,2.684401
0.5934165156553552,2.684293
0.593457659419874,2.684249
0.5934988031843931,2.683904
0.5935399469489119,2.683671
0.5935810907134307,2.683831
0.5936222344779496,2.683741
0.5936633782424683,2.683718
0.5937045220069872,2.683632
0.5937456657715061,2.684071
0.5937868095360249,2.683967
0.5938279533005438,2.683908
0.5938690970650626,2.683874
0.5939102408295814,2.683496
0.5939513845941004,2.683753
0.5939925283586192,2.68369
0.594033672123138,2.683854
0.5940748158876569,2.684017
0.5941159596521758,2.683833
0.5941571034166946,2.683661
0.5941982471812134,2.68378
0.5942393909457323,2.683758
0.594280534710251,2.683238
0.59432167847477,2.683656
0.5943628222392888,2.683896
0.5944039660038076,2.683798
0.5944451097683265,2.684254
0.5944862535328455,2.684262
0.5945273972973641,2.684128
0.5945685410618831,2.683925
0.5946096848264019,2.683842
0.5946508285909208,2.683421
0.5946919723554397,2.683703
0.5947331161199584,2.683606
0.5947742598844773,2.683611
0.5948154036489961,2.683604
0.5948565474135149,2.683985
0.5948976911780339,2.683894
0.5949388349425527,2.683769
0.5949799787070714,2.683866
0.5950211224715903,2.683679
0.5950622662361092,2.684188
0.5951034100006282,2.68423
0.595144553765147,2.684433
0.5951856975296658,2.68438
0.5952268412941846,2.684329
0.5952679850587035,2.683959
0.5953091288232224,2.683997
0.5953502725877411,2.683998
0.59539141635226,2.683902
0.5954325601167788,2.684058
0.5954737038812976,2.683952
0.5955148476458165,2.683662
0.5955559914103353,2.683274
0.5955971351748542,2.683263
0.5956382789393733,2.683452
0.5956794227038918,2.683288
0.5957205664684108,2.683368
0.5957617102329297,2.683368
0.5958028539974484,2.683445
0.5958439977619674,2.683459
0.5958851415264862,2.683704
0.5959262852910051,2.683643
0.5959674290555238,2.683712
0.5960085728200427,2.683517
0.5960497165845616,2.683513
0.5960908603490804,2.683805
0.5961320041135993,2.683806
0.596173147878118,2.684091
0.596214291642637,2.684314
0.596255435407156,2.684427
0.5962965791716746,2.684404
0.5963377229361935,2.684428
0.5963788667007124,2.684267
0.5964200104652312,2.684274
0.5964611542297502,2.684618
0.5965022979942689,2.684494
0.5965434417587878,2.684206
0.5965845855233067,2.684107
0.5966257292878255,2.684242
0.5966668730523443,2.68452
0.5967080168168631,2.684438
0.596749160581382,2.684742
0.596790304345901,2.684591
0.5968314481104197,2.684345
0.5968725918749387,2.684352
0.5969137356394574,2.684187
0.5969548794039762,2.684468
0.5969960231684952,2.684032
0.5970371669330139,2.684045
0.5970783106975329,2.684093
0.5971194544620515,2.684036
0.5971605982265705,2.684295
0.5972017419910894,2.683986
0.5972428857556081,2.684145
0.5972840295201272,2.683866
0.5973251732846458,2.684097
0.5973663170491648,2.684176
0.5974074608136837,2.684286
0.5974486045782024,2.68434
0.5974897483427213,2.684449
0.5975308921072401,2.684437
0.597572035871759,2.684788
0.5976131796362778,2.684725
0.5976543234007966,2.684131
0.5976954671653156,2.684268
0.5977366109298344,2.684667
0.5977777546943533,2.684332
0.5978188984588721,2.68425
0.5978600422233908,2.684358
0.5979011859879099,2.684384
0.5979423297524288,2.684446
0.5979834735169475,2.684175
0.5980246172814664,2.683968
0.5980657610459852,2.684499
0.598106904810504,2.684626
0.5981480485750229,2.684792
0.5981891923395417,2.684314
0.5982303361040606,2.684509
0.5982714798685793,2.684824
0.5983126236330983,2.684537
0.5983537673976171,2.684386
0.5983949111621361,2.684158
0.598436054926655,2.684407
0.5984771986911736,2.684372
0.5985183424556926,2.684674
0.5985594862202115,2.684527
0.5986006299847302,2.684559
0.5986417737492491,2.684843
0.5986829175137678,2.684682
0.5987240612782868,2.684602
0.5987652050428057,2.684198
0.5988063488073244,2.684304
0.5988474925718433,2.684496
0.5988886363363622,2.68452
0.5989297801008809,2.684445
0.5989709238653999,2.684613
0.5990120676299187,2.684559
0.5990532113944376,2.684353
0.5990943551589564,2.684355
0.5991354989234753,2.684108
0.5991766426879941,2.684152
0.599217786452513,2.684471
0.5992589302170319,2.684326
0.5993000739815506,2.684349
0.5993412177460695,2.684697
0.5993823615105884,2.68463
0.5994235052751071,2.68466
0.599464649039626,2.684219
0.599505792804145,2.684115
0.5995469365686638,2.684197
0.5995880803331826,2.684481
0.5996292240977014,2.684573
0.5996703678622203,2.684631
0.5997115116267392,2.684447
0.5997526553912581,2.684561
0.5997937991557768,2.684701
0.5998349429202957,2.684514
0.5998760866848145,2.684463
0.5999172304493333,2.68428
0.5999583742138522,2.684606
0.599999517978371,2.684692
0.60004066174289,2.684403
0.6000818055074087,2.684571
0.6001229492719276,2.684557
0.6001640930364465,2.684385
0.6002052368009654,2.684345
0.6002463805654841,2.684373
0.600287524330003,2.683907
0.6003286680945219,2.684405
0.6003698118590407,2.684747
0.6004109556235595,2.684591
0.6004520993880784,2.684382
0.6004932431525972,2.684469
0.6005343869171161,2.684502
0.6005755306816349,2.684589
0.6006166744461537,2.684671
0.6006578182106727,2.684212
0.6006989619751916,2.684711
0.6007401057397103,2.684634
0.6007812495042292,2.684553
0.6008223932687481,2.684519
0.6008635370332669,2.684547
0.6009046807977857,2.684531
0.6009458245623046,2.684466
0.6009869683268235,2.684474
0.6010281120913423,2.683998
0.6010692558558611,2.684156
0.6011103996203799,2.684347
0.6011515433848988,2.684379
0.6011926871494178,2.684429
0.6012338309139365,2.684241
0.6012749746784554,2.684101
0.6013161184429742,2.684104
0.6013572622074931,2.683954
0.6013984059720121,2.683608
0.6014395497365307,2.683875
0.6014806935010496,2.683972
0.6015218372655685,2.684105
0.6015629810300872,2.684016
0.6016041247946062,2.683784
0.601645268559125,2.684035
0.601686412323644,2.684197
0.6017275560881626,2.684041
0.6017686998526816,2.683759
0.6018098436172005,2.683933
0.6018509873817193,2.683909
0.6018921311462381,2.683722
0.6019332749107569,2.683683
0.6019744186752758,2.683832
0.6020155624397948,2.683762
0.6020567062043134,2.683656
0.6020978499688323,2.683967
0.6021389937333513,2.683534
0.60218013749787,2.683244
0.602221281262389,2.68349
0.6022624250269077,2.683453
0.6023035687914265,2.683947
0.6023447125559456,2.683563
0.6023858563204643,2.683684
0.6024270000849832,2.683905
0.602468143849502,2.68344
0.6025092876140209,2.683194
0.6025504313785397,2.683015
0.6025915751430585,2.683578
0.6026327189075775,2.683697
0.6026738626720962,2.683564
0.602715006436615,2.683473
0.602756150201134,2.683724
0.6027972939656527,2.683652
0.6028384377301718,2.683559
0.6028795814946903,2.683557
0.6029207252592093,2.683067
0.6029618690237283,2.683342
0.6030030127882469,2.683377
0.6030441565527659,2.683269
0.6030853003172847,2.683091
0.6031264440818036,2.683278
0.6031675878463225,2.683571
0.6032087316108412,2.683798
0.6032498753753601,2.68359
0.603291019139879,2.683056
0.6033321629043978,2.683543
0.6033733066689166,2.683468
0.6034144504334354,2.683342
0.6034555941979545,2.683139
0.6034967379624733,2.683325
0.603537881726992,2.683275
0.603579025491511,2.683278
0.6036201692560297,2.683207
0.6036613130205487,2.682924
0.6037024567850675,2.683107
0.6037436005495863,2.683133
0.6037847443141052,2.683375
0.603825888078624,2.683403
0.6038670318431428,2.683461
0.6039081756076617,2.683438
0.6039493193721805,2.683683
0.6039904631366995,2.683612
0.6040316069012182,2.683246
0.6040727506657372,2.683239
0.604113894430256,2.683227
0.6041550381947747,2.683336
0.6041961819592937,2.683592
0.6042373257238124,2.68351
0.6042784694883314,2.683874
0.6043196132528503,2.683878
0.604360757017369,2.683765
0.6044019007818879,2.683422
0.6044430445464068,2.683554
0.6044841883109257,2.683461
0.6045253320754445,2.683285
0.6045664758399633,2.683131
0.6046076196044822,2.683053
0.6046487633690011,2.683072
0.6046899071335198,2.683136
0.6047310508980387,2.683424
0.6047721946625575,2.683018
0.6048133384270764,2.682832
0.6048544821915952,2.682439
0.6048956259561141,2.682054
0.6049367697206329,2.682241
0.6049779134851518,2.682309
0.6050190572496706,2.682262
0.6050602010141894,2.682429
0.6051013447787084,2.68214
0.6051424885432273,2.681654
0.605183632307746,2.681376
0.6052247760722649,2.681447
0.6052659198367838,2.681417
0.6053070636013026,2.681657
0.6053482073658214,2.681671
0.6053893511303403,2.681548
0.6054304948948591,2.681481
0.605471638659378,2.681535
0.6055127824238967,2.681468
0.6055539261884156,2.681459
0.6055950699529346,2.682006
0.6056362137174532,2.681767
0.6056773574819722,2.681653
0.6057185012464911,2.681743
0.6057596450110099,2.681756
0.6058007887755288,2.681668
0.6058419325400476,2.681551
0.6058830763045664,2.681591
0.6059242200690853,2.681041
0.6059653638336042,2.681331
0.6060065075981229,2.681045
0.6060476513626418,2.681174
0.6060887951271607,2.681228
0.6061299388916794,2.681334
0.6061710826561983,2.681303
0.6062122264207173,2.681267
0.6062533701852361,2.681431
0.606294513949755,2.68108
0.6063356577142738,2.681598
0.6063768014787926,2.681661
0.6064179452433115,2.681456
0.6064590890078304,2.681169
0.6065002327723491,2.680686
0.606541376536868,2.680428
0.6065825203013869,2.68029
0.6066236640659056,2.679885
0.6066648078304245,2.679337
0.6067059515949434,2.679888
0.6067470953594624,2.680084
0.6067882391239812,2.68025
0.6068293828885,2.680478
0.6068705266530188,2.680637
0.6069116704175377,2.680512
0.6069528141820566,2.680442
0.6069939579465753,2.680303
0.6070351017110942,2.67983
0.607076245475613,2.680414
0.6071173892401318,2.680094
0.6071585330046507,2.680209
0.6071996767691695,2.680454
0.6072408205336884,2.680317
0.6072819642982074,2.680278
0.607323108062726,2.680315
0.6073642518272451,2.680272
0.6074053955917639,2.680098
0.6074465393562826,2.679898
0.6074876831208015,2.679969
0.6075288268853204,2.6802
0.6075699706498393,2.680048
0.607611114414358,2.679783
0.6076522581788769,2.679961
0.6076934019433958,2.679996
0.6077345457079146,2.680309
0.6077756894724335,2.680233
0.6078168332369522,2.680366
0.6078579770014712,2.680337
0.6078991207659902,2.680614
0.6079402645305088,2.680473
0.6079814082950278,2.680676
0.6080225520595466,2.680709
0.6080636958240654,2.680602
0.6081048395885844,2.680665
0.6081459833531031,2.68054
0.608187127117622,2.680211
0.6082282708821408,2.680607
0.6082694146466597,2.680486
0.6083105584111785,2.680351
0.6083517021756973,2.680517
0.6083928459402163,2.68036
0.608433989704735,2.680383
0.6084751334692539,2.680286
0.6085162772337729,2.68061
0.6085574209982916,2.680482
0.6085985647628106,2.680638
0.6086397085273292,2.680631
0.6086808522918481,2.680486
0.6087219960563671,2.680814
0.6087631398208857,2.680532
0.6088042835854047,2.680579
0.6088454273499236,2.68052
0.6088865711144423,2.680363
0.6089277148789614,2.679722
0.60896885864348,2.67998
0.609010002407999,2.680281
0.6090511461725179,2.68013
0.6090922899370366,2.680273
0.6091334337015555,2.68023
0.6091745774660743,2.680258
0.6092157212305933,2.680408
0.609256864995112,2.680514
0.6092980087596308,2.680028
0.6093391525241498,2.68042
0.6093802962886685,2.680163
0.6094214400531875,2.680267
0.6094625838177063,2.680234
0.609503727582225,2.680255
0.6095448713467441,2.680601
0.6095860151112628,2.680836
0.6096271588757817,2.680639
0.6096683026403006,2.680105
0.6097094464048194,2.680694
0.6097505901693382,2.680576
0.6097917339338571,2.680439
0.6098328776983759,2.680534
0.6098740214628948,2.680606
0.6099151652274135,2.680645
0.6099563089919324,2.680479
0.6099974527564513,2.680503
0.6100385965209703,2.680283
0.610079740285489,2.680443
0.6101208840500078,2.680394
0.6101620278145268,2.680346
0.6102031715790456,2.68014
0.6102443153435644,2.680293
0.6102854591080833,2.680562
0.6103266028726021,2.680681
0.610367746637121,2.680261
0.6104088904016399,2.680158
0.6104500341661586,2.680222
0.6104911779306775,2.680601
0.6105323216951963,2.680336
0.6105734654597151,2.680368
0.610614609224234,2.68001
0.610655752988753,2.680106
0.6106968967532718,2.679969
0.6107380405177905,2.680124
0.6107791842823095,2.679918
0.6108203280468283,2.680075
0.6108614718113472,2.679926
0.6109026155758661,2.680245
0.6109437593403848,2.680315
0.6109849031049037,2.680356
0.6110260468694226,2.680352
0.6110671906339413,2.680228
0.6111083343984602,2.680222
0.6111494781629792,2.679946
0.611190621927498,2.679708
0.6112317656920168,2.680055
0.6112729094565356,2.679849
0.6113140532210545,2.68013
0.6113551969855734,2.680104
0.6113963407500921,2.680418
0.611437484514611,2.680295
0.6114786282791299,2.679999
0.6115197720436487,2.679814
0.6115609158081675,2.679527
0.6116020595726864,2.679559
0.6116432033372052,2.679353
0.6116843471017241,2.67934
0.611725490866243,2.679096
0.6117666346307618,2.678987
0.6118077783952807,2.678987
0.6118489221597996,2.679041
0.6118900659243183,2.67916
0.6119312096888372,2.67902
0.6119723534533561,2.679646
0.6120134972178749,2.679737
0.6120546409823937,2.679441
0.6120957847469126,2.679644
0.6121369285114314,2.679772
0.6121780722759503,2.679509
0.6122192160404691,2.679377
0.6122603598049879,2.679124
0.6123015035695069,2.679075
0.6123426473340258,2.679486
0.6123837910985445,2.679441
0.6124249348630634,2.679415
0.6124660786275823,2.67942
0.6125072223921012,2.679487
0.6125483661566199,2.679606
0.6125895099211388,2.679449
0.6126306536856576,2.679512
0.6126717974501765,2.679017
0.6127129412146953,2.679761
0.6127540849792141,2.679653
0.612795228743733,2.679739
0.6128363725082518,2.679873
0.6128775162727707,2.679922
0.6129186600372896,2.680109
0.6129598038018084,2.680167
0.6130009475663273,2.680116
0.6130420913308461,2.679891
0.6130832350953649,2.680035
0.6131243788598838,2.680014
0.6131655226244027,2.680218
0.6132066663889214,2.679992
0.6132478101534404,2.680083
0.6132889539179592,2.679906
0.6133300976824781,2.679745
0.6133712414469968,2.680097
0.6134123852115158,2.679508
0.6134535289760347,2.679685
0.6134946727405535,2.680193
0.6135358165050723,2.680408
0.6135769602695911,2.680258
0.61361810403411,2.68013
0.613659247798629,2.679949
0.6137003915631476,2.679963
0.6137415353276665,2.680115
0.6137826790921854,2.679821
0.6138238228567042,2.679816
0.6138649666212233,2.679944
0.6139061103857419,2.679977
0.6139472541502609,2.679818
0.6139883979147797,2.679754
0.6140295416792985,2.679635
0.6140706854438174,2.679743
0.6141118292083362,2.679381
0.6141529729728551,2.679528
0.6141941167373739,2.679198
0.6142352605018927,2.679394
0.6142764042664117,2.679556
0.6143175480309304,2.679214
0.6143586917954492,2.679389
0.6143998355599682,2.679447
0.6144409793244869,2.679668
0.614482123089006,2.679612
0.6145232668535245,2.67937
0.6145644106180436,2.679158
0.6146055543825625,2.679458
0.6146466981470811,2.679552
0.6146878419116001,2.679351
0.6147289856761189,2.679276
0.6147701294406378,2.679443
0.6148112732051567,2.679506
0.6148524169696754,2.679718
0.6148935607341943,2.679884
0.6149347044987131,2.679518
0.614975848263232,2.679674
0.6150169920277508,2.679674
0.6150581357922696,2.679837
0.6150992795567887,2.679918
0.6151404233213073,2.679832
0.6151815670858263,2.679738
0.6152227108503452,2.679942
0.6152638546148639,2.679921
0.6153049983793829,2.679584
0.6153461421439017,2.679664
0.6153872859084205,2.679715
0.6154284296729394,2.679652
0.615469573437458,2.679622
0.615510717201977,2.679447
0.615551860966496,2.679255
0.6155930047310147,2.679253
0.6156341484955337,2.679358
0.6156752922600524,2.678993
0.6157164360245713,2.679232
0.6157575797890902,2.679419
0.6157987235536091,2.679233
0.6158398673181278,2.679202
0.6158810110826466,2.679128
0.6159221548471656,2.679105
0.6159632986116844,2.679322
0.6160044423762032,2.67927
0.6160455861407221,2.679032
0.6160867299052408,2.678814
0.6161278736697599,2.678988
0.6161690174342787,2.67902
0.6162101611987975,2.678882
0.6162513049633164,2.679017
0.6162924487278351,2.679118
0.616333592492354,2.67938
0.6163747362568729,2.679509
0.6164158800213917,2.679061
0.6164570237859106,2.679089
0.6164981675504294,2.679336
0.6165393113149483,2.679195
0.6165804550794671,2.679513
0.616621598843986,2.679596
0.6166627426085048,2.679447
0.6167038863730236,2.67966
0.6167450301375426,2.67962
0.6167861739020615,2.679714
0.6168273176665802,2.679532
0.6168684614310991,2.679681
0.616909605195618,2.679505
0.6169507489601368,2.679412
0.6169918927246556,2.679224
0.6170330364891744,2.679159
0.6170741802536933,2.679042
0.6171153240182122,2.679299
0.6171564677827309,2.679306
0.6171976115472498,2.67916
0.6172387553117687,2.679665
0.6172798990762874,2.679519
0.6173210428408064,2.679559
0.6173621866053253,2.679595
0.6174033303698441,2.679559
0.617444474134363,2.679525
0.6174856178988818,2.67965
0.6175267616634006,2.679643
0.6175679054279195,2.679106
0.6176090491924384,2.679393
0.6176501929569571,2.679407
0.617691336721476,2.679335
0.6177324804859949,2.679581
0.6177736242505136,2.679469
0.6178147680150325,2.679731
0.6178559117795515,2.679727
0.6178970555440703,2.679569
0.6179381993085892,2.679056
0.617979343073108,2.679354
0.6180204868376268,2.679373
0.6180616306021457,2.679238
0.6181027743666646,2.679173
0.6181439181311833,2.679021
0.6181850618957022,2.679126
0.6182262056602211,2.679069
0.6182673494247398,2.678892
0.6183084931892587,2.679067
0.6183496369537776,2.679346
0.6183907807182965,2.679603
0.6184319244828154,2.67963
0.6184730682473342,2.679461
0.618514212011853,2.679331
0.6185553557763719,2.679296
0.6185964995408908,2.679348
0.6186376433054095,2.679251
0.6186787870699284,2.678667
0.6187199308344472,2.678991
0.618761074598966,2.678938
0.618802218363485,2.679266
0.6188433621280037,2.679448
0.6188845058925226,2.679403
0.6189256496570416,2.679349
0.6189667934215602,2.679383
0.6190079371860793,2.679677
0.6190490809505981,2.679311
0.619090224715117,2.679291
0.6191313684796357,2.679312
0.6191725122441546,2.679544
0.6192136560086735,2.67946
0.6192547997731922,2.679502
0.6192959435377111,2.679443
0.6193370873022299,2.679107
0.6193782310667488,2.679191
0.6194193748312679,2.679037
0.6194605185957864,2.679216
0.6195016623603053,2.679187
0.6195428061248243,2.679221
0.619583949889343,2.679152
0.619625093653862,2.679185
0.6196662374183808,2.679106
0.6197073811828996,2.679076
0.6197485249474186,2.678943
0.6197896687119372,2.678807
0.6198308124764562,2.678689
0.619871956240975,2.678848
0.6199131000054939,2.679487
0.6199542437700127,2.679386
0.6199953875345315,2.679074
0.6200365312990505,2.679217
0.6200776750635691,2.679265
0.6201188188280881,2.678751
0.620159962592607,2.678697
0.6202011063571258,2.678283
0.6202422501216448,2.678763
0.6202833938861634,2.678885
0.6203245376506823,2.678859
0.6203656814152013,2.678682
0.6204068251797199,2.678756
0.6204479689442389,2.678671
0.6204891127087577,2.678571
0.6205302564732766,2.678485
0.6205714002377956,2.678326
0.6206125440023142,2.678314
0.6206536877668332,2.678097
0.620694831531352,2.67771
0.6207359752958708,2.677786
0.6207771190603897,2.677778
0.6208182628249085,2.677784
0.6208594065894275,2.677826
0.6209005503539463,2.677924
0.620941694118465,2.677473
0.620982837882984,2.677736
0.6210239816475027,2.677767
0.6210651254120217,2.677943
0.6211062691765405,2.677662
0.6211474129410594,2.677916
0.6211885567055783,2.677999
0.6212297004700968,2.678247
0.6212708442346159,2.678113
0.6213119879991348,2.677665
0.6213531317636536,2.678013
0.6213942755281724,2.67817
0.6214354192926912,2.678259
0.6214765630572101,2.678106
0.621517706821729,2.678117
0.6215588505862477,2.677776
0.6215999943507666,2.677891
0.6216411381152854,2.677641
0.6216822818798045,2.677357
0.6217234256443231,2.677604
0.6217645694088421,2.67781
0.621805713173361,2.677341
0.6218468569378796,2.677338
0.6218880007023986,2.677567
0.6219291444669175,2.677332
0.6219702882314363,2.677381
0.6220114319959552,2.677368
0.6220525757604741,2.677076
0.6220937195249928,2.677427
0.6221348632895117,2.677221
0.6221760070540305,2.677167
0.6222171508185493,2.677369
0.6222582945830682,2.677422
0.6222994383475872,2.677618
0.622340582112106,2.677437
0.6223817258766248,2.677419
0.6224228696411437,2.677331
0.6224640134056625,2.677449
0.6225051571701814,2.677633
0.6225463009347003,2.67736
0.622587444699219,2.677294
0.6226285884637379,2.677222
0.6226697322282568,2.67743
0.6227108759927755,2.677506
0.6227520197572944,2.677608
0.6227931635218132,2.677407
0.6228343072863322,2.677074
0.622875451050851,2.677646
0.6229165948153698,2.677289
0.6229577385798887,2.677443
0.6229988823444076,2.67748
0.6230400261089263,2.677344
0.6230811698734452,2.677419
0.6231223136379641,2.677287
0.6231634574024829,2.677547
0.6232046011670017,2.677033
0.6232457449315206,2.677261
0.6232868886960394,2.677314
0.6233280324605583,2.677471
0.6233691762250771,2.677479
0.623410319989596,2.677468
0.6234514637541149,2.67755
0.6234926075186338,2.677504
0.6235337512831525,2.677604
0.6235748950476714,2.676978
0.6236160388121903,2.677555
0.6236571825767091,2.677573
0.6236983263412279,2.677533
0.6237394701057468,2.677468
0.6237806138702656,2.67777
0.6238217576347845,2.67763
0.6238629013993033,2.677716
0.6239040451638221,2.677617
0.623945188928341,2.677449
0.62398633269286,2.677621
0.6240274764573787,2.677397
0.6240686202218976,2.677305
0.6241097639864165,2.677432
0.6241509077509354,2.677236
0.6241920515154541,2.677129
0.624233195279973,2.677437
0.6242743390444918,2.677531
0.6243154828090107,2.677271
0.6243566265735295,2.67705
0.6243977703380483,2.677311
0.6244389141025672,2.677361
0.624480057867086,2.677302
0.6245212016316048,2.677526
0.6245623453961238,2.677423
0.6246034891606426,2.677567
0.6246446329251615,2.677539
0.6246857766896803,2.677143
0.6247269204541991,2.677479
0.6247680642187181,2.677458
0.6248092079832369,2.677445
0.6248503517477556,2.677589
0.6248914955122745,2.677467
0.6249326392767934,2.677332
0.6249737830413123,2.677209
0.625014926805831,2.67734
0.62505607057035,2.677243
0.6250972143348688,2.677463
0.6251383580993877,2.677682
0.6251795018639065,2.677547
0.6252206456284253,2.67731
0.6252617893929442,2.677128
0.6253029331574632,2.677137
0.6253440769219818,2.677261
0.6253852206865008,2.677292
0.6254263644510195,2.677197
0.6254675082155384,2.677163
0.6255086519800575,2.677573
0.625549795744576,2.677586
0.6255909395090951,2.677617
0.6256320832736139,2.67733
0.6256732270381326,2.677097
0.6257143708026516,2.677299
0.6257555145671704,2.677206
0.6257966583316893,2.676902
0.625837802096208,2.676672
0.6258789458607269,2.67703
0.6259200896252458,2.677011
0.6259612333897646,2.676616
0.6260023771542836,2.676793
0.6260435209188022,2.676937
0.6260846646833211,2.676945
0.6261258084478402,2.676695
0.6261669522123587,2.676698
0.6262080959768778,2.676447
0.6262492397413966,2.676731
0.6262903835059153,2.676897
0.6263315272704343,2.677069
0.6263726710349531,2.677301
0.626413814799472,2.677231
0.6264549585639909,2.677052
0.6264961023285096,2.677202
0.6265372460930285,2.677152
0.6265783898575473,2.676727
0.6266195336220663,2.677093
0.626660677386585,2.677225
0.6267018211511038,2.677065
0.6267429649156229,2.676953
0.6267841086801414,2.676881
0.6268252524446605,2.676721
0.6268663962091794,2.676766
0.6269075399736981,2.676974
0.6269486837382171,2.676744
0.6269898275027357,2.676965
0.6270309712672547,2.676694
0.6270721150317736,2.676958
0.6271132587962924,2.676847
0.6271544025608112,2.676652
0.62719554632533,2.676894
0.627236690089849,2.676926
0.6272778338543679,2.676772
0.6273189776188866,2.676491
0.6273601213834055,2.676665
0.6274012651479244,2.676941
0.6274424089124433,2.676857
0.627483552676962,2.67646
0.6275246964414808,2.676533
0.6275658402059998,2.67647
0.6276069839705186,2.676713
0.6276481277350374,2.676374
0.6276892714995563,2.676311
0.6277304152640751,2.676539
0.627771559028594,2.676409
0.6278127027931129,2.676213
0.6278538465576317,2.676318
0.6278949903221506,2.676516
0.6279361340866693,2.676716
0.6279772778511882,2.676784
0.6280184216157071,2.676865
0.628059565380226,2.676629
0.6281007091447448,2.67669
0.6281418529092635,2.676638
0.6281829966737825,2.676476
0.6282241404383013,2.676192
0.6282652842028202,2.676055
0.628306427967339,2.676078
0.6283475717318578,2.675303
0.6283887154963768,2.675436
0.6284298592608957,2.675664
0.6284710030254144,2.675357
0.6285121467899333,2.675818
0.6285532905544522,2.676057
0.628594434318971,2.675994
0.6286355780834898,2.676115
0.6286767218480086,2.676006
0.6287178656125275,2.675878
0.6287590093770464,2.676005
0.6288001531415651,2.675752
0.628841296906084,2.675366
0.628882440670603,2.675705
0.6289235844351216,2.675774
0.6289647281996406,2.675975
0.6290058719641595,2.675809
0.6290470157286783,2.675778
0.6290881594931972,2.675773
0.629129303257716,2.675982
0.6291704470222348,2.675902
0.6292115907867537,2.67548
0.6292527345512726,2.67609
0.6292938783157913,2.67621
0.6293350220803102,2.676085
0.6293761658448291,2.676179
0.6294173096093478,2.676152
0.6294584533738667,2.676481
0.6294995971383857,2.676408
0.6295407409029045,2.676404
0.6295818846674234,2.676002
0.6296230284319422,2.676505
0.629664172196461,2.676642
0.6297053159609799,2.676689
0.6297464597254986,2.676582
0.6297876034900175,2.676584
0.6298287472545364,2.676608
0.6298698910190552,2.676385
0.6299110347835742,2.676648
0.6299521785480929,2.676025
0.6299933223126117,2.676517
0.6300344660771307,2.67655
0.6300756098416496,2.676427
0.6301167536061684,2.676579
0.6301578973706872,2.67651
0.6301990411352061,2.676556
0.6302401848997248,2.676588
0.6302813286642437,2.676555
0.6303224724287626,2.676103
0.6303636161932814,2.676568
0.6304047599578002,2.676289
0.6304459037223191,2.676318
0.6304870474868379,2.67619
0.6305281912513568,2.676337
0.6305693350158758,2.676474
0.6306104787803944,2.67648
0.6306516225449134,2.67637
0.6306927663094323,2.676142
0.6307339100739512,2.67619
0.6307750538384699,2.676223
0.6308161976029888,2.676459
0.6308573413675077,2.676369
0.6308984851320264,2.676413
0.6309396288965453,2.676411
0.6309807726610641,2.675988
0.631021916425583,2.676221
0.631063060190102,2.676138
0.6311042039546206,2.676197
0.6311453477191395,2.676299
0.6311864914836584,2.676305
0.6312276352481772,2.676309
0.6312687790126962,2.676275
0.6313099227772149,2.676261
0.6313510665417339,2.676268
0.6313922103062526,2.675893
0.6314333540707714,2.675912
0.6314744978352904,2.676008
0.6315156415998092,2.676146
0.6315567853643281,2.676002
0.6315979291288468,2.675992
0.6316390728933657,2.67596
0.6316802166578847,2.676143
0.6317213604224033,2.676208
0.6317625041869223,2.676168
0.6318036479514412,2.676219
0.63184479171596,2.676025
0.631885935480479,2.676177
0.6319270792449976,2.675995
0.6319682230095166,2.675904
0.6320093667740355,2.676031
0.6320505105385541,2.676018
0.6320916543030731,2.675946
0.6321327980675919,2.675851
0.6321739418321108,2.675845
0.6322150855966298,2.675716
0.6322562293611484,2.675986
0.6322973731256674,2.676156
0.6323385168901862,2.676057
0.632379660654705,2.676131
0.6324208044192239,2.675855
0.6324619481837427,2.675751
0.6325030919482617,2.675741
0.6325442357127803,2.676006
0.6325853794772993,2.675942
0.6326265232418182,2.676212
0.6326676670063369,2.675975
0.632708810770856,2.675994
0.6327499545353745,2.675913
0.6327910982998936,2.675869
0.6328322420644125,2.676048
0.632873385828931,2.676134
0.6329145295934501,2.675649
0.632955673357969,2.675243
0.6329968171224878,2.675667
0.6330379608870067,2.675357
0.6330791046515254,2.675215
0.6331202484160443,2.675279
0.6331613921805632,2.67515
0.6332025359450821,2.675286
0.6332436797096008,2.675515
0.6332848234741196,2.675399
0.6333259672386387,2.675078
0.6333671110031573,2.675454
0.6334082547676763,2.675729
0.6334493985321952,2.675624
0.6334905422967138,2.675884
0.6335316860612328,2.675885
0.6335728298257517,2.675775
0.6336139735902705,2.67581
0.6336551173547894,2.675955
0.6336962611193081,2.675696
0.633737404883827,2.67587
0.6337785486483459,2.675616
0.6338196924128647,2.675724
0.6338608361773835,2.67578
0.6339019799419023,2.675616
0.6339431237064214,2.675701
0.6339842674709402,2.675692
0.634025411235459,2.676004
0.6340665549999779,2.675698
0.6341076987644967,2.675434
0.6341488425290156,2.675889
0.6341899862935345,2.675974
0.6342311300580532,2.675996
0.6342722738225721,2.675986
0.634313417587091,2.676201
0.6343545613516097,2.676259
0.6343957051161286,2.676143
0.6344368488806474,2.675791
0.6344779926451664,2.67538
0.6345191364096852,2.675691
0.634560280174204,2.675669
0.6346014239387229,2.67563
0.6346425677032418,2.675385
0.6346837114677605,2.675547
0.6347248552322794,2.67535
0.6347659989967983,2.675551
0.6348071427613171,2.675396
0.6348482865258359,2.675179
0.6348894302903548,2.675496
0.6349305740548736,2.675781
0.6349717178193925,2.675812
0.6350128615839113,2.675501
0.6350540053484302,2.675757
0.6350951491129491,2.675747
0.635136292877468,2.675701
0.6351774366419867,2.675622
0.6352185804065056,2.675059
0.6352597241710245,2.675415
0.6353008679355433,2.675325
0.6353420117000621,2.675192
0.6353831554645809,2.674963
0.6354242992290998,2.675304
0.6354654429936187,2.675276
0.6355065867581374,2.675167
0.6355477305226563,2.674976
0.6355888742871753,2.67451
0.6356300180516941,2.674856
0.6356711618162129,2.675047
0.6357123055807318,2.67531
0.6357534493452506,2.675224
0.6357945931097695,2.675148
0.6358357368742883,2.675379
0.6358768806388072,2.675363
0.635918024403326,2.675329
0.6359591681678449,2.674724
0.6360003119323636,2.675071
0.6360414556968825,2.675272
0.6360825994614014,2.675371
0.6361237432259202,2.675261
0.636164886990439,2.67501
0.6362060307549581,2.675169
0.6362471745194768,2.675264
0.6362883182839957,2.675612
0.6363294620485145,2.675074
0.6363706058130333,2.675176
0.6364117495775523,2.675149
0.6364528933420711,2.675139
0.6364940371065899,2.675196
0.6365351808711087,2.675151
0.6365763246356276,2.674886
0.6366174684001465,2.675133
0.6366586121646652,2.675377
0.6366997559291842,2.675181
0.636740899693703,2.674983
0.6367820434582219,2.675017
0.6368231872227409,2.675237
0.6368643309872595,2.675227
0.6369054747517784,2.675151
0.6369466185162971,2.675075
0.636987762280816,2.675189
0.637028906045335,2.675108
0.6370700498098537,2.675111
0.6371111935743726,2.675255
0.6371523373388914,2.675475
0.6371934811034102,2.67533
0.6372346248679293,2.675363
0.6372757686324481,2.675227
0.6373169123969669,2.675297
0.6373580561614858,2.675253
0.6373991999260046,2.67511
0.6374403436905235,2.674955
0.6374814874550422,2.674906
0.6375226312195611,2.675256
0.63756377498408,2.675261
0.6376049187485988,2.675155
0.6376460625131178,2.675085
0.6376872062776364,2.675152
0.6377283500421553,2.675559
0.6377694938066744,2.675607
0.6378106375711929,2.675194
0.637851781335712,2.674791
0.6378929251002308,2.675135
0.6379340688647497,2.675107
0.6379752126292685,2.675154
0.6380163563937873,2.675505
0.6380575001583062,2.675436
0.638098643922825,2.675138
0.6381397876873438,2.674863
0.6381809314518627,2.675083
0.6382220752163815,2.674926
0.6382632189809005,2.675388
0.6383043627454191,2.675444
0.638345506509938,2.675338
0.6383866502744571,2.675227
0.6384277940389756,2.675065
0.6384689378034947,2.674981
0.6385100815680136,2.675114
0.6385512253325324,2.674917
0.6385923690970513,2.674475
0.6386335128615699,2.674562
0.6386746566260889,2.674813
0.6387158003906078,2.675009
0.6387569441551266,2.674995
0.6387980879196454,2.674742
0.6388392316841642,2.674779
0.6388803754486831,2.674762
0.6389215192132021,2.67473
0.6389626629777208,2.674201
0.6390038067422397,2.674859
0.6390449505067585,2.674836
0.6390860942712775,2.67477
0.6391272380357962,2.674517
0.6391683818003151,2.674431
0.639209525564834,2.674556
0.6392506693293526,2.674604
0.6392918130938716,2.674824
0.6393329568583905,2.67464
0.6393741006229093,2.674528
0.6394152443874282,2.67446
0.6394563881519469,2.674753
0.6394975319164659,2.674476
0.6395386756809848,2.674474
0.6395798194455035,2.674365
0.6396209632100224,2.67444
0.6396621069745413,2.674226
0.6397032507390601,2.674037
0.639744394503579,2.67419
0.6397855382680978,2.674404
0.6398266820326166,2.674365
0.6398678257971355,2.674247
0.6399089695616544,2.67427
0.6399501133261731,2.674204
0.639991257090692,2.674363
0.640032400855211,2.674328
0.6400735446197297,2.673858
0.6401146883842486,2.673756
0.6401558321487675,2.673983
0.6401969759132863,2.673953
0.6402381196778052,2.674363
0.640279263442324,2.674284
0.6403204072068428,2.674336
0.6403615509713617,2.674164
0.6404026947358804,2.674228
0.6404438385003993,2.674105
0.6404849822649182,2.673729
0.6405261260294371,2.674206
0.6405672697939558,2.674217
0.6406084135584748,2.674295
0.6406495573229937,2.673931
0.6406907010875125,2.673964
0.6407318448520314,2.674069
0.6407729886165502,2.67376
0.640814132381069,2.673625
0.6408552761455879,2.67355
0.6408964199101068,2.673859
0.6409375636746255,2.673721
0.6409787074391444,2.67362
0.6410198512036633,2.673777
0.641060994968182,2.673873
0.6411021387327009,2.673614
0.6411432824972197,2.673628
0.6411844262617387,2.673605
0.6412255700262576,2.672904
0.6412667137907763,2.673631
0.6413078575552952,2.67359
0.6413490013198141,2.673366
0.6413901450843328,2.6731
0.6414312888488517,2.673184
0.6414724326133706,2.673307
0.6415135763778894,2.673267
0.6415547201424082,2.673319
0.6415958639069271,2.673064
0.6416370076714459,2.673318
0.6416781514359648,2.673263
0.6417192952004838,2.673269
0.6417604389650026,2.673239
0.6418015827295214,2.673316
0.6418427264940403,2.673456
0.641883870258559,2.673677
0.6419250140230779,2.673183
0.6419661577875968,2.672882
0.6420073015521156,2.67313
0.6420484453166344,2.673076
0.6420895890811533,2.673383
0.6421307328456721,2.673231
0.6421718766101912,2.673481
0.64221302037471,2.673657
0.6422541641392286,2.673656
0.6422953079037476,2.673581
0.6423364516682665,2.673103
0.6423775954327854,2.673398
0.6424187391973041,2.67329
0.642459882961823,2.673303
0.6425010267263418,2.673077
0.6425421704908606,2.673385
0.6425833142553795,2.673222
0.6426244580198983,2.673367
0.6426656017844172,2.673297
0.6427067455489359,2.672796
0.6427478893134548,2.672767
0.6427890330779739,2.672889
0.6428301768424926,2.672842
0.6428713206070114,2.672927
0.6429124643715304,2.672685
0.6429536081360491,2.672361
0.6429947519005681,2.672162
0.6430358956650868,2.672368
0.6430770394296056,2.672418
0.6431181831941246,2.672259
0.6431593269586434,2.672696
0.6432004707231623,2.672603
0.643241614487681,2.672579
0.6432827582521999,2.672763
0.6433239020167189,2.672782
0.6433650457812375,2.672531
0.6434061895457566,2.672517
0.6434473333102753,2.672546
0.6434884770747942,2.672279
0.6435296208393132,2.672694
0.6435707646038318,2.672575
0.6436119083683508,2.672614
0.6436530521328696,2.672674
0.6436941958973883,2.67267
0.6437353396619073,2.672916
0.6437764834264261,2.672894
0.643817627190945,2.673214
0.643858770955464,2.672726
0.6438999147199826,2.67326
0.6439410584845016,2.673428
0.6439822022490204,2.673275
0.6440233460135394,2.673027
0.6440644897780581,2.672877
0.6441056335425769,2.6731
0.6441467773070959,2.673179
0.6441879210716145,2.672953
0.6442290648361335,2.672655
0.6442702086006524,2.673151
0.6443113523651711,2.673143
0.6443524961296901,2.673083
0.6443936398942087,2.673128
0.6444347836587278,2.673311
0.6444759274232467,2.673044
0.6445170711877654,2.673023
0.6445582149522843,2.67301
0.6445993587168031,2.67269
0.644640502481322,2.672762
0.6446816462458409,2.672844
0.6447227900103596,2.672833
0.6447639337748785,2.672727
0.6448050775393973,2.672687
0.6448462213039163,2.672882
0.644887365068435,2.672992
0.6449285088329538,2.673104
0.6449696525974729,2.672409
0.6450107963619915,2.672741
0.6450519401265105,2.672802
0.6450930838910294,2.672906
0.6451342276555482,2.673135
0.645175371420067,2.672988
0.6452165151845859,2.67277
0.6452576589491047,2.672848
0.6452988027136236,2.672739
0.6453399464781423,2.672467
0.6453810902426612,2.672716
0.6454222340071801,2.673184
0.6454633777716989,2.672725
0.6455045215362177,2.672516
0.6455456653007365,2.672498
0.6455868090652555,2.672516
0.6456279528297744,2.672222
0.6456690965942932,2.672249
0.645710240358812,2.672211
0.6457513841233309,2.672233
0.6457925278878498,2.672513
0.6458336716523685,2.672457
0.6458748154168874,2.672098
0.6459159591814063,2.671978
0.6459571029459251,2.672299
0.6459982467104439,2.672559
0.6460393904749628,2.672303
0.6460805342394816,2.672336
0.6461216780040006,2.672129
0.6461628217685194,2.672404
0.6462039655330382,2.672429
0.6462451092975571,2.672789
0.646286253062076,2.672652
0.6463273968265947,2.672415
0.6463685405911136,2.672415
0.6464096843556325,2.672436
0.6464508281201513,2.672692
0.6464919718846701,2.672385
0.646533115649189,2.672575
0.6465742594137078,2.672426
0.6466154031782267,2.672305
0.6466565469427455,2.672631
0.6466976907072643,2.672551
0.6467388344717833,2.672414
0.6467799782363022,2.672655
0.6468211220008209,2.672709
0.6468622657653398,2.672196
0.6469034095298586,2.672365
0.6469445532943775,2.672415
0.6469856970588963,2.672718
0.6470268408234151,2.672722
0.647067984587934,2.672483
0.6471091283524529,2.672588
0.6471502721169716,2.672246
0.6471914158814905,2.672332
0.6472325596460095,2.671902
0.6472737034105283,2.672205
0.6473148471750473,2.672199
0.647355990939566,2.672285
0.6473971347040848,2.672207
0.6474382784686037,2.67205
0.6474794222331225,2.671661
0.6475205659976414,2.67241
0.6475617097621602,2.67198
0.6476028535266791,2.671505
0.6476439972911978,2.672184
0.6476851410557167,2.672293
0.6477262848202356,2.672077
0.6477674285847544,2.671989
0.6478085723492732,2.672224
0.6478497161137922,2.672128
0.647890859878311,2.6721
0.6479320036428299,2.67202
0.6479731474073487,2.671833
0.6480142911718675,2.672294
0.6480554349363864,2.672443
0.6480965787009053,2.672475
0.6481377224654241,2.672127
0.6481788662299429,2.672191
0.6482200099944618,2.672357
0.6482611537589807,2.67199
0.6483022975234994,2.672035
0.6483434412880184,2.671947
0.6483845850525372,2.672012
0.6484257288170561,2.672324
0.6484668725815751,2.672412
0.6485080163460937,2.672191
0.6485491601106126,2.672391
0.6485903038751313,2.672241
0.6486314476396502,2.672164
0.6486725914041692,2.67221
0.6487137351686879,2.671889
0.6487548789332069,2.672104
0.6487960226977256,2.672513
0.6488371664622444,2.672577
0.6488783102267635,2.672606
0.6489194539912823,2.672613
0.6489605977558011,2.672424
0.6490017415203199,2.672405
0.6490428852848388,2.672513
0.6490840290493577,2.672293
0.6491251728138764,2.672166
0.6491663165783953,2.672522
0.6492074603429141,2.67241
0.649248604107433,2.67222
0.649289747871952,2.672436
0.6493308916364706,2.672491
0.6493720354009896,2.672423
0.6494131791655086,2.672525
0.6494543229300271,2.672542
0.6494954666945462,2.672014
0.649536610459065,2.672198
0.6495777542235839,2.672306
0.6496188979881027,2.672127
0.6496600417526214,2.671732
0.6497011855171404,2.671909
0.6497423292816592,2.671894
0.649783473046178,2.671659
0.6498246168106969,2.671993
0.6498657605752157,2.671542
0.6499069043397346,2.671721
0.6499480481042533,2.671856
0.6499891918687724,2.671532
0.6500303356332912,2.671448
0.6500714793978098,2.671432
0.6501126231623289,2.671341
0.6501537669268476,2.671539
0.6501949106913666,2.671546
0.6502360544558855,2.671397
0.6502771982204041,2.671725
0.6503183419849231,2.671942
0.6503594857494419,2.671958
0.6504006295139608,2.671694
0.6504417732784796,2.671603
0.6504829170429984,2.671498
0.6505240608075173,2.671472
0.6505652045720363,2.671594
0.6506063483365551,2.671188
0.6506474921010739,2.671782
0.6506886358655927,2.671444
0.6507297796301117,2.671723
0.6507709233946304,2.671787
0.6508120671591493,2.671857
0.6508532109236682,2.671641
0.6508943546881868,2.671593
0.6509354984527058,2.671845
0.6509766422172247,2.671346
0.6510177859817435,2.671399
0.6510589297462624,2.67157
0.6511000735107811,2.671511
0.6511412172753,2.671634
0.651182361039819,2.671614
0.6512235048043377,2.671646
0.6512646485688566,2.672268
0.6513057923333754,2.671971
0.6513469360978943,2.671468
0.6513880798624132,2.671598
0.651429223626932,2.671648
0.6514703673914508,2.671641
0.6515115111559696,2.671518
0.6515526549204886,2.671505
0.6515937986850073,2.671406
0.6516349424495262,2.671309
0.6516760862140452,2.671396
0.6517172299785639,2.671214
0.6517583737430828,2.671254
0.6517995175076017,2.671597
0.6518406612721205,2.671796
0.6518818050366394,2.671944
0.6519229488011582,2.671434
0.651964092565677,2.671325
0.6520052363301959,2.671587
0.6520463800947148,2.671531
0.6520875238592335,2.671428
0.6521286676237524,2.671128
0.6521698113882713,2.67144
0.65221095515279,2.671274
0.652252098917309,2.671361
0.6522932426818279,2.671424
0.6523343864463467,2.671583
0.6523755302108656,2.671511
0.6524166739753844,2.671361
0.6524578177399032,2.671754
0.6524989615044221,2.67151
0.652540105268941,2.672127
0.6525812490334597,2.672112
0.6526223927979786,2.671886
0.6526635365624975,2.671396
0.6527046803270162,2.671373
0.6527458240915351,2.671314
0.652786967856054,2.671484
0.6528281116205729,2.671753
0.6528692553850918,2.671199
0.6529103991496105,2.671534
0.6529515429141294,2.671583
0.6529926866786483,2.671765
0.653033830443167,2.671742
0.6530749742076859,2.671679
0.6531161179722048,2.671725
0.6531572617367236,2.671479
0.6531984055012424,2.671379
0.6532395492657613,2.671251
0.6532806930302802,2.671498
0.653321836794799,2.671552
0.653362980559318,2.671348
0.6534041243238367,2.671634
0.6534452680883556,2.671396
0.6534864118528745,2.671394
0.6535275556173932,2.671262
0.6535686993819121,2.671422
0.653609843146431,2.671203
0.6536509869109498,2.671344
0.6536921306754686,2.671413
0.6537332744399875,2.671441
0.6537744182045063,2.671564
0.6538155619690253,2.671595
0.6538567057335442,2.671688
0.653897849498063,2.671495
0.6539389932625818,2.671248
0.6539801370271007,2.670767
0.6540212807916196,2.671029
0.6540624245561383,2.671028
0.6541035683206572,2.671077
0.654144712085176,2.670947
0.6541858558496948,2.670997
0.6542269996142138,2.671137
0.6542681433787325,2.671425
0.6543092871432514,2.671443
0.6543504309077701,2.671004
0.654391574672289,2.670708
0.6544327184368081,2.671248
0.6544738622013268,2.671244
0.6545150059658456,2.671437
0.6545561497303645,2.671367
0.6545972934948833,2.671145
0.6546384372594023,2.671089
0.654679581023921,2.671229
0.6547207247884399,2.67109
0.6547618685529587,2.670917
0.6548030123174776,2.671481
0.6548441560819965,2.671234
0.6548852998465152,2.671123
0.6549264436110341,2.67098
0.654967587375553,2.671481
0.6550087311400717,2.671196
0.6550498749045908,2.671154
0.6550910186691095,2.671073
0.6551321624336284,2.670983
0.6551733061981474,2.671345
0.655214449962666,2.671123
0.655255593727185,2.671326
0.6552967374917037,2.671415
0.6553378812562227,2.671265
0.6553790250207415,2.671174
0.6554201687852602,2.671193
0.6554613125497792,2.670953
0.6555024563142979,2.670697
0.6555436000788168,2.671335
0.6555847438433358,2.670966
0.6556258876078546,2.6712
0.6556670313723734,2.670715
0.6557081751368922,2.670834
0.6557493189014111,2.670919
0.65579046266593,2.67098
0.6558316064304487,2.671009
0.6558727501949677,2.670475
0.6559138939594864,2.670733
0.6559550377240054,2.670805
0.6559961814885243,2.670824
0.6560373252530429,2.670881
0.656078469017562,2.67063
0.6561196127820809,2.670602
0.6561607565465996,2.670677
0.6562019003111185,2.670948
0.6562430440756373,2.670673
0.6562841878401562,2.670866
0.6563253316046751,2.670789
0.6563664753691938,2.670788
0.6564076191337127,2.67081
0.6564487628982315,2.67099
0.6564899066627505,2.671144
0.6565310504272692,2.671102
0.6565721941917881,2.671096
0.656613337956307,2.670636
0.6566544817208256,2.671329
0.6566956254853447,2.671278
0.6567367692498636,2.670966
0.6567779130143824,2.670828
0.6568190567789013,2.670851
0.6568602005434199,2.670989
0.6569013443079389,2.671196
0.6569424880724578,2.671047
0.6569836318369765,2.670529
0.6570247756014954,2.670637
0.6570659193660143,2.67052
0.6571070631305331,2.670788
0.6571482068950519,2.670859
0.6571893506595707,2.670606
0.6572304944240897,2.67066
0.6572716381886086,2.670591
0.6573127819531274,2.670976
0.6573539257176462,2.670523
0.6573950694821651,2.670408
0.657436213246684,2.670557
0.6574773570112027,2.670564
0.6575185007757216,2.670733
0.6575596445402405,2.670266
0.6576007883047593,2.669983
0.6576419320692781,2.670084
0.657683075833797,2.670062
0.6577242195983158,2.669971
0.6577653633628348,2.669549
0.6578065071273534,2.669971
0.6578476508918724,2.670033
0.6578887946563913,2.669761
0.6579299384209102,2.669987
0.6579710821854289,2.670105
0.6580122259499478,2.669932
0.6580533697144667,2.670015
0.6580945134789855,2.669905
0.6581356572435043,2.669456
0.6581768010080232,2.669559
0.658217944772542,2.669615
0.6582590885370609,2.669536
0.6583002323015797,2.669851
0.6583413760660985,2.670236
0.6583825198306175,2.670042
0.6584236635951364,2.670051
0.6584648073596551,2.669865
0.658505951124174,2.66947
0.6585470948886928,2.66987
0.6585882386532117,2.669708
0.6586293824177305,2.669826
0.6586705261822493,2.669707
0.6587116699467682,2.669836
0.6587528137112871,2.669751
0.6587939574758058,2.669518
0.6588351012403247,2.669605
0.6588762450048437,2.669358
0.6589173887693625,2.6697
0.6589585325338813,2.669821
0.6589996762984002,2.669614
0.659040820062919,2.669722
0.6590819638274379,2.669509
0.6591231075919567,2.669657
0.6591642513564755,2.669591
0.6592053951209944,2.669332
0.6592465388855133,2.668916
0.659287682650032,2.66938
0.6593288264145509,2.669255
0.6593699701790698,2.669168
0.6594111139435886,2.669192
0.6594522577081074,2.669096
0.6594934014726264,2.669016
0.6595345452371452,2.668888
0.6595756890016642,2.668862
0.6596168327661828,2.668688
0.6596579765307017,2.669081
0.6596991202952206,2.668761
0.6597402640597393,2.668776
0.6597814078242583,2.669088
0.6598225515887771,2.66906
0.659863695353296,2.668728
0.6599048391178148,2.668956
0.6599459828823336,2.669141
0.6599871266468526,2.668714
0.6600282704113714,2.669055
0.6600694141758903,2.669299
0.660110557940409,2.669166
0.6601517017049279,2.669073
0.6601928454694469,2.668804
0.6602339892339655,2.66904
0.6602751329984844,2.668949
0.6603162767630033,2.669104
0.6603574205275221,2.668887
0.6603985642920411,2.668764
0.6604397080565598,2.668888
0.6604808518210786,2.668665
0.6605219955855977,2.668646
0.6605631393501165,2.668587
0.6606042831146353,2.668576
0.6606454268791541,2.668986
0.660686570643673,2.668917
0.6607277144081919,2.668835
0.6607688581727106,2.668656
0.6608100019372296,2.66913
0.6608511457017483,2.669192
0.6608922894662672,2.668971
0.6609334332307862,2.668922
0.6609745769953048,2.668555
0.6610157207598238,2.668806
0.6610568645243424,2.668904
0.6610980082888613,2.668557
0.6611391520533804,2.66829
0.661180295817899,2.668685
0.6612214395824181,2.669441
0.6612625833469368,2.669393
0.6613037271114557,2.669415
0.6613448708759746,2.669751
0.6613860146404934,2.669496
0.6614271584050122,2.669391
0.6614683021695311,2.669389
0.6615094459340499,2.66889
0.6615505896985688,2.669546
0.6615917334630875,2.669456
0.6616328772276066,2.669716
0.6616740209921254,2.669707
0.661715164756644,2.669739
0.6617563085211631,2.669707
0.6617974522856818,2.669668
0.6618385960502008,2.669492
0.6618797398147197,2.669076
0.6619208835792384,2.6697
0.6619620273437573,2.669753
0.6620031711082761,2.669691
0.662044314872795,2.669899
0.6620854586373138,2.669639
0.6621266024018326,2.669602
0.6621677461663515,2.669671
0.6622088899308702,2.669579
0.6622500336953893,2.669284
0.6622911774599081,2.669722
0.6623323212244269,2.669784
0.6623734649889459,2.66954
0.6624146087534645,2.669749
0.6624557525179835,2.669587
0.6624968962825024,2.669436
0.6625380400470212,2.669481
0.66257918381154,2.669472
0.6626203275760589,2.669125
0.6626614713405777,2.669474
0.6627026151050966,2.669666
0.6627437588696153,2.669616
0.6627849026341343,2.669554
0.6628260463986532,2.669543
0.6628671901631719,2.669387
0.6629083339276908,2.669085
0.6629494776922096,2.669018
0.6629906214567285,2.668988
0.6630317652212474,2.669356
0.6630729089857662,2.669386
0.663114052750285,2.669353
0.6631551965148039,2.669175
0.6631963402793228,2.669213
0.6632374840438415,2.669105
0.6632786278083604,2.669267
0.6633197715728794,2.669425
0.663360915337398,2.668995
0.663402059101917,2.668767
0.6634432028664359,2.668875
0.6634843466309547,2.668825
0.6635254903954736,2.668828
0.6635666341599923,2.668881
0.6636077779245112,2.668983
0.6636489216890301,2.668929
0.663690065453549,2.669118
0.6637312092180677,2.668955
0.6637723529825866,2.66901
0.6638134967471055,2.669002
0.6638546405116242,2.668808
0.6638957842761432,2.669142
0.6639369280406621,2.668853
0.6639780718051809,2.668876
0.6640192155696998,2.668945
0.6640603593342186,2.668899
0.6641015030987374,2.668844
0.6641426468632563,2.668844
0.6641837906277752,2.669078
0.6642249343922939,2.669142
0.6642660781568128,2.668895
0.6643072219213316,2.669158
0.6643483656858504,2.669395
0.6643895094503693,2.669308
0.6644306532148881,2.669064
0.6644717969794071,2.669014
0.664512940743926,2.668471
0.6645540845084447,2.669061
0.6645952282729636,2.669122
0.6646363720374825,2.669331
0.6646775158020012,2.669175
0.6647186595665201,2.669449
0.664759803331039,2.669442
0.6648009470955578,2.669467
0.6648420908600766,2.66941
0.6648832346245955,2.668708
0.6649243783891144,2.669128
0.6649655221536332,2.669362
0.6650066659181522,2.669199
0.6650478096826709,2.669345
0.6650889534471898,2.669526
0.6651300972117087,2.669308
0.6651712409762274,2.668993
0.6652123847407463,2.668667
0.6652535285052651,2.668107
0.665294672269784,2.66874
0.6653358160343028,2.668754
0.6653769597988216,2.668544
0.6654181035633405,2.668603
0.6654592473278594,2.668738
0.6655003910923781,2.66857
0.6655415348568972,2.668699
0.665582678621416,2.668837
0.6656238223859348,2.668462
0.6656649661504536,2.66816
0.6657061099149725,2.668356
0.6657472536794914,2.66831
0.6657883974440102,2.668308
0.665829541208529,2.668164
0.6658706849730479,2.668417
0.6659118287375667,2.668684
0.6659529725020856,2.668477
0.6659941162666043,2.668066
0.6660352600311232,2.668053
0.6660764037956423,2.668436
0.666117547560161,2.668338
0.66615869132468,2.668757
0.6661998350891987,2.668679
0.6662409788537175,2.668532
0.6662821226182365,2.668679
0.6663232663827552,2.668884
0.6663644101472741,2.668551
0.6664055539117929,2.668439
0.6664466976763118,2.668386
0.6664878414408307,2.668564
0.6665289852053494,2.668576
0.6665701289698683,2.668462
0.6666112727343871,2.66849
0.6666524164989059,2.668484
0.666693560263425,2.668487
0.6667347040279437,2.668495
0.6667758477924627,2.668179
0.6668169915569813,2.668311
0.6668581353215002,2.66834
0.6668992790860192,2.668197
0.6669404228505379,2.668189
0.6669815666150569,2.668342
0.6670227103795757,2.668717
0.6670638541440944,2.668455
0.6671049979086134,2.668446
0.6671461416731321,2.667988
0.667187285437651,2.668318
0.66722842920217,2.668302
0.6672695729666888,2.667958
0.6673107167312076,2.668069
0.6673518604957264,2.667956
0.6673930042602454,2.66775
0.6674341480247642,2.667808
0.6674752917892829,2.66817
0.6675164355538019,2.667871
0.6675575793183206,2.667928
0.6675987230828396,2.66795
0.6676398668473585,2.667793
0.6676810106118771,2.667863
0.6677221543763961,2.667874
0.667763298140915,2.667793
0.6678044419054338,2.667909
0.6678455856699527,2.667915
0.6678867294344715,2.667721
0.6679278731989904,2.668215
0.6679690169635091,2.667849
0.6680101607280281,2.668083
0.6680513044925469,2.668144
0.6680924482570657,2.667972
0.6681335920215847,2.668139
0.6681747357861034,2.66785
0.6682158795506223,2.667938
0.6682570233151413,2.667677
0.6682981670796598,2.66788
0.6683393108441789,2.668002
0.6683804546086978,2.667976
0.6684215983732166,2.668133
0.6684627421377355,2.668028
0.6685038859022542,2.668174
0.6685450296667731,2.668273
0.668586173431292,2.668023
0.6686273171958107,2.667755
0.6686684609603296,2.66783
0.6687096047248484,2.668038
0.6687507484893673,2.66793
0.6687918922538861,2.667813
0.668833036018405,2.667782
0.6688741797829239,2.667825
0.6689153235474425,2.667923
0.6689564673119616,2.667984
0.6689976110764804,2.6676
0.6690387548409993,2.667753
0.6690798986055182,2.667515
0.6691210423700369,2.667255
0.6691621861345558,2.667236
0.6692033298990747,2.667285
0.6692444736635935,2.667075
0.6692856174281123,2.667071
0.6693267611926312,2.667123
0.66936790495715,2.667129
0.669409048721669,2.667117
0.6694501924861878,2.667667
0.6694913362507066,2.667594
0.6695324800152255,2.667483
0.6695736237797443,2.667291
0.6696147675442631,2.66717
0.669655911308782,2.667365
0.6696970550733008,2.667485
0.6697381988378197,2.667305
0.6697793426023385,2.666848
0.6698204863668573,2.667254
0.6698616301313762,2.667506
0.6699027738958951,2.667423
0.6699439176604138,2.667344
0.6699850614249327,2.667154
0.6700262051894517,2.667114
0.6700673489539705,2.666988
0.6701084927184893,2.666951
0.6701496364830082,2.666684
0.670190780247527,2.666958
0.6702319240120459,2.667212
0.6702730677765647,2.667053
0.6703142115410835,2.667051
0.6703553553056024,2.666741
0.6703964990701213,2.667037
0.67043764283464,2.666917
0.6704787865991589,2.666822
0.6705199303636779,2.666489
0.6705610741281967,2.666875
0.6706022178927155,2.66711
0.6706433616572344,2.666988
0.6706845054217533,2.666877
0.6707256491862721,2.666771
0.6707667929507909,2.66673
0.6708079367153097,2.666774
0.6708490804798286,2.667056
0.6708902242443475,2.666832
0.6709313680088662,2.667024
0.6709725117733851,2.666937
0.6710136555379039,2.667079
0.6710547993024228,2.667218
0.6710959430669416,2.666874
0.6711370868314604,2.667062
0.6711782305959794,2.667459
0.6712193743604983,2.667321
0.671260518125017,2.66688
0.671301661889536,2.667265
0.6713428056540548,2.667275
0.6713839494185735,2.66717
0.6714250931830925,2.66702
0.6714662369476113,2.667044
0.6715073807121302,2.666865
0.671548524476649,2.666996
0.6715896682411678,2.667012
0.6716308120056868,2.666668
0.6716719557702056,2.666802
0.6717130995347245,2.666835
0.6717542432992432,2.666759
0.6717953870637621,2.66684
0.6718365308282811,2.666987
0.6718776745927997,2.666968
0.6719188183573186,2.666797
0.6719599621218375,2.666772
0.6720011058863563,2.666602
0.6720422496508753,2.666548
0.672083393415394,2.666684
0.6721245371799129,2.666715
0.6721656809444317,2.666678
0.6722068247089507,2.666703
0.6722479684734695,2.666911
0.6722891122379883,2.66683
0.6723302560025072,2.666899
0.6723713997670259,2.666663
0.6724125435315448,2.666387
0.6724536872960638,2.666499
0.6724948310605825,2.666738
0.6725359748251014,2.666712
0.6725771185896204,2.666415
0.672618262354139,2.66633
0.672659406118658,2.666441
0.6727005498831766,2.66648
0.6727416936476956,2.666696
0.6727828374122146,2.666116
0.6728239811767333,2.666589
0.6728651249412523,2.666649
0.672906268705771,2.666494
0.6729474124702899,2.666481
0.6729885562348088,2.666451
0.6730296999993276,2.666329
0.6730708437638464,2.666209
0.6731119875283652,2.666095
0.6731531312928841,2.665639
0.673194275057403,2.666048
0.6732354188219217,2.665993
0.6732765625864408,2.666041
0.6733177063509594,2.666113
0.6733588501154785,2.666032
0.6733999938799973,2.666027
0.673441137644516,2.665996
0.673482281409035,2.666079
0.6735234251735538,2.665715
0.6735645689380726,2.665919
0.6736057127025915,2.666084
0.6736468564671103,2.665873
0.6736880002316292,2.665681
0.673729143996148,2.665468
0.6737702877606668,2.665854
0.6738114315251857,2.66581
0.6738525752897044,2.665812
0.6738937190542235,2.665516
0.6739348628187423,2.665794
0.6739760065832612,2.665559
0.6740171503477801,2.665331
0.6740582941122987,2.665752
0.6740994378768177,2.66593
0.6741405816413366,2.665825
0.6741817254058554,2.666019
0.6742228691703742,2.666033
0.6742640129348929,2.665205
0.6743051566994119,2.665496
0.6743463004639308,2.665945
0.6743874442284495,2.666057
0.6744285879929685,2.665782
0.6744697317574873,2.666
0.6745108755220062,2.665676
0.674552019286525,2.665539
0.6745931630510438,2.665745
0.6746343068155627,2.665747
0.6746754505800816,2.665713
0.6747165943446004,2.665599
0.6747577381091192,2.66538
0.6747988818736381,2.665514
0.674840025638157,2.665436
0.6748811694026757,2.665342
0.6749223131671946,2.665097
0.6749634569317136,2.665255
0.6750046006962322,2.665109
0.6750457444607512,2.664909
0.6750868882252701,2.665113
0.6751280319897889,2.665241
0.6751691757543078,2.665309
0.6752103195188265,2.665444
0.6752514632833454,2.665323
0.6752926070478643,2.665157
0.675333750812383,2.665278
0.6753748945769019,2.665431
0.6754160383414208,2.665157
0.6754571821059396,2.665255
0.6754983258704584,2.665088
0.6755394696349774,2.665235
0.6755806133994962,2.6652
0.6756217571640151,2.665305
0.675662900928534,2.665306
0.6757040446930527,2.664981
0.6757451884575716,2.664831
0.6757863322220905,2.664649
0.6758274759866092,2.665195
0.6758686197511281,2.665014
0.675909763515647,2.664826
0.6759509072801658,2.664699
0.6759920510446846,2.664131
0.6760331948092035,2.663987
0.6760743385737223,2.66392
0.6761154823382413,2.664265
0.6761566261027602,2.663568
0.6761977698672789,2.664121
0.6762389136317978,2.664445
0.6762800573963167,2.664269
0.6763212011608354,2.664043
0.6763623449253543,2.66434
0.6764034886898732,2.664659
0.676444632454392,2.664556
0.6764857762189108,2.664666
0.6765269199834297,2.664514
0.6765680637479485,2.664617
0.6766092075124674,2.664501
0.6766503512769864,2.664708
0.676691495041505,2.664887
0.676732638806024,2.66483
0.6767737825705428,2.664773
0.6768149263350616,2.664629
0.6768560700995805,2.664683
0.6768972138640993,2.664832
0.6769383576286182,2.665223
0.6769795013931372,2.664981
0.6770206451576558,2.665133
0.6770617889221747,2.665025
0.6771029326866936,2.664909
0.6771440764512123,2.664507
0.6771852202157314,2.664707
0.6772263639802502,2.664738
0.6772675077447691,2.664334
0.6773086515092878,2.664602
0.6773497952738067,2.664277
0.6773909390383256,2.66456
0.6774320828028444,2.664772
0.6774732265673632,2.66483
0.677514370331882,2.664894
0.6775555140964009,2.664849
0.6775966578609199,2.664878
0.6776378016254385,2.664386
0.6776789453899574,2.664755
0.6777200891544763,2.664467
0.6777612329189951,2.664632
0.6778023766835142,2.664776
0.6778435204480329,2.664848
0.6778846642125517,2.664896
0.6779258079770706,2.664789
0.6779669517415894,2.664958
0.6780080955061083,2.665116
0.6780492392706271,2.664479
0.678090383035146,2.664812
0.6781315267996649,2.665159
0.6781726705641836,2.665191
0.6782138143287026,2.665131
0.6782549580932213,2.665191
0.6782961018577401,2.664981
0.6783372456222592,2.664872
0.6783783893867779,2.66489
0.6784195331512969,2.664766
0.6784606769158155,2.665335
0.6785018206803344,2.665185
0.6785429644448534,2.665313
0.6785841082093721,2.664979
0.6786252519738911,2.664876
0.6786663957384098,2.665027
0.6787075395029287,2.665145
0.6787486832674476,2.665004
0.6787898270319663,2.6647
0.6788309707964852,2.664992
0.678872114561004,2.664885
0.678913258325523,2.664944
0.6789544020900418,2.665135
0.6789955458545606,2.664886
0.6790366896190796,2.664612
0.6790778333835984,2.664527
0.6791189771481171,2.664468
0.6791601209126361,2.663554
0.6792012646771548,2.663597
0.6792424084416738,2.663324
0.6792835522061927,2.663168
0.6793246959707114,2.663485
0.6793658397352303,2.663418
0.6794069834997492,2.663449
0.679448127264268,2.663431
0.6794892710287869,2.663094
0.6795304147933057,2.662766
0.6795715585578246,2.663064
0.6796127023223433,2.663215
0.6796538460868622,2.662921
0.6796949898513811,2.663172
0.6797361336158999,2.663542
0.6797772773804187,2.663435
0.6798184211449375,2.663541
0.6798595649094565,2.663356
0.6799007086739753,2.662943
0.6799418524384941,2.663102
0.6799829962030131,2.663322
0.6800241399675317,2.664127
0.6800652837320508,2.664048
0.6801064274965697,2.663767
0.6801475712610884,2.663973
0.6801887150256073,2.663546
0.6802298587901262,2.663866
0.6802710025546449,2.663465
0.6803121463191638,2.663568
0.6803532900836826,2.663768
0.6803944338482015,2.663889
0.6804355776127203,2.66414
0.6804767213772392,2.664022
0.680517865141758,2.663495
0.680559008906277,2.663574
0.6806001526707959,2.663639
0.6806412964353146,2.66321
0.6806824401998335,2.663251
0.6807235839643524,2.663122
0.6807647277288711,2.663324
0.68080587149339,2.663132
0.6808470152579089,2.663284
0.6808881590224277,2.663528
0.6809293027869465,2.663431
0.6809704465514653,2.663402
0.6810115903159842,2.663227
0.6810527340805032,2.663146
0.6810938778450218,2.663366
0.6811350216095408,2.663262
0.6811761653740596,2.663439
0.6812173091385785,2.663365
0.6812584529030973,2.663594
0.6812995966676162,2.663559
0.681340740432135,2.663502
0.6813818841966539,2.663352
0.6814230279611727,2.663013
0.6814641717256915,2.663301
0.6815053154902104,2.663381
0.6815464592547293,2.663247
0.681587603019248,2.663103
0.681628746783767,2.662987
0.6816698905482859,2.663092
0.6817110343128047,2.663087
0.6817521780773235,2.663188
0.6817933218418424,2.662702
0.6818344656063612,2.662858
0.6818756093708801,2.662803
0.6819167531353989,2.663278
0.6819578968999177,2.662948
0.6819990406644366,2.663087
0.6820401844289555,2.663512
0.6820813281934742,2.663342
0.6821224719579931,2.663518
0.682163615722512,2.662911
0.6822047594870309,2.663089
0.6822459032515497,2.663122
0.6822870470160686,2.662947
0.6823281907805874,2.662866
0.6823693345451063,2.663255
0.6824104783096251,2.663014
0.6824516220741439,2.662899
0.6824927658386628,2.663109
0.6825339096031817,2.662789
0.6825750533677004,2.662883
0.6826161971322193,2.662893
0.6826573408967381,2.663145
0.682698484661257,2.663517
0.6827396284257758,2.66347
0.6827807721902946,2.663226
0.6828219159548136,2.662916
0.6828630597193325,2.662929
0.6829042034838512,2.662814
0.6829453472483702,2.663105
0.682986491012889,2.662765
0.6830276347774077,2.66293
0.6830687785419266,2.663076
0.6831099223064455,2.663053
0.6831510660709644,2.663162
0.6831922098354832,2.66326
0.683233353600002,2.663019
0.6832744973645208,2.662798
0.6833156411290398,2.66288
0.6833567848935587,2.663018
0.6833979286580774,2.66286
0.6834390724225963,2.662558
0.6834802161871153,2.662799
0.6835213599516339,2.662901
0.6835625037161529,2.6628
0.6836036474806717,2.66258
0.6836447912451905,2.662483
0.6836859350097095,2.662552
0.6837270787742282,2.662667
0.6837682225387471,2.662695
0.6838093663032659,2.662475
0.6838505100677849,2.662687
0.6838916538323037,2.662425
0.6839327975968225,2.662193
0.6839739413613414,2.661871
0.6840150851258601,2.661884
0.684056228890379,2.661697
0.684097372654898,2.662122
0.6841385164194167,2.662089
0.6841796601839357,2.662255
0.6842208039484543,2.662469
0.6842619477129732,2.662326
0.6843030914774922,2.662219
0.6843442352420108,2.662483
0.6843853790065298,2.662279
0.6844265227710487,2.662084
0.6844676665355675,2.662266
0.6845088103000865,2.662312
0.6845499540646052,2.662544
0.6845910978291241,2.662744
0.684632241593643,2.662536
0.6846733853581618,2.662375
0.6847145291226806,2.6622
0.6847556728871994,2.661949
0.6847968166517184,2.661654
0.6848379604162372,2.662149
0.6848791041807559,2.662055
0.684920247945275,2.661878
0.6849613917097936,2.661953
0.6850025354743127,2.66167
0.6850436792388315,2.661808
0.6850848230033502,2.661754
0.6851259667678692,2.661815
0.6851671105323878,2.661484
0.6852082542969068,2.661885
0.6852493980614257,2.662252
0.6852905418259445,2.661929
0.6853316855904634,2.662328
0.6853728293549821,2.66229
0.685413973119501,2.661975
0.6854551168840199,2.662024
0.6854962606485386,2.662128
0.6855374044130575,2.66168
0.6855785481775764,2.661908
0.6856196919420954,2.662026
0.6856608357066142,2.661856
0.6857019794711329,2.662023
0.6857431232356519,2.661882
0.6857842670001707,2.661926
0.6858254107646896,2.661869
0.6858665545292084,2.661699
0.6859076982937272,2.661526
0.6859488420582461,2.661892
0.685989985822765,2.661927
0.6860311295872837,2.661811
0.6860722733518027,2.661647
0.6861134171163215,2.661686
0.6861545608808404,2.661719
0.6861957046453592,2.661983
0.6862368484098781,2.661878
0.6862779921743969,2.661559
0.6863191359389156,2.661911
0.6863602797034346,2.662011
0.6864014234679534,2.661941
0.6864425672324723,2.662247
0.6864837109969912,2.662074
0.6865248547615099,2.662199
0.6865659985260288,2.662039
0.6866071422905478,2.662085
0.6866482860550666,2.661718
0.6866894298195854,2.661541
0.6867305735841042,2.661546
0.6867717173486231,2.661663
0.686812861113142,2.662015
0.6868540048776607,2.662199
0.6868951486421796,2.661898
0.6869362924066985,2.66198
0.6869774361712172,2.661896
0.6870185799357361,2.661511
0.687059723700255,2.661273
0.6871008674647738,2.661902
0.6871420112292926,2.661775
0.6871831549938116,2.662076
0.6872242987583304,2.661983
0.6872654425228493,2.661734
0.6873065862873682,2.661461
0.6873477300518869,2.661438
0.6873888738164058,2.661398
0.6874300175809247,2.661
0.6874711613454434,2.661452
0.6875123051099623,2.661576
0.6875534488744812,2.661491
0.687594592639,2.661534
0.6876357364035188,2.661529
0.6876768801680377,2.661565
0.6877180239325565,2.661564
0.6877591676970755,2.661501
0.6878003114615944,2.6611
0.6878414552261131,2.66152
0.687882598990632,2.661561
0.6879237427551509,2.661576
0.6879648865196696,2.661543
0.6880060302841885,2.661838
0.6880471740487074,2.661943
0.6880883178132263,2.661755
0.688129461577745,2.661852
0.6881706053422639,2.661892
0.6882117491067827,2.662148
0.6882528928713016,2.661864
0.6882940366358206,2.661746
0.6883351804003393,2.661825
0.6883763241648582,2.662069
0.688417467929377,2.662316
0.6884586116938958,2.662033
0.6884997554584147,2.661894
0.6885408992229335,2.661438
0.6885820429874524,2.661836
0.6886231867519712,2.661827
0.68866433051649,2.662173
0.688705474281009,2.662194
0.6887466180455278,2.661815
0.6887877618100465,2.661942
0.6888289055745654,2.661778
0.6888700493390844,2.661609
0.6889111931036033,2.661498
0.688952336868122,2.661582
0.6889934806326409,2.661504
0.6890346243971598,2.661722
0.6890757681616786,2.661642
0.6891169119261974,2.661576
0.6891580556907162,2.661601
0.6891991994552351,2.661952
0.6892403432197541,2.661624
0.6892814869842727,2.661349
0.6893226307487916,2.661512
0.6893637745133105,2.661656
0.6894049182778293,2.661835
0.6894460620423484,2.661973
0.689487205806867,2.661736
0.689528349571386,2.661468
0.6895694933359048,2.661719
0.6896106371004235,2.661629
0.6896517808649425,2.661727
0.6896929246294613,2.661675
0.6897340683939802,2.661741
0.6897752121584989,2.661712
0.6898163559230178,2.661657
0.6898574996875367,2.661857
0.6898986434520555,2.661682
0.6899397872165743,2.661635
0.6899809309810931,2.661993
0.6900220747456121,2.6616
0.6900632185101311,2.661006
0.6901043622746497,2.661307
0.6901455060391687,2.661642
0.6901866498036876,2.661767
0.6902277935682063,2.661544
0.6902689373327253,2.661392
0.690310081097244,2.66121
0.6903512248617629,2.661361
0.6903923686262818,2.661306
0.6904335123908005,2.660792
0.6904746561553194,2.661159
0.6905157999198382,2.661116
0.6905569436843572,2.66116
0.690598087448876,2.661271
0.6906392312133948,2.66121
0.6906803749779138,2.661394
0.6907215187424325,2.661375
0.6907626625069515,2.661331
0.6908038062714703,2.660878
0.690844950035989,2.661303
0.690886093800508,2.661348
0.6909272375650266,2.661197
0.6909683813295456,2.661175
0.6910095250940645,2.661361
0.6910506688585831,2.661381
0.6910918126231022,2.661518
0.691132956387621,2.660927
0.6911741001521399,2.660396
0.6912152439166588,2.660718
0.6912563876811775,2.660894
0.6912975314456964,2.660919
0.6913386752102153,2.661046
0.6913798189747342,2.661144
0.6914209627392529,2.660974
0.6914621065037717,2.66105
0.6915032502682907,2.660849
0.6915443940328095,2.660428
0.6915855377973283,2.660829
0.6916266815618473,2.661202
0.691667825326366,2.661159
0.691708969090885,2.661112
0.6917501128554039,2.661019
0.6917912566199226,2.660937
0.6918324003844415,2.660868
0.6918735441489603,2.660965
0.6919146879134791,2.660705
0.691955831677998,2.66048
0.6919969754425168,2.660513
0.6920381192070357,2.660788
0.6920792629715544,2.660527
0.6921204067360734,2.660528
0.6921615505005922,2.660629
0.6922026942651112,2.660501
0.6922438380296301,2.660177
0.6922849817941488,2.660191
0.6923261255586677,2.66009
0.6923672693231866,2.660162
0.6924084130877053,2.659937
0.6924495568522242,2.660103
0.6924907006167431,2.66
0.6925318443812619,2.659616
0.6925729881457807,2.65984
0.6926141319102995,2.660175
0.6926552756748184,2.660017
0.6926964194393374,2.659862
0.692737563203856,2.659937
0.692778706968375,2.659859
0.6928198507328939,2.659436
0.6928609944974127,2.659732
0.6929021382619315,2.659929
0.6929432820264504,2.659885
0.6929844257909692,2.659673
0.6930255695554881,2.659574
0.6930667133200069,2.659271
0.6931078570845257,2.659849
0.6931490008490446,2.659541
0.6931901446135635,2.659692
0.6932312883780822,2.659455
0.6932724321426011,2.659749
0.6933135759071201,2.659509
0.6933547196716389,2.659541
0.6933958634361577,2.659365
0.6934370072006766,2.658936
0.6934781509651954,2.659515
0.6935192947297143,2.659368
0.6935604384942331,2.659511
0.6936015822587519,2.659318
0.6936427260232708,2.659473
0.6936838697877897,2.659645
0.6937250135523084,2.659567
0.6937661573168273,2.659517
0.6938073010813463,2.659025
0.693848444845865,2.659434
0.6938895886103839,2.659519
0.6939307323749028,2.65968
0.6939718761394216,2.659556
0.6940130199039405,2.659523
0.6940541636684593,2.659551
0.6940953074329781,2.65957
0.694136451197497,2.659642
0.6941775949620157,2.659159
0.6942187387265346,2.659737
0.6942598824910535,2.659704
0.6943010262555723,2.659531
0.6943421700200912,2.659189
0.69438331378461,2.659326
0.6944244575491288,2.659529
0.6944656013136478,2.659623
0.6945067450781667,2.659867
0.6945478888426854,2.659348
0.6945890326072044,2.659595
0.6946301763717232,2.659536
0.6946713201362421,2.659334
0.6947124639007608,2.659531
0.6947536076652797,2.659934
0.6947947514297986,2.659587
0.6948358951943174,2.659625
0.6948770389588362,2.659548
0.694918182723355,2.659269
0.694959326487874,2.659462
0.695000470252393,2.659382
0.6950416140169116,2.659595
0.6950827577814305,2.659746
0.6951239015459493,2.659707
0.6951650453104681,2.659647
0.6952061890749871,2.659725
0.6952473328395058,2.659707
0.6952884766040247,2.659614
0.6953296203685436,2.659484
0.6953707641330623,2.659547
0.6954119078975813,2.659517
0.6954530516621001,2.659362
0.695494195426619,2.659371
0.6955353391911377,2.6594
0.6955764829556567,2.659703
0.6956176267201756,2.659549
0.6956587704846943,2.659428
0.6956999142492132,2.659346
0.6957410580137321,2.659768
0.6957822017782509,2.65947
0.6958233455427699,2.659533
0.6958644893072885,2.659473
0.6959056330718074,2.659588
0.6959467768363264,2.659739
0.695987920600845,2.659758
0.696029064365364,2.659356
0.6960702081298829,2.658898
0.6961113518944018,2.65934
0.6961524956589207,2.659612
0.6961936394234394,2.659727
0.6962347831879583,2.659966
0.6962759269524771,2.659835
0.696317070716996,2.659801
0.6963582144815148,2.659846
0.6963993582460336,2.659673
0.6964405020105526,2.659033
0.6964816457750712,2.659509
0.6965227895395901,2.659768
0.6965639333041092,2.659546
0.6966050770686278,2.659291
0.6966462208331469,2.659291
0.6966873645976657,2.659445
0.6967285083621845,2.659461
0.6967696521267034,2.659357
0.696810795891222,2.659031
0.696851939655741,2.659244
0.6968930834202599,2.659371
0.6969342271847787,2.659443
0.6969753709492976,2.659597
0.6970165147138163,2.659444
0.6970576584783352,2.659272
0.6970988022428541,2.658988
0.6971399460073728,2.658985
0.6971810897718917,2.658268
0.6972222335364106,2.658484
0.6972633773009296,2.658638
0.6973045210654484,2.658605
0.6973456648299672,2.658406
0.6973868085944861,2.658587
0.6974279523590048,2.658484
0.6974690961235238,2.658771
0.6975102398880426,2.658732
0.6975513836525614,2.658281
0.6975925274170803,2.658964
0.697633671181599,2.659101
0.6976748149461179,2.658936
0.6977159587106369,2.658934
0.6977571024751557,2.659112
0.6977982462396746,2.65885
0.6978393900041934,2.658704
0.6978805337687123,2.658662
0.6979216775332311,2.658074
0.69796282129775,2.658175
0.6980039650622688,2.65868
0.6980451088267876,2.658877
0.6980862525913065,2.65861
0.6981273963558254,2.659044
0.6981685401203441,2.659418
0.698209683884863,2.659138
0.698250827649382,2.658832
0.6982919714139008,2.658534
0.6983331151784196,2.658423
0.6983742589429384,2.658616
0.6984154027074573,2.659089
0.6984565464719762,2.658962
0.6984976902364949,2.659166
0.6985388340010138,2.659043
0.6985799777655326,2.659007
0.6986211215300514,2.65895
0.6986622652945703,2.659279
0.6987034090590892,2.659171
0.698744552823608,2.659511
0.6987856965881268,2.659515
0.6988268403526458,2.659462
0.6988679841171646,2.659423
0.6989091278816835,2.659434
0.6989502716462024,2.659755
0.6989914154107211,2.659777
0.69903255917524,2.659483
0.6990737029397589,2.659164
0.6991148467042776,2.659564
0.6991559904687965,2.659487
0.6991971342333154,2.659671
0.6992382779978342,2.659638
0.699279421762353,2.659826
0.6993205655268719,2.659539
0.6993617092913907,2.659616
0.6994028530559097,2.659958
0.6994439968204283,2.659362
0.6994851405849473,2.659984
0.6995262843494662,2.659951
0.699567428113985,2.659879
0.6996085718785038,2.66011
0.6996497156430227,2.659654
0.6996908594075415,2.659415
0.6997320031720604,2.659544
0.6997731469365792,2.65939
0.699814290701098,2.658709
0.6998554344656169,2.659158
0.6998965782301358,2.658832
0.6999377219946545,2.659
0.6999788657591735,2.659111
0.7000200095236924,2.659453
0.7000611532882112,2.659373
0.70010229705273,2.659606
0.7001434408172489,2.659446
0.7001845845817677,2.658828
0.7002257283462866,2.659018
0.7002668721108054,2.658944
0.7003080158753242,2.659042
0.7003491596398432,2.659133
0.700390303404362,2.659248
0.7004314471688807,2.659148
0.7004725909333996,2.659297
0.7005137346979186,2.659217
0.7005548784624375,2.658841
0.7005960222269562,2.65903
0.7006371659914751,2.659324
0.7006783097559939,2.65883
0.7007194535205128,2.658927
0.7007605972850316,2.659214
0.7008017410495504,2.658893
0.7008428848140693,2.659145
0.7008840285785881,2.659097
0.7009251723431069,2.658687
0.7009663161076259,2.658727
0.7010074598721446,2.658717
0.7010486036366635,2.658886
0.7010897474011826,2.658598
0.7011308911657012,2.658628
0.7011720349302202,2.6587
0.701213178694739,2.658692
0.7012543224592578,2.658702
0.7012954662237767,2.658463
0.7013366099882955,2.65842
0.7013777537528144,2.658891
0.7014188975173331,2.658817
0.701460041281852,2.658628
0.7015011850463709,2.658965
0.7015423288108897,2.65895
0.7015834725754088,2.658926
0.7016246163399273,2.659011
0.7016657601044463,2.658634
0.7017069038689653,2.658332
0.7017480476334839,2.658174
0.7017891913980029,2.658447
0.7018303351625217,2.658516
0.7018714789270405,2.658655
0.7019126226915595,2.65825
0.7019537664560782,2.658356
0.7019949102205971,2.658419
0.7020360539851159,2.658437
0.7020771977496347,2.658024
0.7021183415141536,2.658351
0.7021594852786724,2.65851
0.7022006290431915,2.658343
0.7022417728077102,2.657996
0.702282916572229,2.658147
0.702324060336748,2.658341
0.7023652041012667,2.658285
0.7024063478657857,2.658449
0.7024474916303045,2.658098
0.7024886353948232,2.658489
0.7025297791593422,2.65833
0.7025709229238608,2.658341
0.7026120666883798,2.658302
0.7026532104528987,2.658427
0.7026943542174175,2.658865
0.7027354979819364,2.658478
0.7027766417464552,2.658465
0.7028177855109741,2.657766
0.702858929275493,2.658366
0.7029000730400117,2.658314
0.7029412168045306,2.658184
0.7029823605690494,2.658081
0.7030235043335684,2.658138
0.7030646480980871,2.658083
0.7031057918626059,2.658032
0.7031469356271249,2.658027
0.7031880793916435,2.657687
0.7032292231561625,2.65794
0.7032703669206815,2.658096
0.7033115106852003,2.657971
0.7033526544497192,2.657991
0.7033937982142381,2.657975
0.7034349419787568,2.657953
0.7034760857432757,2.657841
0.7035172295077945,2.657921
0.7035583732723133,2.65782
0.7035995170368322,2.657735
0.7036406608013511,2.657571
0.7036818045658699,2.657638
0.7037229483303886,2.658097
0.7037640920949076,2.658041
0.7038052358594264,2.657892
0.7038463796239454,2.65824
0.7038875233884643,2.65804
0.703928667152983,2.657687
0.7039698109175019,2.658188
0.7040109546820208,2.658039
0.7040520984465395,2.657981
0.7040932422110584,2.657995
0.7041343859755772,2.657939
0.7041755297400961,2.658122
0.7042166735046149,2.658338
0.7042578172691337,2.658293
0.7042989610336526,2.658159
0.7043401047981714,2.658133
0.7043812485626902,2.658728
0.7044223923272092,2.658283
0.7044635360917281,2.658438
0.7045046798562469,2.65844
0.7045458236207657,2.658539
0.7045869673852846,2.658566
0.7046281111498034,2.658561
0.7046692549143223,2.658611
0.7047103986788411,2.658273
0.7047515424433599,2.658541
0.7047926862078788,2.658515
0.7048338299723977,2.65849
0.7048749737369164,2.658348
0.7049161175014353,2.658397
0.7049572612659543,2.658407
0.7049984050304731,2.658195
0.7050395487949919,2.658458
0.7050806925595107,2.657774
0.7051218363240296,2.657928
0.7051629800885485,2.657927
0.7052041238530672,2.657949
0.7052452676175861,2.658215
0.705286411382105,2.658169
0.7053275551466237,2.658303
0.7053686989111426,2.658362
0.7054098426756615,2.658256
0.7054509864401803,2.65761
0.7054921302046994,2.657847
0.705533273969218,2.658143
0.7055744177337369,2.657845
0.7056155614982558,2.658103
0.7056567052627747,2.658007
0.7056978490272935,2.658086
0.7057389927918123,2.658111
0.7057801365563312,2.658238
0.7058212803208499,2.657708
0.7058624240853688,2.658061
0.7059035678498877,2.657839
0.7059447116144065,2.657676
0.7059858553789254,2.657918
0.7060269991434442,2.657786
0.706068142907963,2.657849
0.706109286672482,2.658191
0.7061504304370009,2.657915
0.7061915742015196,2.657607
0.7062327179660385,2.657888
0.7062738617305574,2.657674
0.7063150054950763,2.657359
0.706356149259595,2.657504
0.7063972930241139,2.657739
0.7064384367886327,2.657859
0.7064795805531516,2.657884
0.7065207243176704,2.657856
0.7065618680821892,2.657484
0.7066030118467082,2.657627
0.7066441556112272,2.657446
0.7066852993757458,2.657705
0.7067264431402647,2.657767
0.7067675869047835,2.65777
0.7068087306693023,2.657787
0.7068498744338213,2.657861
0.70689101819834,2.65783
0.706932161962859,2.657539
0.7069733057273778,2.657479
0.7070144494918965,2.657802
0.7070555932564155,2.657782
0.7070967370209343,2.657651
0.7071378807854533,2.657724
0.707179024549972,2.657619
0.7072201683144909,2.657539
0.7072613120790098,2.657439
0.7073024558435285,2.65761
0.7073435996080474,2.657448
0.7073847433725662,2.657606
0.7074258871370851,2.657752
0.7074670309016041,2.657587
0.7075081746661227,2.657764
0.7075493184306417,2.657413
0.7075904621951605,2.65739
0.7076316059596792,2.65731
0.7076727497241982,2.657421
0.707713893488717,2.657184
0.707755037253236,2.657325
0.7077961810177549,2.657298
0.7078373247822736,2.657508
0.7078784685467925,2.65713
0.7079196123113113,2.657298
0.7079607560758302,2.657395
0.708001899840349,2.657464
0.7080430436048678,2.657266
0.7080841873693868,2.656669
0.7081253311339054,2.657261
0.7081664748984244,2.657228
0.7082076186629434,2.65738
0.708248762427462,2.657358
0.7082899061919811,2.657361
0.7083310499564996,2.656998
0.7083721937210187,2.657078
0.7084133374855376,2.657372
0.7084544812500562,2.657103
0.7084956250145752,2.657444
0.708536768779094,2.657423
0.7085779125436129,2.657244
0.7086190563081318,2.657132
0.7086602000726505,2.657256
0.7087013438371694,2.657485
0.7087424876016883,2.657455
0.7087836313662073,2.657444
0.708824775130726,2.656852
0.7088659188952448,2.656973
0.7089070626597638,2.657065
0.7089482064242826,2.657211
0.7089893501888014,2.657106
0.7090304939533203,2.65697
0.709071637717839,2.657254
0.709112781482358,2.657333
0.7091539252468768,2.65724
0.7091950690113956,2.656802
0.7092362127759145,2.656948
0.7092773565404332,2.657313
0.7093185003049521,2.656985
0.709359644069471,2.657012
0.7094007878339899,2.657068
0.7094419315985088,2.657089
0.7094830753630275,2.656775
0.7095242191275464,2.657119
0.7095653628920653,2.656779
0.7096065066565842,2.656984
0.7096476504211029,2.65725
0.7096887941856217,2.65716
0.7097299379501407,2.656909
0.7097710817146594,2.657164
0.7098122254791783,2.657423
0.7098533692436972,2.657231
0.709894513008216,2.657386
0.709935656772735,2.657112
0.7099768005372538,2.656993
0.7100179443017726,2.657427
0.7100590880662915,2.657366
0.7101002318308104,2.657371
0.7101413755953291,2.657075
0.710182519359848,2.657093
0.7102236631243669,2.657446
0.7102648068888856,2.657313
0.7103059506534045,2.657322
0.7103470944179234,2.657265
0.7103882381824422,2.657347
0.7104293819469611,2.657548
0.71047052571148,2.657357
0.7105116694759988,2.657118
0.7105528132405177,2.657214
0.7105939570050366,2.657363
0.7106351007695553,2.657369
0.7106762445340742,2.657278
0.7107173882985931,2.657141
0.7107585320631118,2.65753
0.7107996758276307,2.657351
0.7108408195921495,2.657424
0.7108819633566684,2.657553
0.7109231071211872,2.657522
0.710964250885706,2.657865
0.7110053946502249,2.657398
0.7110465384147439,2.657567
0.7110876821792625,2.657149
0.7111288259437815,2.657401
0.7111699697083004,2.657438
0.7112111134728192,2.657215
0.711252257237338,2.657421
0.7112934010018569,2.657261
0.7113345447663757,2.657319
0.7113756885308946,2.657295
0.7114168322954134,2.657068
0.7114579760599323,2.656842
0.7114991198244511,2.656955
0.71154026358897,2.656716
0.7115814073534887,2.656764
0.7116225511180077,2.656856
0.7116636948825266,2.656879
0.7117048386470454,2.656895
0.7117459824115642,2.656851
0.7117871261760831,2.656728
0.7118282699406019,2.656289
0.7118694137051208,2.656786
0.7119105574696396,2.656492
0.7119517012341584,2.656698
0.7119928449986773,2.656798
0.7120339887631962,2.656749
0.7120751325277151,2.656582
0.7121162762922338,2.656968
0.7121574200567528,2.656842
0.7121985638212717,2.656465
0.7122397075857904,2.656948
0.7122808513503093,2.656869
0.7123219951148281,2.656714
0.712363138879347,2.656601
0.712404282643866,2.656596
0.7124454264083846,2.656797
0.7124865701729035,2.656998
0.7125277139374223,2.656875
0.7125688577019411,2.656386
0.7126100014664601,2.656737
0.7126511452309788,2.657066
0.7126922889954977,2.656708
0.7127334327600165,2.656862
0.7127745765245354,2.656754
0.7128157202890544,2.656599
0.7128568640535732,2.656704
0.712898007818092,2.656534
0.7129391515826108,2.656413
0.7129802953471297,2.656336
0.7130214391116486,2.656739
0.7130625828761673,2.656812
0.7131037266406862,2.656668
0.7131448704052051,2.656681
0.7131860141697239,2.656596
0.713227157934243,2.656579
0.7132683016987615,2.656721
0.7133094454632805,2.656773
0.7133505892277995,2.65647
0.7133917329923181,2.656652
0.7134328767568371,2.656703
0.7134740205213559,2.656746
0.7135151642858748,2.65659
0.7135563080503937,2.656466
0.7135974518149124,2.656479
0.7136385955794313,2.65645
0.7136797393439501,2.656803
0.7137208831084689,2.656081
0.7137620268729878,2.656415
0.7138031706375066,2.656221
0.7138443144020257,2.656421
0.7138854581665443,2.656742
0.7139266019310632,2.656511
0.7139677456955822,2.656647
0.7140088894601009,2.656737
0.7140500332246199,2.656965
0.7140911769891385,2.656478
0.7141323207536575,2.657072
0.7141734645181764,2.656988
0.714214608282695,2.656651
0.714255752047214,2.656789
0.714296895811733,2.65675
0.7143380395762517,2.656814
0.7143791833407706,2.657022
0.7144203271052894,2.656778
0.7144614708698083,2.656271
0.7145026146343272,2.656749
0.7145437583988459,2.656861
0.7145849021633648,2.657402
0.7146260459278836,2.657198
0.7146671896924026,2.656853
0.7147083334569213,2.656724
0.7147494772214402,2.656886
0.7147906209859591,2.656758
0.7148317647504777,2.656591
0.7148729085149967,2.656838
0.7149140522795157,2.656751
0.7149551960440345,2.656752
0.7149963398085534,2.656464
0.715037483573072,2.656311
0.715078627337591,2.656288
0.7151197711021099,2.6563
0.7151609148666287,2.656242
0.7152020586311475,2.655952
0.7152432023956663,2.656079
0.7152843461601852,2.656149
0.7153254899247041,2.656052
0.7153666336892229,2.65632
0.7154077774537417,2.656425
0.7154489212182606,2.656362
0.7154900649827796,2.656203
0.7155312087472983,2.656275
0.7155723525118172,2.656185
0.7156134962763361,2.65595
0.7156546400408549,2.656275
0.7156957838053737,2.656356
0.7157369275698926,2.656193
0.7157780713344114,2.656143
0.7158192150989303,2.656212
0.7158603588634491,2.656544
0.7159015026279679,2.656329
0.7159426463924868,2.656069
0.7159837901570056,2.655597
0.7160249339215244,2.65577
0.7160660776860434,2.655719
0.7161072214505623,2.656002
0.7161483652150811,2.656203
0.7161895089795999,2.655705
0.7162306527441188,2.65568
0.7162717965086376,2.655726
0.7163129402731565,2.655923
0.7163540840376753,2.655194
0.7163952278021941,2.655515
0.716436371566713,2.655706
0.7164775153312319,2.655683
0.7165186590957506,2.655384
0.7165598028602695,2.655582
0.7166009466247885,2.655328
0.7166420903893073,2.655499
0.7166832341538261,2.655439
0.7167243779183449,2.655372
0.7167655216828638,2.655679
0.7168066654473827,2.65555
0.7168478092119014,2.655608
0.7168889529764203,2.655643
0.7169300967409392,2.655596
0.7169712405054579,2.655464
0.7170123842699768,2.655484
0.7170535280344957,2.655556
0.7170946717990145,2.655097
0.7171358155635335,2.655589
0.7171769593280523,2.655559
0.7172181030925711,2.655647
0.71725924685709,2.655447
0.7173003906216089,2.655334
0.7173415343861276,2.655645
0.7173826781506465,2.655467
0.7174238219151654,2.65544
0.7174649656796841,2.654882
0.717506109444203,2.655449
0.7175472532087219,2.655608
0.7175883969732407,2.655307
0.7176295407377596,2.655493
0.7176706845022784,2.655429
0.7177118282667972,2.65557
0.7177529720313163,2.655168
0.7177941157958351,2.655285
0.7178352595603538,2.655005
0.7178764033248727,2.655456
0.7179175470893916,2.655413
0.7179586908539105,2.655668
0.7179998346184292,2.655789
0.7180409783829481,2.655656
0.7180821221474669,2.655921
0.7181232659119858,2.655727
0.7181644096765046,2.655755
0.7182055534410234,2.655457
0.7182466972055424,2.655628
0.718287840970061,2.655702
0.71832898473458,2.655652
0.718370128499099,2.655646
0.7184112722636177,2.65585
0.7184524160281365,2.655524
0.7184935597926554,2.655399
0.7185347035571742,2.655566
0.7185758473216932,2.655059
0.718616991086212,2.655166
0.7186581348507308,2.655318
0.7186992786152497,2.655483
0.7187404223797685,2.655231
0.7187815661442875,2.655068
0.7188227099088061,2.655176
0.7188638536733251,2.654935
0.718904997437844,2.655134
0.7189461412023627,2.655331
0.7189872849668817,2.65513
0.7190284287314004,2.655404
0.7190695724959193,2.655475
0.7191107162604383,2.655492
0.7191518600249569,2.655182
0.7191930037894759,2.655205
0.7192341475539947,2.655266
0.7192752913185134,2.655214
0.7193164350830324,2.655238
0.7193575788475511,2.654763
0.7193987226120702,2.655261
0.7194398663765889,2.655362
0.7194810101411078,2.655322
0.7195221539056267,2.655256
0.7195632976701455,2.655212
0.7196044414346644,2.65505
0.7196455851991831,2.655014
0.719686728963702,2.654773
0.7197278727282209,2.654637
0.7197690164927396,2.65521
0.7198101602572586,2.6551
0.7198513040217774,2.655039
0.7198924477862962,2.654965
0.7199335915508153,2.654921
0.7199747353153338,2.654809
0.7200158790798529,2.655136
0.7200570228443718,2.654979
0.7200981666088906,2.654517
0.7201393103734094,2.654795
0.7201804541379282,2.65484
0.7202215979024471,2.654871
0.720262741666966,2.655289
0.7203038854314847,2.65517
0.7203450291960036,2.655205
0.7203861729605224,2.655246
0.7204273167250415,2.655133
0.7204684604895601,2.654917
0.720509604254079,2.654884
0.720550748018598,2.655046
0.7205918917831166,2.654818
0.7206330355476356,2.654777
0.7206741793121545,2.654689
0.7207153230766733,2.654752
0.7207564668411922,2.654752
0.7207976106057108,2.654435
0.7208387543702298,2.654281
0.7208798981347487,2.655013
0.7209210418992674,2.654751
0.7209621856637863,2.654711
0.7210033294283053,2.654675
0.721044473192824,2.654665
0.721085616957343,2.654746
0.7211267607218617,2.654353
0.7211679044863806,2.654642
0.7212090482508995,2.654115
0.7212501920154184,2.654247
0.7212913357799371,2.654484
0.721332479544456,2.654512
0.7213736233089749,2.654145
0.7214147670734936,2.654089
0.7214559108380125,2.654241
0.7214970546025314,2.654452
0.7215381983670502,2.654355
0.7215793421315692,2.654157
0.721620485896088,2.653973
0.7216616296606068,2.654213
0.7217027734251257,2.654485
0.7217439171896444,2.654424
0.7217850609541633,2.654444
0.7218262047186822,2.654453
0.7218673484832011,2.654417
0.7219084922477198,2.654577
0.7219496360122387,2.6543
0.7219907797767576,2.65415
0.7220319235412764,2.654411
0.7220730673057953,2.654372
0.7221142110703141,2.654311
0.722155354834833,2.654381
0.7221964985993519,2.654348
0.7222376423638708,2.654354
0.7222787861283895,2.654165
0.7223199298929084,2.654412
0.7223610736574273,2.654698
0.722402217421946,2.654884
0.7224433611864649,2.654778
0.7224845049509837,2.654554
0.7225256487155026,2.654571
0.7225667924800215,2.654675
0.7226079362445402,2.654928
0.7226490800090591,2.655042
0.722690223773578,2.655124
0.7227313675380967,2.654385
0.7227725113026157,2.654819
0.7228136550671346,2.654805
0.7228547988316534,2.65496
0.7228959425961722,2.65506
0.7229370863606911,2.654931
0.7229782301252099,2.654948
0.7230193738897288,2.654933
0.7230605176542476,2.654888
0.7231016614187665,2.654255
0.7231428051832853,2.65449
0.7231839489478042,2.654351
0.7232250927123229,2.654701
0.7232662364768419,2.654937
0.7233073802413608,2.655103
0.7233485240058796,2.654723
0.7233896677703984,2.654865
0.7234308115349173,2.655109
0.7234719552994361,2.654402
0.723513099063955,2.654973
0.7235542428284738,2.65486
0.7235953865929926,2.655042
0.7236365303575115,2.654991
0.7236776741220304,2.654992
0.7237188178865493,2.65476
0.723759961651068,2.654689
0.723801105415587,2.654864
0.7238422491801058,2.654374
0.7238833929446246,2.654542
0.7239245367091435,2.654683
0.7239656804736623,2.654822
0.7240068242381812,2.654832
0.7240479680026999,2.654603
0.7240891117672188,2.654393
0.7241302555317377,2.654379
0.7241713992962565,2.654192
0.7242125430607753,2.653878
0.7242536868252943,2.653945
0.724294830589813,2.654065
0.7243359743543321,2.654083
0.7243771181188507,2.653998
0.7244182618833696,2.654301
0.7244594056478886,2.654432
0.7245005494124074,2.654381
0.7245416931769262,2.654235
0.724582836941445,2.654231
0.7246239807059639,2.653924
0.7246651244704828,2.653943
0.7247062682350015,2.654042
0.7247474119995204,2.654153
0.7247885557640392,2.654392
0.7248296995285581,2.654149
0.7248708432930772,2.654082
0.7249119870575957,2.654397
0.7249531308221148,2.654091
0.7249942745866333,2.653898
0.7250354183511523,2.654218
0.7250765621156713,2.654031
0.72511770588019,2.654316
0.725158849644709,2.654077
0.7251999934092277,2.654549
0.7252411371737466,2.654345
0.7252822809382655,2.65441
0.7253234247027843,2.654379
0.7253645684673031,2.654037
0.725405712231822,2.654392
0.7254468559963408,2.654322
0.7254879997608598,2.654254
0.7255291435253785,2.654241
0.7255702872898975,2.654365
0.7256114310544163,2.654365
0.7256525748189351,2.654443
0.7256937185834541,2.65454
0.7257348623479727,2.653964
0.7257760061124917,2.65464
0.7258171498770106,2.654511
0.7258582936415292,2.654458
0.7258994374060482,2.654573
0.725940581170567,2.654508
0.725981724935086,2.654186
0.7260228686996048,2.654539
0.7260640124641236,2.654655
0.7261051562286425,2.654238
0.7261462999931613,2.654658
0.7261874437576803,2.654411
0.726228587522199,2.654177
0.7262697312867178,2.654203
0.7263108750512368,2.654436
0.7263520188157555,2.65433
0.7263931625802744,2.654193
0.7264343063447933,2.654423
0.7264754501093119,2.653753
0.7265165938738309,2.654195
0.7265577376383499,2.654004
0.7265988814028687,2.654396
0.7266400251673876,2.654408
0.7266811689319063,2.654037
0.7267223126964252,2.654376
0.7267634564609441,2.654143
0.7268046002254629,2.654145
0.7268457439899817,2.653836
0.7268868877545005,2.654203
0.7269280315190194,2.654112
0.7269691752835383,2.654276
0.7270103190480571,2.65447
0.7270514628125759,2.654555
0.7270926065770947,2.654558
0.7271337503416138,2.654678
0.7271748941061325,2.654443
0.7272160378706514,2.654269
0.7272571816351703,2.654284
0.7272983253996891,2.654248
0.7273394691642079,2.65423
0.7273806129287268,2.654265
0.7274217566932456,2.654295
0.7274629004577645,2.654456
0.7275040442222833,2.654385
0.7275451879868021,2.654122
0.727586331751321,2.6543
0.72762747551584,2.654168
0.7276686192803586,2.654592
0.7277097630448776,2.654499
0.7277509068093965,2.654369
0.7277920505739153,2.654532
0.7278331943384341,2.654496
0.727874338102953,2.654657
0.7279154818674718,2.65443
0.7279566256319907,2.654472
0.7279977693965095,2.65416
0.7280389131610283,2.654279
0.7280800569255472,2.654177
0.7281212006900661,2.65447
0.7281623444545848,2.654165
0.7282034882191037,2.65405
0.7282446319836225,2.653957
0.7282857757481415,2.65413
0.7283269195126603,2.653901
0.7283680632771791,2.65372
0.728409207041698,2.653975
0.7284503508062169,2.653863
0.7284914945707356,2.653956
0.7285326383352545,2.653973
0.7285737820997734,2.653584
0.7286149258642921,2.653519
0.728656069628811,2.654084
0.7286972133933299,2.65398
0.7287383571578487,2.653632
0.7287795009223677,2.653974
0.7288206446868865,2.653843
0.7288617884514054,2.653652
0.7289029322159242,2.653603
0.7289440759804431,2.653327
0.7289852197449618,2.653567
0.7290263635094807,2.653521
0.7290675072739996,2.653399
0.7291086510385183,2.653111
0.7291497948030372,2.653442
0.7291909385675561,2.653778
0.7292320823320749,2.653747
0.7292732260965938,2.653669
0.7293143698611125,2.653461
0.7293555136256314,2.653698
0.7293966573901504,2.653654
0.729437801154669,2.653434
0.7294789449191881,2.653115
0.7295200886837069,2.653208
0.7295612324482257,2.653459
0.7296023762127445,2.653327
0.7296435199772634,2.653557
0.7296846637417823,2.653156
0.7297258075063011,2.653289
0.72976695127082,2.653285
0.7298080950353388,2.653297
0.7298492387998576,2.65287
0.7298903825643765,2.653014
0.7299315263288952,2.653195
0.7299726700934142,2.653181
0.7300138138579332,2.652963
0.7300549576224519,2.652954
0.7300961013869707,2.653019
0.7301372451514896,2.653232
0.7301783889160084,2.653119
0.7302195326805274,2.652272
0.7302606764450462,2.652166
0.730301820209565,2.652386
0.7303429639740838,2.652563
0.7303841077386027,2.653
0.7304252515031217,2.653187
0.7304663952676403,2.653041
0.7305075390321593,2.65267
0.7305486827966781,2.65286
0.7305898265611969,2.652849
0.7306309703257159,2.652667
0.7306721140902346,2.652899
0.7307132578547535,2.652625
0.7307544016192725,2.652642
0.7307955453837911,2.652556
0.7308366891483101,2.652725
0.7308778329128288,2.653108
0.7309189766773478,2.653051
0.7309601204418666,2.652801
0.7310012642063853,2.652502
0.7310424079709044,2.652967
0.731083551735423,2.652842
0.731124695499942,2.652799
0.7311658392644609,2.652806
0.7312069830289797,2.652628
0.7312481267934986,2.652885
0.7312892705580173,2.652957
0.7313304143225362,2.653008
0.7313715580870551,2.652759
0.7314127018515738,2.652985
0.7314538456160928,2.652895
0.7314949893806115,2.653165
0.7315361331451306,2.653033
0.7315772769096495,2.652852
0.731618420674168,2.65269
0.7316595644386871,2.652913
0.7317007082032059,2.652888
0.7317418519677248,2.652136
0.7317829957322436,2.652551
0.7318241394967624,2.652639
0.7318652832612813,2.65264
0.7319064270258002,2.652766
0.7319475707903189,2.652786
0.7319887145548378,2.652724
0.7320298583193566,2.652361
0.7320710020838757,2.652704
0.7321121458483943,2.652444
0.7321532896129133,2.652897
0.7321944333774322,2.653001
0.7322355771419508,2.65277
0.7322767209064698,2.65274
0.7323178646709887,2.652725
0.7323590084355075,2.652604
0.7324001522000264,2.652766
0.732441295964545,2.652495
0.732482439729064,2.652192
0.7325235834935829,2.652386
0.7325647272581016,2.652266
0.7326058710226205,2.652364
0.7326470147871393,2.652431
0.7326881585516583,2.652274
0.7327293023161772,2.652328
0.732770446080696,2.65228
0.7328115898452148,2.652122
0.7328527336097336,2.652023
0.7328938773742526,2.652332
0.7329350211387713,2.65255
0.7329761649032902,2.652408
0.7330173086678091,2.652735
0.7330584524323278,2.65253
0.7330995961968467,2.652469
0.7331407399613656,2.65236
0.7331818837258844,2.652372
0.7332230274904034,2.652076
0.7332641712549222,2.652063
0.733305315019441,2.652114
0.7333464587839599,2.652183
0.7333876025484786,2.652335
0.7334287463129975,2.652188
0.7334698900775164,2.652205
0.7335110338420353,2.652534
0.733552177606554,2.65233
0.7335933213710729,2.652108
0.7336344651355918,2.651866
0.7336756089001106,2.651959
0.7337167526646295,2.65203
0.7337578964291483,2.652334
0.7337990401936672,2.652401
0.7338401839581861,2.652164
0.733881327722705,2.652204
0.7339224714872237,2.651895
0.7339636152517426,2.652109
0.7340047590162614,2.651773
0.7340459027807802,2.65185
0.7340870465452991,2.651723
0.7341281903098179,2.651389
0.7341693340743368,2.651491
0.7342104778388557,2.651448
0.7342516216033744,2.6516
0.7342927653678933,2.651395
0.7343339091324123,2.651184
0.734375052896931,2.651085
0.7344161966614499,2.651325
0.7344573404259688,2.651432
0.7344984841904876,2.651636
0.7345396279550064,2.651463
0.7345807717195253,2.651598
0.7346219154840441,2.651513
0.734663059248563,2.651567
0.7347042030130818,2.651797
0.7347453467776006,2.651504
0.7347864905421195,2.651811
0.7348276343066384,2.651632
0.7348687780711571,2.651403
0.734909921835676,2.651395
0.7349510656001949,2.651476
0.7349922093647138,2.651636
0.7350333531292326,2.651597
0.7350744968937514,2.651477
0.7351156406582703,2.651067
0.7351567844227893,2.651453
0.7351979281873079,2.651457
0.7352390719518268,2.65178
0.7352802157163457,2.651789
0.7353213594808645,2.651606
0.7353625032453835,2.651452
0.7354036470099022,2.65153
0.7354447907744212,2.651538
0.73548593453894,2.651096
0.7355270783034588,2.651185
0.7355682220679777,2.651179
0.7356093658324965,2.651308
0.7356505095970154,2.651098
0.7356916533615341,2.651185
0.735732797126053,2.651438
0.735773940890572,2.651508
0.7358150846550907,2.651551
0.7358562284196095,2.651004
0.7358973721841284,2.651072
0.7359385159486472,2.651154
0.7359796597131663,2.651067
0.736020803477685,2.65105
0.7360619472422039,2.651177
0.7361030910067227,2.651301
0.7361442347712416,2.651391
0.7361853785357604,2.651001
0.7362265223002792,2.650949
0.7362676660647981,2.651215
0.736308809829317,2.651142
0.7363499535938357,2.6512
0.7363910973583547,2.65121
0.7364322411228734,2.651239
0.7364733848873923,2.651257
0.7365145286519114,2.651103
0.7365556724164299,2.651229
0.736596816180949,2.650992
0.7366379599454675,2.650776
0.7366791037099865,2.651271
0.7367202474745055,2.651478
0.7367613912390242,2.651279
0.7368025350035432,2.650936
0.7368436787680619,2.651107
0.7368848225325808,2.651115
0.7369259662970997,2.651096
0.7369671100616185,2.651027
0.7370082538261373,2.650499
0.7370493975906561,2.65075
0.737090541355175,2.651142
0.737131685119694,2.651129
0.7371728288842126,2.650691
0.7372139726487317,2.650707
0.7372551164132504,2.650592
0.7372962601777693,2.650488
0.7373374039422883,2.650904
0.7373785477068069,2.65037
0.7374196914713259,2.650767
0.7374608352358448,2.650748
0.7375019790003635,2.650751
0.7375431227648824,2.650809
0.7375842665294012,2.650735
0.7376254102939201,2.650898
0.737666554058439,2.651129
0.7377076978229578,2.650746
0.7377488415874767,2.650242
0.7377899853519955,2.650651
0.7378311291165145,2.650856
0.7378722728810332,2.650915
0.737913416645552,2.650531
0.737954560410071,2.650394
0.7379957041745896,2.650401
0.7380368479391086,2.650594
0.7380779917036275,2.650451
0.7381191354681463,2.650182
0.7381602792326651,2.650727
0.7382014229971838,2.650438
0.7382425667617029,2.650542
0.7382837105262218,2.650526
0.7383248542907405,2.650653
0.7383659980552594,2.65041
0.7384071418197782,2.65037
0.7384482855842971,2.650444
0.7384894293488159,2.650087
0.7385305731133347,2.650141
0.7385717168778536,2.649915
0.7386128606423725,2.650086
0.7386540044068913,2.650285
0.7386951481714101,2.650225
0.738736291935929,2.650321
0.738777435700448,2.650048
0.7388185794649667,2.6501
0.7388597232294856,2.649558
0.7389008669940045,2.649858
0.7389420107585233,2.649992
0.7389831545230421,2.649796
0.739024298287561,2.649819
0.7390654420520798,2.649953
0.7391065858165987,2.650096
0.7391477295811174,2.649899
0.7391888733456363,2.649823
0.7392300171101552,2.649635
0.739271160874674,2.649698
0.7393123046391928,2.650063
0.7393534484037118,2.650256
0.7393945921682306,2.649818
0.7394357359327495,2.649881
0.7394768796972683,2.649852
0.7395180234617871,2.64994
0.739559167226306,2.649864
0.7396003109908249,2.64975
0.7396414547553436,2.649625
0.7396825985198625,2.649849
0.7397237422843814,2.649767
0.7397648860489002,2.649616
0.739806029813419,2.649578
0.7398471735779379,2.649536
0.7398883173424567,2.649805
0.7399294611069757,2.649623
0.7399706048714945,2.649545
0.7400117486360133,2.649323
0.7400528924005322,2.64957
0.7400940361650511,2.649481
0.7401351799295698,2.649614
0.7401763236940887,2.649473
0.7402174674586076,2.64966
0.7402586112231264,2.649735
0.7402997549876452,2.649659
0.7403408987521641,2.649564
0.7403820425166829,2.649299
0.7404231862812019,2.649616
0.7404643300457207,2.649573
0.7405054738102395,2.649469
0.7405466175747584,2.649458
0.7405877613392773,2.649486
0.740628905103796,2.649552
0.7406700488683149,2.649206
0.7407111926328338,2.649291
0.7407523363973525,2.649025
0.7407934801618714,2.649386
0.7408346239263902,2.649397
0.7408757676909091,2.649649
0.740916911455428,2.649644
0.7409580552199467,2.649719
0.7409991989844656,2.649595
0.7410403427489846,2.649395
0.7410814865135033,2.649541
0.7411226302780223,2.649395
0.7411637740425411,2.649673
0.7412049178070599,2.649419
0.7412460615715787,2.649234
0.7412872053360976,2.649025
0.7413283491006165,2.649054
0.7413694928651353,2.649384
0.7414106366296542,2.649363
0.7414517803941729,2.649388
0.7414929241586918,2.64918
0.7415340679232107,2.649223
0.7415752116877294,2.649354
0.7416163554522484,2.649435
0.7416574992167673,2.649521
0.7416986429812861,2.649531
0.7417397867458051,2.649632
0.7417809305103238,2.649739
0.7418220742748426,2.649627
0.7418632180393616,2.649419
0.7419043618038804,2.649353
0.7419455055683992,2.649445
0.741986649332918,2.649448
0.7420277930974369,2.649316
0.7420689368619559,2.649464
0.7421100806264745,2.649329
0.7421512243909935,2.649343
0.7421923681555123,2.649464
0.7422335119200311,2.649426
0.7422746556845501,2.649258
0.7423157994490688,2.649305
0.7423569432135878,2.649273
0.7423980869781064,2.649523
0.7424392307426253,2.649425
0.7424803745071443,2.649346
0.742521518271663,2.649346
0.742562662036182,2.649347
0.7426038058007007,2.64921
0.7426449495652196,2.648841
0.7426860933297386,2.649092
0.7427272370942573,2.648888
0.7427683808587762,2.648873
0.742809524623295,2.648947
0.7428506683878139,2.648892
0.7428918121523328,2.648786
0.7429329559168515,2.648709
0.7429740996813705,2.648865
0.7430152434458893,2.648451
0.743056387210408,2.648697
0.743097530974927,2.648721
0.7431386747394457,2.648663
0.7431798185039648,2.64869
0.7432209622684837,2.648623
0.7432621060330022,2.648547
0.7433032497975213,2.648467
0.7433443935620401,2.648251
0.743385537326559,2.647612
0.7434266810910778,2.647526
0.7434678248555966,2.647451
0.7435089686201155,2.647402
0.7435501123846342,2.647895
0.7435912561491532,2.64781
0.743632399913672,2.647463
0.7436735436781908,2.647641
0.7437146874427099,2.647604
0.7437558312072284,2.647223
0.7437969749717475,2.648041
0.7438381187362664,2.647829
0.743879262500785,2.647964
0.743920406265304,2.647791
0.7439615500298229,2.647973
0.7440026937943417,2.647853
0.7440438375588606,2.647766
0.7440849813233793,2.64785
0.7441261250878982,2.647618
0.7441672688524171,2.647774
0.7442084126169358,2.647694
0.7442495563814547,2.647679
0.7442907001459735,2.647629
0.7443318439104925,2.647437
0.7443729876750114,2.647469
0.7444141314395302,2.647502
0.744455275204049,2.647561
0.7444964189685678,2.647217
0.7445375627330868,2.647278
0.7445787064976055,2.647627
0.7446198502621244,2.647819
0.7446609940266433,2.6476
0.744702137791162,2.647384
0.7447432815556809,2.647341
0.7447844253201998,2.647401
0.7448255690847186,2.647681
0.7448667128492376,2.647701
0.7449078566137562,2.647689
0.7449490003782752,2.647863
0.7449901441427941,2.647547
0.7450312879073128,2.64772
0.7450724316718317,2.648113
0.7451135754363506,2.648177
0.7451547192008694,2.648089
0.7451958629653882,2.648143
0.7452370067299071,2.648218
0.7452781504944259,2.647849
0.7453192942589448,2.647907
0.7453604380234637,2.64781
0.7454015817879824,2.648011
0.7454427255525014,2.647701
0.7454838693170203,2.647868
0.745525013081539,2.648049
0.7455661568460579,2.647836
0.7456073006105768,2.647841
0.7456484443750956,2.647573
0.7456895881396144,2.647789
0.7457307319041333,2.647303
0.7457718756686521,2.647178
0.745813019433171,2.647272
0.7458541631976899,2.647286
0.7458953069622086,2.647418
0.7459364507267275,2.647322
0.7459775944912465,2.64742
0.7460187382557651,2.646994
0.7460598820202841,2.647406
0.746101025784803,2.647715
0.7461421695493218,2.64746
0.7461833133138406,2.647754
0.7462244570783595,2.647923
0.7462656008428784,2.647817
0.7463067446073972,2.64766
0.7463478883719161,2.647481
0.7463890321364348,2.646948
0.7464301759009537,2.647269
0.7464713196654726,2.647165
0.7465124634299913,2.647272
0.7465536071945102,2.647264
0.746594750959029,2.647145
0.746635894723548,2.647194
0.7466770384880668,2.647269
0.7467181822525856,2.647392
0.7467593260171045,2.646898
0.7468004697816234,2.647476
0.7468416135461421,2.647492
0.7468827573106611,2.647578
0.7469239010751799,2.647377
0.7469650448396987,2.647213
0.7470061886042175,2.647105
0.7470473323687364,2.647167
0.7470884761332554,2.647216
0.7471296198977742,2.647138
0.747170763662293,2.647596
0.7472119074268118,2.647612
0.7472530511913307,2.647774
0.7472941949558496,2.647639
0.7473353387203683,2.647728
0.7473764824848872,2.647599
0.7474176262494062,2.647683
0.7474587700139249,2.647331
0.7474999137784437,2.647275
0.7475410575429626,2.647507
0.7475822013074814,2.64774
0.7476233450720005,2.647437
0.7476644888365191,2.647611
0.7477056326010381,2.647705
0.7477467763655569,2.647771
0.7477879201300758,2.648018
0.7478290638945946,2.647768
0.7478702076591134,2.647374
0.7479113514236323,2.647132
0.7479524951881511,2.647177
0.7479936389526699,2.647217
0.7480347827171889,2.647225
0.7480759264817076,2.647312
0.7481170702462265,2.647256
0.7481582140107452,2.64757
0.7481993577752641,2.647238
0.7482405015397832,2.647426
0.7482816453043017,2.647259
0.7483227890688208,2.647501
0.7483639328333397,2.647477
0.7484050765978584,2.647435
0.7484462203623774,2.647367
0.7484873641268961,2.647502
0.748528507891415,2.647851
0.7485696516559339,2.647826
0.7486107954204527,2.647764
0.7486519391849715,2.646989
0.7486930829494903,2.646988
0.7487342267140092,2.647324
0.7487753704785282,2.647386
0.7488165142430468,2.647552
0.7488576580075659,2.647703
0.7488988017720846,2.647802
0.7489399455366036,2.647632
0.7489810893011225,2.64748
0.7490222330656411,2.646683
0.7490633768301601,2.647435
0.7491045205946789,2.64747
0.7491456643591977,2.647411
0.7491868081237166,2.647354
0.7492279518882354,2.647273
0.7492690956527543,2.647381
0.749310239417273,2.64763
0.749351383181792,2.64774
0.7493925269463109,2.647138
0.7494336707108297,2.647305
0.7494748144753485,2.647295
0.7495159582398674,2.647333
0.7495571020043863,2.647386
0.7495982457689051,2.647447
0.7496393895334238,2.647348
0.7496805332979428,2.647306
0.7497216770624616,2.647372
0.7497628208269805,2.647133
0.7498039645914993,2.647678
0.749845108356018,2.648136
0.7498862521205371,2.648126
0.749927395885056,2.648107
0.7499685396495747,2.6478
0.7500096834140936,2.647927
0.7500508271786124,2.647979
0.7500919709431313,2.647591
0.7501331147076501,2.647116
0.750174258472169,2.647556
0.7502154022366878,2.647754
0.7502565460012065,2.647773
0.7502976897657255,2.64745
0.7503388335302443,2.647265
0.7503799772947632,2.647305
0.7504211210592822,2.647336
0.7504622648238007,2.647237
0.7505034085883198,2.647126
0.7505445523528387,2.647235
0.7505856961173575,2.647414
0.7506268398818763,2.647402
0.7506679836463952,2.647636
0.750709127410914,2.647696
0.7507502711754329,2.647471
0.7507914149399516,2.64778
0.7508325587044705,2.647927
0.7508737024689894,2.64759
0.7509148462335082,2.64742
0.750955989998027,2.647635
0.750997133762546,2.647974
0.7510382775270648,2.647849
0.7510794212915837,2.647965
0.7511205650561025,2.647909
0.7511617088206213,2.647766
0.7512028525851402,2.647903
0.7512439963496591,2.647797
0.7512851401141778,2.647624
0.7513262838786967,2.647787
0.7513674276432156,2.647762
0.7514085714077344,2.64796
0.7514497151722532,2.647951
0.7514908589367721,2.647729
0.751532002701291,2.647828
0.7515731464658099,2.648179
0.7516142902303287,2.647988
0.7516554339948475,2.647424
0.7516965777593664,2.647706
0.7517377215238853,2.64764
0.751778865288404,2.647651
0.7518200090529229,2.647623
0.7518611528174418,2.64761
0.7519022965819606,2.64754
0.7519434403464794,2.647284
0.7519845841109983,2.647312
0.7520257278755171,2.646905
0.752066871640036,2.647565
0.7521080154045549,2.647441
0.7521491591690737,2.647374
0.7521903029335926,2.647417
0.7522314466981115,2.647391
0.7522725904626302,2.647276
0.7523137342271491,2.647322
0.7523548779916679,2.647498
0.7523960217561867,2.64742
0.7524371655207056,2.647445
0.7524783092852244,2.647292
0.7525194530497433,2.647241
0.7525605968142622,2.647236
0.7526017405787809,2.64711
0.7526428843432998,2.647092
0.7526840281078188,2.647125
0.7527251718723375,2.647008
0.7527663156368565,2.646799
0.7528074594013753,2.64714
0.7528486031658942,2.647075
0.7528897469304129,2.647075
0.7529308906949318,2.64719
0.7529720344594507,2.647205
0.7530131782239695,2.64704
0.7530543219884884,2.647091
0.7530954657530071,2.647113
0.753136609517526,2.646624
0.7531777532820451,2.647055
0.7532188970465636,2.647279
0.7532600408110826,2.647011
0.7533011845756015,2.647202
0.7533423283401203,2.64728
0.7533834721046393,2.646923
0.753424615869158,2.646888
0.7534657596336769,2.64654
0.7535069033981957,2.646602
0.7535480471627146,2.646616
0.7535891909272334,2.646745
0.7536303346917522,2.6467
0.7536714784562711,2.646693
0.7537126222207898,2.646824
0.7537537659853087,2.646893
0.7537949097498278,2.646746
0.7538360535143465,2.646507
0.7538771972788653,2.646356
0.7539183410433843,2.646333
0.753959484807903,2.646594
0.754000628572422,2.646497
0.7540417723369406,2.646586
0.7540829161014595,2.646458
0.7541240598659785,2.646796
0.7541652036304972,2.646737
0.7542063473950162,2.646784
0.7542474911595349,2.646714
0.7542886349240538,2.64633
0.7543297786885728,2.646777
0.7543709224530915,2.646509
0.7544120662176104,2.646372
0.7544532099821292,2.646282
0.7544943537466481,2.646348
0.754535497511167,2.646352
0.7545766412756857,2.64629
0.7546177850402047,2.646281
0.7546589288047234,2.645796
0.7547000725692422,2.646375
0.7547412163337612,2.646394
0.7547823600982799,2.646455
0.754823503862799,2.646468
0.7548646476273175,2.646253
0.7549057913918366,2.646389
0.7549469351563555,2.646411
0.7549880789208742,2.646162
0.7550292226853932,2.645868
0.755070366449912,2.646311
0.7551115102144308,2.64642
0.7551526539789497,2.646206
0.7551937977434684,2.646173
0.7552349415079873,2.64593
0.7552760852725062,2.645981
0.755317229037025,2.646086
0.7553583728015438,2.646272
0.7553995165660626,2.645731
0.7554406603305817,2.646009
0.7554818040951005,2.645967
0.7555229478596194,2.645669
0.7555640916241382,2.645822
0.7556052353886569,2.646072
0.7556463791531759,2.646192
0.7556875229176948,2.646146
0.7557286666822135,2.646194
0.7557698104467324,2.645892
0.7558109542112512,2.646398
0.75585209797577,2.646637
0.7558932417402889,2.646714
0.7559343855048077,2.646712
0.7559755292693267,2.646667
0.7560166730338453,2.646645
0.7560578167983644,2.646846
0.7560989605628832,2.646969
0.7561401043274021,2.646577
0.756181248091921,2.646838
0.7562223918564397,2.646843
0.7562635356209586,2.646746
0.7563046793854775,2.64658
0.7563458231499962,2.646706
0.7563869669145151,2.646435
0.756428110679034,2.646573
0.7564692544435528,2.646816
0.7565103982080718,2.646282
0.7565515419725904,2.646502
0.7565926857371094,2.646705
0.7566338295016283,2.646738
0.756674973266147,2.646891
0.7567161170306659,2.646776
0.7567572607951848,2.646763
0.7567984045597036,2.64676
0.7568395483242224,2.64656
0.7568806920887413,2.646508
0.7569218358532601,2.646142
0.756962979617779,2.646354
0.7570041233822979,2.646227
0.7570452671468166,2.646093
0.7570864109113356,2.646393
0.7571275546758545,2.64636
0.7571686984403732,2.646481
0.7572098422048921,2.646428
0.757250985969411,2.64634
0.7572921297339298,2.645901
0.7573332734984486,2.646292
0.7573744172629675,2.646223
0.7574155610274863,2.646286
0.7574567047920052,2.646264
0.7574978485565241,2.645954
0.7575389923210428,2.646028
0.7575801360855617,2.645952
0.7576212798500807,2.645909
0.7576624236145993,2.645665
0.7577035673791183,2.646069
0.7577447111436372,2.646069
0.757785854908156,2.646075
0.7578269986726748,2.646238
0.7578681424371937,2.646228
0.7579092862017125,2.646162
0.7579504299662314,2.645906
0.7579915737307503,2.645884
0.758032717495269,2.64602
0.7580738612597879,2.646232
0.7581150050243067,2.646492
0.7581561487888255,2.646171
0.7581972925533444,2.646327
0.7582384363178633,2.646178
0.7582795800823822,2.646027
0.758320723846901,2.646101
0.7583618676114198,2.646273
0.7584030113759387,2.645702
0.7584441551404576,2.646172
0.7584852989049763,2.646309
0.7585264426694953,2.646119
0.7585675864340141,2.646279
0.7586087301985329,2.646145
0.7586498739630517,2.646002
0.7586910177275706,2.646134
0.7587321614920896,2.646164
0.7587733052566084,2.645644
0.7588144490211272,2.645886
0.758855592785646,2.645874
0.7588967365501649,2.645902
0.7589378803146838,2.645827
0.7589790240792025,2.645542
0.7590201678437214,2.645615
0.7590613116082403,2.645623
0.7591024553727591,2.645739
0.7591435991372781,2.645474
0.7591847429017967,2.645697
0.7592258866663156,2.645622
0.7592670304308345,2.645796
0.7593081741953532,2.645939
0.7593493179598723,2.645452
0.7593904617243911,2.64537
0.75943160548891,2.645542
0.7594727492534288,2.64574
0.7595138930179476,2.645643
0.7595550367824665,2.645467
0.7595961805469853,2.645611
0.7596373243115041,2.645534
0.759678468076023,2.645503
0.7597196118405418,2.645558
0.7597607556050608,2.645709
0.7598018993695794,2.645423
0.7598430431340983,2.645763
0.7598841868986174,2.645499
0.759925330663136,2.645262
0.759966474427655,2.645643
0.7600076181921738,2.645426
0.7600487619566927,2.645312
0.7600899057212116,2.64529
0.7601310494857303,2.645277
0.7601721932502492,2.64527
0.760213337014768,2.645354
0.7602544807792869,2.645317
0.7602956245438057,2.644962
0.7603367683083245,2.645399
0.7603779120728436,2.645362
0.7604190558373621,2.645134
0.760460199601881,2.645296
0.7605013433664001,2.645178
0.7605424871309188,2.645077
0.7605836308954378,2.645359
0.7606247746599567,2.645447
0.7606659184244753,2.644878
0.7607070621889943,2.645029
0.7607482059535129,2.644988
0.7607893497180319,2.644791
0.7608304934825508,2.645074
0.7608716372470696,2.64524
0.7609127810115885,2.645154
0.7609539247761072,2.644898
0.7609950685406262,2.645019
0.7610362123051451,2.64474
0.7610773560696639,2.645032
0.7611184998341827,2.645043
0.7611596435987015,2.645165
0.7612007873632205,2.644916
0.7612419311277393,2.644703
0.761283074892258,2.64468
0.761324218656777,2.644698
0.7613653624212957,2.644574
0.7614065061858147,2.644196
0.7614476499503335,2.64473
0.7614887937148523,2.644593
0.7615299374793713,2.644885
0.7615710812438902,2.644567
0.7616122250084089,2.644717
0.7616533687729278,2.644564
0.7616945125374466,2.644678
0.7617356563019655,2.644668
0.7617768000664843,2.644198
0.7618179438310032,2.644552
0.761859087595522,2.644637
0.7619002313600407,2.644551
0.7619413751245597,2.644399
0.7619825188890785,2.644551
0.7620236626535974,2.644508
0.7620648064181164,2.644304
0.762105950182635,2.644242
0.762147093947154,2.644147
0.7621882377116729,2.644292
0.7622293814761917,2.644323
0.7622705252407105,2.644283
0.7623116690052293,2.644159
0.7623528127697482,2.644504
0.7623939565342671,2.644464
0.7624351002987858,2.644635
0.7624762440633047,2.64439
0.7625173878278235,2.644046
0.7625585315923424,2.643876
0.7625996753568612,2.644319
0.7626408191213802,2.64438
0.762681962885899,2.64454
0.7627231066504179,2.64471
0.7627642504149367,2.644627
0.7628053941794555,2.644317
0.7628465379439744,2.644255
0.7628876817084933,2.643962
0.762928825473012,2.643845
0.7629699692375309,2.644175
0.7630111130020498,2.644119
0.7630522567665686,2.644166
0.7630934005310874,2.644004
0.7631345442956063,2.644101
0.7631756880601251,2.64414
0.7632168318246441,2.644232
0.7632579755891629,2.644137
0.7632991193536817,2.643496
0.7633402631182006,2.64426
0.7633814068827195,2.644192
0.7634225506472382,2.644272
0.7634636944117571,2.644074
0.763504838176276,2.644047
0.7635459819407948,2.643996
0.7635871257053136,2.643838
0.7636282694698325,2.643739
0.7636694132343513,2.643395
0.7637105569988702,2.643834
0.763751700763389,2.643751
0.7637928445279079,2.643678
0.7638339882924268,2.643845
0.7638751320569457,2.643586
0.7639162758214644,2.643658
0.7639574195859833,2.643655
0.7639985633505021,2.643621
0.764039707115021,2.643034
0.7640808508795398,2.643539
0.7641219946440586,2.643533
0.7641631384085775,2.643296
0.7642042821730964,2.643517
0.7642454259376151,2.643449
0.7642865697021342,2.643399
0.764327713466653,2.643413
0.7643688572311717,2.643509
0.7644100009956906,2.642776
0.7644511447602095,2.643198
0.7644922885247284,2.643298
0.7645334322892471,2.643314
0.764574576053766,2.643221
0.7646157198182848,2.643356
0.7646568635828037,2.643113
0.7646980073473226,2.643348
0.7647391511118413,2.643448
0.7647802948763602,2.642947
0.764821438640879,2.643196
0.7648625824053978,2.643102
0.7649037261699168,2.643188
0.7649448699344356,2.643468
0.7649860136989545,2.643471
0.7650271574634735,2.643659
0.7650683012279921,2.64361
0.7651094449925111,2.643719
0.7651505887570299,2.64361
0.7651917325215486,2.643532
0.7652328762860676,2.643649
0.7652740200505864,2.643607
0.7653151638151053,2.643556
0.765356307579624,2.643713
0.7653974513441429,2.643796
0.7654385951086619,2.643654
0.7654797388731807,2.643854
0.7655208826376995,2.6435
0.7655620264022183,2.643453
0.7656031701667372,2.643836
0.7656443139312562,2.643674
0.7656854576957748,2.643389
0.7657266014602938,2.643596
0.7657677452248126,2.643499
0.7658088889893314,2.643609
0.7658500327538504,2.643589
0.7658911765183691,2.643496
0.765932320282888,2.643177
0.765973464047407,2.643304
0.7660146078119257,2.64319
0.7660557515764446,2.643658
0.7660968953409634,2.64395
0.7661380391054823,2.643772
0.7661791828700012,2.643664
0.7662203266345199,2.643339
0.7662614703990389,2.643492
0.7663026141635576,2.642884
0.7663437579280766,2.643271
0.7663849016925954,2.643273
0.7664260454571141,2.643154
0.7664671892216331,2.643346
0.7665083329861517,2.643313
0.7665494767506708,2.642857
0.7665906205151897,2.642811
0.7666317642797085,2.642811
0.7666729080442274,2.642417
0.7667140518087461,2.642793
0.766755195573265,2.643064
0.7667963393377839,2.642895
0.7668374831023026,2.642954
0.7668786268668215,2.64325
0.7669197706313403,2.643336
0.7669609143958593,2.643401
0.767002058160378,2.643525
0.7670432019248968,2.642959
0.7670843456894159,2.64291
0.7671254894539347,2.642825
0.7671666332184536,2.642821
0.7672077769829724,2.642966
0.7672489207474911,2.642747
0.7672900645120101,2.642965
0.767331208276529,2.642915
0.7673723520410477,2.642977
0.7674134958055666,2.642497
0.7674546395700854,2.642701
0.7674957833346042,2.642928
0.7675369270991231,2.643033
0.767578070863642,2.642748
0.7676192146281609,2.642732
0.7676603583926795,2.642852
0.7677015021571986,2.642899
0.7677426459217174,2.642798
0.7677837896862363,2.642227
0.7678249334507552,2.641988
0.7678660772152738,2.642293
0.7679072209797928,2.642856
0.7679483647443117,2.642751
0.7679895085088304,2.643182
0.7680306522733493,2.64319
0.7680717960378681,2.643151
0.768112939802387,2.643044
0.768154083566906,2.64285
0.7681952273314246,2.642694
0.7682363710959436,2.6431
0.7682775148604625,2.643045
0.7683186586249812,2.642817
0.7683598023895001,2.643055
0.768400946154019,2.643217
0.7684420899185378,2.6431
0.7684832336830566,2.643364
0.7685243774475755,2.643242
0.7685655212120943,2.643281
0.7686066649766132,2.643586
0.7686478087411321,2.643553
0.7686889525056508,2.643448
0.7687300962701697,2.643413
0.7687712400346887,2.643367
0.7688123837992074,2.643366
0.7688535275637263,2.643275
0.7688946713282452,2.643471
0.768935815092764,2.643203
0.7689769588572828,2.643643
0.7690181026218017,2.643334
0.7690592463863205,2.643065
0.7691003901508394,2.642942
0.7691415339153581,2.642959
0.769182677679877,2.642653
0.7692238214443959,2.642902
0.7692649652089147,2.643074
0.7693061089734335,2.642454
0.7693472527379525,2.642866
0.7693883965024713,2.642824
0.7694295402669902,2.642567
0.769470684031509,2.642558
0.7695118277960278,2.642472
0.7695529715605467,2.642495
0.7695941153250656,2.642434
0.7696352590895845,2.642579
0.7696764028541032,2.642276
0.7697175466186221,2.642487
0.7697586903831409,2.642711
0.7697998341476597,2.64257
0.7698409779121786,2.642571
0.7698821216766975,2.642648
0.7699232654412164,2.642813
0.7699644092057352,2.643061
0.770005552970254,2.642918
0.7700466967347729,2.642504
0.7700878404992918,2.642747
0.7701289842638105,2.642856
0.7701701280283294,2.642897
0.7702112717928483,2.643273
0.7702524155573672,2.643181
0.7702935593218859,2.643013
0.7703347030864048,2.642957
0.7703758468509238,2.643004
0.7704169906154426,2.642766
0.7704581343799614,2.643264
0.7704992781444802,2.643177
0.7705404219089991,2.643162
0.7705815656735181,2.643324
0.7706227094380367,2.643324
0.7706638532025556,2.643133
0.7707049969670744,2.643222
0.7707461407315933,2.643231
0.7707872844961123,2.643059
0.7708284282606309,2.643345
0.7708695720251499,2.643423
0.7709107157896687,2.643684
0.7709518595541874,2.643762
0.7709930033187065,2.643738
0.7710341470832253,2.643627
0.7710752908477442,2.643469
0.7711164346122629,2.643574
0.7711575783767818,2.643466
0.7711987221413007,2.643524
0.7712398659058195,2.643692
0.7712810096703383,2.643571
0.7713221534348571,2.643403
0.771363297199376,2.643338
0.771404440963895,2.643233
0.7714455847284136,2.643152
0.7714867284929325,2.643222
0.7715278722574516,2.643176
0.7715690160219701,2.642936
0.7716101597864892,2.643008
0.771651303551008,2.643466
0.7716924473155269,2.643492
0.7717335910800458,2.643271
0.7717747348445645,2.643291
0.7718158786090834,2.643401
0.7718570223736022,2.643235
0.7718981661381211,2.642947
0.7719393099026399,2.642579
0.7719804536671587,2.643029
0.7720215974316778,2.64288
0.7720627411961963,2.642705
0.7721038849607152,2.642934
0.7721450287252343,2.643055
0.772186172489753,2.642974
0.772227316254272,2.64305
0.7722684600187906,2.643275
0.7723096037833096,2.642803
0.7723507475478285,2.643152
0.7723918913123471,2.643012
0.7724330350768661,2.64312
0.7724741788413849,2.643378
0.7725153226059038,2.643281
0.7725564663704227,2.642828
0.7725976101349414,2.642927
0.7726387538994604,2.643045
0.7726798976639793,2.64274
0.7727210414284981,2.643156
0.7727621851930169,2.64299
0.7728033289575357,2.642948
0.7728444727220547,2.643021
0.7728856164865735,2.643071
0.7729267602510923,2.642866
0.7729679040156112,2.643033
0.7730090477801299,2.643106
0.7730501915446489,2.642553
0.7730913353091677,2.642804
0.7731324790736865,2.642658
0.7731736228382055,2.642697
0.7732147666027243,2.642767
0.7732559103672431,2.642794
0.773297054131762,2.642863
0.7733381978962808,2.642617
0.7733793416607997,2.642472
0.7734204854253184,2.642226
0.7734616291898374,2.642272
0.7735027729543562,2.642372
0.7735439167188751,2.642369
0.7735850604833939,2.642195
0.7736262042479127,2.642357
0.7736673480124316,2.642241
0.7737084917769506,2.642233
0.7737496355414692,2.642299
0.7737907793059882,2.641855
0.7738319230705071,2.642027
0.7738730668350259,2.642258
0.7739142105995447,2.642412
0.7739553543640635,2.642045
0.7739964981285824,2.642104
0.7740376418931013,2.642064
0.77407878565762,2.642191
0.7741199294221389,2.642059
0.7741610731866578,2.641731
0.7742022169511766,2.64172
0.7742433607156954,2.641926
0.7742845044802144,2.642003
0.7743256482447332,2.642062
0.7743667920092521,2.642241
0.7744079357737709,2.641785
0.7744490795382897,2.642094
0.7744902233028086,2.642065
0.7745313670673275,2.641849
0.7745725108318462,2.641619
0.7746136545963651,2.64193
0.774654798360884,2.641862
0.7746959421254028,2.641836
0.7747370858899216,2.641906
0.7747782296544405,2.642038
0.7748193734189593,2.641976
0.7748605171834783,2.641857
0.774901660947997,2.641658
0.7749428047125159,2.641312
0.7749839484770348,2.641593
0.7750250922415535,2.641715
0.7750662360060724,2.642076
0.7751073797705913,2.641841
0.7751485235351101,2.641669
0.775189667299629,2.641855
0.7752308110641478,2.641972
0.7752719548286666,2.642099
0.7753130985931855,2.641524
0.7753542423577044,2.641786
0.7753953861222231,2.641625
0.775436529886742,2.641476
0.775477673651261,2.641468
0.7755188174157797,2.641575
0.7755599611802986,2.641439
0.7756011049448175,2.641225
0.7756422487093363,2.641495
0.7756833924738552,2.641063
0.775724536238374,2.641444
0.7757656800028928,2.641788
0.7758068237674117,2.64174
0.7758479675319306,2.641258
0.7758891112964493,2.64099
0.7759302550609684,2.64142
0.7759713988254872,2.641184
0.7760125425900058,2.641068
0.7760536863545248,2.640708
0.7760948301190437,2.64134
0.7761359738835626,2.641252
0.7761771176480814,2.641376
0.7762182614126002,2.641356
0.776259405177119,2.641034
0.7763005489416379,2.640859
0.7763416927061568,2.641135
0.7763828364706755,2.640703
0.7764239802351944,2.640272
0.7764651239997132,2.640732
0.776506267764232,2.640871
0.7765474115287511,2.640778
0.7765885552932698,2.640789
0.7766296990577887,2.64093
0.7766708428223075,2.640799
0.7767119865868263,2.640833
0.7767531303513453,2.641126
0.7767942741158641,2.6407
0.776835417880383,2.640534
0.7768765616449017,2.640794
0.7769177054094206,2.640643
0.7769588491739395,2.640796
0.7769999929384582,2.640573
0.7770411367029771,2.640725
0.7770822804674961,2.640745
0.7771234242320149,2.640871
0.7771645679965339,2.641006
0.7772057117610525,2.640801
0.7772468555255714,2.641022
0.7772879992900904,2.640863
0.777329143054609,2.640818
0.777370286819128,2.640491
0.7774114305836468,2.640586
0.7774525743481657,2.640717
0.7774937181126846,2.640476
0.7775348618772033,2.64025
0.7775760056417222,2.640171
0.777617149406241,2.640463
0.7776582931707599,2.640392
0.7776994369352788,2.640538
0.7777405806997976,2.640676
0.7777817244643166,2.640475
0.7778228682288352,2.64044
0.7778640119933541,2.64049
0.7779051557578731,2.640397
0.7779462995223918,2.6404
0.7779874432869108,2.6403
0.7780285870514296,2.640128
0.7780697308159483,2.640411
0.7781108745804673,2.640305
0.7781520183449859,2.640648
0.778193162109505,2.640839
0.7782343058740239,2.640661
0.7782754496385427,2.640654
0.7783165934030616,2.640276
0.7783577371675803,2.640349
0.7783988809320992,2.640468
0.7784400246966181,2.640638
0.7784811684611368,2.64082
0.7785223122256557,2.640609
0.7785634559901745,2.640696
0.7786045997546935,2.640608
0.7786457435192122,2.640515
0.778686887283731,2.640043
0.7787280310482501,2.640749
0.7787691748127687,2.640572
0.7788103185772878,2.640497
0.7788514623418066,2.640445
0.7788926061063254,2.640476
0.7789337498708443,2.640558
0.778974893635363,2.640599
0.7790160373998819,2.640458
0.7790571811644008,2.639818
0.7790983249289196,2.640226
0.7791394686934384,2.640273
0.7791806124579573,2.640074
0.7792217562224761,2.639631
0.779262899986995,2.639652
0.7793040437515137,2.639621
0.7793451875160327,2.639959
0.7793863312805516,2.639985
0.7794274750450705,2.639675
0.7794686188095892,2.639868
0.7795097625741081,2.639681
0.779550906338627,2.639712
0.7795920501031458,2.639834
0.7796331938676646,2.639589
0.7796743376321835,2.639584
0.7797154813967023,2.639701
0.7797566251612212,2.639478
0.7797977689257402,2.639206
0.7798389126902588,2.639033
0.7798800564547778,2.639412
0.7799212002192966,2.63957
0.7799623439838154,2.639405
0.7800034877483343,2.639088
0.7800446315128532,2.639316
0.780085775277372,2.639224
0.7801269190418908,2.639156
0.7801680628064097,2.639033
0.7802092065709285,2.638899
0.7802503503354474,2.63939
0.7802914940999663,2.639162
0.780332637864485,2.639124
0.780373781629004,2.639081
0.7804149253935229,2.639168
0.7804560691580416,2.639177
0.7804972129225605,2.639102
0.7805383566870794,2.639305
0.7805795004515982,2.638945
0.780620644216117,2.639433
0.7806617879806358,2.639446
0.7807029317451547,2.639334
0.7807440755096736,2.639384
0.7807852192741923,2.639389
0.7808263630387112,2.639403
0.7808675068032301,2.639168
0.7809086505677489,2.639044
0.7809497943322677,2.638686
0.7809909380967867,2.639044
0.7810320818613055,2.639153
0.7810732256258244,2.639045
0.7811143693903432,2.63899
0.781155513154862,2.639099
0.7811966569193809,2.639074
0.7812378006838998,2.638984
0.7812789444484185,2.639237
0.7813200882129374,2.638922
0.7813612319774563,2.639194
0.7814023757419751,2.639204
0.7814435195064939,2.639152
0.7814846632710128,2.638922
0.7815258070355316,2.638781
0.7815669508000506,2.638967
0.7816080945645694,2.638972
0.7816492383290882,2.638837
0.7816903820936072,2.638653
0.781731525858126,2.639047
0.7817726696226447,2.638933
0.7818138133871636,2.639007
0.7818549571516825,2.638779
0.7818961009162014,2.639026
0.7819372446807201,2.638974
0.781978388445239,2.639094
0.7820195322097578,2.639241
0.7820606759742768,2.638818
0.7821018197387956,2.638828
0.7821429635033144,2.638939
0.7821841072678333,2.638682
0.782225251032352,2.638558
0.7822663947968709,2.638589
0.7823075385613898,2.638644
0.7823486823259086,2.638723
0.7823898260904275,2.638648
0.7824309698549465,2.638348
0.7824721136194651,2.638414
0.7825132573839841,2.638662
0.7825544011485029,2.638558
0.7825955449130216,2.638632
0.7826366886775407,2.638785
0.7826778324420595,2.638482
0.7827189762065784,2.638396
0.7827601199710971,2.638331
0.782801263735616,2.638297
0.7828424075001349,2.638838
0.7828835512646537,2.638948
0.7829246950291725,2.63879
0.7829658387936913,2.638548
0.7830069825582102,2.638659
0.7830481263227292,2.63886
0.7830892700872478,2.639093
0.7831304138517668,2.638842
0.7831715576162857,2.638623
0.7832127013808043,2.638504
0.7832538451453234,2.638771
0.7832949889098422,2.638571
0.7833361326743611,2.63852
0.7833772764388799,2.638662
0.7834184202033987,2.638668
0.7834595639679176,2.638286
0.7835007077324364,2.637997
0.7835418514969553,2.637963
0.7835829952614741,2.637638
0.7836241390259929,2.638236
0.783665282790512,2.638126
0.7837064265550305,2.63819
0.7837475703195496,2.638126
0.7837887140840685,2.638012
0.7838298578485872,2.638089
0.7838710016131062,2.637824
0.7839121453776248,2.637791
0.7839532891421438,2.637454
0.7839944329066627,2.637923
0.7840355766711815,2.637928
0.7840767204357003,2.63793
0.7841178642002191,2.637835
0.784159007964738,2.638059
0.784200151729257,2.638127
0.7842412954937756,2.638184
0.7842824392582946,2.638109
0.7843235830228134,2.637748
0.7843647267873324,2.638261
0.7844058705518511,2.637995
0.7844470143163699,2.638118
0.7844881580808889,2.638227
0.7845293018454075,2.637895
0.7845704456099265,2.638057
0.7846115893744454,2.63802
0.7846527331389641,2.638005
0.7846938769034831,2.63715
0.7847350206680019,2.637495
0.7847761644325207,2.637707
0.7848173081970397,2.637887
0.7848584519615585,2.637805
0.7848995957260773,2.637894
0.7849407394905962,2.638027
0.784981883255115,2.637819
0.7850230270196339,2.637556
0.7850641707841526,2.637633
0.7851053145486715,2.637708
0.7851464583131904,2.637723
0.7851876020777093,2.637913
0.785228745842228,2.637811
0.7852698896067468,2.637651
0.7853110333712658,2.6374
0.7853521771357846,2.637504
0.7853933209003034,2.637483
0.7854344646648224,2.637275
0.7854756084293412,2.637206
0.7855167521938601,2.637145
0.7855578959583789,2.637395
0.7855990397228977,2.637147
0.7856401834874166,2.63729
0.7856813272519353,2.637279
0.7857224710164542,2.637441
0.7857636147809731,2.637033
0.785804758545492,2.636641
0.7858459023100108,2.636526
0.7858870460745296,2.636783
0.7859281898390486,2.636622
0.7859693336035674,2.636614
0.7860104773680863,2.636566
0.7860516211326051,2.636548
0.7860927648971239,2.636608
0.7861339086616428,2.636647
0.7861750524261617,2.636552
0.7862161961906804,2.636073
0.7862573399551993,2.636366
0.7862984837197182,2.636646
0.786339627484237,2.636352
0.7863807712487558,2.636727
0.7864219150132746,2.636563
0.7864630587777935,2.636523
0.7865042025423125,2.636778
0.7865453463068312,2.636606
0.7865864900713501,2.636248
0.786627633835869,2.636503
0.7866687776003877,2.636471
0.7867099213649066,2.63656
0.7867510651294255,2.636679
0.7867922088939443,2.636637
0.7868333526584632,2.63648
0.786874496422982,2.63632
0.7869156401875008,2.636765
0.7869567839520197,2.636147
0.7869979277165386,2.63649
0.7870390714810575,2.63643
0.7870802152455763,2.636239
0.7871213590100952,2.636122
0.7871625027746139,2.636133
0.7872036465391328,2.635839
0.7872447903036517,2.635914
0.7872859340681705,2.635938
0.7873270778326894,2.635546
0.7873682215972082,2.636162
0.787409365361727,2.636215
0.7874505091262459,2.636437
0.7874916528907648,2.636059
0.7875327966552835,2.635926
0.7875739404198024,2.635938
0.7876150841843214,2.635823
0.7876562279488403,2.636059
0.787697371713359,2.635832
0.7877385154778779,2.636157
0.7877796592423967,2.636308
0.7878208030069156,2.635961
0.7878619467714344,2.636014
0.7879030905359532,2.636215
0.7879442343004721,2.636118
0.7879853780649911,2.635903
0.7880265218295097,2.635718
0.7880676655940286,2.635682
0.7881088093585474,2.636002
0.7881499531230662,2.635926
0.7881910968875853,2.635616
0.788232240652104,2.635888
0.788273384416623,2.636151
0.7883145281811417,2.636141
0.7883556719456605,2.636205
0.7883968157101795,2.636528
0.7884379594746983,2.635952
0.7884791032392172,2.635899
0.7885202470037359,2.635631
0.7885613907682548,2.63547
0.7886025345327737,2.635637
0.7886436782972924,2.635638
0.7886848220618113,2.635819
0.7887259658263301,2.635625
0.7887671095908491,2.635415
0.7888082533553681,2.635665
0.7888493971198867,2.635489
0.7888905408844056,2.635774
0.7889316846489245,2.63574
0.7889728284134432,2.635731
0.7890139721779622,2.635773
0.7890551159424809,2.635612
0.7890962597069999,2.635582
0.7891374034715188,2.635527
0.7891785472360374,2.635697
0.7892196910005564,2.635391
0.7892608347650752,2.635647
0.789301978529594,2.635948
0.789343122294113,2.635662
0.7893842660586318,2.635488
0.7894254098231507,2.635414
0.7894665535876694,2.63548
0.7895076973521883,2.635452
0.7895488411167072,2.635883
0.789589984881226,2.635038
0.789631128645745,2.635642
0.7896722724102636,2.635418
0.7897134161747826,2.635428
0.7897545599393015,2.635424
0.7897957037038201,2.635457
0.7898368474683392,2.635467
0.789877991232858,2.635489
0.7899191349973769,2.635518
0.7899602787618958,2.635497
0.7900014225264145,2.635687
0.7900425662909334,2.635479
0.7900837100554522,2.63508
0.790124853819971,2.635263
0.7901659975844899,2.635138
0.7902071413490087,2.635206
0.7902482851135277,2.635308
0.7902894288780464,2.635446
0.7903305726425653,2.634816
0.7903717164070843,2.634997
0.790412860171603,2.635062
0.790454003936122,2.634865
0.7904951477006408,2.634817
0.7905362914651596,2.635223
0.7905774352296785,2.635343
0.7906185789941972,2.635173
0.7906597227587161,2.635252
0.790700866523235,2.634717
0.7907420102877538,2.635345
0.7907831540522726,2.635183
0.7908242978167914,2.635262
0.7908654415813103,2.635174
0.7909065853458292,2.635027
0.7909477291103482,2.634926
0.7909888728748669,2.634999
0.7910300166393857,2.634775
0.7910711604039047,2.634582
0.7911123041684234,2.634875
0.7911534479329423,2.635043
0.7911945916974612,2.634963
0.79123573546198,2.634809
0.7912768792264988,2.634735
0.7913180229910177,2.634553
0.7913591667555365,2.634726
0.7914003105200554,2.634642
0.7914414542845744,2.634524
0.791482598049093,2.634401
0.791523741813612,2.63468
0.7915648855781309,2.634753
0.7916060293426496,2.634725
0.7916471731071685,2.634802
0.7916883168716874,2.634574
0.7917294606362062,2.63458
0.791770604400725,2.634573
0.7918117481652439,2.634351
0.7918528919297627,2.634384
0.7918940356942816,2.634516
0.7919351794588005,2.634351
0.7919763232233192,2.634481
0.7920174669878381,2.634858
0.7920586107523571,2.634831
0.7920997545168758,2.63478
0.7921408982813947,2.634484
0.7921820420459135,2.634392
0.7922231858104324,2.634186
0.7922643295749512,2.634711
0.79230547333947,2.634343
0.7923466171039889,2.634005
0.7923877608685078,2.63346
0.7924289046330265,2.633382
0.7924700483975454,2.633441
0.7925111921620643,2.633367
0.7925523359265831,2.633124
0.7925934796911019,2.632501
0.7926346234556209,2.633132
0.7926757672201397,2.632943
0.7927169109846586,2.632713
0.7927580547491774,2.632826
0.7927991985136962,2.632882
0.7928403422782151,2.632781
0.792881486042734,2.632899
0.7929226298072527,2.633093
0.7929637735717716,2.632641
0.7930049173362905,2.633124
0.7930460611008093,2.633181
0.7930872048653281,2.633016
0.793128348629847,2.63308
0.7931694923943658,2.63312
0.7932106361588848,2.633235
0.7932517799234036,2.633179
0.7932929236879224,2.633086
0.7933340674524413,2.632632
0.7933752112169602,2.633007
0.7934163549814789,2.633245
0.7934574987459978,2.633235
0.7934986425105167,2.633381
0.7935397862750356,2.633447
0.7935809300395543,2.633184
0.7936220738040732,2.632978
0.793663217568592,2.632882
0.793704361333111,2.632463
0.7937455050976298,2.632916
0.7937866488621486,2.63315
0.7938277926266675,2.633123
0.7938689363911863,2.633179
0.7939100801557051,2.633099
0.7939512239202241,2.633504
0.7939923676847428,2.633347
0.7940335114492617,2.633502
0.7940746552137805,2.633221
0.7941157989782993,2.633263
0.7941569427428183,2.633406
0.7941980865073371,2.633295
0.794239230271856,2.633164
0.7942803740363747,2.633052
0.7943215178008937,2.632763
0.7943626615654126,2.632945
0.7944038053299313,2.632696
0.7944449490944502,2.63222
0.794486092858969,2.63222
0.7945272366234879,2.632628
0.7945683803880069,2.63287
0.7946095241525255,2.632649
0.7946506679170444,2.633051
0.7946918116815634,2.632853
0.794732955446082,2.632733
0.794774099210601,2.632899
0.7948152429751197,2.632651
0.7948563867396388,2.632351
0.7948975305041576,2.632689
0.7949386742686763,2.632883
0.7949798180331953,2.633168
0.7950209617977141,2.633157
0.7950621055622329,2.633004
0.7951032493267518,2.633089
0.7951443930912706,2.633013
0.7951855368557895,2.63264
0.7952266806203082,2.632476
0.7952678243848271,2.632983
0.795308968149346,2.632882
0.7953501119138647,2.632456
0.7953912556783838,2.632478
0.7954323994429024,2.633118
0.7954735432074214,2.633129
0.7955146869719404,2.633183
0.795555830736459,2.633091
0.795596974500978,2.6322
0.7956381182654969,2.632725
0.7956792620300157,2.632849
0.7957204057945345,2.63283
0.7957615495590533,2.632938
0.7958026933235722,2.633024
0.7958438370880911,2.632945
0.7958849808526098,2.632834
0.7959261246171287,2.632821
0.7959672683816476,2.632498
0.7960084121461666,2.632741
0.7960495559106853,2.632696
0.7960906996752041,2.632675
0.7961318434397231,2.632446
0.7961729872042417,2.632535
0.7962141309687607,2.632528
0.7962552747332796,2.632482
0.7962964184977984,2.632641
0.7963375622623173,2.632157
0.7963787060268359,2.632563
0.7964198497913549,2.632556
0.7964609935558739,2.632417
0.7965021373203927,2.632329
0.7965432810849115,2.632374
0.7965844248494303,2.632052
0.7966255686139492,2.632294
0.7966667123784681,2.632126
0.7967078561429868,2.632069
0.7967489999075057,2.63225
0.7967901436720246,2.632216
0.7968312874365435,2.632055
0.7968724312010622,2.632109
0.7969135749655811,2.632237
0.7969547187301,2.632297
0.7969958624946188,2.632266
0.7970370062591376,2.631834
0.7970781500236566,2.631452
0.7971192937881754,2.631391
0.7971604375526943,2.631596
0.7972015813172131,2.631559
0.7972427250817319,2.63187
0.7972838688462508,2.632212
0.7973250126107695,2.632532
0.7973661563752884,2.632847
0.7974073001398073,2.633216
0.7974484439043262,2.632979
0.797489587668845,2.63282
0.7975307314333638,2.633178
0.7975718751978828,2.632905
0.7976130189624016,2.632907
0.7976541627269205,2.632839
0.7976953064914393,2.63256
0.7977364502559581,2.632599
0.797777594020477,2.632635
0.7978187377849959,2.632793
0.7978598815495146,2.632467
0.7979010253140335,2.632624
0.7979421690785524,2.632672
0.7979833128430712,2.632462
0.79802445660759,2.632707
0.7980656003721088,2.632796
0.7981067441366277,2.632707
0.7981478879011467,2.632466
0.7981890316656653,2.632675
0.7982301754301843,2.632428
0.7982713191947032,2.632754
0.7983124629592219,2.632887
0.7983536067237408,2.632753
0.7983947504882597,2.632774
0.7984358942527785,2.632814
0.7984770380172974,2.632806
0.7985181817818162,2.632879
0.798559325546335,2.633306
0.7986004693108539,2.632681
0.7986416130753728,2.632883
0.7986827568398915,2.632889
0.7987239006044105,2.632808
0.7987650443689294,2.632581
0.7988061881334481,2.632834
0.798847331897967,2.632661
0.7988884756624859,2.632669
0.7989296194270047,2.632653
0.7989707631915236,2.632277
0.7990119069560423,2.632899
0.7990530507205612,2.633293
0.7990941944850802,2.633275
0.7991353382495988,2.632878
0.7991764820141177,2.63285
0.7992176257786366,2.632959
0.7992587695431554,2.633037
0.7992999133076745,2.632919
0.7993410570721932,2.632357
0.799382200836712,2.632796
0.7994233446012309,2.6327
0.7994644883657498,2.632749
0.7995056321302686,2.632676
0.7995467758947874,2.63282
0.7995879196593063,2.632815
0.799629063423825,2.632776
0.7996702071883439,2.632838
0.7997113509528628,2.632431
0.7997524947173816,2.632633
0.7997936384819004,2.632855
0.7998347822464194,2.6327
0.7998759260109382,2.632826
0.7999170697754572,2.632688
0.799958213539976,2.632485
0.7999993573044947,2.632329
0.8000405010690137,2.632161
0.8000816448335325,2.631873
0.8001227885980514,2.631899
0.8001639323625701,2.63168
0.800205076127089,2.63138
0.8002462198916079,2.631134
0.8002873636561266,2.631236
0.8003285074206455,2.63121
0.8003696511851643,2.631348
0.8004107949496833,2.63122
0.8004519387142023,2.631299
0.8004930824787209,2.631003
0.8005342262432399,2.631304
0.8005753700077586,2.631295
0.8006165137722774,2.631366
0.8006576575367964,2.631462
0.8006988013013151,2.631391
0.8007399450658341,2.631533
0.8007810888303528,2.631412
0.8008222325948717,2.631358
0.8008633763593906,2.631503
0.8009045201239094,2.631487
0.8009456638884282,2.63154
0.800986807652947,2.631345
0.801027951417466,2.631454
0.8010690951819849,2.631296
0.8011102389465036,2.630949
0.8011513827110226,2.630969
0.8011925264755414,2.631313
0.8012336702400602,2.63122
0.8012748140045792,2.631685
0.8013159577690978,2.631676
0.8013571015336168,2.631628
0.8013982452981357,2.631627
0.8014393890626544,2.631809
0.8014805328271734,2.631633
0.8015216765916922,2.631581
0.8015628203562111,2.631874
0.80160396412073,2.631164
0.8016451078852487,2.631613
0.8016862516497676,2.631524
0.8017273954142864,2.631603
0.8017685391788054,2.631839
0.8018096829433241,2.631594
0.8018508267078429,2.631332
0.8018919704723619,2.631193
0.8019331142368805,2.631184
0.8019742580013995,2.630868
0.8020154017659185,2.631242
0.8020565455304371,2.631204
0.8020976892949562,2.631611
0.8021388330594748,2.631416
0.8021799768239938,2.631258
0.8022211205885127,2.631441
0.8022622643530314,2.63154
0.8023034081175503,2.631379
0.8023445518820692,2.630889
0.802385695646588,2.631387
0.8024268394111068,2.631286
0.8024679831756256,2.63118
0.8025091269401445,2.631243
0.8025502707046634,2.631315
0.8025914144691824,2.631241
0.802632558233701,2.631026
0.8026737019982199,2.630846
0.8027148457627389,2.63082
0.8027559895272576,2.630925
0.8027971332917765,2.630937
0.8028382770562954,2.631004
0.8028794208208142,2.630728
0.802920564585333,2.630591
0.8029617083498519,2.630834
0.8030028521143707,2.630879
0.8030439958788896,2.630524
0.8030851396434083,2.630328
0.8031262834079272,2.629981
0.8031674271724462,2.630321
0.8032085709369651,2.630219
0.8032497147014838,2.630192
0.8032908584660026,2.630124
0.8033320022305216,2.630072
0.8033731459950404,2.630041
0.8034142897595592,2.630081
0.8034554335240781,2.630101
0.8034965772885969,2.629841
0.8035377210531158,2.629742
0.8035788648176347,2.629512
0.8036200085821534,2.630007
0.8036611523466723,2.630403
0.8037022961111913,2.630691
0.80374343987571,2.631018
0.8037845836402289,2.631083
0.8038257274047477,2.631017
0.8038668711692666,2.630691
0.8039080149337854,2.631076
0.8039491586983042,2.631091
0.8039903024628231,2.631169
0.804031446227342,2.630876
0.8040725899918607,2.630761
0.8041137337563796,2.630992
0.8041548775208985,2.631193
0.8041960212854173,2.63103
0.8042371650499361,2.630707
0.8042783088144551,2.630935
0.8043194525789739,2.6308
0.8043605963434928,2.630722
0.8044017401080116,2.630703
0.8044428838725305,2.630739
0.8044840276370493,2.630819
0.8045251714015682,2.630944
0.8045663151660869,2.630916
0.8046074589306058,2.630422
0.8046486026951247,2.630843
0.8046897464596435,2.630864
0.8047308902241623,2.630887
0.8047720339886811,2.63108
0.8048131777532,2.631074
0.804854321517719,2.630933
0.8048954652822377,2.631062
0.8049366090467566,2.631387
0.8049777528112755,2.630847
0.8050188965757943,2.631078
0.8050600403403133,2.630939
0.805101184104832,2.631166
0.8051423278693508,2.630821
0.8051834716338697,2.63088
0.8052246153983885,2.631073
0.8052657591629074,2.631285
0.8053069029274262,2.631138
0.8053480466919452,2.630775
0.8053891904564638,2.630891
0.8054303342209828,2.630777
0.8054714779855017,2.630621
0.8055126217500205,2.630805
0.8055537655145393,2.630597
0.8055949092790583,2.630448
0.805636053043577,2.630342
0.805677196808096,2.630424
0.8057183405726147,2.630095
0.8057594843371335,2.630422
0.8058006281016525,2.630572
0.8058417718661713,2.630505
0.8058829156306901,2.630372
0.805924059395209,2.630512
0.8059652031597279,2.630654
0.8060063469242468,2.630376
0.8060474906887655,2.629993
0.8060886344532844,2.629665
0.8061297782178032,2.629052
0.8061709219823221,2.628937
0.8062120657468411,2.629402
0.8062532095113597,2.629339
0.8062943532758786,2.629346
0.8063354970403973,2.629737
0.8063766408049162,2.629726
0.8064177845694352,2.629813
0.8064589283339539,2.62971
0.806500072098473,2.629284
0.8065412158629917,2.629364
0.8065823596275105,2.629377
0.8066235033920295,2.629378
0.8066646471565483,2.629448
0.8067057909210671,2.629689
0.806746934685586,2.630084
0.8067880784501048,2.629609
0.8068292222146237,2.629105
0.8068703659791424,2.628872
0.8069115097436613,2.629585
0.8069526535081802,2.629412
0.8069937972726989,2.629431
0.807034941037218,2.629388
0.8070760848017366,2.629317
0.8071172285662557,2.629467
0.8071583723307746,2.629549
0.8071995160952932,2.629587
0.8072406598598122,2.629219
0.807281803624331,2.629436
0.8073229473888499,2.629546
0.8073640911533687,2.629623
0.8074052349178875,2.629686
0.8074463786824064,2.629722
0.8074875224469251,2.6294
0.807528666211444,2.62936
0.807569809975963,2.629524
0.8076109537404818,2.629101
0.8076520975050008,2.629355
0.8076932412695194,2.629252
0.8077343850340384,2.629271
0.8077755287985573,2.629277
0.8078166725630759,2.629336
0.8078578163275949,2.629428
0.8078989600921138,2.629357
0.8079401038566326,2.629074
0.8079812476211515,2.628502
0.8080223913856702,2.628923
0.8080635351501891,2.628788
0.808104678914708,2.628835
0.8081458226792269,2.628881
0.8081869664437457,2.628984
0.8082281102082645,2.629028
0.8082692539727834,2.62903
0.8083103977373023,2.629145
0.8083515415018211,2.62889
0.8083926852663399,2.628892
0.8084338290308587,2.628907
0.8084749727953777,2.628961
0.8085161165598964,2.629397
0.8085572603244153,2.628865
0.8085984040889342,2.629042
0.8086395478534528,2.628889
0.8086806916179718,2.629103
0.8087218353824908,2.629099
0.8087629791470096,2.62917
0.8088041229115285,2.629355
0.8088452666760473,2.62875
0.8088864104405661,2.628389
0.808927554205085,2.62837
0.8089686979696037,2.628274
0.8090098417341226,2.628505
0.8090509854986415,2.628628
0.8090921292631603,2.628611
0.8091332730276792,2.628586
0.809174416792198,2.628778
0.8092155605567168,2.62909
0.8092567043212358,2.629266
0.8092978480857547,2.629112
0.8093389918502734,2.629066
0.8093801356147923,2.629333
0.8094212793793112,2.629385
0.8094624231438299,2.629179
0.8095035669083488,2.62911
0.8095447106728677,2.629571
0.8095858544373865,2.629546
0.8096269982019054,2.629513
0.8096681419664242,2.629358
0.809709285730943,2.629494
0.8097504294954619,2.629744
0.8097915732599809,2.629654
0.8098327170244995,2.629612
0.8098738607890185,2.629118
0.8099150045535374,2.629491
0.8099561483180561,2.629499
0.809997292082575,2.629317
0.8100384358470939,2.629393
0.8100795796116127,2.629252
0.8101207233761316,2.629358
0.8101618671406504,2.629419
0.8102030109051692,2.6297
0.8102441546696881,2.629148
0.810285298434207,2.629817
0.8103264421987257,2.629844
0.8103675859632447,2.62965
0.8104087297277636,2.629666
0.8104498734922823,2.629601
0.8104910172568012,2.629789
0.81053216102132,2.629681
0.8105733047858389,2.629512
0.8106144485503578,2.628957
0.8106555923148765,2.629392
0.8106967360793954,2.629374
0.8107378798439143,2.629445
0.810779023608433,2.629562
0.8108201673729519,2.629631
0.8108613111374708,2.629433
0.8109024549019896,2.629202
0.8109435986665084,2.629405
0.8109847424310274,2.628875
0.8110258861955463,2.629371
0.8110670299600651,2.629184
0.811108173724584,2.629319
0.8111493174891028,2.629426
0.8111904612536216,2.629353
0.8112316050181405,2.629495
0.8112727487826592,2.62974
0.8113138925471781,2.6299
0.8113550363116971,2.629392
0.8113961800762158,2.629721
0.8114373238407346,2.629897
0.8114784676052536,2.629627
0.8115196113697724,2.629486
0.8115607551342914,2.629682
0.8116018988988102,2.629586
0.811643042663329,2.62963
0.8116841864278478,2.629835
0.8117253301923667,2.629614
0.8117664739568856,2.629799
0.8118076177214043,2.629856
0.8118487614859232,2.62955
0.811889905250442,2.629867
0.8119310490149608,2.629635
0.8119721927794799,2.62954
0.8120133365439985,2.629685
0.8120544803085175,2.629575
0.8120956240730361,2.629444
0.8121367678375551,2.62922
0.8121779116020741,2.62925
0.8122190553665928,2.629404
0.8122601991311118,2.629391
0.8123013428956306,2.629535
0.8123424866601493,2.629508
0.8123836304246683,2.62933
0.812424774189187,2.629318
0.8124659179537059,2.629016
0.8125070617182248,2.628865
0.8125482054827436,2.629163
0.8125893492472624,2.629255
0.8126304930117813,2.629186
0.8126716367763002,2.629151
0.8127127805408191,2.629156
0.8127539243053378,2.629256
0.8127950680698568,2.62923
0.8128362118343755,2.629258
0.8128773555988944,2.629009
0.8129184993634134,2.629456
0.812959643127932,2.629023
0.813000786892451,2.629092
0.8130419306569698,2.629083
0.8130830744214886,2.628932
0.8131242181860076,2.628803
0.8131653619505264,2.6288
0.8132065057150453,2.628849
0.8132476494795642,2.628305
0.8132887932440829,2.628878
0.8133299370086018,2.628883
0.8133710807731206,2.629022
0.8134122245376396,2.629062
0.8134533683021583,2.629157
0.8134945120666771,2.629445
0.8135356558311961,2.629039
0.8135767995957147,2.62889
0.8136179433602337,2.628359
0.8136590871247527,2.628566
0.8137002308892715,2.628917
0.8137413746537904,2.628899
0.813782518418309,2.628907
0.813823662182828,2.628971
0.8138648059473469,2.628745
0.8139059497118656,2.629006
0.8139470934763845,2.628928
0.8139882372409033,2.628364
0.8140293810054222,2.628902
0.814070524769941,2.629166
0.8141116685344598,2.62892
0.8141528122989787,2.628958
0.8141939560634975,2.629078
0.8142350998280166,2.628875
0.8142762435925353,2.62888
0.8143173873570542,2.628817
0.8143585311215731,2.628314
0.8143996748860918,2.628464
0.8144408186506107,2.628697
0.8144819624151296,2.628545
0.8145231061796484,2.62848
0.8145642499441672,2.628648
0.8146053937086861,2.628596
0.8146465374732049,2.62848
0.8146876812377238,2.62835
0.8147288250022425,2.627957
0.8147699687667614,2.628159
0.8148111125312804,2.628534
0.8148522562957992,2.628927
0.814893400060318,2.629193
0.8149345438248369,2.628998
0.8149756875893557,2.629336
0.8150168313538746,2.629109
0.8150579751183934,2.629049
0.8150991188829122,2.628684
0.8151402626474311,2.628651
0.81518140641195,2.628987
0.8152225501764687,2.628667
0.8152636939409876,2.628379
0.8153048377055065,2.627862
0.8153459814700253,2.627555
0.8153871252345442,2.627967
0.8154282689990631,2.628027
0.8154694127635819,2.627812
0.8155105565281008,2.627722
0.8155517002926196,2.627997
0.8155928440571384,2.628101
0.8156339878216573,2.628235
0.8156751315861762,2.628529
0.8157162753506949,2.628544
0.8157574191152138,2.628531
0.8157985628797327,2.628255
0.8158397066442515,2.627964
0.8158808504087703,2.62754
0.8159219941732893,2.627916
0.8159631379378081,2.627898
0.816004281702327,2.628127
0.8160454254668458,2.627966
0.8160865692313646,2.628173
0.8161277129958835,2.628103
0.8161688567604024,2.628013
0.8162100005249211,2.628215
0.81625114428944,2.627711
0.8162922880539588,2.62814
0.8163334318184777,2.627964
0.8163745755829965,2.62768
0.8164157193475153,2.627834
0.8164568631120342,2.62791
0.8164980068765532,2.627924
0.8165391506410719,2.627857
0.8165802944055908,2.627674
0.8166214381701097,2.627248
0.8166625819346285,2.627491
0.8167037256991475,2.627776
0.8167448694636662,2.627493
0.816786013228185,2.627537
0.8168271569927039,2.627382
0.8168683007572227,2.627373
0.8169094445217416,2.627414
0.8169505882862604,2.62736
0.8169917320507794,2.626919
0.817032875815298,2.627259
0.817074019579817,2.627208
0.8171151633443359,2.627518
0.8171563071088547,2.627256
0.8171974508733735,2.627461
0.8172385946378924,2.62716
0.8172797384024112,2.627159
0.8173208821669302,2.62722
0.8173620259314489,2.626912
0.8174031696959677,2.627121
0.8174443134604866,2.627316
0.8174854572250055,2.627534
0.8175266009895243,2.627307
0.8175677447540431,2.6275
0.8176088885185621,2.627684
0.817650032283081,2.627381
0.8176911760475997,2.627244
0.8177323198121186,2.627218
0.8177734635766374,2.626909
0.8178146073411563,2.627027
0.8178557511056753,2.627134
0.8178968948701939,2.627164
0.8179380386347129,2.627187
0.8179791823992315,2.626945
0.8180203261637504,2.627146
0.8180614699282694,2.627166
0.8181026136927881,2.627097
0.8181437574573072,2.626742
0.8181849012218259,2.627401
0.8182260449863448,2.627507
0.8182671887508637,2.627618
0.8183083325153825,2.627514
0.8183494762799013,2.627491
0.8183906200444201,2.62756
0.818431763808939,2.627483
0.8184729075734579,2.627549
0.8185140513379766,2.627197
0.8185551951024956,2.627557
0.8185963388670143,2.627544
0.8186374826315331,2.627496
0.8186786263960522,2.627455
0.8187197701605708,2.627524
0.8187609139250899,2.627813
0.8188020576896088,2.627634
0.8188432014541275,2.627516
0.8188843452186464,2.627076
0.8189254889831651,2.627663
0.8189666327476841,2.627675
0.8190077765122029,2.627769
0.8190489202767217,2.627681
0.8190900640412406,2.6279
0.8191312078057593,2.627459
0.8191723515702782,2.627432
0.8192134953347971,2.627532
0.819254639099316,2.627277
0.8192957828638349,2.627877
0.8193369266283536,2.627915
0.8193780703928726,2.627868
0.8194192141573914,2.627736
0.8194603579219101,2.627613
0.8195015016864291,2.627416
0.8195426454509478,2.627579
0.8195837892154668,2.627442
0.8196249329799857,2.62689
0.8196660767445044,2.627188
0.8197072205090233,2.627332
0.8197483642735421,2.627552
0.819789508038061,2.627353
0.8198306518025799,2.627304
0.8198717955670987,2.627162
0.8199129393316176,2.627259
0.8199540830961365,2.627428
0.8199952268606553,2.626708
0.8200363706251741,2.627132
0.8200775143896929,2.62698
0.8201186581542119,2.627233
0.8201598019187306,2.627294
0.8202009456832495,2.627393
0.8202420894477684,2.6273
0.8202832332122872,2.627058
0.820324376976806,2.626904
0.820365520741325,2.62659
0.8204066645058438,2.626774
0.8204478082703627,2.626908
0.8204889520348814,2.626846
0.8205300957994003,2.626815
0.8205712395639192,2.626954
0.8206123833284379,2.626853
0.8206535270929568,2.626937
0.8206946708574756,2.626869
0.8207358146219945,2.627013
0.8207769583865134,2.626859
0.8208181021510322,2.627036
0.820859245915551,2.627132
0.82090038968007,2.627381
0.8209415334445889,2.62737
0.8209826772091076,2.627451
0.8210238209736265,2.627385
0.8210649647381454,2.627449
0.8211061085026641,2.627451
0.821147252267183,2.626933
0.8211883960317019,2.627324
0.8212295397962207,2.627371
0.8212706835607396,2.627459
0.8213118273252584,2.627505
0.8213529710897772,2.627265
0.8213941148542961,2.627328
0.8214352586188151,2.627262
0.8214764023833337,2.627077
0.8215175461478527,2.62684
0.8215586899123716,2.627215
0.8215998336768903,2.627039
0.8216409774414092,2.626866
0.8216821212059281,2.626937
0.8217232649704469,2.626769
0.8217644087349658,2.626571
0.8218055524994846,2.62647
0.8218466962640034,2.626628
0.8218878400285223,2.626101
0.8219289837930412,2.626174
0.8219701275575599,2.626077
0.8220112713220789,2.626138
0.8220524150865978,2.626277
0.8220935588511165,2.626273
0.8221347026156354,2.626255
0.8221758463801542,2.626215
0.8222169901446731,2.626251
0.822258133909192,2.625827
0.8222992776737107,2.62631
0.8223404214382296,2.625971
0.8223815652027485,2.625617
0.8224227089672672,2.625433
0.8224638527317862,2.62506
0.822504996496305,2.625077
0.8225461402608238,2.624805
0.8225872840253426,2.62466
0.8226284277898616,2.623317
0.8226695715543805,2.624459
0.8227107153188993,2.624634
0.8227518590834182,2.624665
0.8227930028479369,2.625033
0.8228341466124558,2.626161
0.8228752903769747,2.626217
0.8229164341414934,2.626008
0.8229575779060123,2.625947
0.8229987216705312,2.625522
0.82303986543505,2.62577
0.8230810091995691,2.625566
0.8231221529640877,2.625315
0.8231632967286066,2.625239
0.8232044404931256,2.625251
0.8232455842576444,2.62535
0.8232867280221632,2.625339
0.823327871786682,2.625493
0.8233690155512009,2.625049
0.8234101593157198,2.62494
0.8234513030802385,2.625053
0.8234924468447574,2.625297
0.8235335906092762,2.625293
0.823574734373795,2.625332
0.823615878138314,2.624899
0.8236570219028327,2.625034
0.8236981656673517,2.624991
0.8237393094318703,2.624915
0.8237804531963893,2.624839
0.8238215969609083,2.625184
0.823862740725427,2.625297
0.823903884489946,2.625149
0.8239450282544647,2.625366
0.8239861720189835,2.625383
0.8240273157835025,2.625235
0.8240684595480212,2.625305
0.8241096033125401,2.625211
0.8241507470770589,2.624847
0.8241918908415778,2.625236
0.8242330346060966,2.625301
0.8242741783706155,2.625097
0.8243153221351344,2.625036
0.8243564658996533,2.625169
0.824397609664172,2.624967
0.824438753428691,2.625368
0.8244798971932097,2.62563
0.8245210409577287,2.625292
0.8245621847222476,2.625668
0.8246033284867662,2.62532
0.8246444722512852,2.625217
0.8246856160158038,2.625075
0.8247267597803228,2.625312
0.8247679035448418,2.625276
0.8248090473093606,2.625133
0.8248501910738795,2.625397
0.8248913348383982,2.624953
0.8249324786029171,2.625288
0.824973622367436,2.624987
0.8250147661319548,2.625091
0.8250559098964736,2.625076
0.8250970536609924,2.624803
0.8251381974255114,2.625
0.8251793411900302,2.625062
0.8252204849545489,2.624815
0.8252616287190679,2.624285
0.8253027724835866,2.624655
0.8253439162481057,2.624742
0.8253850600126246,2.62459
0.8254262037771433,2.624789
0.8254673475416622,2.624909
0.8255084913061811,2.625021
0.8255496350706998,2.624816
0.8255907788352187,2.624991
0.8256319225997375,2.624727
0.8256730663642564,2.625113
0.8257142101287752,2.625254
0.8257553538932941,2.625109
0.8257964976578129,2.625046
0.8258376414223317,2.625081
0.8258787851868508,2.625073
0.8259199289513695,2.62484
0.8259610727158884,2.624833
0.8260022164804073,2.62461
0.8260433602449259,2.625052
0.8260845040094449,2.624984
0.8261256477739638,2.624758
0.8261667915384826,2.624596
0.8262079353030014,2.624563
0.8262490790675202,2.624551
0.8262902228320391,2.624463
0.826331366596558,2.624442
0.8263725103610767,2.624191
0.8264136541255956,2.624431
0.8264547978901146,2.624376
0.8264959416546334,2.624351
0.8265370854191522,2.624363
0.8265782291836711,2.624629
0.8266193729481899,2.624432
0.8266605167127088,2.624285
0.8267016604772276,2.6241
0.8267428042417464,2.623851
0.8267839480062653,2.624098
0.8268250917707842,2.624172
0.8268662355353029,2.624303
0.8269073792998218,2.624275
0.8269485230643407,2.624055
0.8269896668288595,2.624227
0.8270308105933784,2.623876
0.8270719543578973,2.624189
0.8271130981224161,2.623962
0.827154241886935,2.623891
0.8271953856514538,2.624366
0.8272365294159726,2.624481
0.8272776731804915,2.624527
0.8273188169450104,2.624483
0.8273599607095291,2.624487
0.827401104474048,2.624162
0.8274422482385669,2.624232
0.8274833920030857,2.624218
0.8275245357676045,2.623827
0.8275656795321235,2.62416
0.8276068232966423,2.623403
0.8276479670611612,2.622414
0.82768911082568,2.621901
0.8277302545901988,2.621535
0.8277713983547177,2.622032
0.8278125421192366,2.623278
0.8278536858837553,2.624252
0.8278948296482742,2.623902
0.827935973412793,2.62419
0.8279771171773119,2.623784
0.8280182609418307,2.623624
0.8280594047063495,2.623408
0.8281005484708684,2.623881
0.8281416922353874,2.623785
0.828182835999906,2.623924
0.828223979764425,2.623901
0.8282651235289439,2.62368
0.8283062672934627,2.623998
0.8283474110579815,2.624098
0.8283885548225004,2.623868
0.8284296985870193,2.623712
0.8284708423515381,2.623618
0.8285119861160569,2.623747
0.8285531298805757,2.62393
0.8285942736450946,2.623863
0.8286354174096136,2.623567
0.8286765611741322,2.623751
0.8287177049386512,2.624095
0.8287588487031702,2.623986
0.8287999924676889,2.623972
0.8288411362322077,2.623854
0.8288822799967265,2.623504
0.8289234237612454,2.623799
0.8289645675257644,2.624008
0.829005711290283,2.623417
0.829046855054802,2.623461
0.8290879988193208,2.623544
0.8291291425838395,2.623568
0.8291702863483585,2.623682
0.8292114301128773,2.623576
0.8292525738773963,2.623609
0.8292937176419151,2.623692
0.8293348614064339,2.623767
0.8293760051709528,2.623522
0.8294171489354716,2.623707
0.8294582926999905,2.624181
0.8294994364645092,2.624009
0.8295405802290281,2.623738
0.8295817239935471,2.623974
0.8296228677580657,2.623794
0.8296640115225847,2.623825
0.8297051552871036,2.623977
0.8297462990516223,2.623604
0.8297874428161414,2.623497
0.82982858658066,2.623509
0.829869730345179,2.623407
0.8299108741096979,2.623411
0.8299520178742167,2.623615
0.8299931616387355,2.623576
0.8300343054032543,2.623475
0.8300754491677732,2.623475
0.8301165929322921,2.623185
0.8301577366968108,2.622171
0.8301988804613298,2.620966
0.8302400242258485,2.621485
0.8302811679903673,2.622596
0.8303223117548864,2.623616
0.830363455519405,2.623115
0.8304045992839241,2.622324
0.8304457430484427,2.621266
0.8304868868129617,2.62123
0.8305280305774806,2.621729
0.8305691743419993,2.621971
0.8306103181065183,2.621883
0.830651461871037,2.621915
0.8306926056355559,2.621979
0.8307337494000748,2.622531
0.8307748931645935,2.622909
0.8308160369291124,2.62299
0.8308571806936313,2.622691
0.8308983244581502,2.622611
0.8309394682226691,2.62322
0.8309806119871878,2.623064
0.8310217557517068,2.623005
0.8310628995162256,2.622938
0.8311040432807445,2.623143
0.8311451870452633,2.623336
0.831186330809782,2.622968
0.831227474574301,2.623053
0.8312686183388199,2.622547
0.8313097621033386,2.622933
0.8313509058678575,2.622654
0.8313920496323763,2.622808
0.8314331933968953,2.623038
0.8314743371614141,2.62277
0.8315154809259329,2.623103
0.8315566246904518,2.623172
0.8315977684549705,2.6228
0.8316389122194895,2.62352
0.8316800559840083,2.623985
0.8317211997485272,2.62387
0.8317623435130461,2.623884
0.8318034872775647,2.624131
0.8318446310420837,2.623993
0.8318857748066026,2.623556
0.8319269185711214,2.62392
0.8319680623356402,2.624344
0.8320092061001592,2.623672
0.832050349864678,2.623974
0.8320914936291969,2.623999
0.8321326373937156,2.623774
0.8321737811582345,2.623595
0.8322149249227534,2.623674
0.8322560686872721,2.623682
0.832297212451791,2.623698
0.8323383562163099,2.623547
0.8323794999808287,2.623905
0.8324206437453476,2.623703
0.8324617875098664,2.62375
0.8325029312743852,2.624012
0.8325440750389042,2.623897
0.8325852188034231,2.623413
0.8326263625679418,2.623586
0.8326675063324607,2.623304
0.8327086500969796,2.623521
0.8327497938614983,2.623329
0.8327909376260172,2.623253
0.8328320813905361,2.623375
0.8328732251550549,2.623104
0.8329143689195738,2.622893
0.8329555126840926,2.622456
0.8329966564486114,2.622417
0.8330378002131303,2.622623
0.8330789439776493,2.623147
0.833120087742168,2.623229
0.8331612315066869,2.622749
0.8332023752712058,2.622778
0.8332435190357245,2.622686
0.8332846628002434,2.622633
0.8333258065647623,2.622294
0.8333669503292811,2.622544
0.8334080940938,2.621772
0.8334492378583188,2.622144
0.8334903816228376,2.622325
0.8335315253873565,2.622012
0.8335726691518754,2.622543
0.8336138129163941,2.622258
0.833654956680913,2.62277
0.8336961004454319,2.622894
0.8337372442099507,2.622561
0.8337783879744696,2.622291
0.8338195317389884,2.622135
0.8338606755035073,2.622256
0.8339018192680262,2.621764
0.8339429630325449,2.622035
0.8339841067970638,2.62214
0.8340252505615827,2.622052
0.8340663943261014,2.621982
0.8341075380906204,2.621613
0.8341486818551392,2.621599
0.834189825619658,2.621445
0.8342309693841768,2.621835
0.8342721131486958,2.621701
0.8343132569132147,2.622009
0.8343544006777335,2.622039
0.8343955444422524,2.622155
0.8344366882067711,2.622117
0.83447783197129,2.622101
0.8345189757358089,2.622234
0.8345601195003276,2.622299
0.8346012632648465,2.622265
0.8346424070293653,2.62176
0.8346835507938842,2.622052
0.8347246945584033,2.622009
0.8347658383229218,2.622074
0.8348069820874408,2.622146
0.8348481258519597,2.621824
0.8348892696164784,2.621307
0.8349304133809974,2.620651
0.8349715571455162,2.620376
0.8350127009100351,2.620454
0.8350538446745538,2.620493
0.8350949884390727,2.620858
0.8351361322035916,2.621019
0.8351772759681104,2.621163
0.8352184197326292,2.621366
0.8352595634971481,2.621423
0.8353007072616669,2.621549
0.835341851026186,2.621603
0.8353829947907045,2.62144
0.8354241385552235,2.621211
0.8354652823197425,2.621671
0.8355064260842612,2.621494
0.8355475698487802,2.621718
0.8355887136132989,2.62143
0.8356298573778178,2.621232
0.8356710011423367,2.621723
0.8357121449068554,2.621649
0.8357532886713743,2.621642
0.8357944324358931,2.621731
0.835835576200412,2.622317
0.835876719964931,2.622117
0.8359178637294497,2.62204
0.8359590074939687,2.621777
0.8360001512584874,2.621829
0.8360412950230062,2.622113
0.8360824387875252,2.622319
0.8361235825520439,2.622232
0.8361647263165629,2.621818
0.8362058700810815,2.622069
0.8362470138456005,2.62197
0.8362881576101194,2.621909
0.836329301374638,2.621949
0.836370445139157,2.622077
0.836411588903676,2.622327
0.8364527326681948,2.622399
0.8364938764327137,2.622332
0.8365350201972324,2.621575
0.8365761639617513,2.621845
0.8366173077262702,2.621859
0.836658451490789,2.621737
0.8366995952553078,2.621872
0.8367407390198266,2.622167
0.8367818827843456,2.622176
0.8368230265488644,2.622196
0.8368641703133831,2.622057
0.8369053140779021,2.621751
0.8369464578424208,2.622291
0.8369876016069399,2.62212
0.8370287453714588,2.622118
0.8370698891359775,2.622203
0.8371110329004964,2.622099
0.8371521766650152,2.62199
0.837193320429534,2.622109
0.8372344641940529,2.622132
0.8372756079585717,2.62151
0.8373167517230906,2.621876
0.8373578954876093,2.621876
0.8373990392521283,2.621677
0.8374401830166471,2.621531
0.8374813267811659,2.621266
0.837522470545685,2.621501
0.8375636143102037,2.621478
0.8376047580747226,2.621684
0.8376459018392415,2.621136
0.8376870456037602,2.621277
0.8377281893682791,2.621283
0.837769333132798,2.621361
0.8378104768973168,2.621432
0.8378516206618356,2.621151
0.8378927644263544,2.621085
0.8379339081908733,2.621168
0.8379750519553922,2.621285
0.8380161957199109,2.620759
0.8380573394844298,2.620873
0.8380984832489486,2.621158
0.8381396270134676,2.620955
0.8381807707779864,2.620908
0.8382219145425053,2.620854
0.8382630583070241,2.62117
0.838304202071543,2.62106
0.8383453458360618,2.621171
0.8383864896005806,2.621328
0.8384276333650995,2.621273
0.8384687771296184,2.621455
0.8385099208941371,2.621354
0.838551064658656,2.621197
0.838592208423175,2.621518
0.8386333521876937,2.621467
0.8386744959522126,2.621521
0.8387156397167315,2.62147
0.8387567834812503,2.621343
0.8387979272457692,2.621057
0.8388390710102879,2.621211
0.8388802147748068,2.621207
0.8389213585393257,2.621141
0.8389625023038445,2.621598
0.8390036460683633,2.620982
0.8390447898328822,2.621268
0.839085933597401,2.621565
0.8391270773619199,2.621298
0.8391682211264387,2.620889
0.8392093648909575,2.621382
0.8392505086554765,2.621372
0.8392916524199954,2.621256
0.8393327961845141,2.621312
0.839373939949033,2.621469
0.8394150837135519,2.62124
0.8394562274780707,2.621251
0.8394973712425895,2.621348
0.8395385150071084,2.620795
0.8395796587716272,2.621399
0.8396208025361461,2.621196
0.8396619463006649,2.620993
0.8397030900651837,2.621042
0.8397442338297026,2.621126
0.8397853775942216,2.621212
0.8398265213587403,2.620904
0.8398676651232593,2.621045
0.8399088088877781,2.620605
0.8399499526522969,2.621146
0.8399910964168157,2.621017
0.8400322401813346,2.621005
0.8400733839458535,2.621447
0.8401145277103723,2.621359
0.8401556714748911,2.62105
0.8401968152394099,2.621063
0.8402379590039288,2.621007
0.8402791027684477,2.620526
0.8403202465329664,2.620897
0.8403613902974854,2.620979
0.8404025340620042,2.62113
0.8404436778265231,2.620856
0.8404848215910421,2.620873
0.8405259653555607,2.620985
0.8405671091200796,2.620985
0.8406082528845985,2.621047
0.8406493966491172,2.620746
0.8406905404136362,2.620785
0.840731684178155,2.621153
0.8407728279426737,2.621317
0.8408139717071927,2.621244
0.8408551154717115,2.620894
0.8408962592362305,2.620714
0.8409374030007493,2.620601
0.8409785467652681,2.62074
0.841019690529787,2.620422
0.8410608342943058,2.620385
0.8411019780588247,2.620644
0.8411431218233434,2.620752
0.8411842655878623,2.620767
0.8412254093523813,2.620749
0.8412665531168999,2.620777
0.8413076968814189,2.620795
0.8413488406459377,2.620713
0.8413899844104565,2.620733
0.8414311281749756,2.620394
0.8414722719394943,2.62085
0.8415134157040132,2.620778
0.841554559468532,2.620886
0.8415957032330509,2.620784
0.8416368469975697,2.620598
0.8416779907620885,2.620654
0.8417191345266074,2.620714
0.8417602782911261,2.620594
0.841801422055645,2.620126
0.841842565820164,2.620418
0.8418837095846827,2.620396
0.8419248533492018,2.620725
0.8419659971137207,2.620596
0.8420071408782392,2.620542
0.8420482846427583,2.62055
0.8420894284072769,2.620489
0.8421305721717959,2.620589
0.8421717159363148,2.620258
0.8422128597008336,2.620748
0.8422540034653525,2.620833
0.8422951472298712,2.620634
0.8423362909943901,2.620626
0.842377434758909,2.62069
0.8424185785234277,2.620595
0.8424597222879466,2.620631
0.8425008660524654,2.620395
0.8425420098169845,2.620417
0.8425831535815033,2.62064
0.842624297346022,2.620474
0.842665441110541,2.620492
0.8427065848750597,2.620601
0.8427477286395787,2.6208
0.8427888724040975,2.621083
0.8428300161686163,2.621113
0.8428711599331352,2.620836
0.8429123036976541,2.620602
0.8429534474621728,2.620752
0.8429945912266917,2.62084
0.8430357349912105,2.620738
0.8430768787557295,2.620862
0.8431180225202483,2.621122
0.8431591662847672,2.621208
0.843200310049286,2.621289
0.8432414538138047,2.621042
0.8432825975783237,2.620386
0.8433237413428425,2.6207
0.8433648851073614,2.62087
0.8434060288718803,2.620714
0.8434471726363989,2.62076
0.8434883164009179,2.620848
0.8435294601654368,2.620644
0.8435706039299556,2.620363
0.8436117476944744,2.620278
0.8436528914589932,2.619854
0.8436940352235122,2.620233
0.8437351789880311,2.620585
0.8437763227525498,2.620477
0.8438174665170687,2.620366
0.8438586102815875,2.620066
0.8438997540461063,2.620204
0.8439408978106252,2.620387
0.8439820415751441,2.620037
0.8440231853396629,2.61977
0.8440643291041818,2.619966
0.8441054728687006,2.62002
0.8441466166332194,2.620075
0.8441877603977384,2.619803
0.8442289041622573,2.619763
0.844270047926776,2.619998
0.8443111916912949,2.619881
0.8443523354558138,2.619987
0.8443934792203325,2.619841
0.8444346229848514,2.619912
0.8444757667493703,2.620169
0.8445169105138891,2.620113
0.844558054278408,2.6201
0.8445991980429267,2.619922
0.8446403418074456,2.61982
0.8446814855719645,2.619854
0.8447226293364832,2.619869
0.8447637731010021,2.61957
0.8448049168655211,2.619726
0.8448460606300399,2.620097
0.8448872043945587,2.620183
0.8449283481590776,2.620211
0.8449694919235964,2.620075
0.8450106356881153,2.620016
0.8450517794526342,2.620069
0.8450929232171529,2.619848
0.8451340669816718,2.61964
0.8451752107461907,2.618965
0.8452163545107096,2.619781
0.8452574982752283,2.619552
0.8452986420397473,2.61939
0.845339785804266,2.619381
0.8453809295687849,2.619466
0.8454220733333038,2.619544
0.8454632170978226,2.619711
0.8455043608623415,2.61994
0.8455455046268604,2.61927
0.8455866483913791,2.619559
0.845627792155898,2.619477
0.8456689359204169,2.619344
0.8457100796849356,2.619272
0.8457512234494545,2.619388
0.8457923672139734,2.619178
0.8458335109784924,2.619094
0.845874654743011,2.619092
0.84591579850753,2.618581
0.8459569422720488,2.618762
0.8459980860365677,2.618798
0.8460392298010866,2.618721
0.8460803735656053,2.619604
0.8461215173301242,2.619753
0.846162661094643,2.619653
0.8462038048591618,2.619635
0.8462449486236807,2.619997
0.8462860923881995,2.619546
0.8463272361527184,2.619666
0.8463683799172375,2.619674
0.846409523681756,2.619762
0.8464506674462751,2.619755
0.8464918112107939,2.619879
0.8465329549753126,2.619754
0.8465740987398316,2.619685
0.8466152425043504,2.619699
0.8466563862688693,2.619401
0.846697530033388,2.619618
0.8467386737979069,2.619513
0.8467798175624258,2.619576
0.8468209613269446,2.619424
0.8468621050914634,2.619452
0.8469032488559822,2.619591
0.8469443926205011,2.619485
0.8469855363850202,2.6193
0.8470266801495387,2.61903
0.8470678239140578,2.618878
0.8471089676785766,2.619227
0.8471501114430954,2.619055
0.8471912552076144,2.619136
0.8472323989721331,2.618988
0.847273542736652,2.619054
0.8473146865011709,2.618842
0.8473558302656896,2.618854
0.8473969740302085,2.618669
0.8474381177947273,2.618215
0.8474792615592462,2.618762
0.8475204053237652,2.618494
0.8475615490882838,2.618486
0.8476026928528029,2.61844
0.8476438366173216,2.6181
0.8476849803818404,2.617113
0.8477261241463594,2.61714
0.8477672679108781,2.617333
0.8478084116753971,2.616915
0.8478495554399157,2.617414
0.8478906992044347,2.617487
0.8479318429689536,2.617402
0.8479729867334722,2.617509
0.8480141304979913,2.617526
0.84805527426251,2.617519
0.848096418027029,2.617808
0.8481375617915479,2.617807
0.8481787055560666,2.617572
0.8482198493205855,2.617968
0.8482609930851043,2.617744
0.8483021368496232,2.617876
0.848343280614142,2.61791
0.8483844243786608,2.617769
0.8484255681431798,2.617706
0.8484667119076986,2.6179
0.8485078556722174,2.617648
0.8485489994367363,2.617269
0.848590143201255,2.617632
0.8486312869657741,2.617383
0.848672430730293,2.617056
0.8487135744948117,2.617265
0.8487547182593306,2.617173
0.8487958620238494,2.617277
0.8488370057883682,2.617351
0.8488781495528871,2.617381
0.8489192933174059,2.616737
0.8489604370819248,2.617247
0.8490015808464435,2.617252
0.8490427246109624,2.617056
0.8490838683754813,2.616979
0.8491250121400002,2.617157
0.8491661559045189,2.616906
0.8492072996690377,2.616553
0.8492484434335568,2.616688
0.8492895871980756,2.616644
0.8493307309625944,2.617003
0.8493718747271133,2.617164
0.849413018491632,2.617038
0.849454162256151,2.616835
0.8494953060206698,2.616956
0.8495364497851886,2.616884
0.8495775935497075,2.617053
0.8496187373142264,2.61707
0.8496598810787451,2.616653
0.849701024843264,2.616557
0.849742168607783,2.616657
0.8497833123723018,2.61667
0.8498244561368206,2.616853
0.8498655999013395,2.616998
0.8499067436658583,2.617355
0.8499478874303772,2.617479
0.849989031194896,2.617759
0.8500301749594148,2.617546
0.8500713187239337,2.617152
0.8501124624884526,2.61719
0.8501536062529713,2.617374
0.8501947500174902,2.617684
0.8502358937820091,2.617411
0.850277037546528,2.61744
0.8503181813110468,2.617259
0.8503593250755656,2.617126
0.8504004688400845,2.616742
0.8504416126046034,2.616459
0.8504827563691221,2.616946
0.850523900133641,2.617019
0.8505650438981599,2.617189
0.8506061876626787,2.617132
0.8506473314271975,2.616912
0.8506884751917164,2.616761
0.8507296189562352,2.616996
0.8507707627207541,2.616981
0.8508119064852729,2.616171
0.8508530502497917,2.616729
0.8508941940143107,2.616699
0.8509353377788296,2.616768
0.8509764815433483,2.616604
0.8510176253078672,2.616826
0.8510587690723861,2.616475
0.8510999128369049,2.616464
0.8511410566014237,2.616475
0.8511822003659426,2.616032
0.8512233441304614,2.616373
0.8512644878949803,2.616391
0.8513056316594991,2.616637
0.8513467754240179,2.616665
0.8513879191885368,2.616343
0.8514290629530558,2.616309
0.8514702067175745,2.616545
0.8515113504820934,2.616546
0.8515524942466123,2.616195
0.8515936380111311,2.61619
0.8516347817756499,2.616349
0.8516759255401688,2.61667
0.8517170693046877,2.616716
0.8517582130692065,2.616389
0.8517993568337253,2.616518
0.8518405005982441,2.616338
0.851881644362763,2.616226
0.851922788127282,2.615997
0.8519639318918006,2.615968
0.8520050756563196,2.615966
0.8520462194208384,2.616024
0.8520873631853573,2.616152
0.8521285069498763,2.616155
0.8521696507143949,2.616565
0.8522107944789138,2.616191
0.8522519382434327,2.61607
0.8522930820079514,2.615809
0.8523342257724704,2.615895
0.8523753695369892,2.615661
0.8524165133015081,2.615587
0.8524576570660268,2.615626
0.8524988008305457,2.615495
0.8525399445950647,2.615459
0.8525810883595835,2.615417
0.8526222321241023,2.615729
0.8526633758886211,2.615209
0.85270451965314,2.615204
0.852745663417659,2.615757
0.8527868071821776,2.615998
0.8528279509466965,2.615695
0.8528690947112155,2.61594
0.8529102384757341,2.615559
0.8529513822402531,2.61548
0.8529925260047719,2.615611
0.8530336697692908,2.615633
0.8530748135338098,2.61525
0.8531159572983285,2.615371
0.8531571010628474,2.615399
0.8531982448273662,2.615579
0.8532393885918851,2.615601
0.8532805323564039,2.615655
0.8533216761209227,2.615954
0.8533628198854417,2.615667
0.8534039636499603,2.615366
0.8534451074144792,2.615026
0.8534862511789982,2.615101
0.8535273949435169,2.614967
0.853568538708036,2.614769
0.8536096824725545,2.614977
0.8536508262370736,2.614969
0.8536919700015925,2.614697
0.853733113766111,2.614621
0.8537742575306301,2.614834
0.8538154012951489,2.614403
0.8538565450596678,2.614847
0.8538976888241867,2.614854
0.8539388325887054,2.615222
0.8539799763532243,2.615337
0.8540211201177432,2.615273
0.8540622638822619,2.615359
0.8541034076467808,2.615114
0.8541445514112996,2.615425
0.8541856951758187,2.615108
0.8542268389403375,2.615395
0.8542679827048562,2.615374
0.8543091264693752,2.615243
0.8543502702338939,2.615076
0.8543914139984129,2.61481
0.8544325577629317,2.614748
0.8544737015274505,2.614662
0.8545148452919694,2.614968
0.854555989056488,2.614687
0.854597132821007,2.615228
0.8546382765855259,2.615185
0.8546794203500447,2.614973
0.8547205641145637,2.61473
0.8547617078790823,2.614336
0.8548028516436013,2.613769
0.8548439954081202,2.613439
0.8548851391726389,2.613519
0.8549262829371578,2.613052
0.8549674267016766,2.613652
0.8550085704661956,2.613466
0.8550497142307143,2.613507
0.8550908579952332,2.613674
0.8551320017597521,2.613682
0.8551731455242709,2.613575
0.8552142892887898,2.613993
0.8552554330533086,2.613924
0.8552965768178274,2.613532
0.8553377205823464,2.614017
0.8553788643468653,2.614088
0.855420008111384,2.614255
0.8554611518759029,2.614208
0.8555022956404217,2.613785
0.8555434394049405,2.613702
0.8555845831694594,2.613573
0.8556257269339783,2.61353
0.8556668706984971,2.612927
0.855708014463016,2.613325
0.8557491582275348,2.613548
0.8557903019920536,2.613403
0.8558314457565726,2.613445
0.8558725895210915,2.613869
0.8559137332856102,2.613914
0.8559548770501291,2.613932
0.855996020814648,2.613896
0.8560371645791667,2.613874
0.8560783083436856,2.613383
0.8561194521082045,2.613485
0.8561605958727233,2.613482
0.8562017396372422,2.613447
0.8562428834017609,2.613476
0.8562840271662798,2.613435
0.8563251709307987,2.6142
0.8563663146953174,2.613516
0.8564074584598363,2.613468
0.8564486022243553,2.612724
0.8564897459888741,2.613206
0.8565308897533929,2.613422
0.8565720335179118,2.613514
0.8566131772824306,2.613772
0.8566543210469495,2.613254
0.8566954648114684,2.613107
0.8567366085759871,2.612781
0.856777752340506,2.612749
0.8568188961050249,2.61218
0.8568600398695436,2.612648
0.8569011836340625,2.612592
0.8569423273985814,2.612712
0.8569834711631003,2.612645
0.857024614927619,2.612659
0.857065758692138,2.612586
0.8571069024566568,2.612595
0.8571480462211757,2.612638
0.8571891899856946,2.612202
0.8572303337502133,2.6126
0.8572714775147323,2.612463
0.8573126212792511,2.612538
0.8573537650437698,2.612678
0.8573949088082887,2.61252
0.8574360525728076,2.612777
0.8574771963373266,2.612785
0.8575183401018452,2.612681
0.8575594838663642,2.612234
0.857600627630883,2.61234
0.8576417713954019,2.612306
0.8576829151599208,2.612133
0.8577240589244395,2.612288
0.8577652026889584,2.612558
0.8578063464534772,2.612601
0.857847490217996,2.612656
0.857888633982515,2.612415
0.8579297777470337,2.611992
0.8579709215115526,2.612288
0.8580120652760714,2.612358
0.8580532090405902,2.612622
0.8580943528051093,2.612687
0.8581354965696281,2.612676
0.8581766403341468,2.612627
0.8582177840986657,2.612607
0.8582589278631846,2.612679
0.8583000716277035,2.612445
0.8583412153922222,2.612389
0.8583823591567411,2.612447
0.85842350292126,2.612396
0.8584646466857788,2.612533
0.8585057904502976,2.612543
0.8585469342148164,2.612387
0.8585880779793353,2.612252
0.8586292217438544,2.612136
0.858670365508373,2.611216
0.858711509272892,2.610846
0.8587526530374107,2.610929
0.8587937968019296,2.610934
0.8588349405664486,2.611047
0.8588760843309672,2.610867
0.8589172280954862,2.611248
0.858958371860005,2.611155
0.8589995156245238,2.611493
0.8590406593890427,2.611426
0.8590818031535615,2.611088
0.8591229469180804,2.611323
0.8591640906825991,2.611282
0.859205234447118,2.611426
0.859246378211637,2.611644
0.8592875219761558,2.611753
0.8593286657406748,2.611601
0.8593698095051934,2.611804
0.8594109532697123,2.611911
0.8594520970342313,2.61144
0.8594932407987499,2.612203
0.8595343845632689,2.612098
0.8595755283277878,2.6116
0.8596166720923066,2.611585
0.8596578158568255,2.611429
0.8596989596213442,2.611628
0.8597401033858632,2.611892
0.8597812471503821,2.611745
0.8598223909149008,2.611338
0.8598635346794197,2.611517
0.8599046784439385,2.611602
0.8599458222084575,2.611452
0.8599869659729762,2.611262
0.860028109737495,2.611609
0.860069253502014,2.611595
0.8601103972665326,2.61161
0.8601515410310516,2.611715
0.8601926847955705,2.611455
0.8602338285600893,2.61192
0.8602749723246083,2.612088
0.8603161160891268,2.612002
0.8603572598536459,2.611845
0.8603984036181648,2.611455
0.8604395473826836,2.611669
0.8604806911472024,2.612026
0.8605218349117213,2.612325
0.8605629786762401,2.611656
0.860604122440759,2.612227
0.8606452662052777,2.612627
0.8606864099697966,2.612795
0.8607275537343155,2.612926
0.8607686974988344,2.612805
0.8608098412633531,2.612909
0.8608509850278719,2.613084
0.860892128792391,2.612976
0.8609332725569098,2.612743
0.8609744163214286,2.6131
0.8610155600859475,2.613201
0.8610567038504663,2.613263
0.8610978476149852,2.612945
0.861138991379504,2.612997
0.8611801351440228,2.613004
0.8612212789085417,2.613215
0.8612624226730605,2.613325
0.8613035664375793,2.613127
0.8613447102020982,2.612967
0.8613858539666172,2.613042
0.861426997731136,2.612976
0.8614681414956546,2.613232
0.8615092852601737,2.613221
0.8615504290246925,2.613202
0.8615915727892114,2.612826
0.8616327165537302,2.613457
0.861673860318249,2.613248
0.8617150040827679,2.613171
0.8617561478472868,2.613137
0.8617972916118055,2.612921
0.8618384353763244,2.613079
0.8618795791408433,2.613016
0.8619207229053621,2.613018
0.861961866669881,2.613117
0.8620030104343998,2.613122
0.8620441541989187,2.612968
0.8620852979634376,2.612892
0.8621264417279563,2.61323
0.8621675854924752,2.613356
0.8622087292569941,2.61326
0.8622498730215129,2.613008
0.8622910167860317,2.612913
0.8623321605505506,2.613217
0.8623733043150694,2.612968
0.8624144480795883,2.613178
0.8624555918441071,2.612976
0.8624967356086259,2.613357
0.8625378793731449,2.612835
0.8625790231376638,2.613105
0.8626201669021825,2.613039
0.8626613106667014,2.613328
0.8627024544312203,2.613479
0.8627435981957391,2.613309
0.8627847419602579,2.612931
0.8628258857247768,2.61251
0.8628670294892956,2.61299
0.8629081732538145,2.612828
0.8629493170183333,2.61318
0.8629904607828521,2.612992
0.863031604547371,2.61304
0.86307274831189,2.613003
0.8631138920764087,2.613442
0.8631550358409276,2.613403
0.8631961796054465,2.612619
0.8632373233699654,2.612929
0.8632784671344841,2.61313
0.863319610899003,2.613245
0.8633607546635218,2.613216
0.8634018984280407,2.613229
0.8634430421925595,2.613405
0.8634841859570783,2.612996
0.8635253297215972,2.613336
0.8635664734861159,2.612603
0.8636076172506348,2.612969
0.8636487610151538,2.613259
0.8636899047796726,2.613265
0.8637310485441915,2.613128
0.8637721923087103,2.61312
0.8638133360732291,2.613382
0.8638544798377481,2.613223
0.8638956236022669,2.613147
0.8639367673667856,2.612671
0.8639779111313046,2.613188
0.8640190548958234,2.613424
0.8640601986603423,2.612951
0.864101342424861,2.613121
0.8641424861893799,2.613256
0.8641836299538989,2.613217
0.8642247737184177,2.613375
0.8642659174829365,2.613233
0.8643070612474553,2.613285
0.8643482050119742,2.61353
0.8643893487764932,2.613799
0.8644304925410118,2.613593
0.8644716363055308,2.61355
0.8645127800700495,2.613462
0.8645539238345683,2.613371
0.8645950675990873,2.613303
0.864636211363606,2.613558
0.864677355128125,2.613252
0.8647184988926438,2.613028
0.8647596426571625,2.613178
0.8648007864216816,2.613213
0.8648419301862004,2.613128
0.8648830739507193,2.613059
0.8649242177152381,2.613282
0.8649653614797569,2.613074
0.8650065052442758,2.613168
0.8650476490087945,2.613163
0.8650887927733134,2.612831
0.8651299365378323,2.613132
0.8651710803023511,2.61297
0.8652122240668702,2.613055
0.8652533678313887,2.612982
0.8652945115959078,2.612929
0.8653356553604267,2.613085
0.8653767991249453,2.612932
0.8654179428894643,2.612956
0.8654590866539831,2.612
0.865500230418502,2.612584
0.8655413741830209,2.612868
0.8655825179475396,2.613022
0.8656236617120585,2.612982
0.8656648054765773,2.612595
0.8657059492410962,2.612629
0.865747093005615,2.612661
0.8657882367701338,2.612684
0.8658293805346529,2.612432
0.8658705242991714,2.612695
0.8659116680636905,2.612918
0.8659528118282094,2.612911
0.8659939555927281,2.613005
0.8660350993572471,2.613257
0.8660762431217659,2.613059
0.8661173868862847,2.612841
0.8661585306508036,2.612948
0.8661996744153223,2.612319
0.8662408181798412,2.612589
0.8662819619443601,2.612561
0.8663231057088789,2.612586
0.8663642494733979,2.61242
0.8664053932379165,2.612135
0.8664465370024355,2.61239
0.8664876807669544,2.612561
0.8665288245314733,2.612541
0.866569968295992,2.612124
0.8666111120605108,2.612597
0.8666522558250298,2.612581
0.8666933995895485,2.612706
0.8667345433540674,2.612227
0.8667756871185863,2.612421
0.866816830883105,2.612276
0.866857974647624,2.61251
0.8668991184121428,2.6124
0.8669402621766616,2.612361
0.8669814059411806,2.612583
0.8670225497056993,2.612727
0.8670636934702182,2.612783
0.8671048372347371,2.612794
0.867145980999256,2.612704
0.8671871247637747,2.612772
0.8672282685282936,2.612776
0.8672694122928125,2.61279
0.8673105560573313,2.612363
0.8673516998218502,2.612392
0.867392843586369,2.612628
0.8674339873508878,2.612425
0.8674751311154068,2.612388
0.8675162748799257,2.612561
0.8675574186444444,2.612572
0.8675985624089633,2.612574
0.8676397061734822,2.612375
0.8676808499380009,2.611831
0.8677219937025198,2.611768
0.8677631374670386,2.612061
0.8678042812315575,2.612076
0.8678454249960764,2.611928
0.8678865687605951,2.611793
0.867927712525114,2.611821
0.8679688562896329,2.611949
0.8680100000541516,2.61183
0.8680511438186705,2.611512
0.8680922875831895,2.611128
0.8681334313477083,2.611521
0.8681745751122271,2.611312
0.868215718876746,2.611077
0.8682568626412648,2.611115
0.8682980064057837,2.61138
0.8683391501703026,2.611374
0.8683802939348213,2.611544
0.8684214376993402,2.61114
0.8684625814638591,2.610661
0.8685037252283778,2.611087
0.8685448689928967,2.611396
0.8685860127574156,2.611919
0.8686271565219345,2.611576
0.8686683002864533,2.611661
0.8687094440509721,2.611776
0.868750587815491,2.611846
0.8687917315800099,2.611559
0.8688328753445286,2.611093
0.8688740191090475,2.611665
0.8689151628735664,2.611675
0.8689563066380852,2.611792
0.868997450402604,2.611874
0.8690385941671229,2.6115
0.8690797379316417,2.611593
0.8691208816961606,2.611725
0.8691620254606794,2.611639
0.8692031692251984,2.611256
0.8692443129897172,2.611584
0.8692854567542361,2.611389
0.869326600518755,2.611302
0.8693677442832737,2.61135
0.8694088880477926,2.611334
0.8694500318123114,2.611369
0.8694911755768302,2.611096
0.8695323193413492,2.61129
0.8695734631058679,2.61108
0.8696146068703868,2.610949
0.8696557506349056,2.611054
0.8696968943994244,2.611218
0.8697380381639435,2.611294
0.8697791819284623,2.611252
0.8698203256929812,2.61132
0.8698614694574999,2.611309
0.8699026132220188,2.611406
0.8699437569865377,2.61135
0.8699849007510564,2.611241
0.8700260445155753,2.611255
0.8700671882800941,2.611308
0.870108332044613,2.611252
0.870149475809132,2.611315
0.8701906195736506,2.611354
0.8702317633381695,2.611453
0.8702729071026883,2.61141
0.8703140508672071,2.611056
0.8703551946317262,2.611078
0.8703963383962449,2.611192
0.8704374821607639,2.611292
0.8704786259252828,2.611266
0.8705197696898014,2.611246
0.8705609134543204,2.611067
0.8706020572188392,2.610863
0.870643200983358,2.610635
0.8706843447478769,2.610386
0.8707254885123957,2.610512
0.8707666322769146,2.610925
0.8708077760414333,2.610941
0.8708489198059522,2.610927
0.8708900635704712,2.610665
0.87093120733499,2.610779
0.870972351099509,2.610975
0.8710134948640276,2.61078
0.8710546386285466,2.610473
0.8710957823930655,2.610257
0.8711369261575841,2.610273
0.8711780699221031,2.609701
0.8712192136866219,2.609282
0.8712603574511408,2.609247
0.8713015012156597,2.609222
0.8713426449801784,2.60936
0.8713837887446974,2.6092
0.8714249325092162,2.609114
0.871466076273735,2.608604
0.8715072200382539,2.609195
0.8715483638027727,2.609134
0.8715895075672917,2.609247
0.8716306513318104,2.609182
0.8716717950963292,2.609232
0.8717129388608482,2.609017
0.8717540826253668,2.609229
0.8717952263898859,2.609336
0.8718363701544047,2.608817
0.8718775139189235,2.609227
0.8719186576834425,2.609051
0.871959801447961,2.609254
0.8720009452124801,2.609378
0.872042088976999,2.609337
0.8720832327415178,2.609203
0.8721243765060366,2.609459
0.8721655202705554,2.609427
0.8722066640350743,2.608774
0.8722478077995932,2.609098
0.8722889515641119,2.609103
0.8723300953286308,2.609132
0.8723712390931496,2.609236
0.8724123828576686,2.609518
0.8724535266221873,2.60955
0.8724946703867063,2.609074
0.8725358141512252,2.609079
0.8725769579157437,2.608813
0.8726181016802628,2.608891
0.8726592454447817,2.60884
0.8727003892093005,2.60868
0.8727415329738194,2.608605
0.8727826767383382,2.608663
0.872823820502857,2.608495
0.8728649642673759,2.608395
0.8729061080318947,2.608623
0.8729472517964135,2.608245
0.8729883955609324,2.608346
0.8730295393254514,2.608602
0.8730706830899702,2.608576
0.873111826854489,2.608378
0.8731529706190079,2.608073
0.8731941143835267,2.608312
0.8732352581480456,2.607623
0.8732764019125644,2.60722
0.8733175456770832,2.606984
0.8733586894416021,2.606795
0.873399833206121,2.607219
0.8734409769706397,2.607149
0.8734821207351586,2.607391
0.8735232644996774,2.607348
0.8735644082641963,2.607045
0.8736055520287151,2.60716
0.873646695793234,2.607243
0.8736878395577529,2.607137
0.8737289833222718,2.606975
0.8737701270867905,2.607273
0.8738112708513094,2.606956
0.8738524146158283,2.606876
0.8738935583803471,2.606833
0.8739347021448659,2.606863
0.8739758459093848,2.60695
0.8740169896739036,2.606656
0.8740581334384225,2.607094
0.8740992772029413,2.606832
0.8741404209674601,2.607027
0.874181564731979,2.606892
0.874222708496498,2.606817
0.8742638522610167,2.606936
0.8743049960255356,2.607022
0.8743461397900545,2.60678
0.8743872835545733,2.606532
0.8744284273190921,2.606866
0.8744695710836109,2.606337
0.8745107148481298,2.606736
0.8745518586126487,2.606848
0.8745930023771674,2.606562
0.8746341461416863,2.606453
0.8746752899062052,2.606254
0.8747164336707239,2.606333
0.8747575774352429,2.606369
0.8747987211997618,2.606462
0.8748398649642806,2.606391
0.8748810087287996,2.606679
0.8749221524933183,2.606691
0.8749632962578371,2.606522
0.875004440022356,2.606552
0.8750455837868749,2.606525
0.8750867275513937,2.606412
0.8751278713159125,2.606525
0.8751690150804314,2.60662
0.8752101588449501,2.605742
0.875251302609469,2.606019
0.8752924463739881,2.606018
0.8753335901385068,2.606105
0.8753747339030257,2.6063
0.8754158776675445,2.606369
0.8754570214320633,2.60647
0.8754981651965823,2.606504
0.8755393089611011,2.606234
0.8755804527256198,2.605927
0.8756215964901387,2.606394
0.8756627402546576,2.606609
0.8757038840191765,2.606601
0.8757450277836952,2.606405
0.8757861715482141,2.606363
0.875827315312733,2.60626
0.8758684590772519,2.60615
0.8759096028417707,2.606188
0.8759507466062895,2.605306
0.8759918903708084,2.605049
0.8760330341353274,2.605178
0.876074177899846,2.605226
0.876115321664365,2.605172
0.8761564654288837,2.605512
0.8761976091934025,2.60586
0.8762387529579215,2.605701
0.8762798967224402,2.605561
0.8763210404869592,2.605396
0.876362184251478,2.605524
0.8764033280159969,2.605755
0.8764444717805158,2.60562
0.8764856155450346,2.605879
0.8765267593095535,2.605582
0.8765679030740722,2.605771
0.8766090468385911,2.606003
0.87665019060311,2.605848
0.8766913343676287,2.606136
0.8767324781321477,2.605472
0.8767736218966664,2.605694
0.8768147656611853,2.605686
0.8768559094257043,2.605906
0.8768970531902229,2.605711
0.876938196954742,2.605575
0.8769793407192608,2.605876
0.8770204844837797,2.605758
0.8770616282482985,2.605664
0.8771027720128173,2.605444
0.8771439157773362,2.605728
0.8771850595418551,2.605506
0.8772262033063738,2.605619
0.8772673470708927,2.6059
0.8773084908354115,2.605506
0.8773496345999305,2.605702
0.8773907783644492,2.605648
0.877431922128968,2.605743
0.8774730658934871,2.605513
0.8775142096580056,2.605786
0.8775553534225247,2.605934
0.8775964971870436,2.605935
0.8776376409515624,2.60576
0.8776787847160813,2.605895
0.8777199284805999,2.606078
0.8777610722451189,2.605755
0.8778022160096378,2.605298
0.8778433597741565,2.604613
0.8778845035386754,2.605193
0.8779256473031942,2.605357
0.8779667910677131,2.605406
0.878007934832232,2.605394
0.8780490785967507,2.605554
0.8780902223612697,2.605398
0.8781313661257886,2.605766
0.8781725098903075,2.605618
0.8782136536548262,2.605216
0.878254797419345,2.605233
0.878295941183864,2.605242
0.8783370849483827,2.6053
0.8783782287129016,2.605552
0.8784193724774205,2.60545
0.8784605162419393,2.604922
0.8785016600064582,2.604851
0.878542803770977,2.604873
0.8785839475354958,2.604621
0.8786250913000148,2.604688
0.8786662350645335,2.605013
0.8787073788290524,2.60487
0.8787485225935713,2.605042
0.8787896663580901,2.605216
0.8788308101226089,2.605
0.8788719538871277,2.605011
0.8789130976516466,2.605299
0.8789542414161655,2.604939
0.8789953851806844,2.604939
0.8790365289452031,2.605226
0.879077672709722,2.604948
0.879118816474241,2.604993
0.8791599602387596,2.60496
0.8792011040032786,2.604802
0.8792422477677975,2.604993
0.8792833915323163,2.605033
0.8793245352968351,2.604714
0.879365679061354,2.604333
0.8794068228258728,2.604397
0.8794479665903917,2.603866
0.8794891103549106,2.604344
0.8795302541194293,2.604281
0.8795713978839482,2.604592
0.8796125416484671,2.60463
0.8796536854129858,2.604772
0.8796948291775047,2.604831
0.8797359729420237,2.60462
0.8797771167065425,2.604967
0.8798182604710613,2.605124
0.8798594042355802,2.605422
0.879900548000099,2.605457
0.8799416917646179,2.605443
0.8799828355291368,2.605481
0.8800239792936555,2.605333
0.8800651230581744,2.605617
0.8801062668226933,2.605224
0.880147410587212,2.605328
0.8801885543517309,2.605464
0.8802296981162497,2.60514
0.8802708418807687,2.605317
0.8803119856452875,2.605159
0.8803531294098063,2.605317
0.8803942731743252,2.60563
0.8804354169388441,2.605595
0.8804765607033628,2.605194
0.8805177044678817,2.605626
0.8805588482324006,2.605686
0.8805999919969194,2.605598
0.8806411357614384,2.605967
0.8806822795259571,2.605918
0.8807234232904759,2.605756
0.8807645670549948,2.605847
0.8808057108195136,2.605941
0.8808468545840326,2.605412
0.8808879983485514,2.60561
0.8809291421130703,2.605499
0.880970285877589,2.605621
0.8810114296421079,2.605462
0.8810525734066268,2.605359
0.8810937171711456,2.605315
0.8811348609356644,2.605268
0.8811760047001833,2.605287
0.8812171484647021,2.605164
0.8812582922292211,2.605559
0.8812994359937398,2.605552
0.8813405797582586,2.605576
0.8813817235227775,2.6057
0.8814228672872965,2.605804
0.8814640110518154,2.605951
0.8815051548163341,2.606187
0.881546298580853,2.606101
0.8815874423453719,2.605707
0.8816285861098906,2.605676
0.8816697298744095,2.605835
0.8817108736389283,2.606002
0.8817520174034472,2.605681
0.8817931611679662,2.605782
0.8818343049324848,2.60598
0.8818754486970038,2.605941
0.8819165924615225,2.605839
0.8819577362260413,2.605729
0.8819988799905604,2.605629
0.8820400237550791,2.60568
0.8820811675195981,2.605521
0.8821223112841168,2.605421
0.8821634550486356,2.605659
0.8822045988131546,2.605561
0.8822457425776734,2.60571
0.8822868863421922,2.605728
0.882328030106711,2.605662
0.8823691738712299,2.60536
0.8824103176357488,2.605939
0.8824514614002675,2.605707
0.8824926051647864,2.605688
0.8825337489293054,2.605912
0.8825748926938242,2.605845
0.8826160364583432,2.605705
0.8826571802228618,2.605493
0.8826983239873808,2.605497
0.8827394677518997,2.604994
0.8827806115164183,2.605632
0.8828217552809373,2.605612
0.8828628990454561,2.605766
0.882904042809975,2.60568
0.882945186574494,2.605526
0.8829863303390126,2.605536
0.8830274741035316,2.605788
0.8830686178680504,2.60604
0.8831097616325692,2.60566
0.8831509053970881,2.606023
0.8831920491616069,2.605918
0.8832331929261259,2.605846
0.8832743366906445,2.605952
0.8833154804551635,2.606163
0.8833566242196824,2.605997
0.8833977679842011,2.605754
0.8834389117487201,2.605732
0.8834800555132387,2.605506
0.8835211992777577,2.605921
0.8835623430422767,2.605968
0.8836034868067953,2.605741
0.8836446305713143,2.605892
0.8836857743358332,2.605634
0.883726918100352,2.605393
0.8837680618648708,2.60556
0.8838092056293896,2.605773
0.8838503493939085,2.605155
0.8838914931584274,2.605433
0.8839326369229463,2.605487
0.883973780687465,2.605546
0.8840149244519838,2.605771
0.8840560682165028,2.605627
0.8840972119810215,2.605566
0.8841383557455404,2.605392
0.8841794995100594,2.605492
0.8842206432745779,2.605085
0.884261787039097,2.605402
0.8843029308036159,2.605675
0.8843440745681347,2.60573
0.8843852183326536,2.605966
0.8844263620971723,2.606137
0.8844675058616912,2.605813
0.8845086496262101,2.605519
0.8845497933907289,2.605127
0.8845909371552477,2.604807
0.8846320809197665,2.604228
0.8846732246842854,2.603261
0.8847143684488044,2.602574
0.8847555122133232,2.602089
0.884796655977842,2.602566
0.8848377997423609,2.602774
0.8848789435068798,2.602686
0.8849200872713985,2.60276
0.8849612310359174,2.602353
0.8850023748004363,2.602076
0.8850435185649551,2.602425
0.8850846623294739,2.602346
0.8851258060939928,2.602258
0.8851669498585116,2.602392
0.8852080936230305,2.602606
0.8852492373875493,2.60281
0.8852903811520682,2.602847
0.8853315249165871,2.602482
0.885372668681106,2.602377
0.8854138124456247,2.602703
0.8854549562101436,2.602599
0.8854960999746625,2.602447
0.8855372437391813,2.602566
0.8855783875037001,2.602799
0.885619531268219,2.602798
0.8856606750327378,2.602748
0.8857018187972567,2.602903
0.8857429625617755,2.602385
0.8857841063262943,2.602566
0.8858252500908133,2.602943
0.8858663938553322,2.602946
0.8859075376198509,2.602666
0.8859486813843698,2.602841
0.8859898251488887,2.60293
0.8860309689134075,2.603051
0.8860721126779263,2.603047
0.8861132564424451,2.602512
0.886154400206964,2.602982
0.8861955439714829,2.602949
0.8862366877360016,2.602925
0.8862778315005205,2.602994
0.8863189752650394,2.602832
0.8863601190295581,2.602794
0.886401262794077,2.602973
0.886442406558596,2.602861
0.8864835503231148,2.602489
0.8865246940876337,2.603111
0.8865658378521525,2.603078
0.8866069816166714,2.602834
0.8866481253811902,2.602858
0.8866892691457091,2.602929
0.8867304129102278,2.602813
0.8867715566747467,2.602753
0.8868127004392656,2.602858
0.8868538442037843,2.602543
0.8868949879683032,2.602988
0.8869361317328223,2.60288
0.886977275497341,2.602658
0.8870184192618599,2.60263
0.8870595630263787,2.602607
0.8871007067908975,2.602438
0.8871418505554165,2.602446
0.8871829943199353,2.602584
0.8872241380844541,2.602053
0.8872652818489729,2.602404
0.8873064256134918,2.60232
0.8873475693780107,2.602523
0.8873887131425294,2.602411
0.8874298569070483,2.602263
0.8874710006715671,2.602227
0.8875121444360861,2.602439
0.8875532882006051,2.602313
0.8875944319651237,2.601827
0.8876355757296426,2.601699
0.8876767194941613,2.601866
0.8877178632586802,2.602273
0.8877590070231992,2.602309
0.8878001507877179,2.602276
0.8878412945522369,2.602246
0.8878824383167556,2.601995
0.8879235820812744,2.602
0.8879647258457934,2.602014
0.8880058696103122,2.602184
0.888047013374831,2.602317
0.88808815713935,2.602364
0.8881293009038688,2.602297
0.8881704446683877,2.602184
0.8882115884329064,2.60217
0.8882527321974253,2.602149
0.8882938759619442,2.601829
0.8883350197264629,2.601927
0.8883761634909819,2.601684
0.8884173072555006,2.601921
0.8884584510200196,2.602292
0.8884995947845385,2.602284
0.8885407385490571,2.602326
0.8885818823135762,2.602162
0.8886230260780948,2.602294
0.8886641698426139,2.602444
0.8887053136071327,2.602054
0.8887464573716514,2.601744
0.8887876011361704,2.602039
0.8888287449006891,2.602007
0.888869888665208,2.602017
0.8889110324297269,2.60222
0.8889521761942457,2.6022
0.8889933199587646,2.601984
0.8890344637232833,2.601684
0.8890756074878022,2.601862
0.8891167512523211,2.601595
0.8891578950168398,2.601897
0.8891990387813589,2.601868
0.8892401825458777,2.601765
0.8892813263103966,2.601843
0.8893224700749155,2.602114
0.8893636138394341,2.602036
0.8894047576039531,2.601808
0.889445901368472,2.60175
0.8894870451329908,2.601344
0.8895281888975096,2.601886
0.8895693326620284,2.601819
0.8896104764265473,2.601865
0.8896516201910663,2.602093
0.8896927639555849,2.601834
0.8897339077201039,2.601812
0.8897750514846227,2.601917
0.8898161952491417,2.602105
0.8898573390136604,2.601811
0.8898984827781793,2.602288
0.8899396265426982,2.602084
0.8899807703072168,2.601948
0.8900219140717358,2.601918
0.8900630578362547,2.601876
0.8901042016007735,2.602113
0.8901453453652924,2.602149
0.8901864891298112,2.602326
0.89022763289433,2.601865
0.890268776658849,2.601946
0.8903099204233677,2.601997
0.8903510641878866,2.602072
0.8903922079524055,2.601832
0.8904333517169243,2.60136
0.8904744954814431,2.600996
0.890515639245962,2.600703
0.8905567830104808,2.601063
0.8905979267749997,2.601076
0.8906390705395186,2.601623
0.8906802143040373,2.601722
0.8907213580685562,2.601877
0.8907625018330751,2.601953
0.8908036455975938,2.60218
0.8908447893621128,2.602252
0.8908859331266317,2.602147
0.8909270768911505,2.602238
0.8909682206556693,2.602099
0.8910093644201882,2.602129
0.891050508184707,2.602234
0.8910916519492259,2.602458
0.8911327957137448,2.602308
0.8911739394782635,2.602135
0.8912150832427824,2.601982
0.8912562270073013,2.602181
0.89129737077182,2.602025
0.8913385145363389,2.602001
0.8913796583008579,2.601533
0.8914208020653767,2.602025
0.8914619458298955,2.602154
0.8915030895944144,2.601998
0.8915442333589332,2.601959
0.8915853771234521,2.601933
0.891626520887971,2.601922
0.8916676646524897,2.601241
0.8917088084170086,2.60064
0.8917499521815275,2.599878
0.8917910959460462,2.600436
0.8918322397105651,2.600334
0.8918733834750839,2.600537
0.8919145272396029,2.600506
0.8919556710041217,2.600405
0.8919968147686405,2.600346
0.8920379585331594,2.599946
0.8920791022976783,2.600152
0.892120246062197,2.599783
0.8921613898267159,2.600251
0.8922025335912348,2.600012
0.8922436773557536,2.600122
0.8922848211202724,2.600196
0.8923259648847913,2.600327
0.8923671086493101,2.600471
0.892408252413829,2.600185
0.8924493961783478,2.600197
0.8924905399428668,2.599927
0.8925316837073856,2.600507
0.8925728274719045,2.599851
0.8926139712364232,2.599571
0.8926551150009421,2.599431
0.8926962587654611,2.599386
0.8927374025299798,2.599429
0.8927785462944986,2.599385
0.8928196900590175,2.599807
0.8928608338235363,2.599229
0.8929019775880553,2.599662
0.892943121352574,2.599984
0.8929842651170928,2.599727
0.8930254088816117,2.599719
0.8930665526461307,2.599939
0.8931076964106496,2.599972
0.8931488401751683,2.59988
0.8931899839396872,2.599833
0.893231127704206,2.599258
0.8932722714687248,2.599407
0.8933134152332437,2.599429
0.8933545589977625,2.599592
0.8933957027622814,2.598659
0.8934368465268001,2.598466
0.893477990291319,2.598677
0.893519134055838,2.598839
0.8935602778203567,2.599094
0.8936014215848755,2.598955
0.8936425653493946,2.599034
0.8936837091139133,2.599296
0.8937248528784323,2.599303
0.893765996642951,2.599153
0.8938071404074699,2.599409
0.8938482841719888,2.599318
0.8938894279365076,2.599148
0.8939305717010264,2.59911
0.8939717154655452,2.599314
0.8940128592300641,2.599361
0.894054002994583,2.599566
0.8940951467591017,2.59974
0.8941362905236208,2.599834
0.8941774342881394,2.599711
0.8942185780526584,2.599702
0.8942597218171774,2.599771
0.894300865581696,2.59957
0.894342009346215,2.599563
0.8943831531107336,2.599412
0.8944242968752526,2.599771
0.8944654406397715,2.599637
0.8945065844042902,2.599546
0.8945477281688092,2.59973
0.8945888719333281,2.59947
0.8946300156978468,2.599617
0.8946711594623658,2.599865
0.8947123032268846,2.59967
0.8947534469914034,2.599372
0.8947945907559223,2.600069
0.8948357345204411,2.599682
0.89487687828496,2.599193
0.8949180220494787,2.599463
0.8949591658139977,2.599299
0.8950003095785165,2.59942
0.8950414533430354,2.599622
0.8950825971075543,2.599546
0.8951237408720729,2.598982
0.8951648846365919,2.599512
0.8952060284011109,2.599339
0.8952471721656295,2.599504
0.8952883159301485,2.599728
0.8953294596946673,2.599668
0.8953706034591862,2.599491
0.895411747223705,2.599552
0.8954528909882238,2.599256
0.8954940347527427,2.598083
0.8955351785172615,2.59847
0.8955763222817805,2.598743
0.8956174660462992,2.599111
0.895658609810818,2.599341
0.895699753575337,2.599375
0.8957408973398557,2.599125
0.8957820411043746,2.59899
0.8958231848688936,2.598649
0.8958643286334124,2.59827
0.8959054723979312,2.598532
0.8959466161624501,2.598493
0.8959877599269689,2.598366
0.8960289036914878,2.598452
0.8960700474560065,2.598564
0.8961111912205254,2.59888
0.8961523349850443,2.599433
0.8961934787495631,2.600045
0.8962346225140819,2.599699
0.8962757662786007,2.600093
0.8963169100431196,2.60024
0.8963580538076386,2.600265
0.8963991975721574,2.600434
0.8964403413366762,2.600353
0.8964814851011951,2.60031
0.896522628865714,2.600284
0.8965637726302327,2.600026
0.8966049163947516,2.599835
0.8966460601592705,2.599854
0.8966872039237893,2.600175
0.8967283476883081,2.600197
0.896769491452827,2.599937
0.8968106352173458,2.599898
0.8968517789818647,2.599927
0.8968929227463835,2.59998
0.8969340665109024,2.59965
0.8969752102754213,2.599542
0.8970163540399402,2.599837
0.8970574978044589,2.60005
0.8970986415689778,2.599941
0.8971397853334967,2.599957
0.8971809290980155,2.600028
0.8972220728625343,2.599821
0.8972632166270532,2.599868
0.897304360391572,2.599932
0.8973455041560909,2.599875
0.8973866479206097,2.599419
0.8974277916851285,2.599583
0.8974689354496475,2.599601
0.8975100792141664,2.59977
0.8975512229786851,2.599936
0.897592366743204,2.599849
0.8976335105077228,2.599721
0.8976746542722417,2.599872
0.8977157980367605,2.600062
0.8977569418012793,2.599315
0.8977980855657982,2.599704
0.8978392293303171,2.599941
0.8978803730948358,2.599765
0.8979215168593547,2.59992
0.8979626606238736,2.599703
0.8980038043883923,2.599595
0.8980449481529114,2.59971
0.8980860919174302,2.599788
0.898127235681949,2.599437
0.8981683794464679,2.599964
0.8982095232109867,2.599998
0.8982506669755056,2.599945
0.8982918107400244,2.599692
0.8983329545045433,2.599656
0.898374098269062,2.599854
0.8984152420335809,2.599806
0.8984563857980998,2.599774
0.8984975295626185,2.599291
0.8985386733271374,2.599721
0.8985798170916562,2.599486
0.8986209608561752,2.599364
0.8986621046206942,2.599371
0.8987032483852128,2.599736
0.8987443921497317,2.599529
0.8987855359142506,2.599661
0.8988266796787693,2.599584
0.8988678234432883,2.599157
0.8989089672078071,2.599225
0.8989501109723259,2.599388
0.8989912547368449,2.59982
0.8990323985013636,2.599844
0.8990735422658825,2.599282
0.8991146860304013,2.59933
0.8991558297949203,2.599543
0.8991969735594391,2.599715
0.8992381173239579,2.599671
0.8992792610884769,2.599452
0.8993204048529955,2.599313
0.8993615486175144,2.599506
0.8994026923820334,2.599275
0.8994438361465521,2.599141
0.8994849799110711,2.599069
0.8995261236755898,2.598926
0.8995672674401086,2.599263
0.8996084112046276,2.599322
0.8996495549691464,2.599076
0.8996906987336653,2.599209
0.899731842498184,2.599352
0.899772986262703,2.599461
0.8998141300272219,2.599532
0.8998552737917406,2.599471
0.8998964175562595,2.599404
0.8999375613207783,2.59925
0.8999787050852971,2.59874
0.9000198488498161,2.59839
0.9000609926143348,2.598963
0.9001021363788538,2.598923
0.9001432801433727,2.598773
0.9001844239078913,2.598556
0.9002255676724104,2.598598
0.900266711436929,2.598745
0.9003078552014481,2.598716
0.9003489989659669,2.598588
0.9003901427304857,2.598295
0.9004312864950046,2.599092
0.9004724302595233,2.598807
0.9005135740240422,2.598787
0.9005547177885611,2.598887
0.9005958615530799,2.598646
0.9006370053175988,2.598646
0.9006781490821175,2.598623
0.9007192928466365,2.598534
0.9007604366111553,2.597965
0.900801580375674,2.598191
0.9008427241401931,2.597791
0.9008838679047118,2.597321
0.9009250116692308,2.597676
0.9009661554337497,2.597657
0.9010072991982684,2.596793
0.9010484429627873,2.596515
0.9010895867273061,2.596223
0.901130730491825,2.595651
0.9011718742563438,2.596083
0.9012130180208626,2.596114
0.9012541617853815,2.596066
0.9012953055499004,2.595966
0.9013364493144193,2.595977
0.901377593078938,2.595763
0.9014187368434569,2.595824
0.9014598806079759,2.595867
0.9015010243724946,2.595431
0.9015421681370135,2.59585
0.9015833119015324,2.595891
0.901624455666051,2.596058
0.90166559943057,2.596436
0.9017067431950889,2.596401
0.9017478869596077,2.596293
0.9017890307241266,2.596145
0.9018301744886453,2.596325
0.9018713182531642,2.595702
0.9019124620176832,2.595999
0.9019536057822019,2.594997
0.9019947495467208,2.593939
0.9020358933112396,2.593776
0.9020770370757585,2.594215
0.9021181808402773,2.594564
0.9021593246047962,2.594627
0.902200468369315,2.5954
0.9022416121338338,2.595272
0.9022827558983528,2.595329
0.9023238996628715,2.595732
0.9023650434273904,2.59586
0.9024061871919093,2.59582
0.902447330956428,2.595735
0.902488474720947,2.596099
0.9025296184854659,2.596607
0.9025707622499847,2.596591
0.9026119060145035,2.596386
0.9026530497790224,2.596209
0.9026941935435412,2.596659
0.9027353373080601,2.596469
0.902776481072579,2.596201
0.9028176248370977,2.596092
0.9028587686016166,2.596147
0.9028999123661355,2.596179
0.9029410561306542,2.59628
0.9029821998951731,2.596051
0.9030233436596921,2.595706
0.9030644874242109,2.59613
0.9031056311887297,2.595963
0.9031467749532486,2.596337
0.9031879187177674,2.596569
0.9032290624822863,2.596326
0.9032702062468052,2.596203
0.9033113500113239,2.596126
0.9033524937758428,2.595795
0.9033936375403617,2.595123
0.9034347813048804,2.595701
0.9034759250693993,2.595794
0.9035170688339181,2.595744
0.903558212598437,2.59582
0.9035993563629559,2.595921
0.9036405001274747,2.5961
0.9036816438919936,2.595862
0.9037227876565125,2.595732
0.9037639314210312,2.595612
0.9038050751855501,2.595657
0.903846218950069,2.595697
0.9038873627145878,2.595796
0.9039285064791066,2.595873
0.9039696502436255,2.595873
0.9040107940081444,2.595912
0.9040519377726632,2.595827
0.904093081537182,2.59585
0.9041342253017008,2.595446
0.9041753690662198,2.595788
0.9042165128307387,2.595968
0.9042576565952574,2.595806
0.9042988003597763,2.595828
0.9043399441242951,2.595702
0.904381087888814,2.595431
0.9044222316533328,2.595374
0.9044633754178516,2.595407
0.9045045191823705,2.595058
0.9045456629468895,2.59524
0.9045868067114081,2.595329
0.9046279504759271,2.595012
0.904669094240446,2.595047
0.9047102380049648,2.594982
0.9047513817694838,2.59509
0.9047925255340025,2.595301
0.9048336692985214,2.59539
0.9048748130630402,2.594788
0.904915956827559,2.595058
0.9049571005920779,2.594817
0.9049982443565967,2.595048
0.9050393881211156,2.595166
0.9050805318856343,2.595587
0.9051216756501532,2.595616
0.9051628194146722,2.595665
0.9052039631791909,2.596086
0.90524510694371,2.595825
0.9052862507082287,2.595783
0.9053273944727475,2.595817
0.9053685382372665,2.595786
0.9054096820017852,2.596098
0.9054508257663041,2.596176
0.9054919695308229,2.595796
0.9055331132953418,2.595815
0.9055742570598606,2.596129
0.9056154008243794,2.596126
0.9056565445888983,2.595617
0.9056976883534172,2.595985
0.9057388321179359,2.595948
0.905779975882455,2.595873
0.9058211196469736,2.596026
0.9058622634114927,2.595929
0.9059034071760116,2.596061
0.9059445509405302,2.595926
0.9059856947050492,2.595925
0.9060268384695678,2.595783
0.9060679822340868,2.595886
0.9061091259986057,2.595664
0.9061502697631244,2.59583
0.9061914135276434,2.595941
0.9062325572921621,2.596019
0.906273701056681,2.595867
0.9063148448212,2.596279
0.9063559885857188,2.596317
0.9063971323502376,2.595866
0.9064382761147564,2.596293
0.9064794198792753,2.596194
0.9065205636437942,2.596009
0.9065617074083129,2.595977
0.9066028511728319,2.596001
0.9066439949373506,2.595892
0.9066851387018696,2.595862
0.9067262824663885,2.595743
0.9067674262309071,2.595496
0.9068085699954261,2.596066
0.906849713759945,2.595767
0.9068908575244637,2.595705
0.9069320012889827,2.595641
0.9069731450535015,2.59564
0.9070142888180204,2.595797
0.9070554325825392,2.595619
0.907096576347058,2.595586
0.9071377201115769,2.595116
0.9071788638760957,2.595627
0.9072200076406147,2.595698
0.9072611514051334,2.595869
0.9073022951696523,2.595838
0.9073434389341712,2.595657
0.9073845826986898,2.595723
0.9074257264632088,2.595663
0.9074668702277278,2.595546
0.9075080139922466,2.595288
0.9075491577567654,2.595535
0.9075903015212842,2.595712
0.9076314452858031,2.595636
0.907672589050322,2.595523
0.9077137328148407,2.59555
0.9077548765793596,2.595464
0.9077960203438785,2.595634
0.9078371641083973,2.595507
0.9078783078729161,2.595082
0.907919451637435,2.595148
0.9079605954019538,2.59552
0.9080017391664728,2.595586
0.9080428829309916,2.595448
0.9080840266955104,2.59537
0.9081251704600293,2.595276
0.9081663142245482,2.5954
0.9082074579890669,2.595465
0.9082486017535858,2.594943
0.9082897455181047,2.594945
0.9083308892826235,2.595117
0.9083720330471423,2.595152
0.9084131768116612,2.59501
0.90845432057618,2.59533
0.9084954643406989,2.59496
0.9085366081052176,2.594927
0.9085777518697365,2.594942
0.9086188956342555,2.594879
0.9086600393987742,2.594537
0.9087011831632931,2.595294
0.908742326927812,2.595206
0.9087834706923308,2.595026
0.9088246144568497,2.595077
0.9088657582213685,2.594925
0.9089069019858873,2.595252
0.9089480457504062,2.595212
0.9089891895149251,2.595217
0.9090303332794438,2.594166
0.9090714770439627,2.59425
0.9091126208084817,2.594227
0.9091537645730006,2.59409
0.9091949083375193,2.593974
0.9092360521020382,2.593885
0.909277195866557,2.593507
0.9093183396310759,2.59265
0.9093594833955947,2.593311
0.9094006271601135,2.593562
0.9094417709246324,2.593471
0.9094829146891513,2.593597
0.90952405845367,2.593641
0.9095652022181889,2.593764
0.9096063459827078,2.593619
0.9096474897472265,2.594036
0.9096886335117454,2.594023
0.9097297772762644,2.593904
0.9097709210407832,2.593418
0.9098120648053021,2.594131
0.9098532085698209,2.593655
0.9098943523343397,2.593211
0.9099354960988586,2.593616
0.9099766398633775,2.593597
0.9100177836278962,2.593617
0.9100589273924151,2.59362
0.9101000711569341,2.593754
0.9101412149214527,2.593683
0.9101823586859716,2.593991
0.9102235024504904,2.594062
0.9102646462150094,2.594105
0.9103057899795284,2.593835
0.910346933744047,2.593407
0.9103880775085659,2.593432
0.9104292212730848,2.593604
0.9104703650376035,2.593801
0.9105115088021225,2.593483
0.9105526525666413,2.593701
0.9105937963311602,2.5938
0.9106349400956789,2.593658
0.9106760838601978,2.593606
0.9107172276247167,2.593788
0.9107583713892355,2.593952
0.9107995151537545,2.593676
0.9108406589182731,2.593203
0.9108818026827921,2.592987
0.9109229464473111,2.593434
0.9109640902118297,2.593713
0.9110052339763486,2.593958
0.9110463777408675,2.594081
0.9110875215053863,2.593881
0.9111286652699053,2.593909
0.911169809034424,2.593823
0.9112109527989429,2.593732
0.9112520965634618,2.593398
0.9112932403279806,2.593162
0.9113343840924994,2.593405
0.9113755278570183,2.593037
0.9114166716215372,2.593296
0.9114578153860561,2.593369
0.9114989591505748,2.593405
0.9115401029150938,2.593443
0.9115812466796125,2.593243
0.9116223904441313,2.593262
0.9116635342086503,2.592842
0.911704677973169,2.593219
0.911745821737688,2.593168
0.9117869655022066,2.593246
0.9118281092667256,2.593024
0.9118692530312446,2.592975
0.9119103967957632,2.592877
0.9119515405602823,2.592861
0.911992684324801,2.592902
0.9120338280893199,2.592849
0.9120749718538388,2.593011
0.9121161156183575,2.59313
0.9121572593828764,2.593122
0.9121984031473953,2.59305
0.9122395469119141,2.593368
0.912280690676433,2.593194
0.9123218344409517,2.593052
0.9123629782054707,2.593261
0.9124041219699895,2.592619
0.9124452657345085,2.593045
0.9124864094990273,2.593139
0.912527553263546,2.593168
0.912568697028065,2.593482
0.9126098407925839,2.593067
0.9126509845571026,2.592762
0.9126921283216215,2.592963
0.9127332720861403,2.592767
0.9127744158506592,2.592651
0.912815559615178,2.592845
0.9128567033796968,2.592833
0.9128978471442157,2.592975
0.9129389909087344,2.592942
0.9129801346732535,2.592686
0.9130212784377723,2.592714
0.9130624222022911,2.592937
0.9131035659668101,2.592916
0.9131447097313287,2.592691
0.9131858534958477,2.593002
0.9132269972603666,2.592837
0.9132681410248854,2.592443
0.9133092847894042,2.59236
0.913350428553923,2.592392
0.9133915723184419,2.592317
0.9134327160829608,2.592795
0.9134738598474795,2.592895
0.9135150036119984,2.592575
0.9135561473765174,2.592817
0.913597291141036,2.592912
0.913638434905555,2.593122
0.9136795786700738,2.593273
0.9137207224345927,2.593316
0.9137618661991115,2.59359
0.9138030099636304,2.593246
0.9138441537281492,2.593188
0.9138852974926681,2.592834
0.913926441257187,2.592899
0.9139675850217057,2.59326
0.9140087287862246,2.593199
0.9140498725507435,2.593199
0.9140910163152622,2.593072
0.9141321600797812,2.593031
0.9141733038443001,2.592932
0.9142144476088189,2.59272
0.9142555913733377,2.59268
0.9142967351378565,2.592382
0.9143378789023754,2.592681
0.9143790226668943,2.592649
0.914420166431413,2.592774
0.9144613101959319,2.592862
0.9145024539604508,2.593002
0.9145435977249696,2.59309
0.9145847414894884,2.593044
0.9146258852540073,2.593038
0.9146670290185261,2.592582
0.9147081727830451,2.5927
0.9147493165475639,2.592414
0.9147904603120827,2.592278
0.9148316040766016,2.592333
0.9148727478411205,2.592362
0.9149138916056392,2.592598
0.9149550353701581,2.592557
0.914996179134677,2.592475
0.9150373228991958,2.591897
0.9150784666637146,2.591964
0.9151196104282335,2.591993
0.9151607541927523,2.591989
0.9152018979572712,2.59221
0.91524304172179,2.592168
0.9152841854863089,2.592278
0.9153253292508278,2.591972
0.9153664730153467,2.592212
0.9154076167798654,2.591529
0.9154487605443843,2.591629
0.9154899043089032,2.591799
0.915531048073422,2.591854
0.9155721918379408,2.591795
0.9156133356024597,2.591768
0.9156544793669786,2.591938
0.9156956231314974,2.592003
0.9157367668960162,2.591997
0.915777910660535,2.5916
0.915819054425054,2.592188
0.9158601981895729,2.59245
0.9159013419540916,2.592556
0.9159424857186105,2.592623
0.9159836294831293,2.592656
0.9160247732476482,2.5925
0.9160659170121672,2.592968
0.9161070607766858,2.592781
0.9161482045412047,2.592
0.9161893483057236,2.592221
0.9162304920702423,2.592424
0.9162716358347613,2.592703
0.9163127795992801,2.592809
0.916353923363799,2.592891
0.9163950671283178,2.592869
0.9164362108928367,2.592729
0.9164773546573556,2.592566
0.9165184984218744,2.591954
0.9165596421863932,2.592009
0.9166007859509121,2.592497
0.9166419297154309,2.592579
0.9166830734799499,2.592595
0.9167242172444685,2.592652
0.9167653610089874,2.592545
0.9168065047735064,2.592815
0.9168476485380251,2.592661
0.9168887923025442,2.59251
0.9169299360670629,2.592442
0.9169710798315817,2.592852
0.9170122235961007,2.592617
0.9170533673606194,2.592472
0.9170945111251383,2.59294
0.9171356548896571,2.59313
0.917176798654176,2.592723
0.9172179424186948,2.592965
0.9172590861832136,2.592857
0.9173002299477325,2.592739
0.9173413737122513,2.59315
0.9173825174767701,2.59286
0.9174236612412892,2.592717
0.9174648050058078,2.592822
0.9175059487703269,2.592762
0.9175470925348455,2.592772
0.9175882362993644,2.592537
0.9176293800638834,2.592577
0.917670523828402,2.592274
0.917711667592921,2.592826
0.9177528113574399,2.592762
0.9177939551219587,2.592448
0.9178350988864776,2.592481
0.9178762426509963,2.592478
0.9179173864155152,2.592541
0.9179585301800341,2.592474
0.917999673944553,2.59228
0.9180408177090718,2.592217
0.9180819614735906,2.592694
0.9181231052381096,2.5926
0.9181642490026284,2.592507
0.9182053927671471,2.592209
0.9182465365316661,2.592182
0.9182876802961848,2.592187
0.9183288240607038,2.592314
0.9183699678252227,2.59249
0.9184111115897414,2.59217
0.9184522553542603,2.592515
0.9184933991187789,2.592421
0.9185345428832979,2.59231
0.9185756866478169,2.592525
0.9186168304123357,2.592552
0.9186579741768546,2.592732
0.9186991179413733,2.592518
0.9187402617058922,2.59256
0.9187814054704111,2.592132
0.9188225492349299,2.592535
0.9188636929994487,2.59226
0.9189048367639676,2.592287
0.9189459805284865,2.592523
0.9189871242930053,2.592149
0.919028268057524,2.592239
0.919069411822043,2.592482
0.9191105555865619,2.592564
0.9191516993510808,2.592108
0.9191928431155996,2.59239
0.9192339868801184,2.592185
0.9192751306446373,2.592081
0.9193162744091562,2.592453
0.9193574181736749,2.592517
0.9193985619381938,2.592264
0.9194397057027126,2.592274
0.9194808494672315,2.592049
0.9195219932317503,2.591628
0.9195631369962692,2.591861
0.919604280760788,2.592241
0.9196454245253067,2.59201
0.9196865682898258,2.592291
0.9197277120543446,2.592447
0.9197688558188635,2.592145
0.9198099995833824,2.592274
0.9198511433479011,2.592164
0.91989228711242,2.591728
0.9199334308769389,2.591664
0.9199745746414577,2.591694
0.9200157184059765,2.591939
0.9200568621704954,2.592171
0.9200980059350142,2.591911
0.9201391496995331,2.59218
0.9201802934640518,2.591948
0.9202214372285707,2.59196
0.9202625809930897,2.592237
0.9203037247576084,2.59176
0.9203448685221273,2.591924
0.9203860122866462,2.591647
0.920427156051165,2.591583
0.9204682998156839,2.591521
0.9205094435802027,2.591574
0.9205505873447215,2.591695
0.9205917311092404,2.591712
0.9206328748737593,2.591654
0.920674018638278,2.591207
0.9207151624027969,2.591413
0.9207563061673159,2.591327
0.9207974499318345,2.591132
0.9208385936963535,2.591178
0.9208797374608724,2.591347
0.9209208812253912,2.591493
0.9209620249899101,2.591529
0.9210031687544289,2.591335
0.9210443125189477,2.590858
0.9210854562834666,2.591343
0.9211266000479855,2.591202
0.9211677438125042,2.59131
0.9212088875770231,2.591349
0.921250031341542,2.591408
0.9212911751060607,2.591356
0.9213323188705796,2.591212
0.9213734626350986,2.591496
0.9214146063996175,2.591049
0.9214557501641363,2.591572
0.9214968939286551,2.591474
0.9215380376931739,2.591311
0.9215791814576928,2.591425
0.9216203252222117,2.5914
0.9216614689867304,2.591282
0.9217026127512493,2.59117
0.9217437565157681,2.590836
0.9217849002802869,2.590488
0.9218260440448058,2.590967
0.9218671878093246,2.590506
0.9219083315738436,2.590485
0.9219494753383625,2.590505
0.9219906191028812,2.590582
0.9220317628674002,2.59071
0.922072906631919,2.590902
0.9221140503964377,2.590596
0.9221551941609567,2.590124
0.9221963379254755,2.590419
0.9222374816899944,2.590283
0.9222786254545131,2.590583
0.922319769219032,2.590337
0.9223609129835509,2.590293
0.9224020567480697,2.59041
0.9224432005125887,2.590523
0.9224843442771073,2.590679
0.9225254880416263,2.590256
0.9225666318061453,2.590296
0.9226077755706639,2.590188
0.9226489193351829,2.590286
0.9226900630997017,2.590164
0.9227312068642205,2.590165
0.9227723506287395,2.590084
0.9228134943932582,2.590207
0.9228546381577771,2.590244
0.9228957819222959,2.589953
0.9229369256868148,2.589802
0.9229780694513336,2.589976
0.9230192132158525,2.589996
0.9230603569803714,2.589749
0.9231015007448901,2.589625
0.923142644509409,2.589695
0.923183788273928,2.590057
0.9232249320384467,2.589827
0.9232660758029657,2.589515
0.9233072195674844,2.58946
0.9233483633320032,2.590054
0.9233895070965222,2.589976
0.9234306508610408,2.589931
0.9234717946255598,2.589645
0.9235129383900788,2.589813
0.9235540821545974,2.589681
0.9235952259191165,2.589608
0.9236363696836352,2.589935
0.9236775134481541,2.589288
0.923718657212673,2.589494
0.9237598009771917,2.589579
0.9238009447417106,2.589297
0.9238420885062294,2.589562
0.9238832322707483,2.58968
0.9239243760352672,2.589564
0.9239655197997859,2.58949
0.9240066635643049,2.589549
0.9240478073288236,2.589181
0.9240889510933427,2.589425
0.9241300948578615,2.589184
0.9241712386223802,2.588818
0.9242123823868992,2.588699
0.9242535261514178,2.588953
0.9242946699159368,2.588956
0.9243358136804557,2.588799
0.9243769574449745,2.588815
0.9244181012094934,2.588462
0.9244592449740122,2.588533
0.924500388738531,2.588501
0.9245415325030499,2.58867
0.9245826762675686,2.588412
0.9246238200320875,2.588369
0.9246649637966065,2.588406
0.9247061075611254,2.588044
0.9247472513256441,2.58811
0.9247883950901629,2.587826
0.9248295388546819,2.588204
0.9248706826192007,2.588525
0.9249118263837196,2.588527
0.9249529701482384,2.588211
0.9249941139127572,2.587902
0.9250352576772761,2.58824
0.925076401441795,2.588319
0.9251175452063137,2.588562
0.9251586889708326,2.588064
0.9251998327353514,2.588398
0.9252409764998702,2.58824
0.9252821202643892,2.588271
0.9253232640289081,2.58817
0.9253644077934269,2.587848
0.9254055515579458,2.588041
0.9254466953224646,2.588061
0.9254878390869834,2.588153
0.9255289828515023,2.587634
0.9255701266160212,2.58763
0.9256112703805399,2.588023
0.9256524141450588,2.588139
0.9256935579095777,2.587918
0.9257347016740964,2.587997
0.9257758454386154,2.587806
0.9258169892031343,2.587536
0.9258581329676531,2.587555
0.9258992767321719,2.587489
0.9259404204966907,2.58782
0.9259815642612096,2.587982
0.9260227080257285,2.587939
0.9260638517902472,2.587879
0.9261049955547661,2.587881
0.926146139319285,2.58784
0.9261872830838038,2.587923
0.9262284268483226,2.587529
0.9262695706128415,2.587435
0.9263107143773603,2.587206
0.9263518581418793,2.587617
0.9263930019063981,2.58761
0.9264341456709169,2.587832
0.9264752894354358,2.58769
0.9265164331999547,2.58772
0.9265575769644736,2.587583
0.9265987207289923,2.587201
0.9266398644935112,2.587019
0.92668100825803,2.586485
0.9267221520225488,2.586889
0.9267632957870677,2.586782
0.9268044395515865,2.586953
0.9268455833161054,2.586729
0.9268867270806243,2.586741
0.926927870845143,2.586872
0.926969014609662,2.586836
0.9270101583741809,2.58676
0.9270513021386996,2.586267
0.9270924459032185,2.586688
0.9271335896677374,2.586923
0.9271747334322562,2.586875
0.927215877196775,2.586979
0.9272570209612939,2.586971
0.9272981647258127,2.58692
0.9273393084903316,2.587209
0.9273804522548504,2.586997
0.9274215960193692,2.586746
0.9274627397838882,2.587087
0.927503883548407,2.586885
0.9275450273129258,2.586965
0.9275861710774447,2.58703
0.9276273148419635,2.587018
0.9276684586064824,2.587
0.9277096023710014,2.586864
0.92775074613552,2.586861
0.9277918899000389,2.585957
0.9278330336645578,2.586602
0.9278741774290765,2.58647
0.9279153211935955,2.586666
0.9279564649581143,2.586726
0.9279976087226333,2.586525
0.928038752487152,2.586575
0.9280798962516709,2.586679
0.9281210400161898,2.586645
0.9281621837807086,2.585977
0.9282033275452274,2.586251
0.9282444713097462,2.586304
0.9282856150742651,2.586059
0.9283267588387841,2.586484
0.9283679026033027,2.5862
0.9284090463678216,2.586174
0.9284501901323404,2.58609
0.9284913338968593,2.58614
0.9285324776613784,2.585953
0.928573621425897,2.585767
0.928614765190416,2.585895
0.9286559089549348,2.585928
0.9286970527194535,2.586037
0.9287381964839725,2.586413
0.9287793402484913,2.586061
0.9288204840130102,2.58592
0.928861627777529,2.586218
0.9289027715420478,2.585876
0.9289439153065667,2.585777
0.9289850590710855,2.586037
0.9290262028356043,2.586377
0.9290673466001232,2.586327
0.929108490364642,2.586308
0.9291496341291611,2.58615
0.9291907778936797,2.585979
0.9292319216581987,2.585804
0.9292730654227176,2.585711
0.9293142091872362,2.585497
0.9293553529517552,2.585724
0.929396496716274,2.585801
0.9294376404807929,2.585613
0.9294787842453118,2.585716
0.9295199280098305,2.585459
0.9295610717743494,2.585564
0.9296022155388682,2.585678
0.9296433593033872,2.585746
0.929684503067906,2.585258
0.9297256468324248,2.585848
0.9297667905969438,2.585693
0.9298079343614626,2.585712
0.9298490781259813,2.58551
0.9298902218905003,2.585437
0.929931365655019,2.585876
0.929972509419538,2.586082
0.9300136531840569,2.586075
0.9300547969485756,2.585529
0.9300959407130945,2.585819
0.9301370844776131,2.585756
0.9301782282421321,2.585634
0.9302193720066511,2.585664
0.9302605157711699,2.585554
0.9303016595356888,2.585058
0.9303428033002075,2.584777
0.9303839470647264,2.584974
0.9304250908292453,2.5845
0.9304662345937641,2.585139
0.9305073783582829,2.584825
0.9305485221228017,2.584668
0.9305896658873207,2.584633
0.9306308096518395,2.584593
0.9306719534163583,2.584503
0.9307130971808772,2.584205
0.9307542409453959,2.584235
0.930795384709915,2.583558
0.9308365284744338,2.58342
0.9308776722389526,2.583253
0.9309188160034715,2.582989
0.9309599597679904,2.583004
0.9310011035325091,2.582978
0.931042247297028,2.583122
0.9310833910615468,2.583095
0.9311245348260657,2.583452
0.9311656785905845,2.583141
0.9312068223551034,2.583488
0.9312479661196222,2.5836
0.9312891098841412,2.583508
0.93133025364866,2.584004
0.9313713974131788,2.583879
0.9314125411776977,2.582969
0.9314536849422166,2.582353
0.9314948287067353,2.582306
0.9315359724712542,2.583845
0.9315771162357731,2.583765
0.9316182600002919,2.583716
0.9316594037648107,2.58395
0.9317005475293295,2.584051
0.9317416912938484,2.583886
0.9317828350583673,2.58444
0.931823978822886,2.584261
0.931865122587405,2.584217
0.9319062663519239,2.583883
0.9319474101164426,2.583749
0.9319885538809615,2.584382
0.9320296976454804,2.584549
0.9320708414099992,2.584208
0.9321119851745181,2.583892
0.9321531289390369,2.584208
0.9321942727035557,2.584189
0.9322354164680746,2.584104
0.9322765602325935,2.58361
0.9323177039971122,2.583302
0.9323588477616311,2.584045
0.93239999152615,2.584085
0.9324411352906687,2.584038
0.9324822790551877,2.584366
0.9325234228197066,2.584263
0.9325645665842254,2.584161
0.9326057103487443,2.584442
0.9326468541132631,2.584113
0.9326879978777819,2.583635
0.9327291416423008,2.584376
0.9327702854068197,2.584539
0.9328114291713384,2.584143
0.9328525729358573,2.584304
0.9328937167003762,2.584117
0.9329348604648949,2.583852
0.9329760042294138,2.584239
0.9330171479939328,2.5838
0.9330582917584516,2.583322
0.9330994355229705,2.583884
0.9331405792874893,2.58379
0.9331817230520081,2.58389
0.933222866816527,2.583998
0.9332640105810459,2.583852
0.9333051543455646,2.584131
0.9333462981100835,2.583974
0.9333874418746023,2.584035
0.9334285856391211,2.583544
0.9334697294036401,2.583675
0.9335108731681588,2.583954
0.9335520169326778,2.583479
0.9335931606971967,2.582757
0.9336343044617154,2.583228
0.9336754482262344,2.58318
0.9337165919907532,2.58345
0.9337577357552719,2.583139
0.9337988795197908,2.582993
0.9338400232843097,2.583267
0.9338811670488286,2.583582
0.9339223108133473,2.583493
0.9339634545778662,2.58382
0.934004598342385,2.583663
0.9340457421069039,2.583636
0.934086885871423,2.583708
0.9341280296359415,2.58383
0.9341691734004605,2.583019
0.9342103171649795,2.583424
0.9342514609294981,2.583457
0.9342926046940171,2.583505
0.9343337484585358,2.583286
0.9343748922230547,2.583493
0.9344160359875737,2.583476
0.9344571797520923,2.583416
0.9344983235166113,2.583418
0.9345394672811301,2.583072
0.934580611045649,2.583045
0.9346217548101678,2.582992
0.9346628985746867,2.582933
0.9347040423392056,2.582444
0.9347451861037243,2.582023
0.9347863298682432,2.581985
0.9348274736327621,2.58199
0.9348686173972809,2.582083
0.9349097611617999,2.582083
0.9349509049263185,2.581866
0.9349920486908374,2.582408
0.9350331924553564,2.582582
0.935074336219875,2.582525
0.935115479984394,2.582821
0.9351566237489128,2.583112
0.9351977675134318,2.583295
0.9352389112779507,2.583361
0.9352800550424694,2.58348
0.9353211988069883,2.582976
0.9353623425715072,2.583435
0.9354034863360259,2.583626
0.9354446301005448,2.583741
0.9354857738650636,2.583642
0.9355269176295826,2.583563
0.9355680613941014,2.583512
0.9356092051586201,2.583836
0.9356503489231391,2.583722
0.9356914926876578,2.583255
0.9357326364521769,2.583481
0.9357737802166957,2.583149
0.9358149239812145,2.583542
0.9358560677457334,2.583634
0.935897211510252,2.583513
0.935938355274771,2.58341
0.9359794990392899,2.58341
0.9360206428038087,2.583486
0.9360617865683276,2.582799
0.9361029303328463,2.583213
0.9361440740973652,2.583274
0.9361852178618841,2.583329
0.9362263616264028,2.583183
0.9362675053909217,2.583164
0.9363086491554405,2.582901
0.9363497929199596,2.5828
0.9363909366844783,2.582903
0.9364320804489971,2.582177
0.9364732242135161,2.582543
0.9365143679780349,2.582542
0.9365555117425538,2.582778
0.9365966555070726,2.582882
0.9366377992715914,2.582828
0.9366789430361103,2.582654
0.9367200868006292,2.582684
0.9367612305651479,2.582796
0.9368023743296668,2.582036
0.9368435180941856,2.582218
0.9368846618587044,2.582476
0.9369258056232234,2.582742
0.9369669493877423,2.582636
0.9370080931522611,2.582728
0.9370492369167798,2.582673
0.9370903806812988,2.582558
0.9371315244458176,2.582326
0.9371726682103365,2.582273
0.9372138119748554,2.582035
0.9372549557393741,2.582245
0.937296099503893,2.582242
0.937337243268412,2.582049
0.9373783870329306,2.581946
0.9374195307974496,2.582045
0.9374606745619684,2.58204
0.9375018183264873,2.582058
0.9375429620910062,2.582053
0.9375841058555249,2.581649
0.9376252496200438,2.581964
0.9376663933845627,2.58198
0.9377075371490814,2.581756
0.9377486809136003,2.581764
0.9377898246781192,2.581697
0.937830968442638,2.581446
0.9378721122071568,2.581432
0.9379132559716757,2.581577
0.9379543997361945,2.581283
0.9379955435007135,2.581697
0.9380366872652323,2.581828
0.9380778310297511,2.581922
0.93811897479427,2.581676
0.9381601185587889,2.581845
0.9382012623233076,2.581858
0.9382424060878265,2.581752
0.9382835498523454,2.581727
0.9383246936168642,2.581487
0.938365837381383,2.582016
0.9384069811459018,2.581848
0.9384481249104207,2.582173
0.9384892686749396,2.582172
0.9385304124394583,2.581911
0.9385715562039773,2.581979
0.9386126999684962,2.581919
0.938653843733015,2.581983
0.9386949874975338,2.581502
0.9387361312620527,2.582044
0.9387772750265715,2.581803
0.9388184187910905,2.582198
0.9388595625556092,2.582045
0.938900706320128,2.582065
0.9389418500846469,2.582122
0.9389829938491658,2.582061
0.9390241376136846,2.58178
0.9390652813782034,2.58134
0.9391064251427224,2.581829
0.9391475689072412,2.581826
0.93918871267176,2.582015
0.9392298564362789,2.582318
0.9392710002007977,2.582001
0.9393121439653166,2.582289
0.9393532877298354,2.582054
0.9393944314943542,2.58213
0.9394355752588732,2.581625
0.939476719023392,2.582219
0.9395178627879107,2.581773
0.9395590065524296,2.58163
0.9396001503169485,2.581274
0.9396412940814675,2.581266
0.9396824378459862,2.581299
0.9397235816105051,2.581585
0.939764725375024,2.581769
0.9398058691395428,2.581152
0.9398470129040616,2.581259
0.9398881566685804,2.581185
0.9399293004330993,2.581347
0.9399704441976183,2.581494
0.9400115879621369,2.581432
0.9400527317266559,2.580989
0.9400938754911746,2.580632
0.9401350192556935,2.580575
0.9401761630202126,2.580622
0.9402173067847311,2.580889
0.9402584505492502,2.581157
0.940299594313769,2.581009
0.9403407380782877,2.580999
0.9403818818428067,2.58099
0.9404230256073255,2.581002
0.9404641693718444,2.580834
0.9405053131363631,2.580848
0.940546456900882,2.580738
0.9405876006654009,2.580618
0.9406287444299197,2.580913
0.9406698881944388,2.580899
0.9407110319589573,2.580995
0.9407521757234762,2.581162
0.9407933194879953,2.581102
0.9408344632525139,2.580958
0.9408756070170329,2.580946
0.9409167507815518,2.580605
0.9409578945460704,2.579996
0.9409990383105894,2.58041
0.9410401820751082,2.580438
0.9410813258396271,2.580482
0.941122469604146,2.580474
0.9411636133686647,2.580249
0.9412047571331836,2.58016
0.9412459008977024,2.579986
0.9412870446622214,2.580144
0.9413281884267402,2.579561
0.941369332191259,2.580024
0.941410475955778,2.580416
0.9414516197202966,2.580269
0.9414927634848156,2.5802
0.9415339072493345,2.580269
0.9415750510138532,2.580107
0.9416161947783722,2.580034
0.9416573385428908,2.580109
0.9416984823074098,2.579605
0.9417396260719287,2.580098
0.9417807698364475,2.580035
0.9418219136009663,2.579649
0.9418630573654851,2.579581
0.9419042011300041,2.579653
0.941945344894523,2.579409
0.9419864886590417,2.57968
0.9420276324235606,2.579793
0.9420687761880795,2.579151
0.9421099199525984,2.579382
0.9421510637171171,2.579462
0.9421922074816359,2.579454
0.9422333512461549,2.579456
0.9422744950106737,2.579313
0.9423156387751925,2.578994
0.9423567825397114,2.579175
0.9423979263042302,2.579048
0.9424390700687492,2.578516
0.942480213833268,2.57902
0.9425213575977868,2.579217
0.9425625013623057,2.579041
0.9426036451268245,2.578756
0.9426447888913433,2.578787
0.9426859326558622,2.578771
0.9427270764203811,2.578542
0.9427682201848999,2.578441
0.9428093639494186,2.578178
0.9428505077139376,2.578516
0.9428916514784564,2.578814
0.9429327952429754,2.578391
0.9429739390074942,2.577739
0.943015082772013,2.577697
0.9430562265365319,2.57779
0.9430973703010508,2.577682
0.9431385140655695,2.577285
0.9431796578300884,2.577159
0.9432208015946072,2.577221
0.9432619453591261,2.57736
0.9433030891236449,2.577421
0.9433442328881637,2.577491
0.9433853766526826,2.577457
0.9434265204172015,2.577318
0.9434676641817202,2.57698
0.9435088079462391,2.577106
0.9435499517107581,2.57704
0.9435910954752768,2.576832
0.9436322392397957,2.576786
0.9436733830043146,2.5769
0.9437145267688334,2.577468
0.9437556705333523,2.577402
0.9437968142978711,2.577205
0.9438379580623899,2.577143
0.9438791018269088,2.577012
0.9439202455914277,2.577223
0.9439613893559464,2.57699
0.9440025331204653,2.577171
0.9440436768849843,2.577587
0.9440848206495029,2.577429
0.9441259644140219,2.577399
0.9441671081785408,2.577276
0.9442082519430596,2.577512
0.9442493957075785,2.577506
0.9442905394720972,2.577568
0.9443316832366161,2.577004
0.944372827001135,2.577577
0.9444139707656537,2.577412
0.9444551145301726,2.577349
0.9444962582946915,2.577093
0.9445374020592103,2.57685
0.9445785458237291,2.576933
0.944619689588248,2.57677
0.9446608333527668,2.577064
0.9447019771172858,2.576468
0.9447431208818047,2.577133
0.9447842646463235,2.576874
0.9448254084108423,2.577124
0.9448665521753612,2.577208
0.9449076959398799,2.577352
0.9449488397043988,2.577359
0.9449899834689177,2.5776
0.9450311272334365,2.577457
0.9450722709979553,2.576693
0.9451134147624742,2.577164
0.945154558526993,2.577336
0.945195702291512,2.577294
0.9452368460560309,2.577136
0.9452779898205496,2.577193
0.9453191335850686,2.577155
0.9453602773495874,2.577677
0.9454014211141063,2.577406
0.945442564878625,2.576873
0.9454837086431439,2.577073
0.9455248524076628,2.577279
0.9455659961721815,2.577411
0.9456071399367004,2.577345
0.9456482837012192,2.577278
0.9456894274657381,2.577355
0.9457305712302572,2.577277
0.9457717149947757,2.577447
0.9458128587592947,2.576963
0.9458540025238135,2.576943
0.9458951462883323,2.577285
0.9459362900528513,2.577135
0.94597743381737,2.576972
0.946018577581889,2.576741
0.9460597213464077,2.57677
0.9461008651109265,2.576895
0.9461420088754455,2.576933
0.9461831526399643,2.576538
0.9462242964044832,2.576621
0.9462654401690019,2.576991
0.9463065839335209,2.576749
0.9463477276980398,2.577357
0.9463888714625585,2.577482
0.9464300152270774,2.577569
0.9464711589915963,2.577612
0.9465123027561151,2.577841
0.9465534465206341,2.577694
0.9465945902851527,2.577195
0.9466357340496717,2.577617
0.9466768778141906,2.577406
0.9467180215787092,2.577614
0.9467591653432282,2.577467
0.946800309107747,2.577701
0.946841452872266,2.57761
0.9468825966367849,2.577307
0.9469237404013036,2.577592
0.9469648841658225,2.57692
0.9470060279303413,2.57744
0.9470471716948601,2.577568
0.947088315459379,2.577402
0.9471294592238978,2.577017
0.9471706029884168,2.577233
0.9472117467529354,2.577215
0.9472528905174543,2.577394
0.9472940342819733,2.577726
0.947335178046492,2.576771
0.9473763218110111,2.57721
0.9474174655755299,2.577266
0.9474586093400487,2.577284
0.9474997531045676,2.57748
0.9475408968690862,2.577579
0.9475820406336052,2.577436
0.9476231843981241,2.57759
0.9476643281626429,2.577685
0.9477054719271618,2.577209
0.9477466156916805,2.577403
0.9477877594561994,2.577214
0.9478289032207183,2.577406
0.947870046985237,2.577548
0.9479111907497559,2.577665
0.9479523345142747,2.577524
0.9479934782787937,2.577754
0.9480346220433127,2.577608
0.9480757658078313,2.577183
0.9481169095723503,2.577623
0.9481580533368691,2.577537
0.948199197101388,2.577576
0.9482403408659067,2.577477
0.9482814846304256,2.57759
0.9483226283949444,2.577655
0.9483637721594632,2.577701
0.9484049159239822,2.577796
0.948446059688501,2.576744
0.9484872034530198,2.577141
0.9485283472175386,2.577346
0.9485694909820575,2.577231
0.9486106347465764,2.577023
0.9486517785110954,2.576776
0.948692922275614,2.576761
0.948734066040133,2.576937
0.9487752098046518,2.576904
0.9488163535691707,2.576454
0.9488574973336894,2.576743
0.9488986410982083,2.57696
0.9489397848627271,2.57682
0.9489809286272461,2.57676
0.9490220723917651,2.577046
0.9490632161562838,2.576671
0.9491043599208026,2.576524
0.9491455036853215,2.576452
0.9491866474498402,2.576246
0.9492277912143591,2.576162
0.9492689349788781,2.576342
0.9493100787433968,2.576507
0.9493512225079158,2.576645
0.9493923662724345,2.576445
0.9494335100369534,2.576499
0.9494746538014722,2.57648
0.949515797565991,2.576344
0.9495569413305098,2.576416
0.9495980850950289,2.575954
0.9496392288595474,2.576528
0.9496803726240665,2.576806
0.9497215163885853,2.576803
0.9497626601531042,2.576783
0.949803803917623,2.576883
0.9498449476821418,2.576597
0.9498860914466606,2.57682
0.9499272352111796,2.576388
0.9499683789756985,2.575824
0.9500095227402172,2.576366
0.9500506665047361,2.576273
0.9500918102692549,2.576281
0.9501329540337738,2.576159
0.9501740977982925,2.576092
0.9502152415628116,2.576503
0.9502563853273303,2.57654
0.9502975290918493,2.576238
0.950338672856368,2.575879
0.9503798166208869,2.576488
0.9504209603854057,2.576483
0.9504621041499246,2.576187
0.9505032479144433,2.575495
0.9505443916789623,2.575349
0.9505855354434812,2.575297
0.950626679208,2.575077
0.9506678229725188,2.574571
0.9507089667370376,2.574035
0.9507501105015566,2.574775
0.9507912542660754,2.57529
0.950832398030594,2.575581
0.9508735417951132,2.575444
0.950914685559632,2.57507
0.9509558293241508,2.57469
0.9509969730886696,2.574516
0.9510381168531884,2.574026
0.9510792606177073,2.573505
0.951120404382226,2.57381
0.951161548146745,2.574096
0.9512026919112637,2.574012
0.9512438356757827,2.573442
0.9512849794403017,2.573075
0.9513261232048204,2.573436
0.9513672669693393,2.573006
0.9514084107338581,2.572617
0.9514495544983768,2.572788
0.951490698262896,2.572224
0.9515318420274147,2.57143
0.9515729857919335,2.571687
0.9516141295564524,2.573907
0.9516552733209711,2.573912
0.95169641708549,2.574599
0.9517375608500088,2.574911
0.9517787046145278,2.575455
0.9518198483790468,2.575125
0.9518609921435655,2.575433
0.9519021359080844,2.575887
0.9519432796726032,2.576035
0.951984423437122,2.576062
0.952025567201641,2.575957
0.9520667109661596,2.575505
0.9521078547306786,2.575585
0.9521489984951972,2.575866
0.9521901422597162,2.575261
0.9522312860242351,2.575467
0.9522724297887539,2.575658
0.9523135735532727,2.575352
0.9523547173177915,2.575192
0.9523958610823104,2.574891
0.9524370048468295,2.575004
0.9524781486113482,2.575217
0.9525192923758671,2.575043
0.9525604361403859,2.575011
0.9526015799049048,2.574419
0.9526427236694235,2.575025
0.9526838674339423,2.575018
0.9527250111984613,2.574972
0.9527661549629799,2.574959
0.9528072987274989,2.575118
0.9528484424920178,2.575158
0.9528895862565366,2.574924
0.9529307300210555,2.574988
0.9529718737855746,2.574083
0.9530130175500932,2.574581
0.9530541613146122,2.574451
0.953095305079131,2.574294
0.9531364488436498,2.574535
0.9531775926081686,2.574541
0.9532187363726875,2.574305
0.9532598801372063,2.574309
0.953301023901725,2.574621
0.953342167666244,2.573432
0.9533833114307629,2.574189
0.9534244551952817,2.574969
0.9534655989598005,2.575251
0.9535067427243193,2.575649
0.9535478864888383,2.576289
0.9535890302533573,2.576136
0.9536301740178759,2.576081
0.9536713177823949,2.576051
0.9537124615469136,2.575546
0.9537536053114326,2.575995
0.9537947490759513,2.575983
0.9538358928404701,2.575719
0.953877036604989,2.57601
0.9539181803695077,2.576034
0.9539593241340266,2.575925
0.9540004678985456,2.576123
0.9540416116630644,2.576199
0.9540827554275834,2.575687
0.954123899192102,2.576037
0.954165042956621,2.575955
0.9542061867211398,2.576012
0.9542473304856587,2.57554
0.9542884742501777,2.575577
0.9543296180146964,2.575459
0.9543707617792153,2.575608
0.9544119055437341,2.575668
0.9544530493082528,2.57558
0.9544941930727717,2.575711
0.9545353368372907,2.575814
0.9545764806018093,2.575631
0.9546176243663284,2.575847
0.9546587681308472,2.57552
0.9546999118953661,2.575269
0.9547410556598849,2.575447
0.9547821994244037,2.575141
0.9548233431889225,2.574883
0.9548644869534414,2.574659
0.9549056307179604,2.574749
0.9549467744824791,2.574985
0.954987918246998,2.575006
0.9550290620115168,2.574963
0.9550702057760355,2.574683
0.9551113495405544,2.574849
0.9551524933050735,2.574654
0.9551936370695921,2.574575
0.9552347808341112,2.574285
0.9552759245986299,2.574568
0.9553170683631488,2.574666
0.9553582121276676,2.574801
0.9553993558921865,2.57448
0.9554404996567052,2.574405
0.9554816434212242,2.574463
0.9555227871857429,2.574634
0.9555639309502619,2.574373
0.9556050747147807,2.574006
0.9556462184792995,2.574211
0.9556873622438183,2.574064
0.9557285060083371,2.574345
0.955769649772856,2.574481
0.9558107935373749,2.574462
0.9558519373018939,2.574426
0.9558930810664127,2.574269
0.9559342248309315,2.574126
0.9559753685954503,2.573793
0.9560165123599692,2.57427
0.9560576561244879,2.574314
0.9560987998890069,2.574527
0.9561399436535256,2.574686
0.9561810874180446,2.574698
0.9562222311825636,2.574809
0.9562633749470822,2.574763
0.956304518711601,2.574629
0.95634566247612,2.573905
0.9563868062406387,2.574452
0.9564279500051577,2.574452
0.9564690937696764,2.574546
0.9565102375341954,2.574359
0.9565513812987143,2.57456
0.956592525063233,2.574506
0.9566336688277519,2.574368
0.9566748125922707,2.574451
0.9567159563567895,2.573912
0.9567571001213083,2.574102
0.9567982438858273,2.574193
0.9568393876503463,2.57406
0.9568805314148651,2.574214
0.9569216751793838,2.574283
0.9569628189439027,2.57432
0.9570039627084215,2.57399
0.9570451064729405,2.57391
0.9570862502374591,2.573434
0.9571273940019781,2.573932
0.957168537766497,2.573936
0.9572096815310157,2.574003
0.9572508252955346,2.57377
0.9572919690600534,2.57401
0.9573331128245723,2.57387
0.9573742565890914,2.573994
0.9574154003536101,2.574226
0.957456544118129,2.573541
0.9574976878826478,2.573568
0.9575388316471665,2.57389
0.9575799754116854,2.573607
0.9576211191762042,2.573622
0.9576622629407232,2.573563
0.9577034067052418,2.574029
0.9577445504697608,2.573825
0.9577856942342797,2.57347
0.9578268379987985,2.573328
0.9578679817633174,2.573177
0.9579091255278361,2.57351
0.957950269292355,2.573388
0.9579914130568741,2.573237
0.9580325568213925,2.573322
0.9580737005859117,2.573105
0.9581148443504305,2.573438
0.9581559881149493,2.573301
0.9581971318794681,2.573247
0.9582382756439869,2.572969
0.9582794194085058,2.573377
0.9583205631730246,2.573596
0.9583617069375436,2.573606
0.9584028507020624,2.573584
0.9584439944665812,2.573457
0.9584851382311002,2.573328
0.9585262819956188,2.573231
0.9585674257601378,2.573331
0.9586085695246568,2.572918
0.9586497132891753,2.57307
0.9586908570536943,2.573019
0.9587320008182132,2.573428
0.958773144582732,2.573331
0.9588142883472509,2.573188
0.9588554321117696,2.573119
0.9588965758762885,2.573455
0.9589377196408075,2.57367
0.9589788634053263,2.573198
0.9590200071698453,2.573818
0.959061150934364,2.573461
0.9591022946988829,2.573488
0.9591434384634017,2.573063
0.9591845822279205,2.573085
0.9592257259924395,2.572783
0.9592668697569581,2.572828
0.9593080135214771,2.572889
0.959349157285996,2.572107
0.9593903010505147,2.572415
0.9594314448150336,2.572316
0.9594725885795526,2.572258
0.9595137323440712,2.572499
0.9595548761085902,2.572351
0.9595960198731089,2.572393
0.959637163637628,2.572222
0.9596783074021467,2.572525
0.9597194511666656,2.571967
0.9597605949311844,2.572291
0.9598017386957033,2.572316
0.959842882460222,2.57193
0.959884026224741,2.571678
0.9599251699892598,2.571335
0.9599663137537787,2.571849
0.9600074575182974,2.571965
0.9600486012828163,2.571934
0.9600897450473351,2.571359
0.960130888811854,2.571635
0.9601720325763731,2.571837
0.9602131763408916,2.571647
0.9602543201054107,2.571487
0.9602954638699295,2.571205
0.9603366076344484,2.570968
0.9603777513989671,2.570681
0.9604188951634859,2.570814
0.9604600389280048,2.570952
0.9605011826925238,2.570803
0.9605423264570425,2.570622
0.9605834702215614,2.57041
0.9606246139860802,2.570545
0.960665757750599,2.570335
0.9607069015151178,2.570218
0.9607480452796368,2.570079
0.9607891890441556,2.57002
0.9608303328086746,2.569827
0.9608714765731934,2.570002
0.9609126203377122,2.570287
0.9609537641022311,2.569833
0.9609949078667498,2.569782
0.9610360516312686,2.569902
0.9610771953957875,2.57011
0.9611183391603065,2.570279
0.9611594829248251,2.570338
0.9612006266893441,2.569793
0.9612417704538629,2.569455
0.9612829142183819,2.569727
0.9613240579829005,2.569725
0.9613652017474195,2.569839
0.9614063455119383,2.56998
0.9614474892764573,2.569818
0.9614886330409762,2.569732
0.9615297768054949,2.569974
0.9615709205700138,2.569823
0.9616120643345326,2.569269
0.9616532080990513,2.569435
0.9616943518635702,2.569392
0.9617354956280892,2.569343
0.961776639392608,2.569799
0.9618177831571268,2.569711
0.9618589269216457,2.569862
0.9619000706861646,2.569448
0.9619412144506834,2.569833
0.9619823582152024,2.569239
0.962023501979721,2.569876
0.96206464574424,2.569792
0.9621057895087586,2.570338
0.9621469332732776,2.570253
0.9621880770377965,2.570377
0.9622292208023153,2.570272
0.962270364566834,2.56987
0.9623115083313529,2.569809
0.9623526520958717,2.56971
0.9623937958603908,2.570187
0.9624349396249097,2.570661
0.9624760833894284,2.570593
0.9625172271539473,2.570465
0.9625583709184661,2.570484
0.962599514682985,2.570526
0.9626406584475037,2.570471
0.9626818022120227,2.570437
0.9627229459765414,2.56998
0.9627640897410604,2.570645
0.9628052335055792,2.571035
0.962846377270098,2.570656
0.9628875210346168,2.570986
0.9629286647991359,2.570838
0.9629698085636544,2.570842
0.9630109523281735,2.570697
0.9630520960926924,2.570942
0.9630932398572112,2.570446
0.96313438362173,2.570544
0.9631755273862488,2.570688
0.9632166711507677,2.570657
0.9632578149152864,2.570481
0.9632989586798054,2.570839
0.9633401024443243,2.570836
0.9633812462088431,2.570709
0.963422389973362,2.570613
0.9634635337378807,2.57044
0.9635046775023995,2.570498
0.9635458212669186,2.570669
0.9635869650314371,2.570632
0.9636281087959562,2.570505
0.9636692525604749,2.570448
0.9637103963249939,2.570501
0.9637515400895128,2.57069
0.9637926838540315,2.570963
0.9638338276185504,2.570797
0.9638749713830694,2.570581
0.9639161151475881,2.571183
0.9639572589121072,2.571328
0.9639984026766258,2.571301
0.9640395464411448,2.57118
0.9640806902056636,2.571358
0.9641218339701823,2.570919
0.9641629777347012,2.570949
0.96420412149922,2.570708
0.964245265263739,2.57043
0.9642864090282578,2.57062
0.9643275527927766,2.570428
0.9643686965572955,2.57026
0.9644098403218143,2.570193
0.9644509840863331,2.570034
0.9644921278508521,2.570007
0.9645332716153708,2.569793
0.9645744153798899,2.569632
0.9646155591444086,2.569365
0.9646567029089274,2.569904
0.9646978466734463,2.569634
0.964738990437965,2.56949
0.9647801342024839,2.569586
0.9648212779670027,2.569978
0.9648624217315217,2.570005
0.9649035654960406,2.569912
0.9649447092605593,2.57007
0.9649858530250782,2.569566
0.965026996789597,2.570261
0.9650681405541159,2.57041
0.965109284318635,2.570774
0.9651504280831535,2.570984
0.9651915718476726,2.570794
0.9652327156121914,2.570962
0.9652738593767101,2.571102
0.965315003141229,2.571324
0.9653561469057478,2.570832
0.9653972906702667,2.571103
0.9654384344347857,2.571354
0.9654795781993043,2.571657
0.9655207219638233,2.571448
0.9655618657283421,2.571238
0.9656030094928609,2.571126
0.9656441532573797,2.571194
0.9656852970218986,2.57124
0.9657264407864173,2.570684
0.9657675845509363,2.571314
0.9658087283154553,2.571427
0.9658498720799741,2.571243
0.9658910158444929,2.571027
0.9659321596090117,2.571065
0.9659733033735305,2.571294
0.9660144471380494,2.571406
0.9660555909025684,2.571215
0.966096734667087,2.570907
0.966137878431606,2.571074
0.9661790221961248,2.571064
0.9662201659606438,2.571021
0.9662613097251624,2.571127
0.9663024534896814,2.570933
0.9663435972542002,2.571182
0.9663847410187192,2.571227
0.9664258847832378,2.5711
0.9664670285477568,2.570829
0.9665081723122756,2.570761
0.9665493160767945,2.570873
0.9665904598413132,2.570899
0.9666316036058321,2.570957
0.9666727473703509,2.571039
0.9667138911348697,2.570681
0.9667550348993887,2.570521
0.9667961786639075,2.570358
0.9668373224284265,2.57018
0.9668784661929453,2.570009
0.9669196099574641,2.570078
0.9669607537219829,2.569953
0.9670018974865019,2.569815
0.9670430412510205,2.570159
0.9670841850155395,2.570033
0.9671253287800583,2.57
0.9671664725445772,2.56987
0.9672076163090959,2.569754
0.9672487600736148,2.569323
0.9672899038381336,2.569718
0.9673310476026526,2.569465
0.9673721913671716,2.569683
0.9674133351316903,2.569629
0.9674544788962092,2.569659
0.967495622660728,2.56997
0.9675367664252469,2.569976
0.9675779101897656,2.569672
0.9676190539542846,2.569157
0.9676601977188033,2.569582
0.9677013414833223,2.569149
0.967742485247841,2.569227
0.9677836290123599,2.569347
0.9678247727768787,2.569379
0.9678659165413975,2.569465
0.9679070603059163,2.569693
0.9679482040704354,2.569573
0.967989347834954,2.569086
0.9680304915994731,2.56942
0.9680716353639919,2.569243
0.9681127791285107,2.569168
0.9681539228930296,2.569203
0.9681950666575483,2.569103
0.9682362104220671,2.569324
0.9682773541865862,2.569404
0.968318497951105,2.569334
0.9683596417156237,2.569003
0.9684007854801426,2.569426
0.9684419292446614,2.569089
0.9684830730091804,2.569378
0.968524216773699,2.569348
0.9685653605382181,2.569448
0.9686065043027368,2.569304
0.9686476480672558,2.5692
0.9686887918317747,2.56944
0.9687299355962934,2.569014
0.9687710793608123,2.569147
0.9688122231253311,2.569251
0.9688533668898498,2.569169
0.9688945106543689,2.569083
0.9689356544188877,2.569412
0.9689767981834065,2.569298
0.9690179419479255,2.569179
0.9690590857124441,2.569063
0.9691002294769631,2.568536
0.9691413732414819,2.568715
0.9691825170060009,2.568951
0.9692236607705195,2.569102
0.9692648045350385,2.568718
0.9693059482995574,2.568586
0.9693470920640761,2.568666
0.969388235828595,2.56873
0.969429379593114,2.568604
0.9694705233576326,2.568277
0.9695116671221516,2.568253
0.9695528108866702,2.568448
0.9695939546511892,2.568514
0.9696350984157082,2.568619
0.9696762421802269,2.568355
0.9697173859447458,2.567722
0.9697585297092646,2.567798
0.9697996734737835,2.567729
0.9698408172383025,2.567425
0.9698819610028212,2.567181
0.9699231047673401,2.567355
0.9699642485318589,2.567582
0.9700053922963778,2.567832
0.9700465360608965,2.567788
0.9700876798254153,2.567647
0.9701288235899344,2.567833
0.9701699673544529,2.567687
0.970211111118972,2.567844
0.9702522548834909,2.567351
0.9702933986480097,2.567519
0.9703345424125285,2.567374
0.9703756861770473,2.567337
0.9704168299415662,2.56754
0.9704579737060852,2.567343
0.970499117470604,2.567702
0.9705402612351228,2.568071
0.9705814049996416,2.568128
0.9706225487641605,2.567697
0.9706636925286792,2.568133
0.970704836293198,2.568081
0.970745980057717,2.568008
0.970787123822236,2.567738
0.9708282675867547,2.56764
0.9708694113512736,2.567912
0.9709105551157924,2.567955
0.9709516988803113,2.568108
0.97099284264483,2.567591
0.9710339864093489,2.568347
0.9710751301738679,2.568418
0.9711162739383866,2.568511
0.9711574177029056,2.568505
0.9711985614674243,2.56821
0.9712397052319431,2.567904
0.971280848996462,2.567997
0.9713219927609807,2.567584
0.9713631365254997,2.567199
0.9714042802900187,2.567858
0.9714454240545375,2.568013
0.9714865678190564,2.568191
0.9715277115835751,2.568113
0.971568855348094,2.568048
0.9716099991126128,2.568074
0.9716511428771316,2.568003
0.9716922866416506,2.567875
0.9717334304061694,2.567382
0.9717745741706884,2.567708
0.971815717935207,2.567878
0.9718568616997258,2.567658
0.9718980054642448,2.567655
0.9719391492287638,2.567695
0.9719802929932824,2.567641
0.9720214367578014,2.567616
0.9720625805223201,2.567868
0.9721037242868391,2.567193
0.9721448680513578,2.567276
0.9721860118158767,2.56735
0.9722271555803955,2.567506
0.9722682993449144,2.567456
0.9723094431094331,2.567648
0.9723505868739521,2.567752
0.9723917306384711,2.567896
0.9724328744029899,2.568065
0.9724740181675086,2.567786
0.9725151619320275,2.567684
0.9725563056965463,2.567708
0.9725974494610652,2.56779
0.9726385932255842,2.567949
0.9726797369901029,2.567947
0.9727208807546218,2.567821
0.9727620245191406,2.567822
0.9728031682836594,2.567896
0.9728443120481782,2.567706
0.9728854558126973,2.567488
0.972926599577216,2.567793
0.972967743341735,2.567833
0.9730088871062538,2.567555
0.9730500308707726,2.567419
0.9730911746352914,2.567471
0.9731323183998102,2.5675
0.973173462164329,2.567385
0.9732146059288479,2.567331
0.9732557496933669,2.56693
0.9732968934578856,2.567508
0.9733380372224045,2.567396
0.9733791809869233,2.567392
0.9734203247514422,2.566913
0.9734614685159609,2.567286
0.97350261228048,2.567126
0.9735437560449987,2.567022
0.9735848998095177,2.567266
0.9736260435740363,2.566852
0.9736671873385553,2.567203
0.9737083311030741,2.567249
0.973749474867593,2.567309
0.9737906186321117,2.567227
0.9738317623966307,2.567484
0.9738729061611494,2.56734
0.9739140499256684,2.567608
0.9739551936901872,2.567265
0.973996337454706,2.567014
0.974037481219225,2.56735
0.9740786249837438,2.567188
0.9741197687482626,2.567081
0.9741609125127814,2.567206
0.9742020562773004,2.567605
0.9742432000418193,2.567705
0.974284343806338,2.567569
0.9743254875708568,2.567648
0.9743666313353757,2.566725
0.9744077750998944,2.567096
0.9744489188644134,2.56729
0.9744900626289321,2.567303
0.9745312063934511,2.567256
0.9745723501579701,2.56718
0.9746134939224887,2.567429
0.9746546376870077,2.567287
0.9746957814515265,2.56746
0.9747369252160454,2.566937
0.9747780689805641,2.567289
0.9748192127450831,2.567447
0.974860356509602,2.567561
0.9749015002741208,2.567425
0.9749426440386395,2.567152
0.9749837878031584,2.567216
0.9750249315676772,2.567387
0.9750660753321962,2.566943
0.9751072190967148,2.566532
0.9751483628612339,2.566431
0.9751895066257528,2.566571
0.9752306503902716,2.566541
0.9752717941547904,2.566616
0.9753129379193092,2.5668
0.9753540816838281,2.566779
0.9753952254483471,2.5668
0.9754363692128656,2.56671
0.9754775129773847,2.566719
0.9755186567419035,2.566534
0.9755598005064223,2.566925
0.9756009442709411,2.566643
0.9756420880354599,2.566696
0.9756832317999788,2.566636
0.9757243755644975,2.566766
0.9757655193290166,2.566613
0.9758066630935355,2.5667
0.9758478068580543,2.566453
0.9758889506225732,2.566287
0.9759300943870919,2.566473
0.9759712381516108,2.566437
0.9760123819161298,2.566148
0.9760535256806483,2.566127
0.9760946694451673,2.566067
0.9761358132096862,2.566104
0.976176956974205,2.566332
0.976218100738724,2.566122
0.9762592445032426,2.565553
0.9763003882677616,2.566019
0.9763415320322806,2.565852
0.9763826757967992,2.565965
0.9764238195613182,2.565734
0.976464963325837,2.565689
0.9765061070903559,2.565816
0.9765472508548747,2.565442
0.9765883946193935,2.565552
0.9766295383839123,2.564997
0.9766706821484311,2.565457
0.9767118259129501,2.565648
0.9767529696774689,2.565676
0.9767941134419877,2.565157
0.9768352572065067,2.565085
0.9768764009710253,2.565141
0.9769175447355443,2.565014
0.9769586885000633,2.565087
0.976999832264582,2.564288
0.977040976029101,2.565049
0.9770821197936197,2.564984
0.9771232635581386,2.564989
0.9771644073226574,2.565042
0.9772055510871763,2.565125
0.977246694851695,2.56493
0.977287838616214,2.564661
0.9773289823807328,2.56464
0.9773701261452518,2.563592
0.9774112699097705,2.563909
0.9774524136742894,2.56399
0.9774935574388082,2.564029
0.9775347012033271,2.564084
0.9775758449678461,2.564095
0.9776169887323647,2.564096
0.9776581324968837,2.564122
0.9776992762614025,2.564167
0.9777404200259213,2.563904
0.9777815637904401,2.564516
0.9778227075549589,2.564763
0.9778638513194777,2.564714
0.9779049950839968,2.564741
0.9779461388485154,2.564627
0.9779872826130345,2.564676
0.9780284263775533,2.564398
0.9780695701420721,2.564389
0.9781107139065909,2.564255
0.9781518576711098,2.564195
0.9781930014356285,2.564596
0.9782341452001475,2.564794
0.9782752889646664,2.56484
0.9783164327291852,2.564952
0.9783575764937041,2.564858
0.9783987202582228,2.564869
0.9784398640227416,2.564929
0.9784810077872605,2.564539
0.9785221515517796,2.564263
0.9785632953162982,2.564703
0.9786044390808172,2.564389
0.978645582845336,2.564368
0.9786867266098549,2.56432
0.9787278703743736,2.564499
0.9787690141388925,2.564288
0.9788101579034113,2.564259
0.9788513016679303,2.564348
0.9788924454324491,2.563753
0.9789335891969679,2.564158
0.9789747329614868,2.564225
0.9790158767260057,2.564061
0.9790570204905243,2.564039
0.9790981642550433,2.563771
0.9791393080195623,2.563851
0.9791804517840809,2.564034
0.9792215955485999,2.563863
0.9792627393131187,2.563432
0.9793038830776376,2.563827
0.9793450268421563,2.563867
0.9793861706066753,2.563761
0.979427314371194,2.563763
0.979468458135713,2.563676
0.9795096019002316,2.563619
0.9795507456647506,2.56389
0.9795918894292696,2.564127
0.9796330331937884,2.563504
0.979674176958307,2.56367
0.979715320722826,2.563793
0.9797564644873448,2.564069
0.9797976082518638,2.564041
0.9798387520163827,2.563945
0.9798798957809014,2.563969
0.9799210395454203,2.563853
0.9799621833099391,2.563789
0.9800033270744579,2.563159
0.9800444708389767,2.563526
0.9800856146034957,2.563398
0.9801267583680144,2.563076
0.9801679021325335,2.563369
0.9802090458970523,2.563483
0.9802501896615711,2.563526
0.9802913334260899,2.563795
0.9803324771906087,2.563651
0.9803736209551275,2.563106
0.9804147647196465,2.56322
0.9804559084841654,2.562889
0.9804970522486841,2.56267
0.980538196013203,2.561965
0.9805793397777218,2.561635
0.9806204835422407,2.561777
0.9806616273067594,2.561821
0.9807027710712783,2.56148
0.9807439148357974,2.560723
0.9807850586003162,2.560705
0.9808262023648351,2.560462
0.9808673461293538,2.559949
0.9809084898938726,2.560097
0.9809496336583915,2.560002
0.9809907774229102,2.559769
0.9810319211874292,2.56013
0.9810730649519479,2.560521
0.9811142087164669,2.560215
0.9811553524809858,2.560185
0.9811964962455045,2.560157
0.9812376400100234,2.559803
0.9812787837745423,2.559969
0.981319927539061,2.559858
0.9813610713035801,2.559664
0.9814022150680989,2.55955
0.9814433588326178,2.560117
0.9814845025971365,2.559845
0.9815256463616553,2.559389
0.9815667901261742,2.559733
0.981607933890693,2.559616
0.981649077655212,2.559448
0.9816902214197308,2.559702
0.9817313651842496,2.559986
0.9817725089487686,2.560238
0.9818136527132872,2.560838
0.9818547964778062,2.560881
0.9818959402423252,2.560396
0.9819370840068439,2.56099
0.9819782277713629,2.561269
0.9820193715358814,2.560851
0.9820605153004004,2.561345
0.9821016590649193,2.561205
0.982142802829438,2.561151
0.9821839465939569,2.56127
0.9822250903584757,2.561201
0.9822662341229946,2.560604
0.9823073778875137,2.560904
0.9823485216520323,2.560812
0.9823896654165513,2.560737
0.9824308091810701,2.561261
0.9824719529455889,2.561443
0.9825130967101077,2.561349
0.9825542404746266,2.561295
0.9825953842391456,2.561222
0.9826365280036644,2.560876
0.9826776717681831,2.561366
0.982718815532702,2.561361
0.9827599592972208,2.561238
0.9828011030617396,2.560885
0.9828422468262586,2.560925
0.9828833905907773,2.561115
0.9829245343552964,2.561177
0.9829656781198151,2.56101
0.983006821884334,2.560491
0.9830479656488528,2.561258
0.9830891094133717,2.561432
0.9831302531778904,2.561646
0.9831713969424093,2.561697
0.9832125407069283,2.5618
0.9832536844714471,2.561981
0.9832948282359658,2.562011
0.9833359720004847,2.561672
0.9833771157650035,2.561258
0.9834182595295224,2.561622
0.9834594032940415,2.561592
0.98350054705856,2.561456
0.9835416908230791,2.561471
0.9835828345875978,2.561471
0.9836239783521168,2.561723
0.9836651221166355,2.561704
0.9837062658811544,2.561782
0.9837474096456732,2.561209
0.9837885534101922,2.561495
0.9838296971747108,2.56151
0.9838708409392298,2.561367
0.9839119847037486,2.561404
0.9839531284682674,2.561285
0.9839942722327862,2.561305
0.9840354159973052,2.561298
0.984076559761824,2.561639
0.9841177035263428,2.561323
0.9841588472908618,2.561169
0.9841999910553806,2.561151
0.9842411348198995,2.560938
0.9842822785844182,2.561271
0.9843234223489371,2.561171
0.9843645661134559,2.561278
0.9844057098779749,2.561339
0.9844468536424935,2.561222
0.9844879974070125,2.560582
0.9845291411715313,2.56064
0.9845702849360503,2.56113
0.984611428700569,2.560768
0.9846525724650879,2.560926
0.9846937162296067,2.560849
0.9847348599941256,2.561023
0.9847760037586446,2.560771
0.9848171475231633,2.560643
0.9848582912876822,2.560448
0.984899435052201,2.559789
0.9849405788167198,2.559897
0.9849817225812386,2.56004
0.9850228663457576,2.559973
0.9850640101102763,2.559973
0.9851051538747954,2.559763
0.985146297639314,2.560029
0.985187441403833,2.560041
0.9852285851683518,2.559802
0.9852697289328706,2.558946
0.9853108726973894,2.559655
0.9853520164619084,2.559432
0.985393160226427,2.559597
0.985434303990946,2.559683
0.9854754477554649,2.55981
0.9855165915199837,2.559693
0.9855577352845026,2.559797
0.9855988790490213,2.559747
0.9856400228135401,2.558965
0.985681166578059,2.559619
0.9857223103425781,2.559691
0.9857634541070968,2.559881
0.9858045978716157,2.559755
0.9858457416361345,2.559708
0.9858868854006534,2.559748
0.9859280291651721,2.559857
0.9859691729296911,2.559988
0.9860103166942098,2.559521
0.9860514604587288,2.560029
0.9860926042232476,2.560043
0.9861337479877664,2.559555
0.9861748917522853,2.559646
0.9862160355168041,2.559572
0.9862571792813228,2.559283
0.986298323045842,2.558586
0.9863394668103606,2.557737
0.9863806105748796,2.557626
0.9864217543393984,2.558717
0.9864628981039172,2.558709
0.9865040418684361,2.55868
0.9865451856329548,2.559539
0.9865863293974737,2.559574
0.9866274731619925,2.559701
0.9866686169265115,2.559998
0.9867097606910304,2.560277
0.9867509044555491,2.559819
0.986792048220068,2.559836
0.9868331919845869,2.560054
0.9868743357491055,2.55997
0.9869154795136246,2.560268
0.9869566232781433,2.560218
0.9869977670426623,2.560251
0.9870389108071812,2.560229
0.9870800545716999,2.560355
0.9871211983362188,2.560294
0.9871623421007376,2.559992
0.9872034858652565,2.560323
0.9872446296297755,2.560286
0.9872857733942942,2.56039
0.9873269171588132,2.560317
0.987368060923332,2.560292
0.9874092046878508,2.560413
0.9874503484523696,2.560175
0.9874914922168884,2.559911
0.9875326359814074,2.559741
0.987573779745926,2.560556
0.987614923510445,2.560649
0.9876560672749639,2.560649
0.9876972110394827,2.560848
0.9877383548040015,2.560656
0.9877794985685203,2.560684
0.9878206423330392,2.560531
0.9878617860975583,2.560994
0.9879029298620768,2.560259
0.9879440736265959,2.560447
0.9879852173911147,2.559973
0.9880263611556336,2.559591
0.9880675049201523,2.559696
0.9881086486846711,2.55959
0.98814979244919,2.559719
0.988190936213709,2.559781
0.9882320799782277,2.560036
0.9882732237427466,2.559505
0.9883143675072654,2.559833
0.9883555112717843,2.559828
0.988396655036303,2.559607
0.9884377988008219,2.559524
0.988478942565341,2.559575
0.9885200863298595,2.559488
0.9885612300943786,2.559349
0.9886023738588974,2.55918
0.9886435176234162,2.558607
0.9886846613879351,2.559014
0.9887258051524538,2.558943
0.9887669489169727,2.558597
0.9888080926814917,2.558219
0.9888492364460105,2.557996
0.9888903802105293,2.558071
0.9889315239750481,2.557893
0.988972667739567,2.55808
0.9890138115040857,2.557402
0.9890549552686047,2.558146
0.9890960990331237,2.558709
0.9891372427976424,2.558572
0.9891783865621614,2.558328
0.9892195303266801,2.5585
0.9892606740911989,2.558789
0.9893018178557178,2.558698
0.9893429616202368,2.558845
0.9893841053847554,2.558301
0.9894252491492744,2.558407
0.9894663929137931,2.559063
0.9895075366783121,2.559036
0.9895486804428308,2.55895
0.9895898242073498,2.558918
0.9896309679718686,2.558924
0.9896721117363875,2.558665
0.9897132555009062,2.558815
0.9897543992654252,2.558343
0.9897955430299441,2.558331
0.9898366867944629,2.558782
0.9898778305589816,2.558709
0.9899189743235005,2.55867
0.9899601180880193,2.558637
0.9900012618525381,2.558591
0.9900424056170571,2.558772
0.9900835493815758,2.558667
0.9901246931460949,2.558642
0.9901658369106137,2.558742
0.9902069806751325,2.559247
0.9902481244396513,2.558902
0.9902892682041703,2.558302
0.9903304119686889,2.558035
0.9903715557332079,2.558284
0.9904126994977268,2.558046
0.9904538432622456,2.55767
0.9904949870267643,2.55742
0.9905361307912832,2.556883
0.990577274555802,2.5576
0.9906184183203209,2.557428
0.9906595620848396,2.557294
0.9907007058493587,2.557299
0.9907418496138776,2.557217
0.9907829933783964,2.557329
0.9908241371429153,2.557389
0.990865280907434,2.557189
0.9909064246719529,2.556843
0.9909475684364717,2.557164
0.9909887122009907,2.55702
0.9910298559655093,2.557287
0.9910709997300283,2.557422
0.9911121434945471,2.557067
0.991153287259066,2.557264
0.9911944310235847,2.557521
0.9912355747881036,2.55758
0.9912767185526224,2.556845
0.9913178623171415,2.557604
0.9913590060816603,2.557572
0.9914001498461791,2.557746
0.991441293610698,2.557897
0.9914824373752167,2.557886
0.9915235811397356,2.557826
0.9915647249042544,2.55793
0.9916058686687734,2.557878
0.9916470124332923,2.556855
0.991688156197811,2.557461
0.9917292999623298,2.557871
0.9917704437268487,2.558139
0.9918115874913674,2.558032
0.9918527312558865,2.557809
0.9918938750204052,2.55784
0.9919350187849242,2.557815
0.9919761625494428,2.55817
0.9920173063139618,2.557367
0.9920584500784807,2.55745
0.9920995938429995,2.557237
0.9921407376075183,2.55726
0.9921818813720371,2.557203
0.9922230251365559,2.55718
0.992264168901075,2.557255
0.9923053126655939,2.557175
0.9923464564301125,2.557044
0.9923876001946315,2.556803
0.9924287439591503,2.556792
0.9924698877236691,2.556649
0.9925110314881879,2.556985
0.9925521752527069,2.556491
0.9925933190172258,2.556503
0.9926344627817445,2.556813
0.9926756065462634,2.557063
0.9927167503107822,2.556483
0.9927578940753011,2.556422
0.9927990378398202,2.556269
0.9928401816043386,2.556391
0.9928813253688578,2.556147
0.9929224691333766,2.556383
0.9929636128978953,2.555933
0.9930047566624142,2.555802
0.993045900426933,2.55553
0.9930870441914519,2.555769
0.9931281879559706,2.55599
0.9931693317204896,2.555386
0.9932104754850085,2.55563
0.9932516192495273,2.555698
0.9932927630140462,2.555698
0.9933339067785649,2.55611
0.9933750505430838,2.556193
0.9934161943076029,2.556281
0.9934573380721213,2.556648
0.9934984818366404,2.556246
0.993539625601159,2.555611
0.9935807693656781,2.555888
0.9936219131301969,2.555802
0.9936630568947157,2.555871
0.9937042006592346,2.555799
0.9937453444237536,2.556028
0.9937864881882722,2.555833
0.9938276319527912,2.55591
0.99386877571731,2.555703
0.9939099194818289,2.555115
0.9939510632463476,2.555557
0.9939922070108665,2.555638
0.9940333507753853,2.555672
0.994074494539904,2.555874
0.9941156383044231,2.555644
0.994156782068942,2.555868
0.9941979258334608,2.555973
0.9942390695979797,2.556102
0.9942802133624984,2.555591
0.9943213571270173,2.55592
0.9943625008915363,2.555762
0.994403644656055,2.555573
0.994444788420574,2.555591
0.9944859321850927,2.555382
0.9945270759496116,2.555791
0.9945682197141305,2.5557
0.9946093634786493,2.555409
0.9946505072431681,2.554825
0.9946916510076871,2.555372
0.9947327947722059,2.555379
0.9947739385367248,2.555415
0.9948150823012435,2.555307
0.9948562260657624,2.555398
0.9948973698302812,2.555481
0.9949385135948,2.555393
0.994979657359319,2.555574
0.9950208011238377,2.55509
0.9950619448883568,2.555329
0.9951030886528754,2.555172
0.9951442324173944,2.555183
0.9951853761819132,2.555223
0.995226519946432,2.554959
0.9952676637109508,2.554467
0.9953088074754698,2.55414
0.9953499512399885,2.554365
0.9953910950045075,2.553906
0.9954322387690262,2.553878
0.9954733825335451,2.554038
0.9955145262980639,2.554117
0.9955556700625828,2.553988
0.9955968138271015,2.553994
0.9956379575916204,2.553855
0.9956791013561395,2.554256
0.9957202451206583,2.554434
0.9957613888851772,2.554327
0.9958025326496959,2.55386
0.9958436764142147,2.553795
0.9958848201787336,2.553374
0.9959259639432526,2.553366
0.9959671077077712,2.553336
0.9960082514722902,2.553854
0.996049395236809,2.553818
0.9960905390013278,2.553926
0.9961316827658466,2.553947
0.9961728265303655,2.553396
0.9962139702948843,2.553779
0.9962551140594034,2.5536
0.996296257823922,2.553474
0.996337401588441,2.553476
0.9963785453529599,2.553332
0.9964196891174786,2.553555
0.9964608328819974,2.553163
0.9965019766465163,2.553832
0.996543120411035,2.55325
0.9965842641755539,2.553483
0.9966254079400729,2.553306
0.9966665517045917,2.553437
0.9967076954691106,2.553175
0.9967488392336293,2.553229
0.9967899829981482,2.553063
0.996831126762667,2.553305
0.9968722705271861,2.553107
0.9969134142917047,2.552464
0.9969545580562237,2.552974
0.9969957018207426,2.553063
0.9970368455852614,2.554003
0.9970779893497801,2.553852
0.997119133114299,2.553161
0.9971602768788178,2.553367
0.9972014206433368,2.553355
0.9972425644078557,2.553276
0.9972837081723744,2.552684
0.9973248519368934,2.553375
0.9973659957014122,2.553234
0.997407139465931,2.553181
0.9974482832304498,2.553045
0.9974894269949688,2.552916
0.9975305707594874,2.552974
0.9975717145240064,2.553051
0.9976128582885253,2.553075
0.9976540020530441,2.552514
0.9976951458175628,2.552866
0.9977362895820817,2.553065
0.9977774333466005,2.552797
0.9978185771111195,2.552542
0.9978597208756381,2.552644
0.9979008646401571,2.552732
0.9979420084046761,2.552398
0.9979831521691949,2.551978
0.9980242959337138,2.551137
0.9980654396982325,2.551273
0.9981065834627514,2.551207
0.9981477272272704,2.550934
0.9981888709917892,2.550807
0.998230014756308,2.55076
0.9982711585208268,2.551355
0.9983123022853456,2.551581
0.9983534460498645,2.551386
0.9983945898143832,2.550855
0.9984357335789023,2.551288
0.9984768773434209,2.551236
0.99851802110794,2.551167
0.9985591648724588,2.550978
0.9986003086369776,2.5509
0.9986414524014965,2.551832
0.9986825961660152,2.551828
0.9987237399305341,2.551502
0.9987648836950531,2.551052
0.9988060274595719,2.550753
0.9988471712240908,2.55101
0.9988883149886095,2.550837
0.9989294587531283,2.550584
0.9989706025176472,2.55098
0.9990117462821659,2.552147
0.999052890046685,2.552839
0.9990940338112039,2.55299
0.9991351775757227,2.552958
0.9991763213402416,2.55272
0.9992174651047603,2.55293
0.9992586088692792,2.552998
0.9992997526337982,2.552787
0.9993408963983169,2.553187
0.9993820401628359,2.553045
0.9994231839273544,2.552986
0.9994643276918734,2.552978
0.9995054714563923,2.552838
0.999546615220911,2.552184
0.99958775898543,2.552418
0.9996289027499488,2.552178
0.9996700465144676,2.552272
0.9997111902789866,2.552461
0.9997523340435054,2.552571
0.9997934778080243,2.552231
0.9998346215725431,2.551698
0.9998757653370619,2.55148
0.9999169091015807,2.551347
0.9999580528660996,2.551738
0.9999991966306186,2.551556
1.0000403403951372,2.551576
1.0000814841596561,2.551266
1.000122627924175,2.55166
1.0001637716886937,2.551515
1.0002049154532127,2.551279
1.0002460592177318,2.551181
1.0002872029822503,2.550565
1.0003283467467694,2.550529
1.000369490511288,2.550277
1.000410634275807,2.550402
1.0004517780403257,2.5508
1.0004929218048446,2.550314
1.0005340655693635,2.549933
1.0005752093338824,2.549546
1.0006163530984011,2.550039
1.00065749686292,2.549686
1.000698640627439,2.549929
1.0007397843919579,2.550463
1.0007809281564766,2.55075
1.0008220719209955,2.550798
1.0008632156855142,2.550646
1.000904359450033,2.55096
1.000945503214552,2.550912
1.0009866469790707,2.550647
1.0010277907435898,2.549922
1.0010689345081085,2.55011
1.0011100782726274,2.550084
1.0011512220371461,2.550325
1.001192365801665,2.550378
1.0012335095661837,2.550458
1.0012746533307029,2.550363
1.0013157970952216,2.550609
1.0013569408597405,2.550299
1.0013980846242592,2.550073
1.001439228388778,2.550149
1.001480372153297,2.550789
1.001521515917816,2.550914
1.0015626596823348,2.551133
1.0016038034468535,2.550581
1.0016449472113724,2.550414
1.0016860909758913,2.550341
1.0017272347404103,2.55036
1.001768378504929,2.549376
1.0018095222694479,2.548981
1.0018506660339666,2.54967
1.0018918097984857,2.54967
1.0019329535630042,2.549701
1.0019740973275233,2.54999
1.002015241092042,2.550055
1.002056384856561,2.550032
1.0020975286210796,2.549923
1.0021386723855985,2.549805
1.0021798161501174,2.549666
1.0022209599146363,2.550216
1.0022621036791552,2.550029
1.002303247443674,2.549707
1.0023443912081929,2.549532
1.0023855349727115,2.549464
1.0024266787372305,2.549442
1.0024678225017494,2.549501
1.0025089662662683,2.549392
1.0025501100307872,2.54889
1.002591253795306,2.549309
1.0026323975598248,2.549357
1.0026735413243437,2.549721
1.0027146850888624,2.550102
1.0027558288533813,2.549882
1.0027969726179,2.549704
1.0028381163824192,2.549761
1.002879260146938,2.54982
1.0029204039114568,2.549428
1.0029615476759757,2.549985
1.0030026914404944,2.550093
1.003043835205013,2.550053
1.003084978969532,2.550229
1.003126122734051,2.550035
1.0031672664985698,2.549714
1.0032084102630887,2.549787
1.0032495540276074,2.549834
1.0032906977921263,2.549423
1.0033318415566452,2.549636
1.0033729853211641,2.549611
1.0034141290856828,2.549514
1.0034552728502018,2.549191
1.0034964166147207,2.549409
1.0035375603792394,2.549118
1.0035787041437583,2.548974
1.0036198479082772,2.549034
1.0036609916727959,2.548215
1.003702135437315,2.548744
1.0037432792018335,2.548542
1.0037844229663526,2.548647
1.0038255667308715,2.548393
1.0038667104953902,2.54887
1.0039078542599091,2.548899
1.0039489980244278,2.548747
1.0039901417889467,2.548947
1.0040312855534654,2.54837
1.0040724293179846,2.548623
1.0041135730825035,2.548747
1.0041547168470222,2.549639
1.004195860611541,2.549069
1.0042370043760598,2.549186
1.0042781481405787,2.549291
1.0043192919050976,2.549168
1.0043604356696163,2.549454
1.0044015794341352,2.549542
1.0044427231986541,2.549829
1.004483866963173,2.549948
1.0045250107276917,2.549416
1.0045661544922107,2.549253
1.0046072982567296,2.549306
1.0046484420212485,2.54913
1.0046895857857674,2.54948
1.004730729550286,2.549543
1.004771873314805,2.548978
1.004813017079324,2.548538
1.0048541608438426,2.548843
1.0048953046083613,2.548681
1.0049364483728804,2.548355
1.004977592137399,2.548308
1.005018735901918,2.548117
1.005059879666437,2.548154
1.0051010234309556,2.54828
1.0051421671954746,2.548525
1.0051833109599932,2.547955
1.0052244547245122,2.548557
1.0052655984890313,2.548127
1.00530674225355,2.548234
1.005347886018069,2.548234
1.0053890297825876,2.548213
1.0054301735471065,2.548414
1.0054713173116254,2.548322
1.0055124610761441,2.548326
1.005553604840663,2.547619
1.0055947486051817,2.548013
1.0056358923697009,2.547974
1.0056770361342198,2.548166
1.0057181798987385,2.548212
1.0057593236632574,2.548223
1.005800467427776,2.547881
1.005841611192295,2.547734
1.005882754956814,2.547897
1.0059238987213326,2.547198
1.0059650424858517,2.547902
1.0060061862503704,2.548069
1.006047330014889,2.548046
1.006088473779408,2.54811
1.006129617543927,2.54774
1.0061707613084456,2.547905
1.0062119050729648,2.547874
1.0062530488374835,2.547562
1.0062941926020024,2.546943
1.006335336366521,2.547401
1.00637648013104,2.547169
1.0064176238955589,2.547282
1.0064587676600778,2.547291
1.0064999114245965,2.547495
1.0065410551891154,2.547702
1.0065821989536343,2.54766
1.0066233427181532,2.547551
1.006664486482672,2.546766
1.0067056302471908,2.546755
1.0067467740117095,2.547849
1.0067879177762284,2.547994
1.0068290615407476,2.548186
1.006870205305266,2.547974
1.0069113490697852,2.547653
1.0069524928343039,2.547642
1.0069936365988228,2.547786
1.0070347803633415,2.547319
1.0070759241278604,2.547537
1.0071170678923793,2.547712
1.0071582116568982,2.547984
1.0071993554214171,2.54782
1.0072404991859358,2.547814
1.0072816429504547,2.547573
1.0073227867149734,2.547634
1.0073639304794924,2.547851
1.0074050742440113,2.547235
1.0074462180085302,2.547577
1.0074873617730489,2.547629
1.0075285055375678,2.547573
1.0075696493020867,2.547756
1.0076107930666056,2.547194
1.0076519368311243,2.546962
1.0076930805956432,2.547038
1.007734224360162,2.547101
1.007775368124681,2.546801
1.0078165118891995,2.54668
1.0078576556537187,2.547083
1.0078987994182373,2.547186
1.0079399431827563,2.547068
1.007981086947275,2.547013
1.0080222307117939,2.547362
1.0080633744763128,2.547152
1.0081045182408317,2.547332
1.0081456620053506,2.547511
1.0081868057698693,2.54693
1.0082279495343882,2.547626
1.0082690932989071,2.547219
1.0083102370634258,2.547182
1.0083513808279447,2.547791
1.0083925245924636,2.547768
1.0084336683569823,2.547327
1.0084748121215013,2.547041
1.0085159558860202,2.547339
1.008557099650539,2.546927
1.0085982434150578,2.547523
1.0086393871795767,2.547138
1.0086805309440954,2.547151
1.0087216747086145,2.547654
1.0087628184731334,2.547974
1.0088039622376521,2.547776
1.008845106002171,2.547429
1.0088862497666897,2.547722
1.0089273935312086,2.547488
1.0089685372957273,2.54801
1.0090096810602465,2.547903
1.0090508248247654,2.547846
1.009091968589284,2.547809
1.0091331123538028,2.548029
1.0091742561183217,2.548149
1.0092153998828406,2.548208
1.0092565436473595,2.548121
1.0092976874118782,2.547528
1.0093388311763971,2.548058
1.0093799749409158,2.548164
1.009421118705435,2.548019
1.0094622624699536,2.548516
1.0095034062344725,2.548481
1.0095445499989915,2.54838
1.0095856937635102,2.548074
1.0096268375280288,2.548056
1.009667981292548,2.547571
1.009709125057067,2.54772
1.0097502688215856,2.547862
1.0097914125861045,2.547915
1.0098325563506232,2.547883
1.009873700115142,2.547523
1.0099148438796608,2.547452
1.00995598764418,2.547489
1.0099971314086986,2.54765
1.0100382751732175,2.547628
1.0100794189377365,2.547597
1.0101205627022551,2.547595
1.010161706466774,2.547513
1.0102028502312932,2.547153
1.0102439939958117,2.54735
1.0102851377603306,2.547072
1.0103262815248495,2.546633
1.0103674252893684,2.54652
1.0104085690538873,2.54643
1.010449712818406,2.546279
1.010490856582925,2.546641
1.0105320003474436,2.546616
1.0105731441119625,2.54686
1.0106142878764814,2.546909
1.0106554316410004,2.546971
1.0106965754055193,2.546805
1.010737719170038,2.547252
1.0107788629345569,2.546794
1.0108200066990756,2.546233
1.0108611504635945,2.546822
1.0109022942281134,2.54652
1.010943437992632,2.546681
1.010984581757151,2.546992
1.01102572552167,2.546714
1.0110668692861886,2.546931
1.0111080130507075,2.546765
1.0111491568152267,2.54673
1.0111903005797453,2.545911
1.0112314443442643,2.545861
1.011272588108783,2.545728
1.0113137318733019,2.545841
1.0113548756378208,2.545434
1.0113960194023397,2.545606
1.0114371631668584,2.545304
1.011478306931377,2.544968
1.0115194506958962,2.545099
1.0115605944604151,2.544319
1.0116017382249338,2.544715
1.0116428819894527,2.545035
1.0116840257539714,2.545349
1.0117251695184903,2.545243
1.0117663132830095,2.54532
1.011807457047528,2.545409
1.011848600812047,2.545136
1.0118897445765656,2.545406
1.0119308883410847,2.544963
1.0119720321056034,2.544973
1.0120131758701223,2.544993
1.012054319634641,2.545012
1.01209546339916,2.545275
1.0121366071636788,2.545138
1.0121777509281977,2.545389
1.0122188946927166,2.54556
1.0122600384572353,2.545646
1.0123011822217542,2.544875
1.0123423259862732,2.545393
1.0123834697507919,2.54555
1.0124246135153108,2.545311
1.0124657572798297,2.54539
1.0125069010443486,2.545442
1.0125480448088675,2.545204
1.0125891885733862,2.545335
1.012630332337905,2.545233
1.0126714761024238,2.54445
1.012712619866943,2.545097
1.0127537636314614,2.545189
1.0127949073959805,2.54515
1.0128360511604992,2.544945
1.0128771949250182,2.544947
1.0129183386895368,2.544922
1.0129594824540558,2.544928
1.0130006262185747,2.544933
1.0130417699830934,2.544505
1.0130829137476125,2.544976
1.0131240575121312,2.545237
1.01316520127665,2.545323
1.013206345041169,2.545299
1.0132474888056877,2.54519
1.0132886325702066,2.545444
1.0133297763347255,2.545079
1.0133709200992442,2.544821
1.0134120638637631,2.544167
1.013453207628282,2.54392
1.013494351392801,2.544379
1.0135354951573197,2.544231
1.0135766389218386,2.544071
1.0136177826863573,2.544493
1.0136589264508764,2.544593
1.0137000702153949,2.544565
1.013741213979914,2.544755
1.013782357744433,2.544402
1.0138235015089516,2.544149
1.0138646452734703,2.544252
1.0139057890379892,2.544369
1.0139469328025081,2.54437
1.013988076567027,2.544322
1.014029220331546,2.54401
1.0140703640960647,2.544208
1.0141115078605836,2.544213
1.0141526516251025,2.543946
1.0141937953896214,2.542953
1.01423493915414,2.543311
1.014276082918659,2.542992
1.0143172266831777,2.542461
1.0143583704476968,2.542443
1.0143995142122155,2.542911
1.0144406579767344,2.543367
1.0144818017412531,2.543428
1.014522945505772,2.543612
1.0145640892702907,2.54336
1.0146052330348099,2.543988
1.0146463767993288,2.543887
1.0146875205638475,2.54389
1.0147286643283664,2.543622
1.014769808092885,2.543483
1.014810951857404,2.543319
1.0148520956219227,2.543076
1.0148932393864418,2.543242
1.0149343831509605,2.542211
1.0149755269154794,2.542554
1.0150166706799983,2.542642
1.015057814444517,2.54287
1.015098958209036,2.54258
1.0151401019735549,2.54232
1.0151812457380736,2.542377
1.0152223895025925,2.542428
1.0152635332671112,2.542618
1.0153046770316303,2.542055
1.0153458207961492,2.542467
1.015386964560668,2.542546
1.0154281083251868,2.542469
1.0154692520897055,2.542411
1.0155103958542244,2.542301
1.0155515396187433,2.542018
1.0155926833832623,2.542281
1.0156338271477812,2.542329
1.0156749709122999,2.541469
1.0157161146768185,2.541646
1.0157572584413375,2.541408
1.0157984022058564,2.540896
1.0158395459703753,2.541681
1.015880689734894,2.541553
1.015921833499413,2.541507
1.0159629772639318,2.541227
1.0160041210284505,2.540575
1.0160452647929694,2.540544
1.0160864085574883,2.540778
1.0161275523220072,2.540926
1.0161686960865262,2.540881
1.0162098398510446,2.541286
1.0162509836155638,2.541342
1.0162921273800827,2.541699
1.0163332711446014,2.541694
1.0163744149091203,2.542055
1.016415558673639,2.541767
1.0164567024381579,2.541756
1.0164978462026766,2.542323
1.0165389899671957,2.542252
1.0165801337317146,2.542397
1.0166212774962333,2.542337
1.0166624212607522,2.542416
1.016703565025271,2.542065
1.0167447087897898,2.542085
1.016785852554309,2.54225
1.0168269963188274,2.5414
1.0168681400833464,2.541594
1.0169092838478653,2.541447
1.0169504276123842,2.541227
1.0169915713769029,2.541979
1.0170327151414218,2.541691
1.0170738589059407,2.541672
1.0171150026704596,2.54159
1.0171561464349783,2.541795
1.0171972901994972,2.541396
1.0172384339640161,2.542063
1.017279577728535,2.541988
1.0173207214930537,2.541886
1.0173618652575727,2.542142
1.0174030090220916,2.542578
1.01744415278661,2.542344
1.0174852965511292,2.542331
1.017526440315648,2.542362
1.0175675840801668,2.541889
1.0176087278446857,2.542296
1.0176498716092044,2.542077
1.0176910153737233,2.54149
1.0177321591382424,2.541429
1.0177733029027611,2.541636
1.01781444666728,2.541596
1.0178555904317987,2.54149
1.0178967341963177,2.541755
1.0179378779608366,2.541126
1.0179790217253553,2.541604
1.0180201654898742,2.541417
1.018061309254393,2.541159
1.018102453018912,2.540797
1.0181435967834307,2.540166
1.0181847405479496,2.540246
1.0182258843124685,2.540174
1.0182670280769872,2.540091
1.0183081718415061,2.539536
1.018349315606025,2.54009
1.0183904593705437,2.54009
1.0184316031350629,2.540553
1.0184727468995816,2.540815
1.0185138906641005,2.540784
1.0185550344286192,2.541128
1.018596178193138,2.541331
1.0186373219576568,2.54127
1.018678465722176,2.540626
1.0187196094866946,2.540846
1.0187607532512135,2.541466
1.0188018970157322,2.541461
1.0188430407802511,2.54132
1.01888418454477,2.541203
1.018925328309289,2.540991
1.0189664720738079,2.541053
1.0190076158383266,2.541075
1.0190487596028455,2.540524
1.0190899033673644,2.540734
1.019131047131883,2.541082
1.019172190896402,2.541167
1.019213334660921,2.541116
1.0192544784254396,2.541345
1.0192956221899587,2.541662
1.0193367659544772,2.541475
1.0193779097189963,2.541413
1.019419053483515,2.540935
1.019460197248034,2.541067
1.0195013410125526,2.541385
1.0195424847770715,2.541061
1.0195836285415902,2.541783
1.0196247723061094,2.542408
1.0196659160706283,2.542468
1.019707059835147,2.542736
1.019748203599666,2.543257
1.0197893473641846,2.542672
1.0198304911287035,2.542373
1.0198716348932224,2.54248
1.0199127786577413,2.542321
1.01995392242226,2.542301
1.019995066186779,2.542405
1.0200362099512978,2.542397
1.0200773537158168,2.542363
1.0201184974803355,2.542059
1.0201596412448544,2.542045
1.020200785009373,2.541605
1.0202419287738922,2.542022
1.020283072538411,2.541976
1.0203242163029298,2.541959
1.0203653600674487,2.541881
1.0204065038319674,2.541965
1.020447647596486,2.54184
1.020488791361005,2.541623
1.020529935125524,2.541698
1.0205710788900428,2.540844
1.0206122226545618,2.541541
1.0206533664190804,2.541617
1.0206945101835994,2.541489
1.0207356539481183,2.541681
1.020776797712637,2.541851
1.0208179414771559,2.541694
1.0208590852416748,2.541263
1.0209002290061935,2.541098
1.0209413727707124,2.540655
1.0209825165352313,2.541432
1.0210236602997502,2.541547
1.021064804064269,2.541284
1.021105947828788,2.54082
1.0211470915933065,2.540931
1.0211882353578257,2.540566
1.0212293791223446,2.540468
1.0212705228868633,2.540502
1.0213116666513822,2.540053
1.0213528104159009,2.540656
1.0213939541804198,2.54044
1.0214350979449385,2.54051
1.0214762417094576,2.54061
1.0215173854739765,2.540243
1.0215585292384952,2.540145
1.0215996730030141,2.54013
1.0216408167675328,2.540087
1.0216819605320517,2.539773
1.0217231042965707,2.539839
1.0217642480610893,2.540169
1.0218053918256083,2.539733
1.021846535590127,2.539316
1.021887679354646,2.538467
1.0219288231191648,2.539701
1.0219699668836837,2.540903
1.0220111106482026,2.540308
1.0220522544127213,2.539884
1.0220933981772402,2.539903
1.0221345419417591,2.539788
1.022175685706278,2.53982
1.022216829470797,2.540019
1.0222579732353156,2.540033
1.0222991169998343,2.54015
1.0223402607643532,2.540187
1.022381404528872,2.540131
1.022422548293391,2.540021
1.02246369205791,2.539924
1.0225048358224287,2.540428
1.0225459795869476,2.540068
1.0225871233514663,2.539842
1.0226282671159852,2.539403
1.0226694108805043,2.538995
1.0227105546450228,2.538734
1.022751698409542,2.538133
1.0227928421740606,2.53881
1.0228339859385795,2.539779
1.0228751297030985,2.540139
1.0229162734676172,2.539583
1.022957417232136,2.540154
1.0229985609966548,2.540153
1.023039704761174,2.539926
1.0230808485256926,2.539788
1.0231219922902115,2.539738
1.0231631360547304,2.539648
1.023204279819249,2.538919
1.023245423583768,2.539795
1.023286567348287,2.539822
1.0233277111128056,2.539929
1.0233688548773248,2.539923
1.0234099986418435,2.539674
1.0234511424063621,2.539394
1.023492286170881,2.539133
1.0235334299353998,2.538752
1.0235745736999187,2.538614
1.0236157174644378,2.539563
1.0236568612289565,2.539511
1.0236980049934754,2.539034
1.023739148757994,2.538475
1.023780292522513,2.538697
1.023821436287032,2.539071
1.0238625800515508,2.539102
1.0239037238160695,2.539055
1.0239448675805884,2.538511
1.0239860113451074,2.538796
1.0240271551096263,2.539001
1.024068298874145,2.539684
1.0241094426386639,2.53964
1.0241505864031826,2.539698
1.0241917301677015,2.539648
1.0242328739322204,2.53969
1.024274017696739,2.539703
1.0243151614612582,2.539305
1.024356305225777,2.53973
1.0243974489902958,2.539941
1.0244385927548145,2.539515
1.0244797365193334,2.539425
1.0245208802838521,2.539468
1.0245620240483713,2.539077
1.0246031678128902,2.538851
1.0246443115774089,2.538813
1.0246854553419276,2.538611
1.0247265991064465,2.538674
1.0247677428709654,2.539287
1.0248088866354843,2.539009
1.0248500304000032,2.538974
1.024891174164522,2.53889
1.0249323179290408,2.539181
1.0249734616935597,2.539198
1.0250146054580787,2.539023
1.0250557492225973,2.538896
1.0250968929871163,2.538816
1.025138036751635,2.53883
1.025179180516154,2.539028
1.0252203242806726,2.538974
1.0252614680451917,2.539007
1.0253026118097104,2.538736
1.0253437555742293,2.538695
1.025384899338748,2.53865
1.025426043103267,2.538701
1.0254671868677858,2.538308
1.0255083306323047,2.538566
1.0255494743968236,2.538854
1.0255906181613423,2.539033
1.0256317619258613,2.538686
1.02567290569038,2.538673
1.0257140494548989,2.53906
1.0257551932194178,2.539131
1.0257963369839367,2.538714
1.0258374807484554,2.538266
1.0258786245129743,2.538819
1.0259197682774932,2.538627
1.0259609120420121,2.538605
1.0260020558065308,2.538627
1.0260431995710497,2.538718
1.0260843433355684,2.538702
1.0261254871000876,2.538455
1.026166630864606,2.538166
1.0262077746291252,2.537607
1.026248918393644,2.538275
1.0262900621581628,2.537853
1.0263312059226817,2.538287
1.0263723496872004,2.538319
1.0264134934517193,2.538311
1.0264546372162382,2.538221
1.026495780980757,2.538054
1.0265369247452758,2.538038
1.0265780685097947,2.537539
1.0266192122743136,2.53802
1.0266603560388323,2.537939
1.0267014998033512,2.538022
1.0267426435678702,2.537831
1.0267837873323888,2.537596
1.026824931096908,2.537813
1.0268660748614267,2.537802
1.0269072186259456,2.537806
1.0269483623904645,2.537332
1.0269895061549832,2.537855
1.0270306499195019,2.53787
1.027071793684021,2.538053
1.02711293744854,2.53835
1.0271540812130586,2.538599
1.0271952249775775,2.538697
1.0272363687420962,2.538521
1.0272775125066151,2.538455
1.0273186562711338,2.537861
1.027359800035653,2.53796
1.0274009438001717,2.53799
1.0274420875646906,2.537842
1.0274832313292095,2.537407
1.0275243750937282,2.53732
1.027565518858247,2.536981
1.027606662622766,2.53686
1.0276478063872847,2.537066
1.0276889501518036,2.537982
1.0277300939163223,2.538478
1.0277712376808414,2.538785
1.0278123814453601,2.539209
1.027853525209879,2.538912
1.027894668974398,2.538889
1.0279358127389167,2.538687
1.0279769565034356,2.538498
1.0280181002679545,2.53874
1.0280592440324734,2.538161
1.0281003877969923,2.536911
1.028141531561511,2.536948
1.02818267532603,2.537105
1.0282238190905486,2.537279
1.0282649628550673,2.537261
1.0283061066195864,2.537358
1.0283472503841051,2.537496
1.028388394148624,2.537537
1.028429537913143,2.537596
1.0284706816776616,2.537301
1.0285118254421806,2.53757
1.0285529692066995,2.537333
1.0285941129712184,2.537295
1.0286352567357373,2.537199
1.028676400500256,2.53688
1.028717544264775,2.53693
1.0287586880292938,2.536885
1.0287998317938125,2.536351
1.0288409755583314,2.535469
1.0288821193228501,2.536191
1.0289232630873693,2.536372
1.0289644068518882,2.536406
1.0290055506164069,2.536671
1.0290466943809258,2.536528
1.0290878381454445,2.536536
1.0291289819099634,2.536363
1.0291701256744823,2.536519
1.029211269439001,2.535624
1.0292524132035201,2.536051
1.0292935569680386,2.536026
1.0293347007325577,2.536002
1.0293758444970764,2.535769
1.0294169882615953,2.535663
1.029458132026114,2.535765
1.029499275790633,2.535297
1.0295404195551519,2.535004
1.0295815633196708,2.533563
1.0296227070841895,2.533884
1.0296638508487084,2.533723
1.0297049946132273,2.53424
1.0297461383777462,2.534866
1.029787282142265,2.534877
1.0298284259067838,2.534912
1.0298695696713027,2.534952
1.0299107134358216,2.535028
1.0299518572003405,2.534607
1.0299930009648592,2.535174
1.030034144729378,2.535316
1.0300752884938968,2.535049
1.030116432258416,2.535851
1.0301575760229345,2.535786
1.0301987197874536,2.535403
1.0302398635519723,2.535043
1.0302810073164912,2.535143
1.0303221510810099,2.535104
1.0303632948455288,2.535199
1.0304044386100477,2.535558
1.0304455823745664,2.535955
1.0304867261390853,2.536181
1.0305278699036042,2.53657
1.0305690136681231,2.536547
1.0306101574326418,2.536554
1.0306513011971608,2.536891
1.0306924449616797,2.53604
1.0307335887261984,2.535833
1.0307747324907173,2.535796
1.0308158762552362,2.535759
1.0308570200197549,2.535525
1.030898163784274,2.535212
1.0309393075487927,2.534709
1.0309804513133116,2.534565
1.0310215950778303,2.534611
1.0310627388423494,2.53438
1.031103882606868,2.534324
1.031145026371387,2.534724
1.031186170135906,2.534034
1.0312273139004247,2.53379
1.0312684576649433,2.533538
1.0313096014294623,2.533581
1.0313507451939812,2.534223
1.0313918889585,2.53396
1.031433032723019,2.534104
1.0314741764875377,2.533711
1.0315153202520566,2.534084
1.0315564640165755,2.534121
1.0315976077810942,2.534495
1.0316387515456131,2.534201
1.031679895310132,2.534153
1.0317210390746507,2.535133
1.0317621828391697,2.5352
1.0318033266036883,2.534924
1.0318444703682075,2.534285
1.0318856141327262,2.534735
1.031926757897245,2.534859
1.0319679016617638,2.535034
1.0320090454262827,2.53494
1.0320501891908014,2.53527
1.0320913329553205,2.535383
1.0321324767198394,2.535161
1.0321736204843581,2.535247
1.032214764248877,2.534518
1.0322559080133957,2.534823
1.0322970517779146,2.534663
1.0323381955424336,2.534365
1.0323793393069525,2.534113
1.0324204830714714,2.534223
1.03246162683599,2.534349
1.032502770600509,2.534707
1.032543914365028,2.534773
1.0325850581295466,2.534318
1.0326262018940655,2.534892
1.0326673456585842,2.534913
1.0327084894231033,2.534629
1.032749633187622,2.534422
1.032790776952141,2.534765
1.0328319207166599,2.534862
1.0328730644811785,2.534808
1.0329142082456975,2.534866
1.0329553520102162,2.534543
1.0329964957747353,2.534713
1.0330376395392542,2.534873
1.033078783303773,2.535114
1.0331199270682916,2.534712
1.0331610708328105,2.534164
1.0332022145973292,2.533988
1.0332433583618483,2.533805
1.033284502126367,2.533749
1.033325645890886,2.534327
1.0333667896554048,2.535952
1.0334079334199235,2.535898
1.0334490771844425,2.535484
1.0334902209489614,2.535503
1.0335313647134803,2.535777
1.0335725084779992,2.535544
1.0336136522425177,2.536238
1.0336547960070368,2.536406
1.0336959397715557,2.535971
1.0337370835360744,2.535973
1.0337782273005933,2.536224
1.033819371065112,2.536152
1.033860514829631,2.535974
1.0339016585941496,2.535899
1.0339428023586688,2.535903
1.0339839461231877,2.535949
1.0340250898877064,2.535969
1.0340662336522253,2.536105
1.034107377416744,2.535594
1.0341485211812629,2.535801
1.034189664945782,2.535855
1.0342308087103005,2.535395
1.0342719524748194,2.535484
1.0343130962393383,2.535179
1.034354240003857,2.534756
1.034395383768376,2.534566
1.0344365275328948,2.533765
1.0344776712974137,2.53253
1.0345188150619327,2.533311
1.0345599588264514,2.533411
1.0346011025909703,2.533384
1.0346422463554892,2.533122
1.034683390120008,2.532808
1.0347245338845268,2.532058
1.0347656776490457,2.532101
1.0348068214135646,2.531651
1.034847965178083,2.530777
1.0348891089426022,2.531606
1.0349302527071211,2.531829
1.0349713964716398,2.531906
1.0350125402361587,2.531728
1.0350536840006774,2.531438
1.0350948277651963,2.531413
1.0351359715297155,2.532221
1.035177115294234,2.532328
1.035218259058753,2.531331
1.0352594028232718,2.531731
1.0353005465877907,2.532149
1.0353416903523094,2.532341
1.0353828341168283,2.532757
1.0354239778813472,2.532458
1.0354651216458661,2.532686
1.035506265410385,2.532247
1.0355474091749037,2.532447
1.0355885529394226,2.532076
1.0356296967039416,2.532288
1.0356708404684603,2.532232
1.0357119842329792,2.532341
1.035753127997498,2.532652
1.0357942717620168,2.532853
1.035835415526536,2.532888
1.0358765592910546,2.532615
1.0359177030555735,2.53272
1.0359588468200922,2.532336
1.0359999905846111,2.532714
1.0360411343491298,2.533051
1.036082278113649,2.533053
1.0361234218781676,2.532966
1.0361645656426866,2.53286
1.0362057094072052,2.532068
1.0362468531717242,2.531719
1.036287996936243,2.531634
1.0363291407007618,2.531219
1.0363702844652807,2.530707
1.0364114282297996,2.530862
1.0364525719943185,2.531
1.0364937157588374,2.531027
1.0365348595233561,2.531041
1.036576003287875,2.531032
1.0366171470523937,2.530798
1.0366582908169126,2.530977
1.0366994345814315,2.530793
1.0367405783459502,2.531472
1.0367817221104694,2.531672
1.036822865874988,2.531342
1.036864009639507,2.531363
1.0369051534040257,2.53146
1.0369462971685446,2.531496
1.0369874409330633,2.531324
1.0370285846975824,2.531486
1.0370697284621013,2.531052
1.03711087222662,2.530435
1.037152015991139,2.530359
1.0371931597556576,2.530267
1.0372343035201765,2.530157
1.0372754472846955,2.530231
1.0373165910492144,2.529993
1.037357734813733,2.530099
1.037398878578252,2.530273
1.0374400223427709,2.53048
1.0374811661072898,2.529989
1.0375223098718085,2.530584
1.0375634536363274,2.530617
1.037604597400846,2.531004
1.0376457411653652,2.530691
1.0376868849298837,2.531095
1.0377280286944028,2.531041
1.0377691724589218,2.531115
1.0378103162234404,2.531082
1.0378514599879591,2.530493
1.037892603752478,2.531463
1.037933747516997,2.532143
1.0379748912815159,2.53232
1.0380160350460348,2.531966
1.0380571788105535,2.531666
1.0380983225750724,2.532121
1.038139466339591,2.532802
1.03818061010411,2.532764
1.038221753868629,2.532168
1.0382628976331478,2.532633
1.0383040413976665,2.532304
1.0383451851621854,2.532489
1.0383863289267043,2.532289
1.0384274726912233,2.532476
1.038468616455742,2.53262
1.0385097602202609,2.532793
1.0385509039847796,2.532797
1.0385920477492987,2.532159
1.0386331915138176,2.532346
1.0386743352783363,2.531955
1.0387154790428552,2.531705
1.038756622807374,2.531974
1.0387977665718928,2.531705
1.0388389103364115,2.532026
1.0388800541009306,2.531783
1.0389211978654496,2.531568
1.0389623416299683,2.530737
1.0390034853944872,2.530265
1.0390446291590059,2.529418
1.0390857729235248,2.530256
1.0391269166880437,2.532285
1.0391680604525624,2.532256
1.0392092042170813,2.532269
1.0392503479816,2.532254
1.039291491746119,2.532123
1.0393326355106378,2.53208
1.0393737792751567,2.532107
1.0394149230396756,2.532228
1.0394560668041943,2.532017
1.0394972105687132,2.531984
1.0395383543332322,2.531816
1.039579498097751,2.531986
1.03962064186227,2.531905
1.0396617856267887,2.531747
1.0397029293913074,2.531504
1.0397440731558263,2.531614
1.039785216920345,2.531893
1.0398263606848641,2.532105
1.039867504449383,2.531857
1.0399086482139017,2.532059
1.0399497919784206,2.531893
1.0399909357429393,2.531989
1.0400320795074582,2.53187
1.0400732232719774,2.531919
1.0401143670364958,2.531237
1.040155510801015,2.531519
1.0401966545655337,2.531727
1.0402377983300526,2.53201
1.0402789420945713,2.531972
1.0403200858590902,2.531993
1.040361229623609,2.532103
1.0404023733881278,2.531926
1.0404435171526467,2.531757
1.0404846609171656,2.531108
1.0405258046816845,2.5318
1.0405669484462035,2.5317
1.0406080922107221,2.531446
1.040649235975241,2.531737
1.0406903797397598,2.531423
1.0407315235042787,2.531682
1.0407726672687978,2.53161
1.0408138110333163,2.531278
1.0408549547978352,2.530497
1.040896098562354,2.530775
1.0409372423268728,2.530606
1.0409783860913917,2.530773
1.0410195298559108,2.530478
1.0410606736204295,2.530426
1.0411018173849484,2.530261
1.0411429611494671,2.529935
1.041184104913986,2.530979
1.041225248678505,2.529713
1.0412663924430237,2.530007
1.0413075362075426,2.529649
1.0413486799720615,2.529757
1.0413898237365804,2.529934
1.041430967501099,2.529897
1.041472111265618,2.530222
1.041513255030137,2.529976
1.0415543987946556,2.529367
1.0415955425591745,2.528914
1.0416366863236934,2.529442
1.0416778300882121,2.529393
1.0417189738527313,2.529289
1.0417601176172497,2.530404
1.0418012613817689,2.531269
1.0418424051462876,2.530684
1.0418835489108065,2.529948
1.0419246926753252,2.530579
1.0419658364398443,2.530303
1.042006980204363,2.530923
1.042048123968882,2.530983
1.0420892677334006,2.531092
1.0421304114979195,2.531039
1.0421715552624384,2.531461
1.0422126990269573,2.531619
1.042253842791476,2.531767
1.042294986555995,2.531937
1.0423361303205139,2.531586
1.0423772740850328,2.531111
1.0424184178495515,2.531339
1.0424595616140704,2.531322
1.0425007053785893,2.531322
1.042541849143108,2.5316
1.0425829929076271,2.531837
1.0426241366721456,2.531807
1.0426652804366647,2.531545
1.0427064242011834,2.531907
1.0427475679657023,2.53143
1.042788711730221,2.531703
1.04282985549474,2.531577
1.0428709992592586,2.531446
1.0429121430237775,2.531823
1.0429532867882967,2.531972
1.0429944305528154,2.531836
1.0430355743173343,2.531356
1.043076718081853,2.531355
1.043117861846372,2.530905
1.0431590056108908,2.53114
1.0432001493754097,2.531245
1.0432412931399284,2.531197
1.0432824369044473,2.530337
1.0433235806689662,2.529773
1.0433647244334852,2.529612
1.0434058681980038,2.529221
1.0434470119625228,2.529251
1.0434881557270415,2.528939
1.0435292994915606,2.529238
1.043570443256079,2.529236
1.0436115870205982,2.529405
1.043652730785117,2.529735
1.0436938745496358,2.529758
1.0437350183141547,2.52966
1.0437761620786734,2.529814
1.0438173058431923,2.529969
1.043858449607711,2.528715
1.0438995933722302,2.52951
1.0439407371367488,2.529874
1.0439818809012678,2.529771
1.0440230246657867,2.530112
1.0440641684303054,2.530329
1.0441053121948243,2.530462
1.0441464559593432,2.530289
1.0441875997238619,2.530055
1.0442287434883808,2.528917
1.0442698872528997,2.529402
1.0443110310174186,2.529531
1.0443521747819375,2.529579
1.0443933185464562,2.5297
1.044434462310975,2.529779
1.044475606075494,2.529391
1.044516749840013,2.529382
1.0445578936045317,2.529066
1.0445990373690506,2.528807
1.0446401811335693,2.529372
1.0446813248980882,2.529357
1.0447224686626069,2.529095
1.044763612427126,2.529068
1.0448047561916447,2.529129
1.0448458999561636,2.529019
1.0448870437206825,2.528923
1.0449281874852012,2.528823
1.0449693312497201,2.52861
1.0450104750142388,2.528464
1.0450516187787577,2.528525
1.0450927625432767,2.528792
1.0451339063077953,2.528904
1.0451750500723145,2.529232
1.0452161938368332,2.52966
1.045257337601352,2.529709
1.045298481365871,2.530092
1.0453396251303897,2.530086
1.0453807688949086,2.530386
1.0454219126594275,2.530749
1.0454630564239464,2.530743
1.0455042001884653,2.530853
1.045545343952984,2.530361
1.045586487717503,2.530799
1.0456276314820216,2.530709
1.0456687752465403,2.530414
1.0457099190110595,2.52985
1.0457510627755782,2.529706
1.045792206540097,2.530093
1.045833350304616,2.529888
1.0458744940691347,2.529902
1.0459156378336536,2.530242
1.0459567815981725,2.5302
1.0459979253626912,2.530151
1.0460390691272103,2.529859
1.046080212891729,2.529938
1.046121356656248,2.529538
1.0461625004207669,2.530111
1.0462036441852856,2.530171
1.0462447879498045,2.530145
1.0462859317143232,2.530156
1.046327075478842,2.52996
1.046368219243361,2.529525
1.04640936300788,2.52887
1.0464505067723988,2.528868
1.0464916505369175,2.528265
1.0465327943014364,2.528638
1.0465739380659551,2.528447
1.046615081830474,2.528473
1.0466562255949932,2.528445
1.0466973693595116,2.52848
1.0467385131240308,2.528586
1.0467796568885495,2.528684
1.0468208006530684,2.52848
1.046861944417587,2.52801
1.046903088182106,2.528495
1.046944231946625,2.528686
1.0469853757111438,2.52863
1.0470265194756625,2.52808
1.0470676632401814,2.527826
1.0471088070047003,2.527303
1.0471499507692192,2.527325
1.047191094533738,2.528661
1.0472322382982568,2.528337
1.0472733820627758,2.5289
1.0473145258272945,2.528182
1.0473556695918134,2.52747
1.0473968133563323,2.527513
1.047437957120851,2.52748
1.0474791008853699,2.527395
1.0475202446498888,2.527938
1.0475613884144075,2.528127
1.0476025321789266,2.527962
1.047643675943445,2.52877
1.0476848197079642,2.528316
1.047725963472483,2.527586
1.0477671072370018,2.527105
1.0478082510015205,2.526788
1.0478493947660394,2.526611
1.0478905385305584,2.527252
1.0479316822950773,2.527127
1.0479728260595962,2.527192
1.0480139698241149,2.527237
1.0480551135886338,2.528139
1.0480962573531527,2.528102
1.0481374011176714,2.527885
1.0481785448821903,2.527817
1.0482196886467092,2.527644
1.048260832411228,2.527123
1.048301976175747,2.526958
1.0483431199402657,2.526548
1.0483842637047847,2.526418
1.0484254074693033,2.52629
1.0484665512338223,2.52651
1.048507694998341,2.527014
1.04854883876286,2.527999
1.048589982527379,2.528095
1.0486311262918977,2.527969
1.0486722700564164,2.527947
1.0487134138209353,2.527548
1.0487545575854542,2.526783
1.048795701349973,2.527669
1.048836845114492,2.52814
1.0488779888790107,2.527796
1.0489191326435297,2.52789
1.0489602764080483,2.527941
1.0490014201725673,2.527722
1.0490425639370862,2.527122
1.049083707701605,2.52612
1.0491248514661238,2.527414
1.0491659952306427,2.528045
1.0492071389951614,2.529657
1.0492482827596805,2.529573
1.0492894265241992,2.529362
1.0493305702887181,2.529164
1.0493717140532368,2.528987
1.0494128578177557,2.528888
1.0494540015822744,2.529192
1.0494951453467936,2.528591
1.0495362891113125,2.529333
1.0495774328758312,2.529417
1.04961857664035,2.52963
1.0496597204048688,2.529739
1.0497008641693877,2.529697
1.0497420079339066,2.52986
1.0497831516984255,2.529778
1.0498242954629444,2.529642
1.0498654392274631,2.52913
1.049906582991982,2.529598
1.0499477267565007,2.529603
1.0499888705210196,2.529371
1.0500300142855385,2.529016
1.0500711580500572,2.528657
1.0501123018145764,2.528517
1.050153445579095,2.528014
1.050194589343614,2.527699
1.050235733108133,2.527044
1.0502768768726516,2.527447
1.0503180206371705,2.527581
1.0503591644016892,2.527914
1.0504003081662079,2.527427
1.0504414519307272,2.527273
1.050482595695246,2.527199
1.0505237394597646,2.527584
1.0505648832242835,2.527341
1.0506060269888022,2.526588
1.0506471707533211,2.526882
1.05068831451784,2.527891
1.050729458282359,2.528668
1.0507706020468779,2.527865
1.0508117458113966,2.527785
1.0508528895759155,2.528357
1.0508940333404344,2.528745
1.050935177104953,2.528562
1.0509763208694722,2.527621
1.0510174646339907,2.527906
1.0510586083985098,2.527712
1.0510997521630288,2.52702
1.0511408959275474,2.526422
1.0511820396920664,2.52626
1.051223183456585,2.527488
1.051264327221104,2.526988
1.0513054709856227,2.527451
1.0513466147501418,2.528264
1.0513877585146607,2.528079
1.0514289022791794,2.527701
1.0514700460436983,2.528082
1.051511189808217,2.528161
1.051552333572736,2.528552
1.051593477337255,2.528247
1.0516346211017735,2.528503
1.0516757648662924,2.528227
1.0517169086308111,2.527782
1.05175805239533,2.5273
1.051799196159849,2.52775
1.0518403399243679,2.527424
1.0518814836888868,2.527406
1.0519226274534057,2.52762
1.0519637712179244,2.527706
1.0520049149824433,2.527452
1.0520460587469622,2.527353
1.052087202511481,2.527156
1.0521283462759998,2.526155
1.0521694900405187,2.526995
1.0522106338050374,2.527037
1.0522517775695561,2.527262
1.0522929213340753,2.527503
1.0523340650985942,2.527384
1.0523752088631129,2.527012
1.0524163526276318,2.52669
1.0524574963921505,2.526858
1.0524986401566694,2.526331
1.0525397839211885,2.526728
1.052580927685707,2.526998
1.0526220714502261,2.52694
1.0526632152147448,2.526921
1.0527043589792637,2.526776
1.0527455027437824,2.526425
1.0527866465083013,2.525866
1.0528277902728203,2.52652
1.052868934037339,2.525877
1.0529100778018579,2.526572
1.0529512215663768,2.527401
1.0529923653308957,2.527707
1.0530335090954146,2.52775
1.0530746528599333,2.527716
1.0531157966244522,2.52749
1.0531569403889711,2.527432
1.0531980841534898,2.527378
1.053239227918009,2.526836
1.0532803716825276,2.527112
1.0533215154470466,2.527358
1.0533626592115652,2.527182
1.0534038029760842,2.527159
1.0534449467406028,2.526898
1.053486090505122,2.526736
1.0535272342696405,2.526668
1.0535683780341596,2.525534
1.0536095217986783,2.526302
1.0536506655631972,2.52631
1.0536918093277161,2.52636
1.0537329530922348,2.525969
1.0537740968567537,2.526734
1.0538152406212726,2.526756
1.0538563843857915,2.52666
1.0538975281503102,2.526262
1.0539386719148292,2.526659
1.053979815679348,2.52654
1.0540209594438668,2.526461
1.0540621032083857,2.52667
1.0541032469729046,2.526684
1.0541443907374233,2.526632
1.0541855345019424,2.526757
1.054226678266461,2.526565
1.05426782203098,2.526632
1.0543089657954987,2.526499
1.0543501095600176,2.526368
1.0543912533245363,2.526198
1.0544323970890555,2.526425
1.0544735408535744,2.526484
1.054514684618093,2.52655
1.054555828382612,2.52645
1.0545969721471307,2.526437
1.0546381159116496,2.526479
1.0546792596761685,2.526404
1.0547204034406874,2.526381
1.054761547205206,2.525837
1.054802690969725,2.526095
1.054843834734244,2.526283
1.0548849784987626,2.526059
1.0549261222632815,2.52621
1.0549672660278004,2.526375
1.0550084097923191,2.526497
1.055049553556838,2.526268
1.0550906973213567,2.52635
1.0551318410858759,2.525511
1.0551729848503948,2.525889
1.0552141286149135,2.525717
1.0552552723794322,2.525464
1.055296416143951,2.525409
1.0553375599084698,2.525397
1.055378703672989,2.525377
1.0554198474375078,2.525335
1.0554609912020265,2.52525
1.0555021349665454,2.524557
1.0555432787310641,2.525052
1.055584422495583,2.524968
1.055625566260102,2.52493
1.0556667100246209,2.524707
1.0557078537891396,2.52494
1.0557489975536585,2.524955
1.0557901413181774,2.524992
1.0558312850826963,2.524844
1.055872428847215,2.524139
1.055913572611734,2.524493
1.0559547163762526,2.524684
1.0559958601407717,2.524538
1.0560370039052902,2.52319
1.0560781476698093,2.524357
1.0561192914343283,2.525
1.056160435198847,2.524755
1.0562015789633659,2.524998
1.0562427227278846,2.524385
1.0562838664924035,2.524842
1.0563250102569226,2.525237
1.0563661540214413,2.525698
1.0564072977859602,2.525579
1.056448441550479,2.524778
1.0564895853149976,2.524788
1.0565307290795165,2.524614
1.0565718728440354,2.52517
1.0566130166085543,2.524516
1.056654160373073,2.524163
1.056695304137592,2.524483
1.0567364479021109,2.524363
1.0567775916666298,2.524263
1.0568187354311487,2.524376
1.0568598791956674,2.524501
1.0569010229601863,2.524292
1.0569421667247052,2.524582
1.0569833104892241,2.523975
1.0570244542537428,2.523674
1.0570655980182617,2.524064
1.0571067417827804,2.524327
1.0571478855472993,2.524539
1.057189029311818,2.524003
1.0572301730763372,2.523827
1.0572713168408558,2.524978
1.0573124606053748,2.52578
1.0573536043698937,2.525261
1.0573947481344124,2.524906
1.0574358918989313,2.525191
1.0574770356634504,2.525071
1.0575181794279689,2.525497
1.057559323192488,2.525931
1.0576004669570065,2.52557
1.0576416107215256,2.525522
1.0576827544860443,2.525428
1.0577238982505632,2.525386
1.0577650420150821,2.525074
1.0578061857796008,2.525263
1.0578473295441198,2.525321
1.0578884733086387,2.525406
1.0579296170731576,2.525133
1.0579707608376765,2.525088
1.0580119046021952,2.524632
1.058053048366714,2.524515
1.0580941921312328,2.524561
1.0581353358957517,2.524062
1.0581764796602706,2.524521
1.0582176234247893,2.524217
1.0582587671893082,2.52428
1.0582999109538271,2.524469
1.0583410547183458,2.524182
1.0583821984828647,2.52334
1.0584233422473837,2.522742
1.0584644860119024,2.522237
1.0585056297764215,2.521895
1.0585467735409402,2.522943
1.058587917305459,2.522994
1.0586290610699778,2.523425
1.0586702048344967,2.523116
1.0587113485990156,2.523093
1.0587524923635345,2.523128
1.0587936361280534,2.52318
1.0588347798925721,2.52305
1.058875923657091,2.522437
1.05891706742161,2.523006
1.0589582111861287,2.522914
1.0589993549506476,2.522895
1.0590404987151665,2.522823
1.0590816424796852,2.52262
1.0591227862442043,2.522387
1.0591639300087228,2.522295
1.059205073773242,2.522579
1.0592462175377606,2.522161
1.0592873613022795,2.522924
1.0593285050667982,2.523179
1.0593696488313171,2.522877
1.059410792595836,2.522979
1.059451936360355,2.522468
1.0594930801248736,2.523406
1.0595342238893926,2.522835
1.0595753676539115,2.522523
1.0596165114184302,2.521999
1.059657655182949,2.522285
1.059698798947468,2.52284
1.059739942711987,2.522313
1.0597810864765058,2.523287
1.0598222302410245,2.522899
1.0598633740055434,2.52277
1.0599045177700623,2.522944
1.059945661534581,2.522974
1.0599868052991,2.523518
1.0600279490636186,2.522794
1.0600690928281378,2.523308
1.0601102365926565,2.522682
1.0601513803571754,2.522682
1.060192524121694,2.522858
1.060233667886213,2.524058
1.0602748116507317,2.523452
1.0603159554152506,2.52309
1.0603570991797695,2.522833
1.0603982429442884,2.522622
1.0604393867088073,2.522942
1.060480530473326,2.522696
1.060521674237845,2.522281
1.0605628180023638,2.522056
1.0606039617668825,2.523431
1.0606451055314015,2.523901
1.0606862492959204,2.52445
1.0607273930604393,2.524628
1.0607685368249582,2.523245
1.0608096805894769,2.522622
1.0608508243539958,2.522233
1.0608919681185145,2.522559
1.0609331118830336,2.522015
1.060974255647552,2.521937
1.0610153994120712,2.523557
1.0610565431765902,2.52465
1.0610976869411088,2.524264
1.0611388307056278,2.523399
1.0611799744701464,2.524257
1.0612211182346654,2.524144
1.061262261999184,2.523783
1.0613034057637032,2.523211
1.0613445495282219,2.523223
1.0613856932927408,2.52489
1.0614268370572595,2.525036
1.0614679808217784,2.524808
1.0615091245862973,2.524819
1.0615502683508162,2.525273
1.061591412115335,2.525103
1.0616325558798538,2.525188
1.0616736996443725,2.525209
1.0617148434088917,2.524845
1.0617559871734106,2.525202
1.0617971309379293,2.525518
1.061838274702448,2.525214
1.061879418466967,2.524391
1.0619205622314856,2.524866
1.0619617059960047,2.524883
1.0620028497605236,2.524732
1.0620439935250423,2.52463
1.0620851372895612,2.524593
1.06212628105408,2.524652
1.0621674248185988,2.52476
1.0622085685831177,2.52463
1.0622497123476367,2.524235
1.0622908561121556,2.524326
1.0623319998766743,2.524289
1.0623731436411932,2.524164
1.0624142874057119,2.5241
1.0624554311702308,2.524446
1.0624965749347497,2.524231
1.0625377186992684,2.52423
1.0625788624637873,2.524069
1.0626200062283062,2.523607
1.0626611499928251,2.523795
1.062702293757344,2.524265
1.0627434375218627,2.524005
1.0627845812863816,2.523855
1.0628257250509003,2.52369
1.0628668688154195,2.52358
1.0629080125799384,2.52338
1.062949156344457,2.523528
1.062990300108976,2.523459
1.0630314438734947,2.523606
1.0630725876380134,2.523898
1.0631137314025325,2.52385
1.0631548751670512,2.523796
1.0631960189315701,2.523437
1.063237162696089,2.523558
1.0632783064606077,2.523694
1.0633194502251266,2.52356
1.0633605939896456,2.523641
1.0634017377541642,2.523359
1.0634428815186834,2.523582
1.063484025283202,2.5232
1.063525169047721,2.523519
1.0635663128122397,2.523734
1.0636074565767586,2.523512
1.0636486003412775,2.523532
1.0636897441057962,2.523491
1.0637308878703151,2.523355
1.0637720316348338,2.522202
1.063813175399353,2.522257
1.0638543191638719,2.522975
1.0638954629283905,2.522354
1.0639366066929095,2.522231
1.0639777504574282,2.522777
1.064018894221947,2.522662
1.0640600379864662,2.522322
1.0641011817509847,2.522393
1.0641423255155038,2.521434
1.0641834692800225,2.521761
1.0642246130445414,2.521364
1.06426575680906,2.521289
1.064306900573579,2.522071
1.064348044338098,2.522281
1.0643891881026168,2.521981
1.0644303318671355,2.52153
1.0644714756316545,2.521565
1.0645126193961734,2.520939
1.064553763160692,2.521861
1.064594906925211,2.521604
1.0646360506897299,2.521798
1.0646771944542488,2.521818
1.0647183382187675,2.521736
1.0647594819832864,2.521498
1.0648006257478053,2.521505
1.064841769512324,2.521072
1.064882913276843,2.520447
1.0649240570413616,2.521362
1.0649652008058805,2.521028
1.0650063445703997,2.520752
1.0650474883349181,2.520662
1.0650886320994373,2.520728
1.065129775863956,2.521562
1.0651709196284749,2.52104
1.0652120633929936,2.52111
1.0652532071575125,2.520646
1.0652943509220314,2.520501
1.0653354946865503,2.520508
1.0653766384510692,2.520939
1.065417782215588,2.521121
1.0654589259801068,2.520345
1.0655000697446257,2.520222
1.0655412135091444,2.519597
1.0655823572736633,2.519913
1.0656235010381823,2.520484
1.065664644802701,2.520824
1.0657057885672199,2.521446
1.0657469323317388,2.521624
1.0657880760962577,2.521387
1.0658292198607764,2.521035
1.0658703636252953,2.520802
1.065911507389814,2.520719
1.0659526511543331,2.520805
1.0659937949188516,2.520262
1.0660349386833707,2.519554
1.0660760824478894,2.519991
1.0661172262124083,2.519887
1.066158369976927,2.519649
1.066199513741446,2.519384
1.0662406575059649,2.518879
1.0662818012704838,2.518414
1.0663229450350027,2.518486
1.0663640887995214,2.518433
1.0664052325640403,2.517734
1.0664463763285592,2.518395
1.0664875200930781,2.518415
1.0665286638575968,2.518424
1.0665698076221157,2.518736
1.0666109513866344,2.518791
1.0666520951511536,2.520312
1.0666932389156722,2.520301
1.0667343826801912,2.520424
1.0667755264447099,2.51946
1.0668166702092288,2.520485
1.0668578139737475,2.520699
1.0668989577382666,2.520451
1.0669401015027855,2.519331
1.0669812452673042,2.519617
1.0670223890318231,2.519332
1.0670635327963418,2.519257
1.0671046765608607,2.519766
1.0671458203253794,2.519122
1.0671869640898985,2.518984
1.0672281078544172,2.519565
1.0672692516189362,2.519761
1.067310395383455,2.519628
1.0673515391479738,2.519553
1.0673926829124927,2.519593
1.0674338266770116,2.519325
1.0674749704415303,2.519465
1.0675161142060492,2.518661
1.0675572579705679,2.519407
1.067598401735087,2.519886
1.067639545499606,2.519232
1.0676806892641246,2.519199
1.0677218330286435,2.519107
1.0677629767931622,2.519392
1.067804120557681,2.519256
1.0678452643222003,2.518719
1.067886408086719,2.517662
1.0679275518512377,2.519153
1.0679686956157566,2.518553
1.0680098393802753,2.518263
1.0680509831447942,2.518083
1.068092126909313,2.518309
1.068133270673832,2.518183
1.0681744144383507,2.518548
1.0682155582028696,2.51851
1.0682567019673885,2.519095
1.0682978457319074,2.519622
1.0683389894964261,2.519585
1.0683801332609453,2.519492
1.0684212770254637,2.519494
1.0684624207899829,2.51915
1.0685035645545016,2.518737
1.0685447083190205,2.518237
1.0685858520835394,2.517912
1.068626995848058,2.517796
1.068668139612577,2.51908
1.0687092833770957,2.519431
1.0687504271416148,2.519352
1.0687915709061337,2.519209
1.0688327146706524,2.518668
1.0688738584351714,2.518366
1.06891500219969,2.518094
1.068956145964209,2.518245
1.068997289728728,2.518493
1.0690384334932466,2.5178
1.0690795772577655,2.51879
1.0691207210222842,2.518582
1.069161864786803,2.5185
1.069203008551322,2.518802
1.069244152315841,2.519308
1.0692852960803596,2.519223
1.0693264398448785,2.519059
1.0693675836093974,2.518461
1.0694087273739163,2.517962
1.0694498711384353,2.518322
1.069491014902954,2.518581
1.0695321586674729,2.518359
1.0695733024319918,2.518257
1.0696144461965105,2.518271
1.0696555899610292,2.518259
1.0696967337255483,2.518497
1.0697378774900672,2.519009
1.069779021254586,2.518514
1.0698201650191048,2.518747
1.0698613087836235,2.518607
1.0699024525481424,2.518543
1.0699435963126616,2.518522
1.06998474007718,2.518389
1.0700258838416992,2.51832
1.0700670276062179,2.518477
1.0701081713707368,2.51788
1.0701493151352555,2.517673
1.0701904588997744,2.51795
1.0702316026642933,2.518032
1.070272746428812,2.517916
1.070313890193331,2.517587
1.0703550339578498,2.517349
1.0703961777223687,2.517473
1.0704373214868876,2.51721
1.0704784652514063,2.517802
1.0705196090159252,2.517217
1.070560752780444,2.517723
1.0706018965449628,2.517763
1.0706430403094818,2.51758
1.0706841840740007,2.517494
1.0707253278385196,2.517991
1.0707664716030383,2.517812
1.0708076153675572,2.517883
1.070848759132076,2.517741
1.070889902896595,2.517093
1.0709310466611135,2.517369
1.0709721904256326,2.517925
1.0710133341901513,2.517776
1.0710544779546702,2.517262
1.071095621719189,2.517705
1.0711367654837078,2.517715
1.0711779092482268,2.517478
1.0712190530127457,2.517525
1.0712601967772646,2.517545
1.0713013405417833,2.517565
1.0713424843063022,2.517665
1.071383628070821,2.517466
1.0714247718353398,2.517435
1.0714659155998587,2.517447
1.0715070593643776,2.517362
1.0715482031288963,2.517273
1.0715893468934155,2.517122
1.071630490657934,2.516721
1.071671634422453,2.516869
1.0717127781869717,2.517213
1.0717539219514907,2.516891
1.0717950657160094,2.517192
1.0718362094805285,2.517273
1.0718773532450472,2.517269
1.071918497009566,2.517356
1.071959640774085,2.517352
1.0720007845386037,2.517171
1.0720419283031226,2.51676
1.0720830720676413,2.517417
1.0721242158321602,2.517319
1.0721653595966791,2.517049
1.072206503361198,2.517154
1.0722476471257167,2.517321
1.0722887908902357,2.517413
1.0723299346547546,2.517147
1.0723710784192735,2.517152
1.0724122221837922,2.516776
1.072453365948311,2.517453
1.0724945097128298,2.51721
1.072535653477349,2.517376
1.0725767972418678,2.51734
1.0726179410063865,2.517273
1.0726590847709052,2.51733
1.0727002285354241,2.517295
1.0727413722999428,2.517016
1.072782516064462,2.516379
1.0728236598289809,2.517026
1.0728648035934996,2.516937
1.0729059473580185,2.516943
1.0729470911225372,2.516929
1.072988234887056,2.516798
1.073029378651575,2.516545
1.073070522416094,2.516449
1.0731116661806126,2.516412
1.0731528099451315,2.516022
1.0731939537096504,2.516591
1.0732350974741691,2.516408
1.073276241238688,2.516207
1.073317385003207,2.51559
1.0733585287677256,2.515645
1.0733996725322448,2.515691
1.0734408162967632,2.516295
1.0734819600612824,2.516676
1.0735231038258013,2.51594
1.07356424759032,2.516487
1.073605391354839,2.516996
1.0736465351193576,2.516864
1.0736876788838765,2.516347
1.0737288226483952,2.516285
1.0737699664129143,2.516356
1.0738111101774332,2.516247
1.073852253941952,2.516261
1.0738933977064706,2.515453
1.0739345414709895,2.515646
1.0739756852355085,2.515689
1.0740168290000274,2.515788
1.074057972764546,2.515746
1.074099116529065,2.515389
1.074140260293584,2.515821
1.0741814040581028,2.515515
1.0742225478226215,2.515798
1.0742636915871404,2.51519
1.0743048353516593,2.515015
1.0743459791161782,2.515314
1.0743871228806972,2.515506
1.0744282666452158,2.51512
1.0744694104097348,2.515132
1.0745105541742535,2.515256
1.0745516979387724,2.515084
1.074592841703291,2.515082
1.0746339854678102,2.51463
1.0746751292323287,2.514779
1.0747162729968478,2.515692
1.0747574167613667,2.515153
1.0747985605258854,2.514207
1.0748397042904043,2.51405
1.074880848054923,2.513927
1.074921991819442,2.5145
1.074963135583961,2.51433
1.0750042793484795,2.514512
1.0750454231129987,2.513712
1.0750865668775174,2.513654
1.0751277106420363,2.514833
1.0751688544065552,2.515258
1.0752099981710739,2.51483
1.0752511419355928,2.515996
1.0752922857001117,2.516344
1.0753334294646306,2.51594
1.0753745732291493,2.515636
1.0754157169936682,2.515046
1.0754568607581871,2.515505
1.0754980045227058,2.515283
1.0755391482872247,2.515436
1.0755802920517437,2.51535
1.0756214358162624,2.515348
1.0756625795807813,2.515247
1.0757037233453002,2.515209
1.0757448671098189,2.514726
1.0757860108743378,2.51418
1.0758271546388565,2.515223
1.0758682984033754,2.515349
1.0759094421678945,2.515431
1.0759505859324132,2.515307
1.0759917296969321,2.514668
1.0760328734614508,2.514559
1.0760740172259697,2.514091
1.0761151609904887,2.514176
1.0761563047550076,2.513399
1.0761974485195263,2.513476
1.0762385922840452,2.513495
1.076279736048564,2.513592
1.076320879813083,2.51389
1.0763620235776017,2.513934
1.0764031673421206,2.513623
1.0764443111066393,2.513909
1.0764854548711582,2.513924
1.0765265986356773,2.512894
1.0765677424001958,2.513759
1.076608886164715,2.513772
1.0766500299292336,2.513407
1.0766911736937526,2.514136
1.0767323174582712,2.514456
1.0767734612227902,2.514071
1.0768146049873089,2.51398
1.076855748751828,2.514154
1.0768968925163467,2.513669
1.0769380362808656,2.51434
1.0769791800453845,2.514096
1.0770203238099032,2.514066
1.0770614675744221,2.514154
1.077102611338941,2.514211
1.07714375510346,2.513943
1.0771848988679786,2.513927
1.0772260426324975,2.514003
1.0772671863970165,2.513478
1.0773083301615354,2.513399
1.077349473926054,2.514097
1.077390617690573,2.514242
1.0774317614550917,2.514353
1.0774729052196108,2.514145
1.0775140489841293,2.513822
1.0775551927486484,2.513803
1.077596336513167,2.513767
1.077637480277686,2.513467
1.0776786240422047,2.513305
1.0777197678067236,2.51348
1.0777609115712425,2.513393
1.0778020553357615,2.513187
1.0778431991002804,2.513099
1.077884342864799,2.513018
1.077925486629318,2.513078
1.0779666303938369,2.51352
1.0780077741583556,2.513767
1.0780489179228745,2.513333
1.0780900616873934,2.51385
1.078131205451912,2.513648
1.078172349216431,2.513677
1.07821349298095,2.513722
1.0782546367454688,2.513768
1.0782957805099875,2.51376
1.0783369242745064,2.513664
1.0783780680390251,2.513743
1.0784192118035443,2.513067
1.0784603555680632,2.513832
1.0785014993325819,2.513261
1.0785426430971008,2.513132
1.0785837868616195,2.512903
1.0786249306261382,2.512686
1.0786660743906575,2.512277
1.078707218155176,2.512706
1.078748361919695,2.512864
1.0787895056842138,2.512454
1.0788306494487325,2.513082
1.0788717932132514,2.513129
1.0789129369777706,2.513011
1.0789540807422893,2.512857
1.078995224506808,2.51276
1.0790363682713269,2.51278
1.0790775120358458,2.51288
1.0791186558003647,2.512728
1.0791597995648834,2.512359
1.0792009433294023,2.512676
1.079242087093921,2.512748
1.0792832308584401,2.51272
1.0793243746229588,2.512374
1.0793655183874775,2.512335
1.0794066621519967,2.512663
1.0794478059165153,2.512814
1.0794889496810343,2.512642
1.0795300934455532,2.511742
1.0795712372100719,2.511693
1.0796123809745906,2.511813
1.0796535247391097,2.511686
1.0796946685036286,2.511391
1.0797358122681473,2.511337
1.0797769560326662,2.511257
1.079818099797185,2.511506
1.0798592435617038,2.511543
1.0799003873262227,2.510699
1.0799415310907416,2.510639
1.0799826748552603,2.510855
1.0800238186197793,2.511915
1.0800649623842982,2.511925
1.080106106148817,2.511769
1.080147249913336,2.511808
1.0801883936778547,2.511792
1.0802295374423734,2.511262
1.0802706812068923,2.511967
1.0803118249714112,2.512038
1.0803529687359301,2.512538
1.0803941125004488,2.512273
1.0804352562649677,2.512352
1.0804764000294864,2.512671
1.0805175437940053,2.512641
1.0805586875585245,2.512594
1.080599831323043,2.512399
1.0806409750875619,2.512343
1.0806821188520808,2.512002
1.0807232626165997,2.512224
1.0807644063811184,2.512131
1.0808055501456373,2.512078
1.0808466939101562,2.511987
1.0808878376746751,2.511796
1.080928981439194,2.511739
1.0809701252037127,2.511908
1.0810112689682316,2.511611
1.0810524127327505,2.511037
1.0810935564972692,2.511836
1.0811347002617882,2.513438
1.081175844026307,2.513294
1.081216987790826,2.513057
1.0812581315553444,2.512734
1.0812992753198636,2.512186
1.0813404190843825,2.512089
1.0813815628489012,2.512033
1.0814227066134203,2.511606
1.0814638503779388,2.511912
1.0815049941424577,2.511457
1.0815461379069768,2.511362
1.0815872816714955,2.511425
1.0816284254360145,2.511468
1.0816695692005331,2.511434
1.081710712965052,2.511258
1.0817518567295707,2.511441
1.0817930004940899,2.510778
1.0818341442586086,2.511143
1.0818752880231273,2.510899
1.0819164317876462,2.511042
1.081957575552165,2.510921
1.081998719316684,2.510757
1.082039863081203,2.51061
1.0820810068457216,2.510883
1.0821221506102405,2.510956
1.0821632943747594,2.510447
1.0822044381392784,2.51083
1.082245581903797,2.510338
1.082286725668316,2.510292
1.0823278694328347,2.510977
1.0823690131973536,2.511109
1.0824101569618727,2.510974
1.0824513007263914,2.510837
1.08249244449091,2.510738
1.082533588255429,2.510316
1.082574732019948,2.510777
1.0826158757844666,2.510627
1.0826570195489857,2.51059
1.0826981633135044,2.510674
1.0827393070780231,2.510414
1.0827804508425423,2.510371
1.082821594607061,2.510343
1.0828627383715799,2.510598
1.0829038821360983,2.510189
1.0829450259006175,2.510674
1.0829861696651364,2.510272
1.0830273134296553,2.510249
1.0830684571941742,2.510126
1.0831096009586927,2.510292
1.0831507447232116,2.510352
1.0831918884877307,2.510003
1.0832330322522494,2.509873
1.0832741760167683,2.510108
1.0833153197812873,2.511201
1.083356463545806,2.511782
1.0833976073103246,2.511323
1.0834387510748438,2.511146
1.0834798948393625,2.511286
1.0835210386038816,2.511026
1.0835621823684,2.511273
1.083603326132919,2.511
1.083644469897438,2.511051
1.0836856136619568,2.510802
1.0837267574264757,2.511513
1.0837679011909944,2.51138
1.0838090449555133,2.51122
1.0838501887200322,2.511141
1.083891332484551,2.510941
1.08393247624907,2.511027
1.0839736200135888,2.511001
1.0840147637781075,2.511049
1.0840559075426266,2.510438
1.0840970513071453,2.510809
1.0841381950716642,2.51064
1.084179338836183,2.510949
1.0842204826007018,2.510828
1.0842616263652205,2.510568
1.0843027701297396,2.510462
1.0843439138942585,2.510712
1.084385057658777,2.510453
1.0844262014232962,2.50978
1.0844673451878148,2.510384
1.0845084889523338,2.510277
1.084549632716853,2.510603
1.0845907764813714,2.511529
1.0846319202458903,2.511097
1.0846730640104092,2.51118
1.0847142077749279,2.511112
1.0847553515394468,2.511288
1.0847964953039657,2.510876
1.0848376390684846,2.510878
1.0848787828330033,2.510997
1.0849199265975222,2.510915
1.0849610703620411,2.511027
1.0850022141265598,2.511276
1.085043357891079,2.511421
1.0850845016555977,2.511497
1.0851256454201166,2.51133
1.0851667891846355,2.511022
1.085207932949154,2.511433
1.0852490767136729,2.511239
1.085290220478192,2.511122
1.0853313642427107,2.511197
1.0853725080072296,2.511415
1.0854136517717485,2.511371
1.0854547955362672,2.511337
1.0854959393007861,2.511306
1.085537083065305,2.511032
1.085578226829824,2.511245
1.0856193705943427,2.511213
1.0856605143588614,2.511263
1.0857016581233803,2.511187
1.0857428018878992,2.511152
1.0857839456524183,2.511166
1.085825089416937,2.511371
1.0858662331814557,2.511143
1.0859073769459744,2.510735
1.0859485207104935,2.511061
1.0859896644750124,2.510958
1.0860308082395314,2.510907
1.08607195200405,2.511006
1.0861130957685687,2.51074
1.0861542395330877,2.510939
1.0861953832976068,2.510908
1.0862365270621255,2.510749
1.0862776708266442,2.510416
1.086318814591163,2.510454
1.086359958355682,2.510834
1.0864011021202007,2.51043
1.0864422458847198,2.510385
1.0864833896492385,2.510018
1.0865245334137572,2.509566
1.0865656771782761,2.509721
1.086606820942795,2.509939
1.086647964707314,2.509702
1.0866891084718326,2.509023
1.0867302522363516,2.509481
1.0867713960008705,2.509544
1.0868125397653894,2.509284
1.086853683529908,2.510035
1.0868948272944268,2.510509
1.086935971058946,2.510088
1.0869771148234648,2.510046
1.0870182585879835,2.510194
1.0870594023525024,2.509672
1.0871005461170211,2.510185
1.0871416898815398,2.510028
1.087182833646059,2.51032
1.0872239774105779,2.510088
1.0872651211750965,2.510004
1.0873062649396155,2.509764
1.0873474087041342,2.509897
1.087388552468653,2.509967
1.0874296962331722,2.509498
1.087470839997691,2.509951
1.0875119837622096,2.50982
1.0875531275267285,2.509749
1.0875942712912474,2.509674
1.0876354150557663,2.509663
1.0876765588202852,2.509736
1.087717702584804,2.509845
1.0877588463493226,2.50978
1.0877999901138418,2.509107
1.0878411338783605,2.50979
1.0878822776428794,2.509606
1.0879234214073983,2.509212
1.087964565171917,2.509356
1.088005708936436,2.509341
1.0880468527009548,2.509311
1.0880879964654737,2.509169
1.0881291402299926,2.509279
1.0881702839945113,2.508349
1.0882114277590302,2.508643
1.088252571523549,2.508814
1.088293715288068,2.508945
1.0883348590525868,2.509042
1.0883760028171054,2.508555
1.0884171465816244,2.508566
1.0884582903461433,2.508788
1.088499434110662,2.508869
1.088540577875181,2.508402
1.0885817216396998,2.508825
1.0886228654042187,2.509014
1.0886640091687376,2.509406
1.0887051529332563,2.509112
1.0887462966977752,2.50885
1.0887874404622937,2.508825
1.0888285842268128,2.508514
1.0888697279913317,2.508389
1.0889108717558507,2.508124
1.0889520155203696,2.508059
1.088993159284888,2.50829
1.089034303049407,2.508419
1.089075446813926,2.508262
1.0891165905784448,2.50842
1.089157734342964,2.508323
1.0891988781074824,2.508351
1.0892400218720013,2.508126
1.08928116563652,2.508288
1.0893223094010391,2.508072
1.089363453165558,2.508497
1.0894045969300765,2.508417
1.0894457406945954,2.508608
1.0894868844591143,2.508385
1.0895280282236333,2.508189
1.0895691719881522,2.508244
1.0896103157526709,2.507986
1.0896514595171898,2.507642
1.0896926032817087,2.50727
1.0897337470462276,2.507838
1.0897748908107465,2.507767
1.0898160345752654,2.507773
1.0898571783397841,2.507585
1.0898983221043028,2.507332
1.089939465868822,2.507495
1.0899806096333406,2.507489
1.0900217533978596,2.50722
1.0900628971623783,2.506628
1.0901040409268972,2.507335
1.0901451846914159,2.507421
1.090186328455935,2.507504
1.090227472220454,2.507526
1.0902686159849724,2.507258
1.0903097597494915,2.506893
1.0903509035140102,2.506684
1.0903920472785291,2.506779
1.0904331910430483,2.506358
1.0904743348075667,2.506886
1.0905154785720856,2.507153
1.0905566223366046,2.506749
1.0905977661011235,2.506597
1.0906389098656422,2.507281
1.090680053630161,2.507794
1.09072119739468,2.507322
1.0907623411591987,2.507523
1.0908034849237176,2.507117
1.0908446286882365,2.507574
1.0908857724527552,2.507376
1.0909269162172743,2.507354
1.090968059981793,2.507382
1.091009203746312,2.507398
1.0910503475108309,2.507538
1.0910914912753495,2.50745
1.0911326350398682,2.507644
1.0911737788043874,2.507003
1.0912149225689063,2.507479
1.091256066333425,2.507245
1.0912972100979437,2.506795
1.0913383538624626,2.506561
1.0913794976269815,2.506773
1.0914206413915004,2.507101
1.0914617851560193,2.507007
1.091502928920538,2.507098
1.0915440726850567,2.506566
1.0915852164495758,2.507091
1.0916263602140945,2.507019
1.0916675039786137,2.506613
1.0917086477431324,2.506663
1.091749791507651,2.506779
1.0917909352721697,2.50671
1.0918320790366889,2.506848
1.0918732228012078,2.506855
1.0919143665657263,2.506546
1.0919555103302454,2.506371
1.091996654094764,2.506578
1.092037797859283,2.506393
1.0920789416238021,2.506207
1.0921200853883208,2.506313
1.0921612291528395,2.506501
1.0922023729173584,2.50669
1.0922435166818774,2.506646
1.092284660446396,2.506167
1.0923258042109152,2.506167
1.0923669479754339,2.506336
1.0924080917399526,2.506191
1.0924492355044717,2.50594
1.0924903792689904,2.506164
1.0925315230335093,2.50593
1.0925726667980282,2.505922
1.092613810562547,2.506152
1.0926549543270658,2.505973
1.0926960980915847,2.505627
1.0927372418561037,2.506055
1.0927783856206221,2.505955
1.0928195293851413,2.505882
1.0928606731496602,2.506168
1.0929018169141789,2.506265
1.0929429606786978,2.505999
1.0929841044432165,2.506093
1.0930252482077352,2.506001
1.0930663919722543,2.505358
1.0931075357367732,2.505634
1.093148679501292,2.505679
1.0931898232658108,2.505658
1.0932309670303295,2.505601
1.0932721107948484,2.505802
1.0933132545593676,2.505862
1.0933543983238863,2.505844
1.093395542088405,2.505851
1.0934366858529239,2.505184
1.0934778296174428,2.505811
1.0935189733819617,2.505593
1.0935601171464806,2.505552
1.0936012609109993,2.505741
1.093642404675518,2.505588
1.0936835484400371,2.505764
1.093724692204556,2.505543
1.0937658359690747,2.505471
1.0938069797335936,2.504994
1.0938481234981123,2.505594
1.0938892672626312,2.505579
1.0939304110271502,2.505441
1.093971554791669,2.505479
1.0940126985561875,2.505479
1.0940538423207067,2.505833
1.0940949860852256,2.505677
1.0941361298497443,2.505337
1.0941772736142634,2.504655
1.0942184173787823,2.505078
1.0942595611433008,2.505152
1.0943007049078197,2.505087
1.0943418486723386,2.504973
1.0943829924368573,2.50527
1.0944241362013765,2.505147
1.0944652799658952,2.505152
1.094506423730414,2.505153
1.094547567494933,2.504594
1.0945887112594517,2.50447
1.0946298550239706,2.504649
1.0946709987884893,2.505277
1.0947121425530084,2.505362
1.094753286317527,2.505171
1.094794430082046,2.505075
1.094835573846565,2.50485
1.0948767176110834,2.504997
1.0949178613756023,2.50484
1.0949590051401215,2.504861
1.0950001489046401,2.504863
1.095041292669159,2.504934
1.0950824364336778,2.504831
1.0951235801981967,2.5047
1.0951647239627156,2.504848
1.0952058677272345,2.504954
1.0952470114917534,2.504946
1.095288155256272,2.504416
1.095329299020791,2.50429
1.0953704427853097,2.504475
1.0954115865498286,2.504113
1.0954527303143478,2.503902
1.0954938740788662,2.504572
1.0955350178433851,2.504697
1.095576161607904,2.504627
1.095617305372423,2.504638
1.0956584491369419,2.504347
1.0956995929014606,2.503791
1.0957407366659795,2.504017
1.0957818804304982,2.5042
1.0958230241950173,2.503994
1.0958641679595362,2.504143
1.0959053117240547,2.503967
1.0959464554885738,2.503775
1.0959875992530925,2.503618
1.0960287430176112,2.503763
1.0960698867821304,2.503434
1.096111030546649,2.503846
1.096152174311168,2.503479
1.0961933180756869,2.504126
1.0962344618402056,2.504243
1.0962756056047245,2.504467
1.0963167493692434,2.504576
1.096357893133762,2.504528
1.096399036898281,2.504416
1.0964401806628,2.503679
1.0964813244273188,2.504365
1.0965224681918375,2.5042
1.0965636119563564,2.504178
1.0966047557208753,2.503997
1.096645899485394,2.503999
1.0966870432499132,2.503964
1.0967281870144319,2.50407
1.0967693307789506,2.504062
1.0968104745434697,2.503333
1.0968516183079884,2.503885
1.0968927620725073,2.503858
1.0969339058370262,2.503698
1.096975049601545,2.503593
1.0970161933660636,2.503548
1.0970573371305827,2.503386
1.0970984808951016,2.503526
1.0971396246596203,2.503455
1.097180768424139,2.503159
1.097221912188658,2.503498
1.0972630559531769,2.503283
1.0973041997176958,2.503329
1.0973453434822147,2.503238
1.0973864872467334,2.503305
1.097427631011252,2.50347
1.0974687747757712,2.503753
1.09750991854029,2.503756
1.097551062304809,2.503427
1.0975922060693277,2.503791
1.0976333498338464,2.503585
1.0976744935983653,2.503963
1.0977156373628842,2.503872
1.0977567811274032,2.503948
1.0977979248919216,2.503862
1.0978390686564408,2.503773
1.0978802124209595,2.503596
1.0979213561854784,2.503552
1.0979624999499975,2.503235
1.098003643714516,2.503498
1.098044787479035,2.503466
1.0980859312435538,2.503439
1.0981270750080727,2.503485
1.0981682187725914,2.50367
1.0982093625371103,2.503527
1.0982505063016292,2.503293
1.0982916500661482,2.503127
1.098332793830667,2.502835
1.0983739375951858,2.503226
1.0984150813597044,2.503242
1.0984562251242236,2.503193
1.0984973688887423,2.502946
1.0985385126532612,2.503186
1.09857965641778,2.503092
1.098620800182299,2.502876
1.0986619439468175,2.502898
1.0987030877113366,2.502496
1.0987442314758555,2.503059
1.0987853752403742,2.503534
1.0988265190048934,2.503296
1.0988676627694118,2.503784
1.0989088065339307,2.503669
1.0989499502984499,2.50388
1.0989910940629686,2.503618
1.0990322378274875,2.503359
1.0990733815920062,2.502709
1.0991145253565249,2.50318
1.0991556691210438,2.503275
1.099196812885563,2.503229
1.0992379566500816,2.50304
1.0992791004146003,2.503356
1.0993202441791192,2.503236
1.0993613879436381,2.503396
1.099402531708157,2.503454
1.099443675472676,2.502685
1.0994848192371947,2.503276
1.0995259630017136,2.502996
1.0995671067662325,2.503127
1.0996082505307514,2.503062
1.09964939429527,2.50285
1.099690538059789,2.502727
1.0997316818243077,2.502835
1.0997728255888266,2.502954
1.0998139693533457,2.502148
1.0998551131178644,2.502326
1.0998962568823831,2.502648
1.099937400646902,2.502461
1.099978544411421,2.502459
1.1000196881759396,2.502559
1.1000608319404588,2.502491
1.1001019757049773,2.502444
1.1001431194694962,2.502256
1.100184263234015,2.501668
1.100225406998534,2.502173
1.100266550763053,2.502618
1.1003076945275714,2.502684
1.1003488382920905,2.502693
1.1003899820566094,2.502943
1.1004311258211281,2.502784
1.100472269585647,2.503008
1.1005134133501657,2.502654
1.1005545571146846,2.502335
1.1005957008792038,2.502639
1.1006368446437225,2.502556
1.1006779884082414,2.502213
1.10071913217276,2.502493
1.100760275937279,2.502672
1.1008014197017977,2.502361
1.1008425634663168,2.502615
1.1008837072308355,2.502501
1.1009248509953544,2.502333
1.1009659947598731,2.502209
1.101007138524392,2.502457
1.101048282288911,2.502313
1.1010894260534299,2.502376
1.1011305698179488,2.502353
1.1011717135824675,2.502157
1.1012128573469864,2.502095
1.1012540011115053,2.502204
1.101295144876024,2.502052
1.1013362886405431,2.501671
1.1013774324050618,2.501814
1.1014185761695805,2.501926
1.1014597199340994,2.501607
1.1015008636986183,2.501684
1.1015420074631372,2.501738
1.101583151227656,2.501599
1.1016242949921748,2.501509
1.1016654387566935,2.501554
1.1017065825212127,2.501201
1.1017477262857316,2.501541
1.10178887005025,2.501239
1.1018300138147692,2.501095
1.1018711575792879,2.501408
1.1019123013438068,2.501588
1.101953445108326,2.50154
1.1019945888728444,2.501333
1.1020357326373633,2.501373
1.1020768764018822,2.500889
1.102118020166401,2.501448
1.1021591639309198,2.501295
1.1022003076954388,2.501101
1.1022414514599577,2.501109
1.1022825952244764,2.500926
1.1023237389889953,2.500873
1.1023648827535142,2.500784
1.1024060265180329,2.501132
1.1024471702825518,2.500722
1.1024883140470707,2.501492
1.1025294578115896,2.501311
1.1025706015761085,2.501194
1.102611745340627,2.500919
1.102652889105146,2.501099
1.102694032869665,2.501088
1.1027351766341837,2.501173
1.1027763203987027,2.500924
1.1028174641632214,2.500504
1.1028586079277403,2.501162
1.102899751692259,2.501201
1.102940895456778,2.500886
1.102982039221297,2.500937
1.1030231829858157,2.500841
1.1030643267503344,2.500868
1.1031054705148533,2.501093
1.1031466142793722,2.501094
1.1031877580438914,2.500702
1.10322890180841,2.500757
1.1032700455729287,2.501112
1.1033111893374474,2.501271
1.1033523331019666,2.501072
1.1033934768664855,2.500938
1.1034346206310044,2.501073
1.103475764395523,2.501012
1.1035169081600418,2.500958
1.1035580519245607,2.500662
1.1035991956890796,2.500742
1.1036403394535985,2.50081
1.1036814832181172,2.50085
1.1037226269826361,2.500835
1.103763770747155,2.500925
1.1038049145116737,2.500784
1.1038460582761929,2.500916
1.1038872020407113,2.500486
1.1039283458052302,2.500401
1.1039694895697492,2.500386
1.104010633334268,2.500465
1.1040517770987868,2.500013
1.1040929208633057,2.499868
1.1041340646278246,2.499932
1.1041752083923435,2.499813
1.1042163521568624,2.500233
1.1042574959213811,2.500246
1.1042986396858998,2.500251
1.104339783450419,2.499748
1.1043809272149379,2.499767
1.1044220709794565,2.499826
1.1044632147439755,2.499813
1.1045043585084942,2.500259
1.1045455022730128,2.499743
1.104586646037532,2.499656
1.104627789802051,2.49976
1.1046689335665696,2.499712
1.1047100773310885,2.499066
1.1047512210956072,2.499641
1.104792364860126,2.499741
1.1048335086246452,2.499872
1.104874652389164,2.499743
1.1049157961536826,2.499692
1.1049569399182015,2.500008
1.1049980836827205,2.499959
1.1050392274472391,2.499992
1.1050803712117583,2.499592
1.105121514976277,2.500134
1.1051626587407957,2.500426
1.1052038025053146,2.500253
1.1052449462698335,2.50005
1.1052860900343524,2.500266
1.1053272337988713,2.500351
1.10536837756339,2.500013
1.105409521327909,2.50024
1.1054506650924278,2.499585
1.1054918088569468,2.500014
1.1055329526214657,2.500264
1.1055740963859841,2.49985
1.1056152401505033,2.499677
1.105656383915022,2.499595
1.105697527679541,2.499506
1.1057386714440598,2.49966
1.1057798152085785,2.499717
1.1058209589730974,2.498973
1.1058621027376163,2.499372
1.105903246502135,2.499265
1.1059443902666541,2.49945
1.1059855340311728,2.499379
1.1060266777956915,2.49921
1.1060678215602104,2.499312
1.1061089653247294,2.49891
1.1061501090892483,2.499168
1.1061912528537667,2.49866
1.1062323966182859,2.498583
1.1062735403828048,2.498779
1.1063146841473235,2.498787
1.1063558279118426,2.498595
1.106396971676361,2.498458
1.10643811544088,2.498516
1.1064792592053991,2.498569
1.1065204029699178,2.498525
1.1065615467344367,2.498
1.1066026904989554,2.497873
1.1066438342634743,2.498328
1.106684978027993,2.498317
1.1067261217925122,2.498549
1.106767265557031,2.498481
1.1068084093215496,2.498549
1.1068495530860685,2.498296
1.1068906968505874,2.498429
1.1069318406151063,2.498099
1.1069729843796252,2.497709
1.107014128144144,2.498201
1.1070552719086628,2.498281
1.1070964156731817,2.49819
1.1071375594377006,2.49818
1.1071787032022193,2.498028
1.1072198469667383,2.498467
1.1072609907312572,2.498339
1.1073021344957759,2.498289
1.107343278260295,2.497763
1.1073844220248137,2.498564
1.1074255657893326,2.498271
1.1074667095538513,2.49832
1.1075078533183702,2.498279
1.107548997082889,2.498144
1.107590140847408,2.498282
1.107631284611927,2.498242
1.1076724283764454,2.49835
1.1077135721409646,2.49781
1.1077547159054832,2.498137
1.1077958596700022,2.498276
1.1078370034345213,2.498246
1.1078781471990398,2.498368
1.1079192909635587,2.498271
1.1079604347280776,2.498218
1.1080015784925965,2.498213
1.1080427222571152,2.49803
1.1080838660216341,2.497468
1.108125009786153,2.498016
1.1081661535506717,2.498186
1.1082072973151906,2.498094
1.1082484410797095,2.497787
1.1082895848442282,2.497864
1.1083307286087474,2.498094
1.108371872373266,2.498184
1.108413016137785,2.497971
1.108454159902304,2.497266
1.1084953036668226,2.497722
1.1085364474313413,2.497678
1.1085775911958604,2.497348
1.1086187349603793,2.497608
1.108659878724898,2.497845
1.1087010224894167,2.497713
1.1087421662539356,2.497521
1.1087833100184545,2.497552
1.1088244537829735,2.497065
1.1088655975474924,2.497494
1.108906741312011,2.497478
1.1089478850765297,2.497307
1.1089890288410487,2.497407
1.1090301726055676,2.49737
1.1090713163700867,2.497485
1.1091124601346054,2.497545
1.109153603899124,2.497516
1.1091947476636428,2.497052
1.109235891428162,2.496989
1.1092770351926808,2.497042
1.1093181789571993,2.497149
1.1093593227217184,2.49707
1.1094004664862371,2.497148
1.109441610250756,2.497262
1.1094827540152752,2.497052
1.1095238977797937,2.497056
1.1095650415443126,2.496623
1.1096061853088315,2.496911
1.1096473290733504,2.49677
1.109688472837869,2.496901
1.1097296166023882,2.496701
1.109770760366907,2.496708
1.1098119041314256,2.496619
1.1098530478959447,2.496657
1.1098941916604634,2.496408
1.1099353354249824,2.496425
1.109976479189501,2.496124
1.11001762295402,2.496481
1.1100587667185389,2.496595
1.1100999104830578,2.496428
1.1101410542475765,2.496465
1.1101821980120952,2.49668
1.1102233417766143,2.496454
1.1102644855411332,2.496214
1.110305629305652,2.49639
1.1103467730701708,2.495692
1.1103879168346895,2.496276
1.1104290605992082,2.496297
1.1104702043637273,2.496485
1.1105113481282463,2.496345
1.110552491892765,2.496322
1.1105936356572839,2.495895
1.1106347794218026,2.496157
1.1106759231863215,2.496043
1.1107170669508406,2.495426
1.1107582107153593,2.495862
1.110799354479878,2.495933
1.110840498244397,2.496014
1.1108816420089158,2.495651
1.1109227857734347,2.495949
1.1109639295379536,2.495744
1.1110050733024723,2.496205
1.111046217066991,2.495915
1.1110873608315102,2.49501
1.1111285045960289,2.495293
1.1111696483605478,2.495219
1.1112107921250662,2.49519
1.1112519358895854,2.495408
1.1112930796541043,2.495432
1.1113342234186232,2.495328
1.1113753671831421,2.495186
1.1114165109476606,2.495102
1.1114576547121795,2.494327
1.1114987984766986,2.494791
1.1115399422412173,2.494804
1.1115810860057365,2.494701
1.111622229770255,2.494879
1.1116633735347738,2.495008
1.1117045172992928,2.495034
1.1117456610638117,2.49488
1.1117868048283304,2.494693
1.1118279485928495,2.493937
1.1118690923573682,2.4956
1.111910236121887,2.496027
1.1119513798864058,2.495872
1.1119925236509247,2.495894
1.1120336674154436,2.495937
1.1120748111799623,2.495839
1.1121159549444812,2.49562
1.1121570987090001,2.495589
1.112198242473519,2.495121
1.112239386238038,2.495432
1.1122805300025564,2.495858
1.1123216737670754,2.495795
1.1123628175315945,2.49563
1.1124039612961132,2.495347
1.112445105060632,2.495242
1.1124862488251508,2.495401
1.1125273925896697,2.49519
1.1125685363541884,2.4949
1.1126096801187075,2.495001
1.1126508238832264,2.495134
1.1126919676477451,2.494892
1.112733111412264,2.494999
1.1127742551767827,2.494746
1.1128153989413017,2.494985
1.1128565427058208,2.494775
1.1128976864703393,2.494591
1.1129388302348582,2.494083
1.112979973999377,2.493683
1.113021117763896,2.495053
1.113062261528415,2.495111
1.1131034052929336,2.494822
1.1131445490574525,2.494537
1.1131856928219712,2.494605
1.1132268365864904,2.494833
1.113267980351009,2.49464
1.1133091241155277,2.494477
1.1133502678800469,2.4941
1.1133914116445656,2.494497
1.1134325554090843,2.494187
1.1134736991736034,2.494341
1.113514842938122,2.494331
1.1135559867026408,2.494232
1.11359713046716,2.494288
1.1136382742316786,2.494416
1.1136794179961975,2.494217
1.1137205617607162,2.493737
1.1137617055252351,2.494218
1.113802849289754,2.494321
1.113843993054273,2.494092
1.1138851368187919,2.493972
1.1139262805833106,2.493757
1.1139674243478295,2.493661
1.1140085681123484,2.493522
1.114049711876867,2.493021
1.1140908556413862,2.493661
1.114131999405905,2.49422
1.1141731431704236,2.493976
1.1142142869349427,2.493443
1.1142554306994614,2.493431
1.1142965744639803,2.493304
1.1143377182284993,2.49328
1.114378861993018,2.493193
1.1144200057575366,2.493045
1.1144611495220558,2.492311
1.1145022932865747,2.492806
1.1145434370510934,2.49282
1.114584580815612,2.492753
1.114625724580131,2.492227
1.11466686834465,2.492981
1.1147080121091688,2.492805
1.1147491558736877,2.493501
1.1147902996382064,2.493538
1.114831443402725,2.493335
1.1148725871672442,2.493771
1.114913730931763,2.493692
1.1149548746962819,2.493379
1.1149960184608008,2.492953
1.1150371622253195,2.492933
1.1150783059898384,2.492495
1.1151194497543573,2.492499
1.1151605935188762,2.491585
1.1152017372833947,2.490161
1.1152428810479138,2.490707
1.1152840248124325,2.490812
1.1153251685769514,2.490613
1.1153663123414705,2.490408
1.115407456105989,2.490137
1.115448599870508,2.492167
1.1154897436350268,2.492092
1.1155308873995458,2.491931
1.1155720311640644,2.492826
1.1156131749285834,2.491387
1.1156543186931023,2.490948
1.115695462457621,2.490927
1.11573660622214,2.491663
1.1157777499866588,2.491862
1.1158188937511775,2.492733
1.1158600375156966,2.491822
1.1159011812802153,2.491077
1.1159423250447342,2.49164
1.1159834688092531,2.492068
1.1160246125737718,2.493593
1.1160657563382905,2.493475
1.1161069001028097,2.492111
1.1161480438673286,2.49124
1.1161891876318473,2.491115
1.1162303313963662,2.491617
1.1162714751608849,2.491494
1.1163126189254038,2.493865
1.116353762689923,2.492656
1.1163949064544416,2.491688
1.1164360502189605,2.491138
1.1164771939834792,2.491149
1.116518337747998,2.491981
1.1165594815125168,2.492085
1.116600625277036,2.492147
1.1166417690415547,2.49235
1.1166829128060733,2.49173
1.1167240565705923,2.490969
1.1167652003351112,2.491505
1.11680634409963,2.491674
1.116847487864149,2.491433
1.1168886316286677,2.491446
1.1169297753931866,2.491428
1.1169709191577055,2.490687
1.1170120629222244,2.490608
1.1170532066867431,2.491036
1.1170943504512618,2.49097
1.1171354942157807,2.491478
1.1171766379802996,2.49139
1.1172177817448186,2.491263
1.1172589255093375,2.491066
1.117300069273856,2.491472
1.1173412130383749,2.49107
1.117382356802894,2.490633
1.1174235005674127,2.490829
1.1174646443319318,2.491005
1.1175057880964503,2.491778
1.1175469318609692,2.491657
1.1175880756254881,2.491467
1.117629219390007,2.491354
1.1176703631545257,2.491802
1.1177115069190444,2.491778
1.1177526506835636,2.491691
1.1177937944480825,2.491777
1.1178349382126012,2.490919
1.11787608197712,2.49105
1.1179172257416388,2.49095
1.1179583695061577,2.490809
1.1179995132706768,2.490601
1.1180406570351955,2.490474
1.1180818007997144,2.490498
1.1181229445642331,2.491585
1.118164088328752,2.491823
1.1182052320932707,2.49067
1.1182463758577899,2.490355
1.1182875196223085,2.490784
1.1183286633868272,2.490604
1.1183698071513462,2.49043
1.118410950915865,2.490309
1.118452094680384,2.490435
1.118493238444903,2.490249
1.1185343822094218,2.490003
1.1185755259739405,2.490132
1.1186166697384594,2.490021
1.118657813502978,2.490366
1.118698957267497,2.489949
1.1187401010320162,2.490133
1.1187812447965348,2.490136
1.1188223885610535,2.490191
1.1188635323255725,2.489869
1.1189046760900914,2.489862
1.1189458198546103,2.489719
1.118986963619129,2.490256
1.1190281073836479,2.489529
1.1190692511481666,2.489041
1.1191103949126857,2.489172
1.1191515386772046,2.489352
1.119192682441723,2.489536
1.1192338262062422,2.489421
1.119274969970761,2.489886
1.1193161137352798,2.489973
1.1193572574997988,2.489109
1.1193984012643174,2.489591
1.1194395450288364,2.490257
1.1194806887933553,2.491851
1.119521832557874,2.492432
1.1195629763223929,2.49187
1.1196041200869118,2.490431
1.1196452638514305,2.489603
1.1196864076159494,2.489389
1.1197275513804683,2.488244
1.1197686951449872,2.488948
1.119809838909506,2.489127
1.1198509826740248,2.489545
1.1198921264385437,2.488811
1.1199332702030627,2.488948
1.1199744139675816,2.491081
1.1200155577321,2.491349
1.120056701496619,2.490764
1.1200978452611376,2.488564
1.1201389890256568,2.489235
1.1201801327901757,2.489883
1.1202212765546944,2.489211
1.1202624203192133,2.488877
1.120303564083732,2.489112
1.120344707848251,2.489931
1.12038585161277,2.491706
1.1204269953772887,2.491044
1.1204681391418074,2.490251
1.1205092829063263,2.490017
1.1205504266708453,2.488611
1.1205915704353642,2.48828
1.120632714199883,2.488918
1.1206738579644018,2.489
1.1207150017289205,2.488969
1.1207561454934396,2.490087
1.1207972892579583,2.491274
1.1208384330224772,2.490943
1.1208795767869961,2.490455
1.1209207205515148,2.48944
1.1209618643160337,2.489437
1.1210030080805526,2.489378
1.1210441518450716,2.489627
1.12108529560959,2.48974
1.1211264393741092,2.489891
1.121167583138628,2.489808
1.1212087269031468,2.488997
1.121249870667666,2.489103
1.1212910144321844,2.489776
1.1213321581967033,2.489943
1.1213733019612222,2.489697
1.1214144457257411,2.489614
1.1214555894902598,2.489702
1.1214967332547787,2.489488
1.1215378770192976,2.489584
1.1215790207838165,2.489146
1.1216201645483355,2.488787
1.1216613083128542,2.489502
1.1217024520773728,2.489587
1.121743595841892,2.489281
1.1217847396064107,2.489302
1.1218258833709296,2.489387
1.1218670271354485,2.48956
1.1219081708999672,2.489581
1.1219493146644859,2.489898
1.121990458429005,2.488947
1.122031602193524,2.489405
1.1220727459580426,2.489267
1.1221138897225615,2.489038
1.1221550334870802,2.489099
1.1221961772515991,2.489099
1.1222373210161183,2.488917
1.122278464780637,2.48912
1.1223196085451557,2.489022
1.1223607523096746,2.48851
1.1224018960741935,2.488803
1.1224430398387122,2.488964
1.1224841836032313,2.488892
1.12252532736775,2.488753
1.1225664711322687,2.488902
1.1226076148967876,2.488733
1.1226487586613065,2.48869
1.1226899024258254,2.488493
1.122731046190344,2.488863
1.122772189954863,2.490506
1.122813333719382,2.490335
1.1228544774839009,2.490409
1.1228956212484198,2.490423
1.1229367650129385,2.490488
1.1229779087774572,2.490518
1.1230190525419763,2.490398
1.123060196306495,2.490291
1.1231013400710141,2.489743
1.1231424838355328,2.490548
1.1231836276000515,2.490433
1.1232247713645702,2.490299
1.1232659151290894,2.490043
1.123307058893608,2.490001
1.1233482026581272,2.489781
1.1233893464226457,2.489481
1.1234304901871646,2.489451
1.1234716339516835,2.488977
1.1235127777162024,2.489109
1.1235539214807213,2.489165
1.1235950652452398,2.489132
1.123636209009759,2.488852
1.1236773527742778,2.488809
1.1237184965387965,2.488433
1.1237596403033154,2.487719
1.1238007840678341,2.488314
1.123841927832353,2.487906
1.1238830715968722,2.488436
1.1239242153613909,2.48895
1.1239653591259098,2.489056
1.1240065028904285,2.489059
1.1240476466549474,2.489293
1.124088790419466,2.489195
1.1241299341839852,2.488983
1.1241710779485041,2.488842
1.1242122217130226,2.48856
1.1242533654775415,2.48864
1.1242945092420604,2.488805
1.1243356530065793,2.488778
1.1243767967710983,2.488554
1.124417940535617,2.488178
1.1244590843001359,2.487991
1.1245002280646548,2.488318
1.1245413718291737,2.488322
1.1245825155936924,2.48812
1.1246236593582113,2.487513
1.1246648031227302,2.488113
1.124705946887249,2.48794
1.1247470906517678,2.488116
1.1247882344162867,2.488212
1.1248293781808052,2.488314
1.1248705219453243,2.487886
1.1249116657098432,2.48791
1.124952809474362,2.488024
1.124993953238881,2.487643
1.1250350970034,2.487922
1.1250762407679185,2.487911
1.1251173845324376,2.487835
1.1251585282969563,2.487795
1.1251996720614752,2.487975
1.1252408158259943,2.487866
1.1252819595905128,2.48754
1.1253231033550317,2.487406
1.1253642471195506,2.486828
1.1254053908840695,2.48741
1.1254465346485882,2.487314
1.125487678413107,2.487498
1.125528822177626,2.488349
1.1255699659421448,2.488444
1.1256111097066637,2.488696
1.1256522534711826,2.488673
1.1256933972357013,2.48875
1.12573454100022,2.488157
1.125775684764739,2.48847
1.125816828529258,2.488421
1.125857972293777,2.488408
1.1258991160582956,2.488402
1.1259402598228143,2.488366
1.1259814035873332,2.488562
1.1260225473518524,2.488567
1.126063691116371,2.488419
1.1261048348808897,2.488055
1.1261459786454087,2.488285
1.1261871224099274,2.488488
1.1262282661744463,2.48849
1.1262694099389654,2.48843
1.126310553703484,2.488194
1.1263516974680028,2.488309
1.1263928412325217,2.488521
1.1264339849970406,2.488796
1.1264751287615595,2.488133
1.1265162725260784,2.488311
1.1265574162905971,2.488539
1.1265985600551158,2.488687
1.126639703819635,2.489172
1.1266808475841539,2.488871
1.1267219913486723,2.48846
1.1267631351131915,2.488569
1.1268042788777102,2.488827
1.126845422642229,2.488411
1.126886566406748,2.48822
1.1269277101712667,2.488098
1.1269688539357856,2.488478
1.1270099977003045,2.488269
1.1270511414648234,2.488219
1.1270922852293421,2.488131
1.127133428993861,2.487998
1.1271745727583797,2.488081
1.1272157165228986,2.488031
1.1272568602874178,2.487827
1.1272980040519365,2.488049
1.1273391478164552,2.488085
1.127380291580974,2.487947
1.127421435345493,2.487609
1.127462579110012,2.487545
1.1275037228745308,2.487808
1.1275448666390495,2.487926
1.1275860104035682,2.487418
1.1276271541680873,2.486913
1.1276682979326063,2.487163
1.127709441697125,2.487331
1.1277505854616439,2.48746
1.1277917292261626,2.487501
1.1278328729906812,2.487263
1.1278740167552004,2.487493
1.1279151605197193,2.487345
1.127956304284238,2.48717
1.127997448048757,2.486624
1.1280385918132756,2.487105
1.1280797355777945,2.487178
1.1281208793423136,2.486963
1.1281620231068323,2.487061
1.128203166871351,2.486934
1.12824431063587,2.487106
1.1282854544003889,2.487098
1.1283265981649075,2.486836
1.1283677419294267,2.486274
1.1284088856939454,2.486617
1.128450029458464,2.486333
1.1284911732229832,2.486399
1.128532316987502,2.486464
1.1285734607520208,2.486753
1.1286146045165393,2.486739
1.1286557482810584,2.486337
1.1286968920455773,2.48579
1.1287380358100962,2.485294
1.1287791795746152,2.485698
1.1288203233391336,2.48559
1.1288614671036525,2.485566
1.1289026108681717,2.485663
1.1289437546326904,2.485727
1.1289848983972095,2.485549
1.129026042161728,2.485577
1.1290671859262469,2.485572
1.1291083296907658,2.485064
1.1291494734552847,2.485109
1.1291906172198034,2.485044
1.129231760984322,2.484571
1.1292729047488412,2.485329
1.12931404851336,2.485604
1.1293551922778788,2.485418
1.1293963360423978,2.485257
1.1294374798069167,2.484884
1.1294786235714354,2.484313
1.1295197673359543,2.484837
1.1295609111004732,2.48597
1.129602054864992,2.485997
1.129643198629511,2.485664
1.1296843423940295,2.485439
1.1297254861585484,2.485445
1.1297666299230675,2.485666
1.1298077736875862,2.48552
1.1298489174521051,2.485236
1.1298900612166238,2.485187
1.1299312049811427,2.485382
1.1299723487456614,2.485305
1.1300134925101806,2.485476
1.1300546362746995,2.485551
1.1300957800392182,2.485351
1.130136923803737,2.485434
1.1301780675682558,2.485271
1.1302192113327747,2.484826
1.1302603550972938,2.483903
1.1303014988618123,2.483978
1.1303426426263312,2.483855
1.1303837863908501,2.483627
1.130424930155369,2.483411
1.1304660739198877,2.48422
1.1305072176844067,2.484559
1.1305483614489256,2.484535
1.1305895052134443,2.484364
1.1306306489779634,2.483926
1.130671792742482,2.484421
1.1307129365070008,2.484546
1.13075408027152,2.484659
1.1307952240360386,2.484505
1.1308363678005573,2.484459
1.1308775115650764,2.484262
1.130918655329595,2.484396
1.1309597990941138,2.484133
1.131000942858633,2.48317
1.1310420866231516,2.483736
1.1310832303876706,2.483977
1.1311243741521892,2.484049
1.1311655179167082,2.484084
1.131206661681227,2.484492
1.131247805445746,2.483906
1.131288949210265,2.483799
1.1313300929747836,2.48395
1.1313712367393023,2.483337
1.1314123805038214,2.48377
1.1314535242683401,2.483866
1.1314946680328593,2.483647
1.1315358117973777,2.483485
1.1315769555618966,2.483424
1.1316180993264153,2.483735
1.1316592430909345,2.484966
1.1317003868554534,2.485042
1.1317415306199723,2.484362
1.131782674384491,2.484768
1.1318238181490097,2.484735
1.1318649619135286,2.483946
1.1319061056780477,2.483197
1.1319472494425664,2.482929
1.131988393207085,2.482402
1.132029536971604,2.481786
1.132070680736123,2.482131
1.1321118245006416,2.482083
1.1321529682651608,2.482563
1.1321941120296795,2.482421
1.1322352557941981,2.483726
1.132276399558717,2.483735
1.132317543323236,2.483774
1.132358687087755,2.48367
1.1323998308522738,2.4835
1.1324409746167925,2.482967
1.1324821183813114,2.48195
1.1325232621458303,2.482257
1.1325644059103492,2.482768
1.1326055496748677,2.482469
1.1326466934393868,2.482548
1.1326878372039055,2.482609
1.1327289809684244,2.482691
1.1327701247329436,2.4825
1.132811268497462,2.482513
1.132852412261981,2.482275
1.1328935560264999,2.482386
1.1329346997910188,2.482785
1.1329758435555375,2.482846
1.1330169873200564,2.482564
1.1330581310845753,2.482711
1.133099274849094,2.482825
1.1331404186136131,2.482809
1.1331815623781318,2.482577
1.1332227061426505,2.482379
1.1332638499071694,2.481873
1.1333049936716884,2.48217
1.1333461374362073,2.481986
1.1333872812007262,2.482139
1.1334284249652449,2.482439
1.1334695687297636,2.482726
1.1335107124942827,2.482388
1.1335518562588016,2.48228
1.1335930000233203,2.482463
1.1336341437878392,2.481852
1.133675287552358,2.482386
1.1337164313168768,2.482213
1.133757575081396,2.481964
1.1337987188459147,2.482312
1.1338398626104336,2.482379
1.1338810063749523,2.482046
1.133922150139471,2.481987
1.1339632939039899,2.481906
1.134004437668509,2.481502
1.1340455814330277,2.482175
1.1340867251975464,2.481813
1.1341278689620653,2.481731
1.1341690127265842,2.482157
1.1342101564911031,2.481612
1.134251300255622,2.481336
1.1342924440201407,2.481281
1.1343335877846596,2.481528
1.1343747315491786,2.480814
1.1344158753136973,2.481309
1.1344570190782162,2.481421
1.1344981628427346,2.481164
1.1345393066072538,2.481284
1.1345804503717727,2.481964
1.1346215941362916,2.48197
1.1346627379008105,2.481653
1.134703881665329,2.481529
1.134745025429848,2.480957
1.134786169194367,2.481883
1.1348273129588857,2.481871
1.1348684567234046,2.481785
1.1349096004879233,2.481836
1.1349507442524422,2.481787
1.1349918880169612,2.481504
1.13503303178148,2.481339
1.1350741755459988,2.481715
1.1351153193105175,2.481023
1.1351564630750366,2.481067
1.1351976068395555,2.48112
1.1352387506040742,2.4812
1.1352798943685931,2.481405
1.1353210381331118,2.481291
1.1353621818976307,2.48109
1.1354033256621496,2.481042
1.1354444694266685,2.480755
1.1354856131911875,2.480646
1.1355267569557062,2.480853
1.135567900720225,2.481007
1.1356090444847438,2.480965
1.135650188249263,2.481029
1.1356913320137816,2.480936
1.1357324757783003,2.480819
1.1357736195428192,2.480829
1.135814763307338,2.480748
1.1358559070718568,2.480352
1.135897050836376,2.480383
1.1359381946008946,2.48057
1.1359793383654135,2.480905
1.1360204821299325,2.480558
1.1360616258944511,2.480703
1.13610276965897,2.480944
1.1361439134234892,2.480951
1.1361850571880079,2.481026
1.1362262009525266,2.480648
1.1362673447170455,2.480082
1.1363084884815644,2.480604
1.1363496322460833,2.480329
1.136390776010602,2.480444
1.136431919775121,2.480065
1.1364730635396396,2.480152
1.1365142073041588,2.480281
1.1365553510686774,2.480347
1.1365964948331961,2.480065
1.1366376385977153,2.479527
1.136678782362234,2.480182
1.1367199261267529,2.480363
1.1367610698912718,2.480492
1.1368022136557905,2.480502
1.1368433574203092,2.480566
1.1368845011848283,2.480448
1.136925644949347,2.480322
1.136966788713866,2.480674
1.1370079324783846,2.479671
1.1370490762429035,2.480056
1.1370902200074224,2.480359
1.1371313637719414,2.480469
1.1371725075364603,2.480643
1.137213651300979,2.48041
1.1372547950654976,2.480185
1.1372959388300168,2.480371
1.1373370825945357,2.480419
1.1373782263590546,2.479884
1.137419370123573,2.48019
1.137460513888092,2.48
1.1375016576526107,2.47985
1.1375428014171298,2.479706
1.1375839451816487,2.479787
1.1376250889461674,2.479607
1.1376662327106863,2.479655
1.137707376475205,2.479629
1.137748520239724,2.478682
1.137789664004243,2.479382
1.1378308077687616,2.479394
1.1378719515332805,2.479196
1.1379130952977994,2.479314
1.1379542390623183,2.479089
1.137995382826837,2.479316
1.138036526591356,2.479399
1.1380776703558748,2.479274
1.1381188141203935,2.478943
1.1381599578849126,2.479277
1.1382011016494313,2.479398
1.1382422454139502,2.479313
1.1382833891784692,2.479004
1.1383245329429879,2.479122
1.1383656767075068,2.47916
1.1384068204720257,2.479143
1.1384479642365446,2.479309
1.138489108001063,2.47886
1.1385302517655822,2.478775
1.1385713955301011,2.479139
1.1386125392946198,2.478865
1.138653683059139,2.478895
1.1386948268236574,2.478943
1.1387359705881763,2.47932
1.1387771143526952,2.479191
1.1388182581172142,2.479216
1.1388594018817328,2.478848
1.1389005456462518,2.478579
1.1389416894107707,2.479109
1.1389828331752894,2.479158
1.1390239769398085,2.479051
1.1390651207043272,2.479089
1.1391062644688459,2.479059
1.139147408233365,2.478974
1.1391885519978837,2.478882
1.1392296957624026,2.478704
1.1392708395269215,2.478338
1.1393119832914402,2.478736
1.139353127055959,2.478581
1.139394270820478,2.478645
1.139435414584997,2.478902
1.1394765583495157,2.479119
1.1395177021140346,2.478675
1.1395588458785533,2.478643
1.1395999896430722,2.478677
1.1396411334075913,2.478229
1.13968227717211,2.478827
1.1397234209366287,2.478782
1.1397645647011476,2.478846
1.1398057084656665,2.478742
1.1398468522301852,2.47876
1.1398879959947044,2.478607
1.139929139759223,2.478721
1.1399702835237417,2.478538
1.1400114272882607,2.477971
1.1400525710527796,2.478231
1.1400937148172985,2.478307
1.140134858581817,2.47846
1.140176002346336,2.478502
1.140217146110855,2.478298
1.1402582898753737,2.478163
1.1402994336398928,2.478158
1.1403405774044113,2.478085
1.1403817211689302,2.477671
1.1404228649334494,2.478466
1.140464008697968,2.478402
1.1405051524624867,2.478287
1.1405462962270059,2.478372
1.1405874399915243,2.478526
1.1406285837560433,2.478502
1.1406697275205624,2.478327
1.140710871285081,2.4781
1.1407520150496,2.477284
1.1407931588141187,2.478137
1.1408343025786376,2.478198
1.1408754463431565,2.478224
1.1409165901076754,2.47825
1.1409577338721943,2.478105
1.1409988776367128,2.478197
1.141040021401232,2.477912
1.1410811651657509,2.477925
1.1411223089302696,2.477631
1.1411634526947885,2.477768
1.1412045964593072,2.477913
1.141245740223826,2.477714
1.1412868839883452,2.477869
1.141328027752864,2.477941
1.1413691715173828,2.477713
1.1414103152819015,2.47791
1.1414514590464204,2.478042
1.1414926028109391,2.477679
1.1415337465754583,2.477504
1.1415748903399772,2.477758
1.1416160341044956,2.477793
1.1416571778690145,2.477736
1.1416983216335335,2.477554
1.1417394653980524,2.477639
1.1417806091625713,2.4778
1.14182175292709,2.477773
1.141862896691609,2.477367
1.1419040404561278,2.477066
1.1419451842206465,2.477498
1.1419863279851654,2.477394
1.1420274717496843,2.477298
1.1420686155142032,2.477492
1.142109759278722,2.477314
1.1421509030432409,2.477729
1.1421920468077598,2.477411
1.1422331905722782,2.47718
1.1422743343367974,2.476732
1.1423154781013163,2.477249
1.142356621865835,2.476987
1.1423977656303541,2.476683
1.1424389093948726,2.476527
1.1424800531593915,2.47664
1.1425211969239106,2.476702
1.1425623406884293,2.476809
1.1426034844529482,2.476891
1.1426446282174672,2.475951
1.1426857719819858,2.476569
1.1427269157465048,2.476642
1.1427680595110237,2.476481
1.1428092032755426,2.476542
1.1428503470400613,2.476484
1.14289149080458,2.476417
1.1429326345690989,2.476223
1.1429737783336178,2.476089
1.1430149220981367,2.475532
1.1430560658626556,2.475913
1.1430972096271743,2.475995
1.143138353391693,2.475943
1.1431794971562121,2.47572
1.143220640920731,2.475733
1.14326178468525,2.47564
1.1433029284497687,2.475889
1.1433440722142874,2.476232
1.143385215978806,2.475606
1.1434263597433254,2.476233
1.143467503507844,2.476051
1.1435086472723628,2.475857
1.1435497910368817,2.475747
1.1435909348014004,2.475744
1.1436320785659193,2.476058
1.1436732223304384,2.475742
1.1437143660949571,2.475963
1.1437555098594758,2.475467
1.1437966536239947,2.475861
1.1438377973885137,2.475754
1.1438789411530326,2.475587
1.1439200849175513,2.475486
1.1439612286820702,2.47535
1.1440023724465889,2.475168
1.144043516211108,2.475308
1.1440846599756267,2.475238
1.1441258037401454,2.47459
1.1441669475046645,2.474867
1.1442080912691832,2.474962
1.1442492350337021,2.475215
1.144290378798221,2.475295
1.1443315225627397,2.47537
1.1443726663272584,2.475492
1.1444138100917776,2.475531
1.1444549538562965,2.475477
1.1444960976208152,2.474988
1.144537241385334,2.474827
1.1445783851498528,2.474638
1.1446195289143717,2.474759
1.1446606726788908,2.47489
1.1447018164434095,2.474881
1.1447429602079282,2.474785
1.1447841039724471,2.474776
1.144825247736966,2.474709
1.144866391501485,2.474557
1.1449075352660039,2.474513
1.1449486790305226,2.475043
1.1449898227950412,2.474821
1.1450309665595604,2.474975
1.145072110324079,2.475037
1.145113254088598,2.474897
1.145154397853117,2.474819
1.1451955416176356,2.474712
1.1452366853821543,2.474653
1.1452778291466734,2.473971
1.1453189729111923,2.474672
1.145360116675711,2.47467
1.1454012604402297,2.474466
1.1454424042047486,2.474275
1.1454835479692675,2.474209
1.1455246917337867,2.474172
1.1455658354983054,2.474407
1.145606979262824,2.474184
1.145648123027343,2.473458
1.145689266791862,2.473945
1.1457304105563806,2.473835
1.1457715543208997,2.47352
1.1458126980854184,2.474294
1.145853841849937,2.474358
1.145894985614456,2.474121
1.145936129378975,2.474117
1.1459772731434938,2.474236
1.1460184169080123,2.473521
1.1460595606725315,2.474104
1.1461007044370504,2.473835
1.146141848201569,2.473693
1.1461829919660882,2.473622
1.1462241357306067,2.473716
1.1462652794951256,2.473819
1.1463064232596447,2.473557
1.1463475670241634,2.473637
1.1463887107886823,2.473049
1.146429854553201,2.473367
1.14647099831772,2.473418
1.1465121420822386,2.473615
1.1465532858467578,2.473475
1.1465944296112764,2.473584
1.1466355733757951,2.473407
1.146676717140314,2.473511
1.146717860904833,2.473469
1.1467590046693519,2.47273
1.1468001484338708,2.472885
1.1468412921983895,2.473104
1.1468824359629084,2.473518
1.1469235797274273,2.473198
1.1469647234919462,2.473039
1.1470058672564651,2.472942
1.147047011020984,2.472896
1.1470881547855025,2.472766
1.1471292985500214,2.472486
1.1471704423145406,2.472506
1.1472115860790593,2.472775
1.1472527298435782,2.472606
1.1472938736080969,2.472674
1.1473350173726158,2.472437
1.1473761611371345,2.472645
1.1474173049016536,2.47254
1.1474584486661725,2.472812
1.147499592430691,2.472566
1.1475407361952101,2.47237
1.1475818799597288,2.473011
1.1476230237242477,2.473039
1.1476641674887669,2.472689
1.1477053112532853,2.472695
1.1477464550178043,2.472356
1.1477875987823232,2.472358
1.147828742546842,2.471925
1.1478698863113608,2.471715
1.1479110300758797,2.472167
1.1479521738403986,2.472615
1.1479933176049173,2.473073
1.1480344613694362,2.472972
1.1480756051339551,2.472489
1.1481167488984738,2.472749
1.148157892662993,2.472814
1.1481990364275116,2.472582
1.1482401801920303,2.472366
1.1482813239565495,2.47169
1.148322467721068,2.472077
1.1483636114855869,2.471919
1.148404755250106,2.471762
1.1484458990146247,2.471835
1.1484870427791436,2.471802
1.1485281865436623,2.4719
1.1485693303081812,2.471578
1.1486104740727001,2.471673
1.148651617837219,2.470988
1.148692761601738,2.47134
1.1487339053662566,2.471608
1.1487750491307753,2.47158
1.1488161928952945,2.471407
1.1488573366598132,2.471328
1.1488984804243323,2.471665
1.1489396241888508,2.471818
1.1489807679533697,2.471625
1.1490219117178884,2.471124
1.1490630554824075,2.471817
1.1491041992469264,2.472101
1.1491453430114449,2.471795
1.149186486775964,2.471852
1.1492276305404827,2.471501
1.1492687743050016,2.471544
1.1493099180695208,2.471789
1.1493510618340395,2.471633
1.1493922055985581,2.471198
1.149433349363077,2.471636
1.1494744931275958,2.471672
1.1495156368921147,2.471579
1.1495567806566338,2.471717
1.1495979244211525,2.472126
1.1496390681856712,2.471976
1.14968021195019,2.471829
1.149721355714709,2.47204
1.149762499479228,2.471603
1.1498036432437468,2.47162
1.1498447870082655,2.471737
1.1498859307727844,2.471882
1.1499270745373034,2.471749
1.1499682183018223,2.471543
1.1500093620663407,2.471699
1.1500505058308599,2.471639
1.1500916495953786,2.471592
1.1501327933598975,2.471054
1.1501739371244164,2.470844
1.150215080888935,2.47112
1.150256224653454,2.471491
1.150297368417973,2.471614
1.1503385121824918,2.471729
1.1503796559470105,2.471509
1.1504207997115294,2.471771
1.1504619434760481,2.4717
1.150503087240567,2.471125
1.1505442310050862,2.470751
1.1505853747696049,2.471307
1.1506265185341236,2.471177
1.1506676622986425,2.47076
1.1507088060631614,2.470762
1.1507499498276803,2.470871
1.1507910935921992,2.470825
1.150832237356718,2.47073
1.1508733811212366,2.470722
1.1509145248857557,2.470131
1.1509556686502747,2.470663
1.1509968124147933,2.470447
1.151037956179312,2.470404
1.151079099943831,2.470318
1.1511202437083499,2.470273
1.1511613874728688,2.470444
1.1512025312373877,2.470457
1.1512436750019064,2.470435
1.151284818766425,2.469851
1.151325962530944,2.470409
1.151367106295463,2.470057
1.151408250059982,2.470136
1.1514493938245007,2.470365
1.1514905375890194,2.470416
1.1515316813535383,2.470106
1.1515728251180573,2.470116
1.151613968882576,2.470025
1.151655112647095,2.469291
1.1516962564116138,2.469678
1.1517374001761327,2.469615
1.1517785439406514,2.469247
1.1518196877051703,2.469754
1.1518608314696892,2.471611
1.1519019752342077,2.47129
1.1519431189987268,2.47109
1.1519842627632457,2.471193
1.1520254065277644,2.470588
1.1520665502922836,2.47139
1.152107694056802,2.470888
1.152148837821321,2.471138
1.15218998158584,2.471191
1.1522311253503588,2.47111
1.1522722691148777,2.47131
1.1523134128793964,2.471332
1.1523545566439153,2.470933
1.1523957004084342,2.470528
1.1524368441729531,2.470797
1.1524779879374718,2.470722
1.1525191317019905,2.470843
1.1525602754665096,2.470733
1.1526014192310283,2.470381
1.1526425629955472,2.470703
1.1526837067600662,2.470775
1.1527248505245848,2.470595
1.1527659942891038,2.470054
1.1528071380536227,2.470617
1.1528482818181416,2.470672
1.1528894255826605,2.470383
1.1529305693471792,2.470473
1.152971713111698,2.470305
1.1530128568762168,2.470454
1.153054000640736,2.470763
1.1530951444052546,2.470538
1.1531362881697733,2.4698
1.1531774319342922,2.469897
1.1532185756988111,2.469708
1.1532597194633298,2.469676
1.153300863227849,2.469706
1.1533420069923677,2.470029
1.1533831507568866,2.469915
1.1534242945214055,2.469936
1.1534654382859242,2.469836
1.153506582050443,2.469705
1.153547725814962,2.469275
1.1535888695794807,2.469695
1.1536300133439996,2.469641
1.1536711571085185,2.469765
1.1537123008730374,2.469803
1.1537534446375561,2.469575
1.153794588402075,2.469781
1.153835732166594,2.469729
1.1538768759311127,2.469441
1.1539180196956318,2.468881
1.1539591634601505,2.469591
1.1540003072246692,2.469767
1.1540414509891883,2.469776
1.154082594753707,2.469685
1.154123738518226,2.469601
1.1541648822827448,2.469261
1.1542060260472633,2.469471
1.1542471698117822,2.469471
1.1542883135763014,2.468946
1.15432945734082,2.469663
1.154370601105339,2.469534
1.1544117448698576,2.46948
1.1544528886343766,2.469695
1.1544940323988955,2.469293
1.1545351761634144,2.469086
1.1545763199279333,2.469118
1.154617463692452,2.469244
1.1546586074569707,2.468661
1.1546997512214898,2.469349
1.1547408949860085,2.469329
1.1547820387505274,2.46938
1.1548231825150461,2.46922
1.154864326279565,2.468807
1.1549054700440837,2.468841
1.1549466138086029,2.468872
1.1549877575731218,2.468899
1.1550289013376402,2.468901
1.1550700451021594,2.469602
1.155111188866678,2.469724
1.155152332631197,2.469431
1.1551934763957161,2.469348
1.1552346201602346,2.469268
1.1552757639247535,2.469178
1.1553169076892724,2.469115
1.1553580514537913,2.469452
1.15539919521831,2.468585
1.155440338982829,2.469333
1.1554814827473479,2.46902
1.1555226265118665,2.46876
1.1555637702763855,2.468817
1.1556049140409044,2.46881
1.155646057805423,2.468929
1.1556872015699422,2.468688
1.155728345334461,2.468888
1.1557694890989798,2.468349
1.1558106328634987,2.46864
1.1558517766280176,2.468584
1.155892920392536,2.468857
1.1559340641570552,2.46891
1.1559752079215742,2.468637
1.1560163516860928,2.468837
1.156057495450612,2.46845
1.1560986392151305,2.468527
1.1561397829796494,2.467862
1.1561809267441683,2.467749
1.1562220705086872,2.468222
1.1562632142732059,2.467959
1.1563043580377248,2.468261
1.1563455018022437,2.46822
1.1563866455667624,2.468227
1.1564277893312815,2.468347
1.1564689330958002,2.468496
1.156510076860319,2.468378
1.1565512206248378,2.467874
1.1565923643893568,2.468266
1.1566335081538757,2.468316
1.1566746519183946,2.46844
1.1567157956829133,2.468315
1.156756939447432,2.46821
1.156798083211951,2.467878
1.15683922697647,2.467798
1.1568803707409887,2.467648
1.1569215145055074,2.46673
1.1569626582700263,2.46736
1.1570038020345452,2.467506
1.1570449457990644,2.46734
1.157086089563583,2.467247
1.1571272333281017,2.467143
1.1571683770926204,2.467371
1.1572095208571396,2.467322
1.1572506646216583,2.46711
1.1572918083861774,2.46609
1.157332952150696,2.466541
1.1573740959152148,2.466548
1.1574152396797337,2.466509
1.1574563834442526,2.466512
1.1574975272087715,2.466737
1.15753867097329,2.466764
1.1575798147378091,2.466695
1.157620958502328,2.466698
1.1576621022668467,2.465844
1.1577032460313657,2.466716
1.1577443897958843,2.466838
1.1577855335604033,2.466699
1.1578266773249224,2.466653
1.157867821089441,2.466799
1.1579089648539598,2.466678
1.1579501086184787,2.466545
1.1579912523829974,2.466564
1.1580323961475163,2.46604
1.1580735399120354,2.46661
1.1581146836765541,2.466865
1.158155827441073,2.466819
1.1581969712055917,2.466785
1.1582381149701106,2.466463
1.1582792587346296,2.466554
1.1583204024991485,2.466529
1.1583615462636674,2.46651
1.1584026900281859,2.46601
1.158443833792705,2.466327
1.158484977557224,2.466616
1.1585261213217426,2.466703
1.1585672650862615,2.466526
1.1586084088507802,2.466523
1.1586495526152991,2.466529
1.158690696379818,2.466431
1.158731840144337,2.466632
1.1587729839088559,2.465956
1.1588141276733745,2.465805
1.1588552714378935,2.466233
1.1588964152024122,2.466287
1.1589375589669313,2.466017
1.1589787027314502,2.46605
1.1590198464959687,2.466397
1.1590609902604876,2.466162
1.1591021340250065,2.466227
1.1591432777895252,2.46596
1.1591844215540443,2.465507
1.159225565318563,2.465851
1.159266709083082,2.465853
1.1593078528476009,2.465604
1.1593489966121195,2.465834
1.1593901403766385,2.465902
1.1594312841411574,2.465762
1.1594724279056763,2.465625
1.159513571670195,2.465463
1.159554715434714,2.465179
1.1595958591992328,2.465365
1.1596370029637513,2.465338
1.1596781467282704,2.465473
1.1597192904927893,2.465392
1.159760434257308,2.465257
1.1598015780218272,2.465146
1.1598427217863456,2.465239
1.1598838655508645,2.465537
1.1599250093153834,2.464881
1.1599661530799024,2.465322
1.1600072968444213,2.465178
1.16004844060894,2.465195
1.1600895843734589,2.465209
1.1601307281379776,2.464832
1.1601718719024965,2.465073
1.1602130156670156,2.465154
1.1602541594315343,2.465011
1.160295303196053,2.46428
1.160336446960572,2.464846
1.1603775907250908,2.464795
1.1604187344896097,2.464894
1.1604598782541287,2.464944
1.1605010220186474,2.464662
1.160542165783166,2.464628
1.1605833095476852,2.464928
1.160624453312204,2.464814
1.1606655970767228,2.464049
1.1607067408412417,2.464447
1.1607478846057604,2.464236
1.160789028370279,2.464118
1.1608301721347982,2.463995
1.1608713158993171,2.464171
1.1609124596638358,2.463957
1.1609536034283547,2.464145
1.1609947471928734,2.464331
1.1610358909573923,2.463722
1.1610770347219115,2.464061
1.16111817848643,2.463778
1.1611593222509489,2.463724
1.1612004660154678,2.463571
1.1612416097799867,2.463409
1.1612827535445054,2.463475
1.1613238973090243,2.463413
1.1613650410735432,2.463312
1.161406184838062,2.462939
1.161447328602581,2.463382
1.1614884723670997,2.463239
1.1615296161316184,2.462996
1.1615707598961376,2.462738
1.1616119036606563,2.462772
1.1616530474251752,2.462899
1.161694191189694,2.462976
1.1617353349542128,2.462966
1.1617764787187315,2.462415
1.1618176224832506,2.462316
1.1618587662477695,2.462878
1.1618999100122882,2.462865
1.1619410537768071,2.462585
1.1619821975413258,2.462189
1.1620233413058447,2.462327
1.1620644850703639,2.462519
1.1621056288348826,2.462187
1.1621467725994012,2.461934
1.1621879163639202,2.461658
1.162229060128439,2.462118
1.1622702038929578,2.461849
1.162311347657477,2.461605
1.1623524914219956,2.461461
1.1623936351865143,2.461262
1.1624347789510334,2.461774
1.1624759227155521,2.462636
1.162517066480071,2.462326
1.16255821024459,2.462152
1.1625993540091086,2.462602
1.1626404977736273,2.462417
1.1626816415381465,2.462838
1.1627227853026654,2.462855
1.162763929067184,2.462654
1.1628050728317028,2.462493
1.1628462165962217,2.462181
1.1628873603607406,2.462229
1.1629285041252597,2.461779
1.1629696478897784,2.462334
1.163010791654297,2.462234
1.163051935418816,2.462032
1.163093079183335,2.46203
1.1631342229478536,2.461776
1.1631753667123728,2.46149
1.1632165104768915,2.461789
1.1632576542414101,2.461982
1.163298798005929,2.461338
1.163339941770448,2.46179
1.1633810855349669,2.461747
1.1634222292994854,2.461746
1.1634633730640045,2.461353
1.1635045168285234,2.461237
1.163545660593042,2.461367
1.1635868043575612,2.461226
1.1636279481220797,2.461313
1.1636690918865986,2.460862
1.1637102356511178,2.461381
1.1637513794156364,2.461392
1.1637925231801554,2.461118
1.163833666944674,2.461199
1.163874810709193,2.461155
1.1639159544737117,2.461256
1.1639570982382308,2.461254
1.1639982420027495,2.46131
1.1640393857672682,2.461002
1.164080529531787,2.461291
1.164121673296306,2.461011
1.164162817060825,2.461555
1.1642039608253438,2.46146
1.1642451045898625,2.461008
1.1642862483543814,2.460859
1.1643273921189004,2.460841
1.1643685358834193,2.460631
1.1644096796479382,2.460795
1.1644508234124569,2.460811
1.1644919671769756,2.460882
1.1645331109414945,2.460622
1.1645742547060136,2.460443
1.1646153984705323,2.460359
1.1646565422350512,2.46051
1.16469768599957,2.460412
1.1647388297640888,2.460294
1.1647799735286075,2.459918
1.1648211172931267,2.460034
1.1648622610576456,2.460213
1.164903404822164,2.460104
1.1649445485866832,2.459848
1.1649856923512019,2.459761
1.1650268361157208,2.459484
1.16506797988024,2.459513
1.1651091236447584,2.459686
1.1651502674092773,2.459504
1.1651914111737962,2.459455
1.165232554938315,2.459714
1.1652736987028338,2.459672
1.1653148424673525,2.459547
1.1653559862318716,2.459759
1.1653971299963903,2.459452
1.1654382737609092,2.459526
1.1654794175254282,2.459801
1.1655205612899469,2.459572
1.1655617050544655,2.458933
1.1656028488189847,2.459554
1.1656439925835034,2.459657
1.1656851363480225,2.459433
1.165726280112541,2.459364
1.16576742387706,2.459489
1.1658085676415788,2.459572
1.1658497114060977,2.459651
1.1658908551706166,2.459705
1.1659319989351353,2.459047
1.1659731426996542,2.459313
1.1660142864641732,2.459367
1.1660554302286918,2.459336
1.166096573993211,2.458844
1.1661377177577297,2.458783
1.1661788615222484,2.459181
1.1662200052867673,2.459206
1.1662611490512862,2.45971
1.166302292815805,2.458801
1.1663434365803238,2.459299
1.1663845803448427,2.459394
1.1664257241093614,2.459234
1.1664668678738805,2.459242
1.1665080116383995,2.459412
1.166549155402918,2.458853
1.166590299167437,2.458603
1.1666314429319558,2.458531
1.1666725866964747,2.457849
1.1667137304609938,2.458423
1.1667548742255125,2.458272
1.1667960179900312,2.458245
1.16683716175455,2.458071
1.1668783055190688,2.457881
1.1669194492835877,2.457858
1.1669605930481068,2.457742
1.1670017368126255,2.458395
1.1670428805771442,2.457924
1.1670840243416631,2.458454
1.167125168106182,2.458503
1.167166311870701,2.458293
1.1672074556352197,2.458172
1.1672485993997386,2.458061
1.1672897431642575,2.458127
1.1673308869287764,2.458106
1.167372030693295,2.457822
1.1674131744578138,2.45727
1.167454318222333,2.457499
1.1674954619868516,2.458189
1.1675366057513705,2.458147
1.1675777495158894,2.45814
1.1676188932804081,2.458117
1.1676600370449268,2.457904
1.167701180809446,2.458051
1.1677423245739649,2.458006
1.1677834683384836,2.457394
1.1678246121030025,2.456972
1.1678657558675212,2.457292
1.16790689963204,2.457093
1.1679480433965592,2.456877
1.167989187161078,2.456992
1.1680303309255966,2.457516
1.1680714746901155,2.457299
1.1681126184546344,2.457082
1.1681537622191533,2.456759
1.1681949059836723,2.456363
1.168236049748191,2.456758
1.1682771935127096,2.456901
1.1683183372772288,2.456652
1.1683594810417475,2.45651
1.1684006248062664,2.456675
1.168441768570785,2.456603
1.168482912335304,2.456683
1.168524056099823,2.456756
1.1685651998643418,2.456229
1.1686063436288607,2.456918
1.1686474873933792,2.456772
1.1686886311578981,2.456852
1.168729774922417,2.456879
1.168770918686936,2.456979
1.168812062451455,2.456722
1.1688532062159736,2.456677
1.1688943499804925,2.456669
1.1689354937450114,2.455796
1.1689766375095303,2.456535
1.169017781274049,2.456717
1.1690589250385681,2.456523
1.1691000688030868,2.456373
1.1691412125676057,2.456481
1.1691823563321244,2.456452
1.1692235000966433,2.456188
1.1692646438611622,2.456553
1.1693057876256807,2.455859
1.1693469313901999,2.456546
1.1693880751547188,2.456354
1.1694292189192375,2.456215
1.1694703626837566,2.456266
1.169511506448275,2.456435
1.169552650212794,2.456277
1.1695937939773131,2.456104
1.1696349377418318,2.456142
1.1696760815063507,2.45541
1.1697172252708694,2.455971
1.1697583690353883,2.455984
1.169799512799907,2.455928
1.1698406565644262,2.455928
1.1698818003289448,2.456186
1.1699229440934635,2.456426
1.1699640878579827,2.456165
1.1700052316225014,2.455679
1.1700463753870203,2.455161
1.1700875191515392,2.455473
1.1701286629160579,2.455653
1.1701698066805768,2.455575
1.1702109504450957,2.455497
1.1702520942096146,2.455594
1.1702932379741335,2.455424
1.1703343817386522,2.455701
1.1703755255031711,2.455981
1.1704166692676898,2.45542
1.170457813032209,2.455438
1.1704989567967277,2.455849
1.1705401005612464,2.455941
1.1705812443257653,2.455815
1.1706223880902842,2.45604
1.1706635318548029,2.45603
1.170704675619322,2.45594
1.1707458193838407,2.455789
1.1707869631483594,2.455278
1.1708281069128785,2.455059
1.1708692506773972,2.455583
1.1709103944419161,2.455905
1.1709515382064346,2.455752
1.1709926819709537,2.455596
1.1710338257354727,2.455561
1.1710749694999916,2.455917
1.1711161132645105,2.45663
1.1711572570290292,2.456273
1.1711984007935479,2.45598
1.171239544558067,2.456503
1.1712806883225857,2.456201
1.1713218320871046,2.456154
1.1713629758516235,2.456038
1.1714041196161422,2.456099
1.171445263380661,2.456028
1.17148640714518,2.455865
1.171527550909699,2.455944
1.1715686946742179,2.455348
1.1716098384387363,2.45565
1.1716509822032553,2.455536
1.1716921259677742,2.455558
1.171733269732293,2.455355
1.171774413496812,2.455289
1.1718155572613307,2.455362
1.1718567010258496,2.455377
1.1718978447903685,2.455151
1.1719389885548872,2.454641
1.1719801323194063,2.455234
1.172021276083925,2.455137
1.1720624198484437,2.454688
1.1721035636129629,2.452907
1.1721447073774816,2.455273
1.1721858511420005,2.454553
1.1722269949065192,2.454379
1.172268138671038,2.454742
1.1723092824355568,2.454448
1.172350426200076,2.454838
1.1723915699645948,2.45523
1.1724327137291133,2.454773
1.1724738574936324,2.454799
1.1725150012581511,2.454567
1.17255614502267,2.454494
1.1725972887871892,2.454693
1.1726384325517076,2.454494
1.1726795763162265,2.454251
1.1727207200807455,2.454849
1.1727618638452644,2.454855
1.172803007609783,2.455009
1.172844151374302,2.45499
1.172885295138821,2.455172
1.1729264389033396,2.455338
1.1729675826678585,2.455518
1.1730087264323774,2.455338
1.173049870196896,2.454694
1.1730910139614152,2.453673
1.173132157725934,2.453733
1.1731733014904528,2.454348
1.1732144452549718,2.454515
1.1732555890194905,2.453775
1.1732967327840091,2.45398
1.1733378765485283,2.454761
1.1733790203130472,2.455028
1.1734201640775659,2.454978
1.1734613078420848,2.455058
1.1735024516066035,2.45517
1.1735435953711224,2.455136
1.1735847391356413,2.455227
1.1736258829001602,2.454525
1.173667026664679,2.452604
1.1737081704291978,2.453435
1.1737493141937165,2.45262
1.1737904579582354,2.454165
1.1738316017227546,2.453743
1.1738727454872733,2.452714
1.173913889251792,2.452574
1.1739550330163109,2.453494
1.1739961767808298,2.454012
1.1740373205453487,2.45242
1.1740784643098676,2.451665
1.1741196080743863,2.45292
1.174160751838905,2.453201
1.1742018956034241,2.452672
1.174243039367943,2.452991
1.1742841831324617,2.452627
1.1743253268969804,2.452799
1.1743664706614994,2.452414
1.1744076144260183,2.453297
1.1744487581905372,2.454329
1.174489901955056,2.454437
1.1745310457195748,2.453799
1.1745721894840935,2.452405
1.1746133332486126,2.452845
1.1746544770131313,2.453014
1.1746956207776502,2.454038
1.174736764542169,2.454551
1.1747779083066878,2.454472
1.1748190520712067,2.45387
1.1748601958357257,2.453169
1.1749013396002443,2.452661
1.174942483364763,2.45265
1.1749836271292822,2.453134
1.175024770893801,2.452585
1.1750659146583198,2.453024
1.1751070584228387,2.454384
1.1751482021873574,2.454136
1.175189345951876,2.453831
1.1752304897163954,2.453575
1.1752716334809141,2.453
1.1753127772454328,2.450901
1.1753539210099517,2.452185
1.1753950647744704,2.453341
1.1754362085389893,2.453289
1.1754773523035085,2.453239
1.1755184960680272,2.453365
1.175559639832546,2.453238
1.1756007835970648,2.453371
1.1756419273615837,2.453014
1.1756830711261026,2.45244
1.1757242148906215,2.45286
1.1757653586551404,2.452683
1.175806502419659,2.452673
1.175847646184178,2.452967
1.1758887899486967,2.453133
1.1759299337132156,2.453055
1.1759710774777345,2.453194
1.1760122212422532,2.453284
1.1760533650067722,2.452574
1.176094508771291,2.452635
1.17613565253581,2.452835
1.176176796300329,2.453095
1.1762179400648476,2.4533
1.1762590838293665,2.453432
1.1763002275938852,2.453127
1.1763413713584043,2.453126
1.1763825151229232,2.452046
1.1764236588874417,2.450928
1.1764648026519606,2.451395
1.1765059464164795,2.45171
1.1765470901809982,2.451897
1.1765882339455174,2.452271
1.176629377710036,2.452246
1.176670521474555,2.45207
1.176711665239074,2.452178
1.1767528090035926,2.452018
1.1767939527681115,2.452157
1.1768350965326302,2.45216
1.176876240297149,2.452348
1.176917384061668,2.45237
1.176958527826187,2.452405
1.1769996715907058,2.452227
1.1770408153552243,2.451902
1.1770819591197432,2.45182
1.1771231028842624,2.451747
1.177164246648781,2.451929
1.1772053904133002,2.451636
1.1772465341778187,2.452065
1.1772876779423376,2.451928
1.1773288217068563,2.452185
1.1773699654713754,2.45256
1.1774111092358943,2.452562
1.177452253000413,2.452638
1.177493396764932,2.452744
1.1775345405294506,2.452659
1.1775756842939695,2.451658
1.1776168280584887,2.452358
1.1776579718230071,2.452384
1.177699115587526,2.452212
1.177740259352045,2.452166
1.1777814031165639,2.452422
1.1778225468810828,2.45228
1.1778636906456017,2.45225
1.1779048344101204,2.451895
1.177945978174639,2.451363
1.1779871219391582,2.45174
1.178028265703677,2.451867
1.1780694094681958,2.451795
1.1781105532327147,2.452015
1.1781516969972334,2.451818
1.1781928407617521,2.451921
1.1782339845262713,2.452146
1.1782751282907902,2.452006
1.1783162720553086,2.45115
1.1783574158198278,2.451889
1.1783985595843465,2.451718
1.1784397033488654,2.451655
1.1784808471133845,2.451328
1.178521990877903,2.451352
1.178563134642422,2.451515
1.1786042784069408,2.451877
1.1786454221714597,2.451745
1.1786865659359784,2.451089
1.1787277097004973,2.451503
1.1787688534650163,2.451489
1.178809997229535,2.451184
1.178851140994054,2.451434
1.1788922847585728,2.451347
1.1789334285230915,2.451273
1.1789745722876106,2.451289
1.1790157160521293,2.451137
1.1790568598166482,2.450753
1.1790980035811671,2.450926
1.1791391473456858,2.451044
1.1791802911102045,2.450989
1.1792214348747236,2.450929
1.1792625786392426,2.450965
1.1793037224037612,2.451043
1.1793448661682802,2.451122
1.1793860099327989,2.450927
1.1794271536973178,2.450559
1.179468297461837,2.450426
1.1795094412263556,2.450565
1.1795505849908743,2.450438
1.1795917287553932,2.450599
1.1796328725199121,2.450588
1.1796740162844308,2.450711
1.17971516004895,2.450483
1.1797563038134686,2.450346
1.1797974475779873,2.450288
1.1798385913425062,2.45019
1.1798797351070252,2.450514
1.179920878871544,2.450409
1.179962022636063,2.450472
1.1800031664005817,2.450284
1.1800443101651004,2.450256
1.1800854539296193,2.450361
1.1801265976941384,2.449935
1.180167741458657,2.449823
1.1802088852231758,2.448815
1.1802500289876947,2.448597
1.1802911727522136,2.448686
1.1803323165167323,2.449132
1.1803734602812515,2.449378
1.1804146040457701,2.44927
1.1804557478102888,2.449095
1.180496891574808,2.448798
1.1805380353393267,2.448863
1.1805791791038456,2.448499
1.1806203228683645,2.449527
1.1806614666328832,2.449903
1.180702610397402,2.450371
1.180743754161921,2.450385
1.18078489792644,2.450567
1.1808260416909584,2.450323
1.1808671854554775,2.449842
1.1809083292199964,2.45006
1.1809494729845151,2.449368
1.180990616749034,2.450214
1.1810317605135527,2.450092
1.1810729042780717,2.450023
1.1811140480425908,2.450454
1.1811551918071095,2.450477
1.1811963355716284,2.450864
1.181237479336147,2.450329
1.1812786231006658,2.450106
1.1813197668651847,2.449396
1.1813609106297038,2.450032
1.1814020543942225,2.450056
1.1814431981587412,2.449764
1.1814843419232601,2.449959
1.181525485687779,2.449692
1.181566629452298,2.449645
1.1816077732168169,2.449639
1.1816489169813356,2.44955
1.1816900607458545,2.449028
1.1817312045103734,2.449409
1.1817723482748923,2.449274
1.181813492039411,2.449439
1.18185463580393,2.449457
1.1818957795684486,2.449478
1.1819369233329675,2.449695
1.1819780670974864,2.449311
1.1820192108620053,2.44924
1.182060354626524,2.448927
1.182101498391043,2.448942
1.1821426421555619,2.449277
1.1821837859200806,2.44909
1.1822249296845997,2.44873
1.1822660734491186,2.448963
1.182307217213637,2.449028
1.1823483609781562,2.448967
1.182389504742675,2.448847
1.1824306485071936,2.448575
1.182471792271713,2.448274
1.1825129360362314,2.448467
1.1825540798007503,2.448689
1.1825952235652692,2.448406
1.182636367329788,2.448377
1.1826775110943069,2.448166
1.1827186548588255,2.448045
1.1827597986233447,2.448104
1.1828009423878634,2.447917
1.1828420861523823,2.447685
1.1828832299169012,2.447853
1.18292437368142,2.447929
1.1829655174459386,2.447824
1.1830066612104577,2.448148
1.1830478049749764,2.4482
1.1830889487394955,2.448129
1.183130092504014,2.448087
1.183171236268533,2.448022
1.1832123800330518,2.44743
1.1832535237975708,2.447968
1.1832946675620897,2.4481
1.1833358113266084,2.448115
1.1833769550911273,2.44778
1.183418098855646,2.447887
1.1834592426201649,2.447845
1.183500386384684,2.447747
1.1835415301492027,2.447652
1.1835826739137214,2.446818
1.1836238176782403,2.447443
1.1836649614427592,2.447458
1.1837061052072781,2.447519
1.1837472489717968,2.447339
1.1837883927363158,2.447469
1.1838295365008344,2.447411
1.1838706802653536,2.447282
1.1839118240298725,2.447378
1.183952967794391,2.446969
1.18399411155891,2.447206
1.1840352553234288,2.447362
1.1840763990879477,2.447061
1.1841175428524666,2.44722
1.1841586866169853,2.447117
1.1841998303815042,2.447179
1.1842409741460231,2.447125
1.1842821179105418,2.447257
1.1843232616750607,2.44661
1.1843644054395799,2.447158
1.1844055492040984,2.447123
1.1844466929686173,2.44713
1.1844878367331362,2.446868
1.184528980497655,2.44681
1.1845701242621738,2.446772
1.1846112680266927,2.4468
1.1846524117912116,2.446905
1.1846935555557305,2.446429
1.1847346993202494,2.446688
1.1847758430847681,2.446748
1.1848169868492868,2.44648
1.184858130613806,2.446386
1.1848992743783247,2.446555
1.1849404181428436,2.44611
1.1849815619073625,2.445959
1.1850227056718812,2.445888
1.1850638494363999,2.445167
1.185104993200919,2.445236
1.185146136965438,2.44516
1.1851872807299566,2.445113
1.1852284244944753,2.445357
1.1852695682589942,2.445166
1.1853107120235131,2.444941
1.1853518557880323,2.444896
1.185392999552551,2.443593
1.1854341433170696,2.444722
1.1854752870815883,2.446234
1.1855164308461075,2.445992
1.1855575746106262,2.444961
1.1855987183751453,2.445523
1.185639862139664,2.445549
1.1856810059041827,2.445192
1.1857221496687016,2.444415
1.1857632934332205,2.444242
1.1858044371977394,2.444693
1.185845580962258,2.444256
1.185886724726777,2.444312
1.185927868491296,2.444045
1.1859690122558146,2.44426
1.1860101560203338,2.445924
1.1860512997848522,2.445912
1.1860924435493712,2.446175
1.18613358731389,2.446239
1.186174731078409,2.445787
1.1862158748429277,2.444081
1.1862570186074466,2.444221
1.1862981623719655,2.44383
1.1863393061364844,2.444159
1.1863804499010033,2.444374
1.186421593665522,2.44492
1.1864627374300407,2.445028
1.1865038811945599,2.445083
1.1865450249590785,2.44482
1.1865861687235975,2.444305
1.1866273124881164,2.444558
1.1866684562526353,2.445552
1.1867096000171538,2.445295
1.186750743781673,2.446703
1.1867918875461918,2.446752
1.1868330313107105,2.446574
1.1868741750752296,2.445572
1.186915318839748,2.444555
1.186956462604267,2.44507
1.1869976063687862,2.445211
1.1870387501333048,2.444791
1.1870798938978238,2.44606
1.1871210376623424,2.446014
1.1871621814268614,2.4457
1.18720332519138,2.445796
1.1872444689558992,2.445934
1.1872856127204179,2.445836
1.1873267564849366,2.445133
1.1873679002494555,2.445626
1.1874090440139744,2.445697
1.1874501877784933,2.445587
1.1874913315430122,2.444944
1.187532475307531,2.44445
1.1875736190720498,2.444139
1.1876147628365687,2.443692
1.1876559066010877,2.443434
1.1876970503656066,2.444914
1.1877381941301253,2.445631
1.1877793378946442,2.44644
1.1878204816591629,2.446501
1.187861625423682,2.446679
1.1879027691882007,2.446815
1.1879439129527194,2.446862
1.1879850567172383,2.446429
1.1880262004817572,2.446209
1.188067344246276,2.446103
1.188108488010795,2.446029
1.1881496317753137,2.446641
1.1881907755398324,2.44686
1.1882319193043516,2.44749
1.1882730630688703,2.447338
1.1883142068333892,2.44757
1.1883553505979076,2.447736
1.1883964943624268,2.447605
1.1884376381269457,2.447479
1.1884787818914646,2.447067
1.1885199256559833,2.44714
1.188561069420502,2.447036
1.188602213185021,2.447088
1.18864335694954,2.447028
1.1886845007140587,2.446983
1.1887256444785776,2.447252
1.1887667882430966,2.447366
1.1888079320076153,2.447155
1.188849075772134,2.446619
1.188890219536653,2.44686
1.188931363301172,2.446942
1.188972507065691,2.446916
1.1890136508302094,2.446772
1.1890547945947283,2.447036
1.1890959383592472,2.44714
1.1891370821237661,2.446827
1.189178225888285,2.446896
1.1892193696528037,2.446337
1.1892605134173226,2.446777
1.1893016571818416,2.446535
1.1893428009463602,2.44649
1.1893839447108794,2.44626
1.189425088475398,2.446393
1.1894662322399168,2.446555
1.1895073760044357,2.446423
1.1895485197689546,2.446473
1.1895896635334735,2.445627
1.1896308072979922,2.446185
1.1896719510625111,2.446164
1.1897130948270298,2.446095
1.189754238591549,2.446257
1.1897953823560679,2.446121
1.1898365261205863,2.44612
1.1898776698851055,2.446034
1.1899188136496242,2.446075
1.1899599574141428,2.4454
1.190001101178662,2.445965
1.1900422449431807,2.446285
1.1900833887076996,2.446259
1.1901245324722185,2.445894
1.1901656762367372,2.446044
1.1902068200012563,2.445611
1.190247963765775,2.445681
1.190289107530294,2.445846
1.1903302512948126,2.44543
1.1903713950593315,2.445773
1.1904125388238505,2.4458
1.1904536825883691,2.445858
1.190494826352888,2.445745
1.190535970117407,2.445538
1.1905771138819257,2.445718
1.1906182576464448,2.44576
1.1906594014109635,2.445827
1.1907005451754822,2.445156
1.1907416889400013,2.445435
1.19078283270452,2.445671
1.1908239764690387,2.445708
1.1908651202335576,2.445366
1.1909062639980765,2.445309
1.1909474077625952,2.445028
1.1909885515271144,2.445038
1.191029695291633,2.445162
1.1910708390561522,2.444742
1.1911119828206707,2.4445
1.1911531265851896,2.444773
1.1911942703497085,2.445172
1.1912354141142274,2.445143
1.1912765578787465,2.444879
1.191317701643265,2.444903
1.1913588454077837,2.444865
1.1913999891723028,2.444846
1.1914411329368215,2.444782
1.1914822767013409,2.444328
1.1915234204658594,2.444661
1.191564564230378,2.444799
1.1916057079948967,2.444528
1.1916468517594159,2.44453
1.1916879955239348,2.444582
1.1917291392884535,2.444606
1.1917702830529724,2.44441
1.191811426817491,2.444373
1.1918525705820102,2.443931
1.1918937143465291,2.444485
1.1919348581110476,2.444406
1.1919760018755665,2.444189
1.1920171456400854,2.444425
1.1920582894046043,2.444509
1.1920994331691233,2.444239
1.192140576933642,2.444228
1.1921817206981609,2.44422
1.1922228644626796,2.443518
1.1922640082271987,2.444019
1.1923051519917176,2.443971
1.192346295756236,2.444117
1.1923874395207552,2.444103
1.192428583285274,2.444316
1.1924697270497928,2.44422
1.192510870814312,2.444077
1.1925520145788304,2.444197
1.1925931583433491,2.443635
1.1926343021078682,2.444121
1.192675445872387,2.443996
1.192716589636906,2.443975
1.1927577334014248,2.443886
1.1927988771659435,2.443935
1.1928400209304624,2.443686
1.1928811646949813,2.443464
1.1929223084595004,2.443664
1.192963452224019,2.442715
1.1930045959885378,2.443351
1.1930457397530567,2.443472
1.1930868835175756,2.443589
1.1931280272820948,2.443653
1.1931691710466135,2.44342
1.193210314811132,2.443401
1.193251458575651,2.443274
1.1932926023401698,2.443365
1.1933337461046887,2.442759
1.1933748898692078,2.443395
1.1934160336337263,2.443295
1.193457177398245,2.443306
1.193498321162764,2.443412
1.193539464927283,2.443269
1.193580608691802,2.443106
1.1936217524563206,2.443197
1.1936628962208393,2.443091
1.1937040399853585,2.442533
1.1937451837498774,2.442623
1.1937863275143963,2.442962
1.1938274712789148,2.443175
1.1938686150434337,2.443261
1.1939097588079524,2.443459
1.1939509025724715,2.443268
1.1939920463369904,2.442831
1.194033190101509,2.442927
1.1940743338660278,2.44263
1.1941154776305467,2.442654
1.1941566213950658,2.442739
1.1941977651595845,2.442817
1.194238908924103,2.442756
1.1942800526886221,2.442748
1.194321196453141,2.442968
1.1943623402176602,2.442925
1.1944034839821789,2.443006
1.1944446277466974,2.443022
1.1944857715112163,2.442636
1.1945269152757352,2.442967
1.1945680590402543,2.442679
1.194609202804773,2.442716
1.1946503465692917,2.442788
1.1946914903338104,2.442577
1.1947326340983295,2.442177
1.1947737778628484,2.442388
1.1948149216273674,2.442469
1.1948560653918858,2.441797
1.1948972091564047,2.442225
1.1949383529209239,2.442339
1.1949794966854426,2.442409
1.1950206404499617,2.442269
1.1950617842144802,2.442094
1.1951029279789989,2.442004
1.195144071743518,2.442068
1.195185215508037,2.44206
1.1952263592725556,2.441261
1.1952675030370745,2.441879
1.1953086468015932,2.441988
1.1953497905661123,2.441793
1.1953909343306313,2.441898
1.19543207809515,2.441819
1.1954732218596689,2.441746
1.1955143656241876,2.441685
1.1955555093887067,2.441644
1.1955966531532254,2.44091
1.1956377969177443,2.44179
1.1956789406822632,2.441575
1.1957200844467817,2.441495
1.1957612282113006,2.44122
1.1958023719758197,2.441174
1.1958435157403384,2.44161
1.1958846595048576,2.441442
1.195925803269376,2.441506
1.195966947033895,2.441179
1.196008090798414,2.441731
1.1960492345629328,2.441792
1.1960903783274515,2.441448
1.1961315220919704,2.441369
1.1961726658564893,2.441256
1.196213809621008,2.441142
1.1962549533855271,2.441343
1.1962960971500458,2.441246
1.1963372409145643,2.440628
1.1963783846790834,2.440937
1.1964195284436023,2.441305
1.1964606722081212,2.441242
1.1965018159726402,2.441194
1.1965429597371586,2.440907
1.1965841035016778,2.440821
1.1966252472661967,2.440546
1.1966663910307156,2.440374
1.1967075347952343,2.440005
1.1967486785597528,2.440339
1.1967898223242721,2.440439
1.1968309660887908,2.440373
1.19687210985331,2.440212
1.1969132536178286,2.440271
1.196954397382347,2.440219
1.1969955411468662,2.440098
1.1970366849113852,2.440113
1.1970778286759038,2.439884
1.197118972440423,2.439639
1.1971601162049414,2.439834
1.1972012599694604,2.439814
1.1972424037339793,2.440079
1.1972835474984982,2.439996
1.197324691263017,2.439939
1.1973658350275356,2.439812
1.1974069787920545,2.43976
1.1974481225565736,2.439942
1.1974892663210923,2.439548
1.1975304100856115,2.439713
1.1975715538501301,2.43982
1.1976126976146488,2.43963
1.197653841379168,2.439557
1.1976949851436867,2.43952
1.1977361289082054,2.43957
1.1977772726727245,2.439381
1.1978184164372432,2.439547
1.1978595602017619,2.438727
1.197900703966281,2.439321
1.1979418477307997,2.439576
1.1979829914953186,2.439809
1.1980241352598373,2.439569
1.1980652790243562,2.439398
1.1981064227888751,2.439415
1.198147566553394,2.439129
1.1981887103179127,2.439088
1.1982298540824317,2.438413
1.1982709978469506,2.439353
1.1983121416114695,2.439251
1.1983532853759882,2.439166
1.198394429140507,2.439319
1.198435572905026,2.439158
1.1984767166695447,2.439047
1.1985178604340638,2.439053
1.1985590041985825,2.438891
1.1986001479631012,2.438119
1.19864129172762,2.438746
1.198682435492139,2.438684
1.1987235792566577,2.438842
1.1987647230211769,2.439075
1.1988058667856956,2.438634
1.1988470105502143,2.438676
1.1988881543147334,2.438944
1.198929298079252,2.438825
1.198970441843771,2.438043
1.19901158560829,2.438669
1.1990527293728086,2.438439
1.1990938731373275,2.438301
1.1991350169018464,2.438146
1.1991761606663651,2.437998
1.199217304430884,2.438344
1.1992584481954027,2.438349
1.1992995919599219,2.438446
1.1993407357244406,2.437988
1.1993818794889595,2.438159
1.1994230232534784,2.438165
1.199464167017997,2.438128
1.1995053107825162,2.438031
1.199546454547035,2.437642
1.1995875983115536,2.437377
1.1996287420760727,2.437494
1.1996698858405914,2.43746
1.1997110296051101,2.437093
1.199752173369629,2.436933
1.199793317134148,2.436846
1.1998344608986666,2.436614
1.1998756046631858,2.43543
1.1999167484277045,2.436664
1.1999578921922234,2.437391
1.199999035956742,2.437319
1.200040179721261,2.437047
1.20008132348578,2.43663
1.2001224672502986,2.436234
1.2001636110148175,2.436559
1.2002047547793364,2.436779
1.200245898543855,2.436108
1.2002870423083742,2.435534
1.200328186072893,2.434786
1.2003693298374116,2.435998
1.2004104736019308,2.437221
1.2004516173664495,2.436592
1.2004927611309681,2.435847
1.2005339048954873,2.437323
1.200575048660006,2.436839
1.2006161924245247,2.436628
1.2006573361890438,2.436553
1.2006984799535625,2.437183
1.2007396237180814,2.437088
1.2007807674826003,2.43736
1.200821911247119,2.437327
1.200863055011638,2.436858
1.2009041987761568,2.437891
1.2009453425406758,2.437708
1.2009864863051944,2.437667
1.2010276300697134,2.437819
1.2010687738342323,2.437857
1.201109917598751,2.437698
1.2011510613632699,2.437734
1.2011922051277888,2.437461
1.2012333488923075,2.436775
1.2012744926568266,2.437491
1.2013156364213453,2.437415
1.201356780185864,2.437602
1.2013979239503831,2.437262
1.2014390677149018,2.437464
1.2014802114794205,2.437293
1.2015213552439397,2.437446
1.2015624990084584,2.437582
1.201603642772977,2.437131
1.2016447865374962,2.437867
1.2016859303020149,2.437766
1.2017270740665338,2.437277
1.2017682178310527,2.437327
1.2018093615955714,2.437033
1.2018505053600903,2.437384
1.2018916491246092,2.437353
1.2019327928891281,2.4374
1.201973936653647,2.436957
1.2020150804181657,2.43703
1.2020562241826847,2.437265
1.2020973679472033,2.437548
1.2021385117117223,2.437484
1.2021796554762414,2.436943
1.2022207992407599,2.437167
1.202261943005279,2.437033
1.2023030867697977,2.437151
1.2023442305343164,2.436764
1.2023853742988355,2.4372
1.2024265180633542,2.437492
1.202467661827873,2.437166
1.202508805592392,2.437256
1.2025499493569107,2.437337
1.2025910931214299,2.437352
1.2026322368859483,2.437338
1.2026733806504672,2.437237
1.2027145244149862,2.436877
1.202755668179505,2.436784
1.2027968119440242,2.437293
1.2028379557085427,2.437457
1.2028790994730614,2.437455
1.2029202432375805,2.437283
1.2029613870020992,2.43728
1.2030025307666181,2.437111
1.203043674531137,2.437242
1.2030848182956557,2.436898
1.2031259620601744,2.436723
1.2031671058246936,2.437465
1.2032082495892125,2.437767
1.203249393353731,2.437526
1.20329053711825,2.437515
1.2033316808827688,2.437396
1.203372824647288,2.437131
1.2034139684118068,2.437467
1.2034551121763253,2.437195
1.2034962559408442,2.436586
1.203537399705363,2.436818
1.2035785434698818,2.436953
1.203619687234401,2.437063
1.2036608309989196,2.436918
1.2037019747634385,2.436781
1.2037431185279572,2.436737
1.2037842622924761,2.436448
1.2038254060569953,2.436587
1.2038665498215138,2.43624
1.203907693586033,2.436801
1.2039488373505516,2.436643
1.2039899811150703,2.436516
1.2040311248795896,2.436381
1.204072268644108,2.436485
1.2041134124086268,2.436294
1.204154556173146,2.436479
1.2041956999376646,2.436378
1.2042368437021838,2.435565
1.2042779874667027,2.435972
1.2043191312312211,2.43607
1.20436027499574,2.4361
1.204401418760259,2.435934
1.204442562524778,2.435821
1.2044837062892968,2.43559
1.2045248500538155,2.435473
1.2045659938183342,2.435702
1.204607137582853,2.435219
1.2046482813473722,2.435845
1.2046894251118911,2.435788
1.2047305688764096,2.435842
1.2047717126409285,2.436308
1.2048128564054474,2.435811
1.2048540001699664,2.435448
1.2048951439344855,2.435282
1.204936287699004,2.435281
1.2049774314635227,2.435102
1.2050185752280418,2.435501
1.2050597189925607,2.435525
1.2051008627570794,2.435618
1.205142006521598,2.435769
1.205183150286117,2.435798
1.2052242940506357,2.435667
1.205265437815155,2.435866
1.2053065815796737,2.435753
1.2053477253441924,2.435267
1.2053888691087111,2.435222
1.20543001287323,2.43542
1.2054711566377492,2.435346
1.205512300402268,2.435088
1.2055534441667866,2.434709
1.2055945879313055,2.434762
1.2056357316958244,2.43473
1.2056768754603435,2.434752
1.2057180192248622,2.434486
1.2057591629893807,2.434286
1.2058003067538998,2.434364
1.2058414505184185,2.4347
1.2058825942829376,2.434945
1.2059237380474566,2.435014
1.205964881811975,2.43489
1.2060060255764937,2.43504
1.2060471693410129,2.434888
1.2060883131055318,2.434717
1.2061294568700507,2.434331
1.2061706006345694,2.434909
1.206211744399088,2.434889
1.2062528881636072,2.434963
1.2062940319281261,2.435053
1.206335175692645,2.435288
1.2063763194571637,2.435275
1.2064174632216824,2.434617
1.2064586069862013,2.43471
1.2064997507507202,2.434
1.2065408945152394,2.434699
1.206582038279758,2.434853
1.2066231820442765,2.434899
1.2066643258087957,2.434763
1.2067054695733146,2.434814
1.2067466133378333,2.434753
1.2067877571023524,2.434826
1.206828900866871,2.434703
1.2068700446313898,2.434097
1.206911188395909,2.434582
1.2069523321604276,2.434488
1.2069934759249465,2.43431
1.2070346196894652,2.434346
1.207075763453984,2.434439
1.207116907218503,2.434451
1.207158050983022,2.43456
1.207199194747541,2.434536
1.2072403385120594,2.433857
1.2072814822765783,2.434426
1.2073226260410974,2.434114
1.207363769805616,2.434086
1.207404913570135,2.433947
1.2074460573346537,2.434054
1.2074872010991726,2.433867
1.2075283448636918,2.433623
1.2075694886282105,2.433895
1.2076106323927291,2.433243
1.207651776157248,2.433744
1.2076929199217667,2.433535
1.2077340636862857,2.433442
1.2077752074508048,2.433552
1.2078163512153235,2.433525
1.207857494979842,2.433768
1.207898638744361,2.433786
1.20793978250888,2.433998
1.207980926273399,2.433088
1.2080220700379178,2.433673
1.2080632138024363,2.433671
1.2081043575669554,2.43331
1.2081455013314744,2.433468
1.2081866450959933,2.433404
1.208227788860512,2.433242
1.2082689326250304,2.433036
1.2083100763895493,2.433168
1.2083512201540685,2.4326
1.2083923639185874,2.43258
1.2084335076831063,2.432721
1.2084746514476248,2.432902
1.2085157952121437,2.432924
1.2085569389766628,2.432902
1.2085980827411815,2.4331
1.2086392265057007,2.432905
1.2086803702702194,2.433006
1.208721514034738,2.432854
1.208762657799257,2.432789
1.2088038015637759,2.433182
1.2088449453282946,2.432966
1.2088860890928137,2.433077
1.2089272328573322,2.433121
1.2089683766218513,2.432599
1.20900952038637,2.433084
1.209050664150889,2.432996
1.2090918079154078,2.432562
1.2091329516799265,2.432449
1.2091740954444457,2.432769
1.2092152392089643,2.432571
1.209256382973483,2.432476
1.2092975267380022,2.432609
1.2093386705025209,2.432499
1.2093798142670396,2.432443
1.2094209580315587,2.432563
1.2094621017960774,2.432448
1.209503245560596,2.431941
1.209544389325115,2.432594
1.209585533089634,2.432415
1.2096266768541528,2.432256
1.2096678206186717,2.432257
1.2097089643831904,2.432227
1.2097501081477093,2.432359
1.2097912519122282,2.432321
1.209832395676747,2.432473
1.2098735394412659,2.431671
1.2099146832057848,2.432239
1.2099558269703037,2.432122
1.2099969707348224,2.432412
1.2100381144993413,2.432184
1.2100792582638602,2.432088
1.210120402028379,2.4321
1.2101615457928976,2.431939
1.2102026895574167,2.43186
1.2102438333219354,2.431283
1.2102849770864545,2.432008
1.2103261208509732,2.431713
1.210367264615492,2.431864
1.210408408380011,2.431438
1.2104495521445298,2.431396
1.2104906959090485,2.431213
1.2105318396735676,2.430744
1.210572983438086,2.430902
1.2106141272026052,2.430528
1.210655270967124,2.431149
1.2106964147316428,2.431317
1.2107375584961617,2.431247
1.2107787022606806,2.431204
1.2108198460251993,2.431446
1.2108609897897182,2.431151
1.2109021335542371,2.431094
1.210943277318756,2.431338
1.2109844210832748,2.430646
1.2110255648477934,2.431239
1.2110667086123126,2.430883
1.2111078523768313,2.430641
1.2111489961413504,2.430645
1.211190139905869,2.43062
1.2112312836703878,2.430503
1.2112724274349065,2.430503
1.2113135711994256,2.430354
1.2113547149639443,2.429863
1.2113958587284634,2.429802
1.2114370024929821,2.429899
1.2114781462575008,2.429648
1.2115192900220197,2.428748
1.2115604337865387,2.427872
1.2116015775510576,2.428232
1.2116427213155763,2.427936
1.2116838650800952,2.428106
1.211725008844614,2.427741
1.2117661526091328,2.42757
1.2118072963736517,2.427731
1.2118484401381706,2.427921
1.2118895839026893,2.428013
1.2119307276672084,2.427909
1.2119718714317271,2.427944
1.2120130151962458,2.427822
1.212054158960765,2.427838
1.2120953027252837,2.427826
1.2121364464898023,2.427275
1.2121775902543215,2.427652
1.2122187340188402,2.427967
1.2122598777833589,2.427809
1.212301021547878,2.427789
1.2123421653123967,2.427687
1.2123833090769156,2.427699
1.2124244528414345,2.427757
1.2124655966059532,2.427572
1.2125067403704721,2.426774
1.212547884134991,2.427449
1.21258902789951,2.427413
1.2126301716640286,2.427302
1.2126713154285476,2.427331
1.2127124591930665,2.427316
1.2127536029575852,2.427212
1.212794746722104,2.427233
1.212835890486623,2.42706
1.2128770342511417,2.426846
1.2129181780156608,2.42752
1.2129593217801795,2.427543
1.2130004655446982,2.427512
1.2130416093092173,2.42724
1.213082753073736,2.427327
1.2131238968382547,2.427316
1.2131650406027739,2.42715
1.2132061843672926,2.427234
1.2132473281318112,2.426311
1.2132884718963304,2.427039
1.213329615660849,2.42689
1.213370759425368,2.426718
1.213411903189887,2.426888
1.2134530469544056,2.426657
1.2134941907189247,2.426752
1.2135353344834434,2.426752
1.2135764782479623,2.42643
1.213617622012481,2.425906
1.213658765777,2.42646
1.2136999095415189,2.426621
1.2137410533060375,2.426651
1.2137821970705565,2.426668
1.2138233408350754,2.426621
1.213864484599594,2.426175
1.2139056283641132,2.42617
1.213946772128632,2.42593
1.2139879158931506,2.425344
1.2140290596576697,2.425663
1.2140702034221884,2.425825
1.2141113471867075,2.426018
1.214152490951226,2.42676
1.214193634715745,2.426802
1.2142347784802636,2.426871
1.2142759222447828,2.426317
1.2143170660093014,2.425749
1.2143582097738204,2.425203
1.214399353538339,2.425252
1.214440497302858,2.42567
1.2144816410673769,2.425724
1.2145227848318958,2.425397
1.2145639285964147,2.425273
1.2146050723609334,2.425334
1.214646216125452,2.425353
1.2146873598899712,2.425435
1.2147285036544901,2.425116
1.2147696474190086,2.425302
1.2148107911835277,2.425599
1.2148519349480464,2.425411
1.2148930787125651,2.425117
1.2149342224770843,2.425078
1.214975366241603,2.425078
1.2150165100061219,2.425099
1.2150576537706408,2.425049
1.2150987975351595,2.424931
1.2151399412996786,2.42429
1.2151810850641975,2.424941
1.215222228828716,2.42487
1.215263372593235,2.424921
1.2153045163577538,2.425002
1.215345660122273,2.425076
1.2153868038867917,2.424895
1.2154279476513103,2.425027
1.2154690914158293,2.424848
1.215510235180348,2.424093
1.215551378944867,2.424675
1.215592522709386,2.42453
1.2156336664739045,2.424553
1.2156748102384236,2.424446
1.2157159540029423,2.424452
1.2157570977674612,2.424516
1.2157982415319804,2.424452
1.2158393852964988,2.424571
1.2158805290610175,2.42402
1.2159216728255366,2.42451
1.2159628165900556,2.424276
1.2160039603545745,2.424508
1.2160451041190932,2.424331
1.2160862478836119,2.424557
1.2161273916481308,2.424778
1.2161685354126497,2.424738
1.2162096791771688,2.424564
1.2162508229416873,2.423586
1.2162919667062062,2.424079
1.2163331104707251,2.424216
1.216374254235244,2.424201
1.2164153979997632,2.424298
1.2164565417642816,2.424179
1.2164976855288003,2.423966
1.2165388292933195,2.424014
1.2165799730578384,2.423944
1.216621116822357,2.423292
1.2166622605868755,2.423839
1.2167034043513947,2.42377
1.2167445481159134,2.423647
1.2167856918804325,2.423671
1.2168268356449514,2.423702
1.21686797940947,2.423631
1.2169091231739888,2.423731
1.2169502669385077,2.423818
1.2169914107030269,2.423077
1.2170325544675458,2.423186
1.2170736982320642,2.423063
1.2171148419965832,2.423091
1.2171559857611018,2.423012
1.2171971295256212,2.423354
1.21723827329014,2.423612
1.2172794170546584,2.423549
1.2173205608191775,2.423482
1.2173617045836962,2.423137
1.217402848348215,2.422804
1.2174439921127342,2.422924
1.217485135877253,2.422992
1.2175262796417714,2.422796
1.2175674234062905,2.422731
1.2176085671708095,2.422669
1.2176497109353284,2.422853
1.2176908546998473,2.422924
1.2177319984643658,2.422609
1.2177731422288847,2.422362
1.2178142859934038,2.422991
1.2178554297579227,2.422976
1.2178965735224414,2.42287
1.21793771728696,2.4224
1.2179788610514788,2.422544
1.218020004815998,2.422557
1.218061148580517,2.422689
1.2181022923450358,2.422625
1.2181434361095542,2.421976
1.2181845798740731,2.422838
1.2182257236385923,2.422651
1.218266867403111,2.422601
1.21830801116763,2.422426
1.2183491549321486,2.422369
1.2183902986966673,2.422296
1.2184314424611866,2.42228
1.2184725862257053,2.421839
1.218513729990224,2.421501
1.218554873754743,2.422024
1.2185960175192616,2.421786
1.2186371612837807,2.42141
1.2186783050482997,2.421281
1.2187194488128184,2.420913
1.218760592577337,2.420882
1.218801736341856,2.42088
1.218842880106375,2.421193
1.2188840238708938,2.420371
1.2189251676354127,2.421018
1.2189663113999312,2.421045
1.21900745516445,2.421155
1.219048598928969,2.421297
1.2190897426934881,2.421169
1.2191308864580068,2.420764
1.2191720302225255,2.420703
1.2192131739870444,2.421048
1.2192543177515633,2.420601
1.2192954615160825,2.421241
1.2193366052806012,2.421106
1.2193777490451196,2.421249
1.2194188928096388,2.421168
1.2194600365741577,2.421124
1.2195011803386764,2.420783
1.2195423241031955,2.420548
1.2195834678677142,2.420382
1.2196246116322327,2.419814
1.2196657553967518,2.420355
1.2197068991612707,2.420362
1.2197480429257896,2.420324
1.2197891866903086,2.420308
1.219830330454827,2.420643
1.2198714742193462,2.420417
1.2199126179838649,2.420317
1.219953761748384,2.420266
1.2199949055129027,2.41855
1.2200360492774214,2.419303
1.2200771930419405,2.420528
1.2201183368064592,2.420607
1.220159480570978,2.421343
1.220200624335497,2.421497
1.2202417681000155,2.421688
1.2202829118645346,2.421752
1.2203240556290536,2.42234
1.2203651993935722,2.421708
1.2204063431580912,2.421894
1.2204474869226098,2.422315
1.2204886306871288,2.422189
1.2205297744516477,2.421835
1.2205709182161666,2.422099
1.2206120619806855,2.422169
1.2206532057452042,2.422132
1.220694349509723,2.421841
1.220735493274242,2.421435
1.2207766370387607,2.421042
1.2208177808032799,2.421609
1.2208589245677983,2.421537
1.2209000683323172,2.421586
1.2209412120968364,2.421873
1.220982355861355,2.421767
1.2210234996258738,2.42207
1.2210646433903927,2.421912
1.2211057871549116,2.421935
1.2211469309194303,2.421215
1.2211880746839494,2.421691
1.221229218448468,2.421588
1.221270362212987,2.421495
1.221311505977506,2.421726
1.2213526497420246,2.421518
1.2213937935065435,2.421669
1.2214349372710624,2.421542
1.221476081035581,2.421541
1.2215172248001,2.420795
1.221558368564619,2.421382
1.2215995123291379,2.42137
1.2216406560936566,2.421269
1.2216817998581753,2.421154
1.2217229436226944,2.420919
1.221764087387213,2.420987
1.2218052311517322,2.421257
1.221846374916251,2.421218
1.2218875186807696,2.420826
1.2219286624452887,2.421438
1.2219698062098074,2.421106
1.2220109499743261,2.421347
1.2220520937388453,2.421337
1.222093237503364,2.421035
1.2221343812678827,2.421026
1.2221755250324018,2.421032
1.2222166687969205,2.421201
1.2222578125614394,2.420352
1.2222989563259583,2.420896
1.222340100090477,2.420886
1.222381243854996,2.420786
1.2224223876195148,2.420781
1.2224635313840335,2.420823
1.2225046751485524,2.420943
1.2225458189130711,2.420953
1.2225869626775903,2.421348
1.222628106442109,2.420707
1.2226692502066279,2.421207
1.2227103939711468,2.420939
1.2227515377356655,2.420942
1.2227926815001842,2.420823
1.2228338252647033,2.42084
1.222874969029222,2.420791
1.2229161127937411,2.420747
1.2229572565582598,2.420755
1.2229984003227785,2.420385
1.2230395440872974,2.420303
1.2230806878518163,2.420297
1.223121831616335,2.420205
1.223162975380854,2.419925
1.2232041191453729,2.420119
1.2232452629098918,2.420232
1.2232864066744105,2.419918
1.2233275504389294,2.420156
1.2233686942034483,2.420036
1.223409837967967,2.419662
1.223450981732486,2.419779
1.2234921254970048,2.420013
1.2235332692615235,2.420257
1.2235744130260426,2.420379
1.2236155567905613,2.420223
1.22365670055508,2.420254
1.2236978443195992,2.420128
1.2237389880841179,2.419946
1.2237801318486365,2.41974
1.2238212756131557,2.420443
1.2238624193776744,2.420528
1.223903563142193,2.420206
1.2239447069067122,2.420016
1.223985850671231,2.419785
1.2240269944357498,2.419893
1.2240681382002687,2.419953
1.2241092819647874,2.420108
1.2241504257293063,2.41916
1.2241915694938252,2.419585
1.2242327132583442,2.419555
1.2242738570228628,2.419948
1.2243150007873818,2.419931
1.2243561445519007,2.419827
1.2243972883164196,2.419853
1.2244384320809383,2.419985
1.2244795758454572,2.41984
1.2245207196099759,2.419335
1.224561863374495,2.419935
1.2246030071390137,2.420163
1.2246441509035324,2.420021
1.2246852946680515,2.41985
1.2247264384325702,2.420105
1.224767582197089,2.420248
1.224808725961608,2.419968
1.2248498697261267,2.420064
1.2248910134906454,2.419246
1.2249321572551646,2.419988
1.2249733010196833,2.420038
1.2250144447842024,2.419903
1.2250555885487209,2.419833
1.2250967323132398,2.419699
1.2251378760777587,2.419736
1.2251790198422776,2.419879
1.2252201636067965,2.419873
1.2252613073713152,2.41948
1.225302451135834,2.4204
1.225343594900353,2.420055
1.2253847386648717,2.419731
1.2254258824293907,2.419833
1.2254670261939096,2.419847
1.2255081699584283,2.41963
1.225549313722947,2.419623
1.225590457487466,2.419343
1.2256316012519848,2.418953
1.2256727450165037,2.419169
1.2257138887810226,2.419765
1.2257550325455413,2.419789
1.2257961763100602,2.419562
1.2258373200745791,2.419771
1.2258784638390978,2.419733
1.2259196076036167,2.419678
1.2259607513681356,2.4196
1.2260018951326546,2.419241
1.2260430388971735,2.419198
1.2260841826616922,2.419085
1.226125326426211,2.419229
1.2261664701907298,2.419219
1.226207613955249,2.419126
1.2262487577197676,2.419125
1.2262899014842865,2.419077
1.2263310452488054,2.419084
1.2263721890133241,2.418813
1.2264133327778428,2.418391
1.226454476542362,2.418836
1.2264956203068809,2.418742
1.2265367640713993,2.418415
1.2265779078359185,2.418291
1.2266190516004372,2.418558
1.2266601953649563,2.418545
1.2267013391294752,2.418337
1.2267424828939937,2.418321
1.2267836266585126,2.417773
1.2268247704230315,2.418563
1.2268659141875502,2.418567
1.2269070579520693,2.418522
1.226948201716588,2.418539
1.226989345481107,2.418046
1.2270304892456256,2.417893
1.2270716330101445,2.417799
1.2271127767746637,2.417655
1.2271539205391822,2.41691
1.2271950643037013,2.417813
1.22723620806822,2.418099
1.227277351832739,2.418073
1.227318495597258,2.417706
1.2273596393617765,2.417732
1.2274007831262952,2.417448
1.2274419268908143,2.41733
1.227483070655333,2.417414
1.2275242144198522,2.416963
1.2275653581843708,2.417239
1.2276065019488895,2.417221
1.2276476457134085,2.417297
1.2276887894779274,2.416957
1.2277299332424465,2.417108
1.227771077006965,2.417015
1.2278122207714839,2.416705
1.2278533645360026,2.416777
1.2278945083005217,2.416236
1.2279356520650406,2.416917
1.2279767958295593,2.41657
1.228017939594078,2.41669
1.228059083358597,2.416838
1.2281002271231158,2.416819
1.2281413708876348,2.416695
1.2281825146521532,2.416575
1.2282236584166724,2.416778
1.228264802181191,2.41635
1.2283059459457102,2.416586
1.228347089710229,2.416775
1.2283882334747478,2.416653
1.2284293772392665,2.416783
1.2284705210037854,2.416684
1.2285116647683045,2.416721
1.2285528085328234,2.416499
1.2285939522973421,2.416626
1.2286350960618608,2.416026
1.2286762398263795,2.415998
1.2287173835908984,2.416265
1.2287585273554176,2.416403
1.2287996711199365,2.41605
1.228840814884455,2.416155
1.2288819586489739,2.4161
1.2289231024134928,2.416029
1.228964246178012,2.416067
1.2290053899425306,2.415904
1.229046533707049,2.415739
1.2290876774715682,2.416098
1.2291288212360871,2.416261
1.229169965000606,2.416078
1.229211108765125,2.415883
1.2292522525296434,2.416095
1.2292933962941621,2.41593
1.2293345400586813,2.415958
1.2293756838232002,2.415642
1.229416827587719,2.415347
1.2294579713522378,2.415555
1.2294991151167565,2.415545
1.2295402588812756,2.415466
1.2295814026457945,2.415458
1.2296225464103134,2.41553
1.229663690174832,2.415514
1.2297048339393508,2.415282
1.22974597770387,2.415268
1.2297871214683886,2.414631
1.2298282652329078,2.415302
1.2298694089974262,2.415566
1.229910552761945,2.415537
1.229951696526464,2.415321
1.229992840290983,2.415456
1.2300339840555017,2.415452
1.2300751278200206,2.41522
1.2301162715845393,2.415404
1.2301574153490584,2.414598
1.2301985591135773,2.415105
1.230239702878096,2.414869
1.2302808466426145,2.414872
1.2303219904071336,2.415079
1.2303631341716526,2.415113
1.2304042779361715,2.414991
1.2304454217006904,2.415293
1.2304865654652088,2.414888
1.2305277092297278,2.414099
1.2305688529942467,2.414743
1.2306099967587658,2.415168
1.2306511405232845,2.415223
1.2306922842878034,2.415125
1.230733428052322,2.415138
1.230774571816841,2.41503
1.2308157155813602,2.414939
1.2308568593458789,2.414846
1.2308980031103975,2.414058
1.230939146874916,2.414545
1.2309802906394354,2.414336
1.231021434403954,2.414343
1.2310625781684732,2.414371
1.231103721932992,2.414586
1.2311448656975104,2.414497
1.2311860094620295,2.414284
1.2312271532265484,2.414405
1.2312682969910673,2.413645
1.2313094407555862,2.414049
1.2313505845201047,2.414249
1.2313917282846238,2.414298
1.2314328720491425,2.414644
1.2314740158136617,2.414689
1.2315151595781804,2.4144
1.2315563033426988,2.414192
1.2315974471072182,2.414272
1.2316385908717369,2.413758
1.2316797346362556,2.413938
1.2317208784007747,2.414191
1.2317620221652932,2.414279
1.231803165929812,2.414294
1.2318443096943312,2.414079
1.23188545345885,2.414148
1.2319265972233688,2.414049
1.2319677409878875,2.413737
1.2320088847524064,2.41366
1.2320500285169254,2.413771
1.2320911722814443,2.41398
1.232132316045963,2.413731
1.2321734598104817,2.414035
1.2322146035750006,2.414027
1.2322557473395197,2.413882
1.2322968911040384,2.413776
1.2323380348685573,2.413518
1.232379178633076,2.413454
1.232420322397595,2.413065
1.232461466162114,2.413506
1.2325026099266327,2.41341
1.2325437536911514,2.41343
1.2325848974556701,2.413269
1.2326260412201893,2.413335
1.232667184984708,2.413479
1.232708328749227,2.413364
1.2327494725137458,2.413281
1.2327906162782645,2.412785
1.2328317600427834,2.413397
1.2328729038073023,2.413427
1.2329140475718212,2.413404
1.2329551913363401,2.413598
1.2329963351008588,2.413365
1.2330374788653777,2.413213
1.2330786226298966,2.413451
1.2331197663944153,2.413219
1.2331609101589343,2.412683
1.2332020539234532,2.413032
1.233243197687972,2.41284
1.2332843414524908,2.412849
1.2333254852170097,2.412963
1.2333666289815286,2.412555
1.2334077727460473,2.412536
1.233448916510566,2.412401
1.2334900602750851,2.412447
1.2335312040396038,2.411988
1.233572347804123,2.412179
1.2336134915686416,2.412608
1.2336546353331603,2.41251
1.2336957790976795,2.412518
1.2337369228621982,2.412241
1.2337780666267169,2.412284
1.233819210391236,2.412228
1.2338603541557547,2.412326
1.2339014979202736,2.411759
1.2339426416847925,2.4123
1.2339837854493112,2.412254
1.2340249292138301,2.411918
1.2340660729783488,2.412004
1.2341072167428677,2.412061
1.2341483605073866,2.412079
1.2341895042719055,2.412092
1.2342306480364245,2.411831
1.2342717918009432,2.41131
1.2343129355654618,2.411642
1.234354079329981,2.411856
1.2343952230944997,2.412026
1.2344363668590184,2.412195
1.2344775106235375,2.41174
1.2345186543880562,2.411611
1.2345597981525749,2.411562
1.234600941917094,2.411659
1.2346420856816127,2.411036
1.2346832294461316,2.410924
1.2347243732106505,2.411127
1.2347655169751692,2.411216
1.2348066607396881,2.411107
1.234847804504207,2.410902
1.234888948268726,2.410727
1.2349300920332447,2.410722
1.2349712357977636,2.410752
1.2350123795622825,2.4107
1.2350535233268012,2.410424
1.23509466709132,2.410657
1.235135810855839,2.410403
1.2351769546203577,2.410747
1.2352180983848768,2.410748
1.2352592421493955,2.410536
1.2353003859139142,2.410638
1.2353415296784334,2.410546
1.235382673442952,2.41061
1.2354238172074707,2.410263
1.2354649609719899,2.41068
1.2355061047365086,2.410635
1.2355472485010273,2.410615
1.2355883922655464,2.41073
1.235629536030065,2.41053
1.235670679794584,2.410459
1.235711823559103,2.410242
1.2357529673236216,2.41038
1.2357941110881405,2.409387
1.2358352548526594,2.410026
1.2358763986171784,2.409813
1.235917542381697,2.409969
1.235958686146216,2.409827
1.2359998299107349,2.409756
1.2360409736752536,2.409861
1.2360821174397725,2.409982
1.2361232612042914,2.409763
1.23616440496881,2.409127
1.2362055487333292,2.409776
1.236246692497848,2.409946
1.2362878362623666,2.409776
1.2363289800268857,2.409545
1.2363701237914044,2.409687
1.2364112675559231,2.409405
1.2364524113204423,2.409213
1.236493555084961,2.40925
1.2365346988494796,2.408523
1.2365758426139986,2.4093
1.2366169863785175,2.409028
1.2366581301430364,2.408967
1.2366992739075553,2.409222
1.236740417672074,2.409077
1.236781561436593,2.409103
1.2368227052011116,2.409025
1.2368638489656307,2.409162
1.2369049927301494,2.408384
1.2369461364946683,2.408808
1.2369872802591872,2.408437
1.237028424023706,2.408435
1.2370695677882246,2.408594
1.2371107115527438,2.40859
1.2371518553172625,2.408613
1.2371929990817816,2.40852
1.2372341428463003,2.40883
1.237275286610819,2.408231
1.237316430375338,2.408588
1.2373575741398568,2.408586
1.237398717904376,2.408648
1.2374398616688944,2.408375
1.2374810054334133,2.408232
1.237522149197932,2.408428
1.2375632929624512,2.408331
1.23760443672697,2.408389
1.2376455804914888,2.408231
1.2376867242560075,2.408162
1.2377278680205264,2.408448
1.2377690117850453,2.408461
1.2378101555495642,2.408311
1.237851299314083,2.408211
1.2378924430786018,2.408347
1.2379335868431205,2.408286
1.2379747306076396,2.408321
1.2380158743721585,2.407931
1.238057018136677,2.407782
1.2380981619011961,2.407764
1.2381393056657148,2.40748
1.238180449430234,2.407727
1.238221593194753,2.40771
1.2382627369592714,2.407616
1.2383038807237903,2.407645
1.2383450244883092,2.40774
1.2383861682528279,2.407573
1.238427312017347,2.406934
1.2384684557818657,2.407476
1.2385095995463844,2.407767
1.2385507433109033,2.407416
1.2385918870754222,2.407441
1.2386330308399414,2.407565
1.2386741746044598,2.407656
1.2387153183689787,2.407468
1.2387564621334977,2.407149
1.2387976058980164,2.406468
1.2388387496625357,2.407125
1.2388798934270542,2.407244
1.2389210371915729,2.407005
1.238962180956092,2.407197
1.2390033247206107,2.407428
1.2390444684851296,2.4072
1.2390856122496485,2.407476
1.2391267560141672,2.407326
1.239167899778686,2.406407
1.239209043543205,2.406838
1.239250187307724,2.407079
1.2392913310722427,2.406874
1.2393324748367616,2.406688
1.2393736186012803,2.406651
1.2394147623657992,2.406601
1.2394559061303183,2.406755
1.2394970498948372,2.406972
1.2395381936593557,2.406116
1.2395793374238744,2.406699
1.2396204811883935,2.406739
1.2396616249529124,2.406519
1.2397027687174316,2.406526
1.23974391248195,2.406545
1.2397850562464687,2.406625
1.2398262000109879,2.406626
1.2398673437755068,2.406549
1.2399084875400255,2.405889
1.239949631304544,2.406272
1.239990775069063,2.406273
1.2400319188335818,2.406132
1.240073062598101,2.406419
1.2401142063626198,2.406163
1.2401553501271383,2.406472
1.2401964938916572,2.406282
1.2402376376561761,2.40618
1.2402787814206953,2.405837
1.240319925185214,2.406307
1.2403610689497326,2.406397
1.2404022127142516,2.405999
1.2404433564787705,2.406058
1.2404845002432896,2.40614
1.2405256440078083,2.405895
1.2405667877723268,2.40526
1.240607931536846,2.405202
1.2406490753013646,2.40448
1.2406902190658835,2.404253
1.2407313628304026,2.404176
1.240772506594921,2.404658
1.2408136503594398,2.404766
1.240854794123959,2.404933
1.2408959378884779,2.404963
1.2409370816529968,2.404901
1.2409782254175155,2.404757
1.2410193691820341,2.404477
1.2410605129465533,2.404205
1.2411016567110722,2.40445
1.2411428004755911,2.404428
1.2411839442401096,2.404432
1.2412250880046285,2.404662
1.2412662317691474,2.404515
1.2413073755336663,2.404711
1.2413485192981855,2.404756
1.241389663062704,2.404121
1.2414308068272226,2.403358
1.2414719505917415,2.403756
1.2415130943562607,2.403593
1.2415542381207794,2.403934
1.2415953818852985,2.403898
1.241636525649817,2.403736
1.2416776694143359,2.403806
1.241718813178855,2.403632
1.2417599569433737,2.403714
1.2418011007078926,2.402517
1.2418422444724113,2.40316
1.24188338823693,2.403209
1.2419245320014491,2.403291
1.241965675765968,2.403328
1.2420068195304867,2.403173
1.2420479632950054,2.403038
1.2420891070595244,2.402838
1.2421302508240435,2.402657
1.2421713945885622,2.40162
1.242212538353081,2.402222
1.2422536821175996,2.402204
1.2422948258821187,2.402252
1.2423359696466378,2.402404
1.2423771134111565,2.402107
1.2424182571756752,2.401963
1.2424594009401937,2.401941
1.2425005447047128,2.401997
1.2425416884692317,2.40133
1.2425828322337509,2.401567
1.2426239759982696,2.40164
1.242665119762788,2.401718
1.2427062635273072,2.401616
1.242747407291826,2.401784
1.2427885510563448,2.401902
1.242829694820864,2.401573
1.2428708385853824,2.40144
1.2429119823499015,2.400635
1.2429531261144202,2.401085
1.2429942698789391,2.401477
1.243035413643458,2.401402
1.2430765574079765,2.401449
1.2431177011724954,2.40143
1.2431588449370146,2.401217
1.2431999887015333,2.401328
1.2432411324660524,2.401057
1.2432822762305709,2.40062
1.2433234199950898,2.401041
1.243364563759609,2.401315
1.2434057075241276,2.400977
1.2434468512886463,2.401124
1.2434879950531652,2.401196
1.2435291388176841,2.401073
1.243570282582203,2.400846
1.243611426346722,2.400927
1.2436525701112406,2.400327
1.243693713875759,2.400366
1.2437348576402782,2.401197
1.2437760014047972,2.401296
1.243817145169316,2.401244
1.243858288933835,2.401319
1.243899432698354,2.40157
1.2439405764628726,2.401564
1.2439817202273915,2.401499
1.2440228639919104,2.401474
1.2440640077564291,2.400819
1.2441051515209482,2.401078
1.244146295285467,2.401195
1.2441874390499856,2.4013
1.2442285828145048,2.401239
1.2442697265790235,2.400893
1.2443108703435422,2.400675
1.244352014108061,2.400693
1.24439315787258,2.400514
1.2444754454016178,2.400568
1.2445165891661365,2.400533
1.2445577329306554,2.400583
1.2445988766951743,2.400625
1.244640020459693,2.400471
1.244681164224212,2.400961
1.2447223079887308,2.40096
1.2447634517532495,2.400388
1.2448868830468063,2.400044
1.2452983206919945,2.400157
