Capacity_mAh,Voltage_V
0.0,3.144378
0.006500009919,3.115504
0.013000019838,3.100341
0.019500029757000003,3.089833
0.026000039676,3.081605
0.032500049595000004,3.074121
0.039000059514000006,3.067791
0.045500069433,3.062162
0.052000079352,3.056444
0.058500089271,3.050932
0.06500009919000001,3.045815
0.07150010910900001,3.040921
0.07800011902800001,3.035609
0.084500128947,3.031211
0.091000138866,3.026718
0.097500148785,3.022516
0.104000158704,3.018602
0.11050016862300002,3.014262
0.117000178542,3.010479
0.123500188461,3.007688
0.13000019838000001,3.004143
0.136500208299,3.00063
0.14300021821800002,2.997485
0.149500228137,2.994583
0.15600023805600002,2.991779
0.162500247975,2.988877
0.169000257894,2.985881
0.17550026781300002,2.983068
0.182000277732,2.98065
0.18850028765100002,2.977786
0.19500029757,2.975331
0.201500307489,2.973494
0.208000317408,2.970985
0.214500327327,2.968562
0.22100033724600004,2.96671
0.227500347165,2.96391
0.234000357084,2.961659
0.24050036700300004,2.960006
0.247000376922,2.95782
0.253500386841,2.955478
0.26000039676000003,2.953811
0.266500406679,2.951416
0.273000416598,2.94952
0.279500426517,2.94793
0.28600043643600004,2.945962
0.292500446355,2.943874
0.299000456274,2.942528
0.305500466193,2.94043
0.31200047611200005,2.93862
0.318500486031,2.937041
0.32500049595,2.935274
0.33150050586900004,2.93375
0.338000515788,2.932257
0.344500525707,2.930334
0.35100053562600003,2.92832
0.357500545545,2.927243
0.364000555464,2.925907
0.37050056538299997,2.92459
0.37700057530200004,2.923038
0.383500585221,2.921498
0.39000059514,2.919506
0.396500605059,2.918109
0.403000614978,2.916567
0.409500624897,2.914948
0.416000634816,2.913774
0.4225006447350001,2.911942
0.429000654654,2.910711
0.435500664573,2.910059
0.4420006744920001,2.908571
0.4485006844110001,2.907456
0.45500069433,2.906524
0.4615007042490001,2.905093
0.468000714168,2.903617
0.4745007240870001,2.902635
0.4810007340060001,2.90126
0.4875007439250001,2.900014
0.494000753844,2.899049
0.500500763763,2.897514
0.507000773682,2.896566
0.513500783601,2.895504
0.5200007935200001,2.894073
0.5265008034390001,2.893203
0.533000813358,2.892242
0.5395008232770001,2.891227
0.546000833196,2.890214
0.552500843115,2.889354
0.559000853034,2.888158
0.5655008629530001,2.886941
0.5720008728720001,2.886077
0.5785008827910001,2.884803
0.58500089271,2.883914
0.591500902629,2.883191
0.598000912548,2.881588
0.604500922467,2.880927
0.611000932386,2.879782
0.617500942305,2.878466
0.6240009522240001,2.877689
0.630500962143,2.876818
0.637000972062,2.875644
0.643500981981,2.874371
0.6500009919,2.873695
0.6565010018190001,2.872658
0.6630010117380001,2.871701
0.669501021657,2.870884
0.676001031576,2.869898
0.6825010414950002,2.869146
0.689001051414,2.868448
0.695501061333,2.867143
0.7020010712520001,2.866358
0.7085010811710001,2.865562
0.71500109109,2.864211
0.721501101009,2.863529
0.728001110928,2.863378
0.734501120847,2.861977
0.7410011307659999,2.861457
0.747501140685,2.860792
0.7540011506040001,2.859788
0.7605011605230002,2.85859
0.767001170442,2.858229
0.773501180361,2.857337
0.78000119028,2.856523
0.786501200199,2.856026
0.793001210118,2.855189
0.799501220037,2.85398
0.806001229956,2.85316
0.8125012398750002,2.852559
0.819001249794,2.852213
0.825501259713,2.851739
0.832001269632,2.850444
0.8385012795510001,2.849834
0.8450012894700002,2.848894
0.851501299389,2.847372
0.858001309308,2.846817
0.864501319227,2.846574
0.871001329146,2.845645
0.8775013390649999,2.845273
0.8840013489840002,2.84469
0.8905013589030002,2.843551
0.8970013688220002,2.842799
0.903501378741,2.842384
0.91000138866,2.841537
0.916501398579,2.840708
0.9230014084980002,2.840523
0.929501418417,2.839368
0.936001428336,2.838473
0.9425014382550002,2.837981
0.9490014481740002,2.836934
0.955501458093,2.836469
0.9620014680120001,2.835967
0.9685014779310002,2.834925
0.9750014878500002,2.834307
0.981501497769,2.833984
0.988001507688,2.833217
0.994501517607,2.832469
1.001001527526,2.831913
1.007501537445,2.83124
1.014001547364,2.830451
1.020501557283,2.830186
1.027001567202,2.829284
1.033501577121,2.828594
1.0400015870400001,2.827969
1.0465015969590001,2.827243
1.0530016068780002,2.826672
1.0595016167970002,2.826113
1.066001626716,2.825569
1.072501636635,2.824929
1.0790016465540002,2.824613
1.0855016564730002,2.823454
1.092001666392,2.822707
1.098501676311,2.822539
1.10500168623,2.82147
1.111501696149,2.820817
1.118001706068,2.820351
1.124501715987,2.819756
1.1310017259060001,2.819308
1.1375017358250001,2.818725
1.1440017457440002,2.818446
1.1505017556630002,2.817781
1.1570017655820002,2.817784
1.1635017755010002,2.816214
1.17000178542,2.815517
1.176501795339,2.81519
1.183001805258,2.814583
1.189501815177,2.814017
1.196001825096,2.813491
1.202501835015,2.812812
1.209001844934,2.812231
1.215501854853,2.811788
1.222001864772,2.811235
1.228501874691,2.810831
1.23500188461,2.810306
1.2415018945290002,2.80962
1.2480019044480002,2.808929
1.254501914367,2.808957
1.261001924286,2.808285
1.267501934205,2.807649
1.274001944124,2.806853
1.280501954043,2.806417
1.287001963962,2.806174
1.293501973881,2.80592
1.3000019838,2.805115
1.306501993719,2.804914
1.3130020036380001,2.804606
1.3195020135570001,2.804022
1.3260020234760002,2.80337
1.332502033395,2.802984
1.339002043314,2.802345
1.345502053233,2.802044
1.352002063152,2.801542
1.358502073071,2.800592
1.3650020829900005,2.799982
1.3715020929089998,2.800121
1.378002102828,2.799519
1.384502112747,2.799076
1.391002122666,2.798681
1.3975021325850001,2.798019
1.4040021425040001,2.7974
1.4105021524230001,2.79697
1.4170021623420002,2.79639
1.423502172261,2.795977
1.43000218218,2.796024
1.436502192099,2.795305
1.443002202018,2.794772
1.449502211937,2.794749
1.456002221856,2.793847
1.462502231775,2.793482
1.469002241694,2.793322
1.475502251613,2.792827
1.4820022615319999,2.792399
1.488502271451,2.791992
1.49500228137,2.791692
1.5015022912890001,2.791135
1.5080023012080002,2.791216
1.5145023111270002,2.790724
1.5210023210460004,2.790103
1.5275023309650004,2.789608
1.534002340884,2.788893
1.540502350803,2.788718
1.547002360722,2.788526
1.553502370641,2.787784
1.56000238056,2.787267
1.566502390479,2.787333
1.573002400398,2.786776
1.5795024103170001,2.785916
1.586002420236,2.786024
1.592502430155,2.785508
1.599002440074,2.785007
1.605502449993,2.785141
1.612002459912,2.78451
1.618502469831,2.784272
1.6250024797500005,2.784281
1.6315024896690005,2.78344
1.638002499588,2.783297
1.644502509507,2.783271
1.651002519426,2.782445
1.657502529345,2.782214
1.664002539264,2.782378
1.6705025491830001,2.781682
1.6770025591020001,2.781387
1.6835025690210004,2.781488
1.6900025789400004,2.780444
1.696502588859,2.780128
1.703002598778,2.780145
1.709502608697,2.779676
1.716002618616,2.779186
1.722502628535,2.779365
1.729002638454,2.778764
1.735502648373,2.778376
1.742002658292,2.778227
1.7485026682109999,2.778152
1.7550026781299999,2.777646
1.7615026880490003,2.777251
1.7680026979680004,2.776885
1.7745027078870004,2.777005
1.7810027178060004,2.776704
1.7875027277250004,2.775991
1.7940027376440004,2.775668
1.800502747563,2.775525
1.807002757482,2.775012
1.813502767401,2.774843
1.82000277732,2.774964
1.826502787239,2.774415
1.833002797158,2.773939
1.839502807077,2.77405
1.8460028169960003,2.773738
1.852502826915,2.773276
1.859002836834,2.772992
1.865502846753,2.772678
1.872002856672,2.772452
1.878502866591,2.772242
1.8850028765100004,2.771795
1.8915028864290004,2.771512
1.8980028963480005,2.77161
1.9045029062670005,2.771445
1.911002916186,2.771186
1.917502926105,2.771127
1.9240029360240003,2.77092
1.9305029459430003,2.770392
1.9370029558620003,2.77033
1.9435029657810003,2.769872
1.9500029757000004,2.769833
1.9565029856190004,2.769732
1.963002995538,2.769372
1.969503005457,2.768917
1.976003015376,2.768603
1.982503025295,2.768054
1.989003035214,2.767846
1.995503045133,2.767799
2.002003055052,2.767606
2.0085030649710003,2.767378
2.01500307489,2.767818
2.021503084809,2.767217
2.028003094728,2.766824
2.0345031046470003,2.766949
2.041003114566,2.766818
2.0475031244850004,2.76663
2.054003134404,2.766276
2.0605031443230004,2.766121
2.067003154242,2.765996
2.073503164161,2.766257
2.0800031740800002,2.765596
2.086503183999,2.765845
2.0930031939180003,2.765535
2.099503203837,2.765071
2.1060032137560003,2.764719
2.112503223675,2.76469
2.1190032335940003,2.764464
2.125503243513,2.764349
2.132003253432,2.764334
2.138503263351,2.764222
2.14500327327,2.763811
2.151503283189,2.763665
2.1580032931080004,2.763167
2.1645033030270002,2.762866
2.1710033129460005,2.763313
2.1775033228650003,2.762876
2.184003332784,2.762552
2.1905033427030003,2.763003
2.197003352622,2.762706
2.2035033625410003,2.762291
2.21000337246,2.76253
2.2165033823790004,2.76217
2.223003392298,2.7617
2.229503402217,2.761706
2.236003412136,2.7614
2.242503422055,2.761312
2.249003431974,2.761374
2.255503441893,2.760558
2.2620034518120002,2.760966
2.268503461731,2.761023
2.2750034716500003,2.760561
2.281503481569,2.760522
2.2880034914880003,2.760529
2.294503501407,2.760425
2.3010035113260003,2.760235
2.307503521245,2.760059
2.3140035311640004,2.759762
2.320503541083,2.759536
2.3270035510020004,2.75947
2.333503560921,2.759371
2.34000357084,2.759405
2.3465035807590002,2.759232
2.353003590678,2.758568
2.3595036005970003,2.758631
2.366003610516,2.758537
2.3725036204350003,2.75856
2.379003630354,2.75863
2.3855036402730003,2.75869
2.392003650192,2.758265
2.398503660111,2.758013
2.40500367003,2.758077
2.411503679949,2.757817
2.418003689868,2.75775
2.424503699787,2.757799
2.431003709706,2.757614
2.437503719625,2.757639
2.444003729544,2.757525
2.450503739463,2.757584
2.457003749382,2.757549
2.463503759301,2.757592
2.47000376922,2.757144
2.476503779139,2.756972
2.4830037890580003,2.757112
2.489503798977,2.756601
2.4960038088960004,2.756175
2.502503818815,2.756346
2.509003828734,2.756128
2.515503838653,2.756157
2.522003848572,2.756486
2.5285038584910002,2.756085
2.53500386841,2.755597
2.5415038783290003,2.755794
2.548003888248,2.755484
2.554503898167,2.755275
2.561003908086,2.755387
2.567503918005,2.755029
2.574003927924,2.754708
2.580503937843,2.754496
2.587003947762,2.754312
2.593503957681,2.754273
2.6000039676,2.754512
2.606503977519,2.754051
2.613003987438,2.754188
2.619503997357,2.754119
2.6260040072760003,2.753963
2.632504017195,2.753462
2.6390040271140003,2.753515
2.645504037033,2.75341
2.6520040469520003,2.753189
2.658504056871,2.753214
2.66500406679,2.752804
2.671504076709,2.753026
2.678004086628,2.753065
2.6845040965469997,2.752623
2.691004106466,2.752383
2.6975041163849998,2.752399
2.704004126304,2.7523
2.710504136223,2.75247
2.717004146142,2.752338
2.723504156061,2.751739
2.730004165980001,2.751897
2.7365041758990003,2.752043
2.7430041858179997,2.751948
2.7495041957370003,2.751797
2.756004205656,2.751783
2.7625042155750004,2.751591
2.769004225494,2.75137
2.7755042354130004,2.751048
2.782004245332,2.751162
2.7885042552510004,2.751139
2.7950042651700002,2.751202
2.801504275089,2.750653
2.8080042850080003,2.750726
2.814504294927,2.750667
2.8210043048460003,2.750249
2.827504314765,2.750185
2.8340043246840003,2.750485
2.840504334603,2.750328
2.847004344522,2.750342
2.853504354441,2.750305
2.86000436436,2.750145
2.866504374279,2.749933
2.873004384198,2.750202
2.879504394117,2.749859
2.886004404036,2.749635
2.8925044139550002,2.750066
2.899004423874,2.749321
2.905504433793,2.749186
2.912004443712,2.74941
2.918504453631,2.749429
2.92500446355,2.749585
2.931504473469,2.749819
2.938004483388,2.749591
2.944504493307,2.749467
2.951004503226,2.749349
2.957504513145,2.749011
2.9640045230639998,2.748649
2.970504532983,2.748811
2.977004542902,2.748489
2.983504552821001,2.748588
2.99000456274,2.748975
2.996504572659001,2.748563
3.0030045825780003,2.748168
3.009504592497,2.748528
3.0160046024160003,2.748108
3.022504612335,2.74828
3.0290046222540004,2.748461
3.035504632173,2.748084
3.042004642092001,2.747852
3.048504652011,2.74786
3.055004661930001,2.747517
3.061504671849,2.747365
3.068004681768,2.747541
3.0745046916870002,2.747288
3.081004701606,2.747451
3.0875047115250003,2.747505
3.094004721444,2.747216
3.1005047313630003,2.747235
3.107004741282,2.747123
3.113504751201,2.746747
3.12000476112,2.746765
3.126504771039,2.746741
3.133004780958,2.746623
3.139504790877,2.746673
3.146004800796,2.746905
3.152504810715,2.746452
3.1590048206340002,2.746196
3.165504830553,2.746487
3.172004840472,2.746191
3.178504850391,2.745886
3.18500486031,2.746092
3.191504870229,2.74597
3.198004880148,2.745796
3.204504890067,2.745713
3.211004899986,2.745457
3.217504909905,2.745268
3.224004919824,2.745434
3.2305049297429997,2.74499
3.237004939662,2.744733
3.2435049495809998,2.74508
3.250004959500001,2.744723
3.256504969419,2.744938
3.263004979338001,2.744924
3.2695049892570003,2.744808
3.276004999176,2.744576
3.2825050090950008,2.744439
3.289005019014,2.744182
3.295505028933001,2.744313
3.302005038852,2.744395
3.308505048771001,2.744307
3.31500505869,2.744193
3.321505068609001,2.744434
3.328005078528,2.744092
3.334505088447,2.74368
3.3410050983660002,2.744045
3.347505108285,2.743384
3.3540051182040003,2.743301
3.360505128123,2.743685
3.3670051380420007,2.743448
3.373505147961,2.743085
3.3800051578800008,2.743342
3.386505167799,2.743312
3.393005177718,2.743219
3.399505187637,2.742899
3.406005197556,2.742697
3.412505207475,2.742674
3.419005217394,2.742919
3.4255052273130002,2.742639
3.432005237232,2.742679
3.438505247151,2.74278
3.44500525707,2.742615
3.451505266989,2.742263
3.458005276908,2.74245
3.464505286827,2.742059
3.471005296746,2.74187
3.477505306665,2.742129
3.484005316584,2.741977
3.490505326503,2.741869
3.4970053364219997,2.741958
3.503505346341,2.741774
3.5100053562599998,2.741498
3.516505366179001,2.741303
3.5230053760980007,2.741359
3.529505386017001,2.741303
3.5360053959360007,2.741609
3.542505405855001,2.741339
3.5490054157740007,2.741129
3.555505425693,2.741196
3.562005435612001,2.740853
3.568505445531,2.740926
3.575005455450001,2.740716
3.581505465369,2.740853
3.588005475288001,2.740721
3.594505485207,2.741009
3.601005495126,2.740763
3.6075055050450007,2.740644
3.614005514964,2.740974
3.6205055248830007,2.740504
3.627005534802,2.740332
3.6335055447210007,2.740438
3.64000555464,2.740094
3.6465055645590008,2.739935
3.653005574478,2.740548
3.659505584397,2.740387
3.666005594316,2.739934
3.672505604235,2.739753
3.679005614154,2.739549
3.685505624073,2.739188
3.6920056339920007,2.739323
3.698505643911,2.739246
3.70500565383,2.739224
3.711505663749,2.739144
3.718005673668,2.738805
3.724505683587,2.738859
3.731005693506,2.739226
3.737505703425,2.738716
3.744005713344,2.738804
3.750505723263,2.738938
3.757005733182,2.73895
3.7635057431009997,2.73865
3.770005753020001,2.738472
3.7765057629389998,2.738244
3.783005772858001,2.738598
3.7895057827770007,2.738649
3.796005792696001,2.738594
3.8025058026150007,2.738283
3.809005812534001,2.738308
3.8155058224530007,2.737823
3.822005832372,2.738019
3.8285058422910008,2.738214
3.83500585221,2.737498
3.841505862129001,2.737628
3.8480058720480006,2.737666
3.854505881967001,2.737767
3.8610058918860006,2.73782
3.867505901805,2.737658
3.8740059117240007,2.737228
3.880505921643,2.737305
3.8870059315620007,2.737253
3.893505941481,2.736847
3.9000059514000007,2.736957
3.906505961319,2.736974
3.9130059712380008,2.736972
3.919505981157,2.736729
3.926005991076,2.737058
3.9325060009950006,2.736667
3.939006010914,2.736706
3.9455060208330006,2.736711
3.952006030752,2.736816
3.9585060406710006,2.736605
3.96500605059,2.736851
3.9715060605090007,2.73648
3.978006070428,2.736336
3.984506080347,2.73638
3.991006090266,2.736413
3.997506100185,2.736403
4.004006110104,2.736366
4.010506120023,2.736142
4.017006129942001,2.735846
4.023506139861,2.73598
4.03000614978,2.735648
4.036506159699001,2.735484
4.043006169618,2.735916
4.049506179537,2.735708
4.056006189456,2.73602
4.062506199375001,2.736142
4.069006209294001,2.735688
4.0755062192130005,2.73562
4.082006229132,2.73559
4.088506239051,2.735382
4.095006248970001,2.735346
4.1015062588890006,2.735284
4.108006268808,2.735103
4.114506278727,2.734818
4.121006288646001,2.734643
4.127506298565001,2.734517
4.134006308484,2.734586
4.140506318403,2.73483
4.147006328322,2.734613
4.153506338241001,2.734591
4.1600063481600005,2.734426
4.166506358079,2.734237
4.173006367998,2.7343
4.179506377917001,2.73455
4.1860063878360005,2.73407
4.192506397755,2.733898
4.199006407674,2.733985
4.205506417593,2.734185
4.212006427512001,2.73441
4.218506437431,2.734428
4.22500644735,2.733959
4.231506457269,2.733931
4.238006467188001,2.733974
4.2445064771070005,2.734033
4.251006487026,2.73393
4.257506496945,2.734148
4.264006506864,2.734072
4.2705065167830005,2.734004
4.277006526702,2.733907
4.283506536621001,2.733599
4.29000654654,2.73344
4.296506556459,2.733315
4.303006566378,2.73333
4.309506576297,2.733214
4.316006586216001,2.73355
4.322506596135001,2.733254
4.3290066060540005,2.733382
4.335506615973,2.733513
4.342006625892001,2.733217
4.348506635811001,2.733447
4.3550066457300005,2.73314
4.361506655649,2.733217
4.368006665568,2.733333
4.374506675487001,2.733653
4.381006685406001,2.733472
4.387506695325,2.733383
4.394006705244,2.733099
4.400506715163001,2.732633
4.407006725082001,2.732697
4.413506735001,2.7328
4.42000674492,2.732418
4.426506754839,2.732502
4.433006764758001,2.732527
4.4395067746770005,2.732432
4.446006784596,2.732342
4.452506794515,2.732198
4.459006804434,2.731988
4.465506814353001,2.731618
4.472006824272,2.731662
4.478506834191,2.7319
4.48500684411,2.731812
4.491506854029001,2.731819
4.498006863948,2.73154
4.504506873867,2.731622
4.511006883786,2.73175
4.517506893705,2.731647
4.5240069036240005,2.73148
4.530506913543,2.73176
4.537006923462,2.731547
4.543506933381,2.731523
4.5500069433000006,2.731493
4.556506953219,2.731559
4.563006963138,2.731382
4.569506973057001,2.731116
4.576006982976001,2.731111
4.582506992895,2.731208
4.589007002814,2.73114
4.595507012733001,2.73081
4.602007022652001,2.730879
4.6085070325710005,2.73125
4.61500704249,2.731141
4.621507052409,2.731134
4.628007062328001,2.730864
4.6345070722470005,2.730495
4.641007082166,2.730503
4.647507092085,2.730039
4.654007102004001,2.730278
4.660507111923001,2.730413
4.667007121842,2.730204
4.673507131761,2.729746
4.68000714168,2.72999
4.686507151599001,2.729657
4.6930071615180005,2.729957
4.699507171437,2.729993
4.706007181356,2.729959
4.712507191275001,2.72962
4.7190072011940005,2.729708
4.725507211113,2.729646
4.732007221032,2.729429
4.738507230951,2.729591
4.745007240870001,2.729334
4.751507250789,2.729333
4.758007260708,2.729346
4.764507270627,2.729268
4.771007280546001,2.729223
4.7775072904650004,2.729496
4.784007300384,2.729625
4.790507310303,2.729303
4.797007320222,2.729582
4.8035073301410005,2.729199
4.81000734006,2.729118
4.816507349979,2.729089
4.823007359898,2.728986
4.829507369817001,2.728961
4.836007379736,2.728911
4.842507389655,2.728689
4.849007399574,2.728509
4.855507409493,2.728728
4.862007419412,2.728591
4.868507429331,2.728482
4.87500743925,2.728817
4.881507449169,2.728351
4.888007459088,2.728304
4.894507469007,2.728326
4.901007478926,2.728299
4.907507488845,2.728495
4.914007498764,2.728604
4.920507508683,2.72829
4.927007518602,2.727951
4.933507528521001,2.727946
4.94000753844,2.72779
4.9465075483589995,2.727952
4.953007558278,2.727999
4.959507568197,2.727917
4.966007578116001,2.72743
4.9725075880350005,2.727642
4.979007597954,2.727532
4.985507607873,2.727496
4.992007617792001,2.727768
4.9985076277110005,2.727808
5.00500763763,2.727542
5.011507647549,2.727691
5.018007657468,2.72709
5.024507667387001,2.726926
5.031007677306,2.727487
5.037507687225,2.727576
5.044007697144,2.727219
5.050507707063,2.727495
5.0570077169820005,2.727424
5.063507726901,2.727226
5.07000773682,2.727503
5.076507746739,2.727064
5.0830077566580005,2.726762
5.089507766577,2.727086
5.096007776496,2.726969
5.102507786415,2.726915
5.109007796334,2.727015
5.115507806253,2.726424
5.122007816172,2.726503
5.128507826091,2.726694
5.13500783601,2.726519
5.1415078459290005,2.726324
5.148007855848,2.726364
5.154507865767,2.726006
5.161007875686,2.725825
5.167507885605,2.726426
5.174007895524,2.726235
5.180507905443,2.725976
5.187007915362,2.726207
5.193507925281,2.725909
5.2000079352,2.725787
5.206507945119,2.725862
5.213007955038,2.725892
5.219507964957001,2.725855
5.226007974876,2.726018
5.232507984795,2.72555
5.239007994714,2.72545
5.245508004633001,2.725596
5.2520080145520005,2.72543
5.258508024471,2.725389
5.26500803439,2.725481
5.271508044309,2.725096
5.278008054228001,2.724853
5.284508064147,2.725386
5.291008074066,2.725251
5.297508083985,2.725109
5.304008093904001,2.725338
5.310508103823,2.725036
5.317008113742,2.725154
5.323508123661,2.725472
5.33000813358,2.724816
5.3365081434990005,2.724523
5.343008153418,2.725099
5.349508163337,2.725124
5.356008173256,2.725022
5.3625081831750006,2.725112
5.3690081930939995,2.724974
5.375508203013,2.724753
5.382008212932,2.725116
5.388508222851001,2.724502
5.3950082327699995,2.72468
5.401508242689,2.724578
5.408008252608,2.72426
5.414508262527001,2.724283
5.421008272446,2.724577
5.427508282365,2.72429
5.434008292284,2.724239
5.440508302203,2.724652
5.447008312122,2.724182
5.453508322041,2.72379
5.460008331960002,2.724042
5.466508341879,2.723885
5.473008351798001,2.723783
5.479508361717,2.724026
5.486008371635999,2.723821
5.492508381555,2.723861
5.499008391474001,2.723822
5.5055084013930005,2.723422
5.512008411312,2.7235
5.518508421231,2.72383
5.525008431150001,2.723538
5.531508441069,2.723696
5.538008450988,2.723416
5.544508460907,2.723583
5.551008470826001,2.723364
5.557508480745,2.723442
5.564008490664,2.723236
5.570508500583,2.723074
5.577008510502001,2.72298
5.583508520421,2.722942
5.5900085303400004,2.722711
5.596508540259,2.72331
5.603008550178,2.722841
5.609508560097,2.723065
5.6160085700160005,2.723326
5.622508579935,2.723348
5.629008589854,2.723072
5.635508599773,2.723268
5.642008609692001,2.723055
5.6485086196109995,2.722748
5.65500862953,2.722993
5.661508639449,2.722332
5.668008649368001,2.722576
5.6745086592869995,2.722866
5.681008669206,2.722661
5.687508679125,2.72284
5.694008689044,2.722889
5.700508698963,2.72242
5.707008708882,2.7224
5.713508718801002,2.722503
5.72000872872,2.722362
5.726508738639,2.722366
5.733008748558,2.722466
5.739508758477002,2.721984
5.746008768396,2.721724
5.752508778315001,2.721903
5.759008788234,2.721997
5.765508798153,2.721735
5.772008808072,2.721713
5.778508817991001,2.721579
5.7850088279100005,2.721777
5.791508837829,2.722038
5.798008847748,2.721651
5.804508857667001,2.721615
5.811008867586,2.721619
5.817508877505,2.721453
5.824008887424,2.721084
5.830508897343001,2.721522
5.837008907262,2.721545
5.843508917181,2.721361
5.8500089271,2.721583
5.856508937019,2.72102
5.863008946938,2.7208
5.8695089568570005,2.721331
5.876008966776,2.721101
5.882508976695,2.721112
5.889008986614,2.721797
5.8955089965330005,2.721146
5.902009006452,2.721124
5.908509016371,2.721137
5.91500902629,2.720777
5.921509036209001,2.72077
5.9280090461279995,2.721049
5.934509056047,2.720968
5.941009065966,2.720795
5.947509075885001,2.720964
5.954009085804,2.720739
5.960509095723,2.720855
5.967009105642002,2.7212
5.973509115561,2.720731
5.98000912548,2.720856
5.986509135399,2.721062
5.993009145318002,2.720834
5.999509155237,2.720526
6.006009165156001,2.7205
6.012509175075,2.719955
6.019009184994,2.720037
6.025509194913,2.720375
6.032009204832001,2.720226
6.038509214751,2.720097
6.04500922467,2.720176
6.051509234589,2.720117
6.058009244508001,2.71997
6.0645092544270005,2.719914
6.071009264346,2.719788
6.077509274265,2.719825
6.084009284184002,2.720104
6.090509294103,2.719948
6.097009304022,2.719548
6.103509313941,2.719625
6.110009323860002,2.719533
6.116509333779,2.719449
6.123009343698,2.719241
6.129509353617,2.718881
6.136009363536,2.719028
6.142509373455,2.71958
6.1490093833740005,2.719142
6.155509393293,2.718976
6.162009403212,2.719337
6.168509413131,2.718711
6.175009423050001,2.718773
6.1815094329689995,2.719383
6.188009442888,2.719212
6.194509452807,2.719104
6.201009462726001,2.719291
6.2075094726449995,2.719184
6.214009482564,2.719126
6.220509492483,2.718947
6.227009502402,2.718958
6.233509512321,2.718962
6.24000952224,2.719166
6.246509532159002,2.718743
6.253009542078,2.71865
6.2595095519970005,2.718733
6.266009561916,2.71883
6.272509571835002,2.71893
6.279009581754,2.718881
6.285509591673001,2.718554
6.292009601592,2.718215
6.298509611511,2.718924
6.30500962143,2.7186
6.311509631349001,2.718669
6.3180096412680005,2.719049
6.324509651187,2.71852
6.331009661106,2.718649
6.337509671025002,2.718832
6.344009680944,2.718343
6.350509690863,2.718096
6.357009700782,2.718299
6.363509710701002,2.717938
6.37000972062,2.717829
6.376509730539,2.717963
6.383009740458,2.717747
6.389509750377,2.717524
6.396009760296,2.717747
6.4025097702150005,2.717534
6.409009780134,2.718024
6.415509790053,2.717986
6.422009799972,2.717766
6.4285098098910005,2.717973
6.43500981981,2.718243
6.441509829729,2.717786
6.448009839648,2.717806
6.454509849567001,2.717966
6.4610098594859995,2.717521
6.467509869405,2.717324
6.474009879324,2.717422
6.4805098892430015,2.716951
6.4870098991619995,2.716921
6.493509909081,2.717361
6.500009919000002,2.717063
6.506509928919,2.717222
6.513009938838,2.717439
6.519509948757,2.717056
6.526009958676002,2.716943
6.532509968595,2.717148
6.539009978514001,2.71694
6.545509988433,2.716946
6.552009998352,2.717115
6.558510008271,2.716969
6.5650100181900015,2.716877
6.571510028109,2.717333
6.578010038028,2.717042
6.584510047947,2.716912
6.591010057866002,2.717644
6.5975100677850005,2.717281
6.604010077704,2.717252
6.610510087623,2.717247
6.617010097542002,2.716985
6.623510107461,2.717126
6.63001011738,2.716984
6.636510127299,2.716756
6.643010137218002,2.716599
6.649510147137,2.716865
6.656010157056,2.716333
6.662510166975,2.716222
6.669010176894,2.716663
6.675510186813,2.71622
6.6820101967320005,2.71619
6.688510206651,2.71665
6.69501021657,2.716707
6.701510226489,2.716672
6.7080102364080005,2.71697
6.714510246326999,2.716318
6.721010256246,2.716397
6.727510266165,2.716715
6.7340102760840015,2.716459
6.7405102860029995,2.716379
6.747010295922,2.716533
6.753510305841002,2.716176
6.7600103157600016,2.715747
6.766510325679,2.716044
6.773010335598,2.715791
6.779510345517002,2.715912
6.786010355436,2.716218
6.7925103653550005,2.715764
6.799010375274,2.715574
6.805510385193002,2.715824
6.812010395112,2.715713
6.8185104050310015,2.715657
6.82501041495,2.71614
6.831510424869,2.715931
6.838010434788,2.715726
6.8445104447070015,2.71581
6.8510104546260004,2.71571
6.857510464545,2.715533
6.864010474464,2.715676
6.870510484383002,2.715039
6.877010494302,2.71516
6.883510504221,2.715325
6.89001051414,2.715129
6.896510524059002,2.715021
6.903010533978,2.71501
6.909510543897,2.714947
6.916010553816,2.715128
6.922510563735002,2.715574
6.929010573654,2.715116
6.935510583573,2.715043
6.942010593492,2.715339
6.948510603411,2.714989
6.95501061333,2.714953
6.961510623249001,2.71493
6.968010633168,2.714839
6.974510643087,2.714792
6.981010653006,2.715076
6.9875106629250014,2.715049
6.9940106728439995,2.715022
7.000510682763,2.715062
7.007010692682,2.714744
7.0135107026010015,2.714746
7.0200107125199995,2.715018
7.026510722439,2.714476
7.033010732358002,2.714944
7.039510742277,2.714987
7.046010752196001,2.714763
7.052510762115,2.714528
7.059010772034002,2.715044
7.065510781953,2.714656
7.072010791872001,2.714796
7.078510801791,2.714848
7.085010811710002,2.714567
7.091510821629,2.714603
7.0980108315480015,2.714921
7.104510841467,2.714684
7.111010851386,2.714786
7.117510861305,2.714695
7.124010871224002,2.714174
7.130510881143001,2.71425
7.137010891062,2.714611
7.143510900981,2.714004
7.150010910900002,2.713946
7.156510920819,2.713905
7.163010930738,2.714117
7.169510940657,2.714211
7.176010950576002,2.714354
7.182510960495,2.714187
7.189010970414,2.713966
7.195510980333,2.714136
7.202010990252,2.713809
7.208511000171,2.713831
7.215011010090001,2.714203
7.221511020009,2.714204
7.228011029928,2.713988
7.234511039847,2.714154
7.241011049766001,2.713824
7.247511059684999,2.714022
7.254011069604,2.714011
7.260511079523,2.71367
7.2670110894420015,2.713765
7.2735110993609995,2.714136
7.28001110928,2.713659
7.286511119199002,2.713496
7.2930111291180015,2.713705
7.2995111390369996,2.713621
7.306011148956,2.713555
7.312511158875002,2.713669
7.319011168794,2.71331
7.325511178713001,2.713466
7.332011188632,2.713729
7.338511198551002,2.713481
7.34501120847,2.713526
7.3515112183890015,2.713663
7.358011228308,2.713153
7.364511238227,2.713095
7.371011248146,2.713413
7.3775112580650015,2.713128
7.384011267984001,2.713243
7.390511277903,2.713434
7.397011287822,2.713023
7.403511297741002,2.713115
7.41001130766,2.713352
7.416511317579,2.713134
7.423011327498,2.713527
7.429511337417002,2.713809
7.436011347336,2.713148
7.442511357255001,2.712996
7.449011367174,2.713075
7.455511377093002,2.712863
7.462011387012,2.712526
7.468511396931001,2.713317
7.47501140685,2.712791
7.481511416769,2.712602
7.488011426688,2.712648
7.494511436607001,2.712776
7.501011446526,2.71289
7.507511456445,2.712908
7.514011466364,2.712621
7.520511476283001,2.712617
7.5270114862019994,2.712891
7.533511496121,2.712601
7.540011506040002,2.7126
7.5465115159590015,2.712598
7.5530115258779995,2.712216
7.559511535797,2.712453
7.566011545716002,2.712528
7.572511555635,2.712048
7.579011565554001,2.712058
7.585511575473,2.712327
7.592011585392002,2.712153
7.598511595311,2.712304
7.605011605230001,2.712452
7.611511615149001,2.71226
7.618011625068002,2.712206
7.624511634987,2.712314
7.6310116449060015,2.711994
7.637511654825001,2.712327
7.644011664744,2.712404
7.650511674663,2.712016
7.6570116845820015,2.712005
7.663511694501001,2.712416
7.67001170442,2.712255
7.676511714339,2.712108
7.683011724258002,2.712117
7.689511734177,2.711833
7.696011744096001,2.711943
7.702511754015,2.712047
7.709011763934002,2.711823
7.715511773853,2.711466
7.722011783772001,2.711892
7.728511793691,2.711632
7.73501180361,2.711578
7.741511813529,2.711942
7.748011823448001,2.711899
7.754511833367,2.711954
7.761011843286,2.712215
7.767511853205,2.711711
7.774011863124001,2.711954
7.780511873043002,2.712113
7.787011882962,2.712026
7.793511892881,2.712082
7.8000119028000015,2.712289
7.8065119127189995,2.71211
7.813011922638,2.712051
7.819511932557002,2.711972
7.8260119424760015,2.711478
7.832511952395001,2.711701
7.839011962314,2.711624
7.845511972233002,2.711259
7.852011982152,2.711546
7.858511992071001,2.711886
7.865012001990001,2.711704
7.871512011909002,2.711514
7.878012021828,2.711554
7.884512031747001,2.711466
7.891012041666001,2.711538
7.897512051585,2.711807
7.904012061504,2.711713
7.9105120714230015,2.711285
7.917012081342001,2.711384
7.923512091261001,2.711293
7.93001210118,2.711489
7.936512111099002,2.711685
7.943012121018001,2.71126
7.949512130937001,2.711471
7.956012140856,2.711756
7.962512150775002,2.711502
7.969012160694,2.711521
7.975512170613001,2.711953
7.982012180532,2.71153
7.988512190451002,2.711221
7.99501220037,2.711601
8.001512210289,2.711435
8.008012220208,2.711507
8.014512230127,2.711584
8.021012240046,2.711032
8.027512249965001,2.710976
8.034012259884001,2.71106
8.040512269803001,2.711036
8.047012279722,2.71103
8.053512289641,2.71102
8.06001229956,2.710504
8.066512309479,2.710221
8.073012319398002,2.710673
8.079512329317001,2.710802
8.086012339236,2.711046
8.092512349155001,2.711693
8.099012359074,2.711287
8.105512368993,2.710719
8.112012378912,2.711047
8.118512388831,2.710854
8.125012398750002,2.710754
8.131512408669,2.71118
8.138012418588001,2.710855
8.144512428507001,2.710587
8.151012438426001,2.710992
8.157512448345,2.710859
8.164012458264,2.710907
8.170512468183,2.710848
8.177012478102,2.710431
8.183512488021,2.710537
8.190012497940002,2.71107
8.196512507859001,2.710339
8.203012517778001,2.710224
8.209512527697001,2.710728
8.216012537616,2.710282
8.222512547535,2.710397
8.229012557454,2.710858
8.235512567373,2.710569
8.242012577292002,2.710267
8.248512587211,2.710635
8.255012597130001,2.71053
8.261512607049001,2.710633
8.268012616968,2.71116
8.274512626887,2.710845
8.281012636806,2.710593
8.287512646725,2.710692
8.294012656644,2.71015
8.300512666563,2.710397
8.307012676482001,2.710631
8.313512686401001,2.710557
8.320012696320001,2.710479
8.326512706239,2.710795
8.333012716158,2.710557
8.339512726077,2.710359
8.346012735996,2.710524
8.352512745915002,2.709989
8.359012755834001,2.710113
8.365512765753001,2.71049
8.372012775672001,2.710328
8.378512785591,2.71019
8.38501279551,2.710377
8.391512805429,2.710218
8.398012815348,2.71001
8.404512825267002,2.710215
8.411012835186,2.710543
8.417512845105001,2.710418
8.424012855024001,2.710603
8.430512864943001,2.710449
8.437012874862,2.710281
8.443512884781,2.710397
8.4500128947,2.710089
8.456512904619,2.710109
8.463012914538,2.710048
8.469512924457002,2.709785
8.476012934376001,2.710145
8.482512944295001,2.710479
8.489012954214001,2.710191
8.495512964133,2.710048
8.502012974052,2.710356
8.508512983971,2.710295
8.51501299389,2.710375
8.521513003809002,2.710406
8.528013013728,2.709988
8.534513023647001,2.710244
8.541013033566001,2.710564
8.547513043485,2.710084
8.554013053404,2.710117
8.560513063323,2.710443
8.567013073242002,2.709846
8.573513083161,2.710092
8.58001309308,2.710159
8.586513102999001,2.709919
8.593013112918,2.709955
8.599513122837001,2.710253
8.606013132756,2.709616
8.612513142675,2.710072
8.619013152594,2.710127
8.625513162513,2.709782
8.632013172432002,2.709598
8.638513182351002,2.709919
8.645013192270001,2.709567
8.651513202189001,2.70979
8.658013212108001,2.710092
8.664513222027,2.709773
8.671013231946,2.709768
8.677513241865,2.70967
8.684013251784002,2.709486
8.690513261703,2.70991
8.697013271622001,2.710085
8.703513281541001,2.709533
8.710013291460001,2.709667
8.716513301379,2.709676
8.723013311298,2.709309
8.729513321217,2.709434
8.736013331136,2.709669
8.742513341055,2.709339
8.749013350974002,2.7094
8.755513360893,2.709719
8.762013370812001,2.709475
8.768513380731001,2.70943
8.77501339065,2.70981
8.781513400569,2.709503
8.788013410488,2.709676
8.794513420407,2.710006
8.801013430326002,2.709725
8.807513440245,2.709266
8.814013450164001,2.709522
8.820513460083001,2.709223
8.827013470002,2.709399
8.833513479921,2.709816
8.84001348984,2.70948
8.846513499759002,2.709444
8.853013509678,2.709697
8.859513519597002,2.709597
8.866013529516001,2.70973
8.872513539435,2.709686
8.879013549354001,2.709432
8.885513559273,2.709519
8.892013569192,2.709696
8.898513579111,2.709446
8.90501358903,2.709739
8.911513598949002,2.709867
8.918013608868,2.7097
8.924513618787001,2.709607
8.931013628706001,2.709577
8.937513638625001,2.709595
8.944013648544,2.709805
8.950513658463,2.709886
8.957013668382,2.709653
8.963513678301002,2.709715
8.97001368822,2.70976
8.976513698139001,2.709527
8.983013708058001,2.70987
8.989513717977001,2.709919
8.996013727896,2.709598
9.002513737815,2.709576
9.009013747734,2.70963
9.015513757653,2.709388
9.022013767572,2.709831
9.028513777491002,2.709836
9.03501378741,2.709578
9.041513797329001,2.709596
9.048013807248001,2.70953
9.054513817167,2.709446
9.061013827086,2.709325
9.067513837005,2.709698
9.074013846924,2.709319
9.080513856843,2.7096
9.087013866762,2.709791
9.093513876681001,2.709791
9.100013886600001,2.709587
9.106513896519001,2.709471
9.113013906438,2.709255
9.119513916357,2.709407
9.126013926276,2.70972
9.132513936195,2.709557
9.139013946114002,2.709476
9.145513956033001,2.709364
9.152013965952001,2.70927
9.158513975871001,2.709818
9.16501398579,2.709788
9.171513995709,2.709845
9.178014005628,2.70954
9.184514015547,2.70944
9.191014025466002,2.709151
9.197514035385,2.709089
9.204014045304001,2.7094
9.210514055223001,2.70932
9.217014065142001,2.70932
9.223514075061,2.709025
9.23001408498,2.708944
9.236514094899,2.708944
9.243014104818,2.709285
9.249514114737,2.709356
9.256014124656001,2.709584
9.262514134575001,2.70966
9.269014144494001,2.709903
9.275514154413,2.709893
9.282014164332,2.709672
9.288514174251,2.709124
9.29501418417,2.709513
9.301514194089,2.709664
9.308014204008002,2.709532
9.314514213927,2.709457
9.321014223846001,2.709491
9.327514233765001,2.709448
9.334014243684,2.709585
9.340514253603,2.709449
9.347014263522,2.709276
9.353514273441002,2.708889
9.36001428336,2.708914
9.366514293279,2.709049
9.373014303198001,2.709177
9.379514313117001,2.708948
9.386014323036001,2.708717
9.392514332955,2.709387
9.399014342874,2.709179
9.405514352793,2.709271
9.412014362712,2.709301
9.418514372631,2.709049
9.425014382550001,2.709039
9.431514392469,2.709254
9.438014402388001,2.709233
9.444514412307,2.709163
9.451014422226,2.709557
9.457514432145,2.70917
9.464014442064,2.708969
9.470514451983,2.70904
9.477014461902,2.7092
9.483514471821,2.708891
9.490014481740001,2.708965
9.496514491659001,2.708791
9.503014501578,2.708926
9.509514511497,2.70925
9.516014521416,2.709155
9.522514531335,2.708889
9.529014541254,2.709613
9.535514551173,2.70936
9.542014561092001,2.709029
9.548514571011,2.709416
9.555014580930001,2.709057
9.561514590849,2.708778
9.568014600768,2.708971
9.574514610687,2.709274
9.581014620606,2.709327
9.587514630525,2.709469
9.594014640444,2.709129
9.600514650363,2.709027
9.607014660282001,2.708887
9.613514670200999,2.708969
9.62001468012,2.708827
9.626514690039,2.708921
9.633014699958,2.708519
9.639514709877,2.708758
9.646014719796,2.709274
9.652514729715001,2.709057
9.659014739634001,2.709232
9.665514749553001,2.709432
9.672014759472,2.709122
9.678514769391,2.708982
9.68501477931,2.70915
9.691514789229,2.709138
9.698014799148,2.709126
9.704514809067001,2.709142
9.711014818986,2.708908
9.717514828905001,2.709085
9.724014838824,2.709279
9.730514848743,2.709533
9.737014858662,2.70922
9.743514868581,2.709447
9.7500148785,2.709028
9.756514888419,2.708605
9.763014898338,2.709474
9.769514908257001,2.709024
9.776014918176,2.708933
9.782514928095,2.709123
9.789014938014,2.709296
9.795514947933,2.709285
9.802014957852,2.709047
9.808514967771,2.708708
9.81501497769,2.708976
9.821514987609001,2.70939
9.828014997528,2.708745
9.834515007447001,2.708983
9.841015017366,2.709262
9.847515027285,2.709055
9.854015037204,2.708915
9.860515047123,2.708964
9.867015057042002,2.709007
9.873515066961,2.709128
9.88001507688,2.709548
9.886515086799001,2.709269
9.893015096717999,2.709177
9.899515106637,2.70932
9.906015116556,2.708661
9.912515126475,2.708505
9.919015136394,2.708692
9.925515146313,2.70831
9.932015156232001,2.708346
9.938515166151,2.708831
9.945015176070001,2.708547
9.951515185989,2.708501
9.958015195908,2.708677
9.964515205827,2.708332
9.971015215746,2.708622
9.977515225665,2.708807
9.984015235584002,2.708712
9.990515245503,2.708896
9.997015255422001,2.709247
10.003515265341,2.708835
10.01001527526,2.708976
10.016515285179,2.709357
10.023015295098,2.708798
10.029515305017,2.708552
10.036015314936,2.708689
10.042515324855,2.708688
10.049015334774001,2.708312
10.055515344693,2.708736
10.062015354612,2.70862
10.068515364531,2.708592
10.07501537445,2.709004
10.081515384369,2.708545
10.088015394288,2.708653
10.094515404207,2.708717
10.101015414126,2.708384
10.107515424045,2.708558
10.114015433964001,2.708364
10.120515443883,2.708169
10.127015453802,2.708528
10.133515463721,2.708692
10.14001547364,2.70835
10.146515483559,2.708224
10.153015493478,2.70855
10.159515503397001,2.708316
10.166015513316001,2.708236
10.172515523235,2.708475
10.179015533154,2.708243
10.185515543073,2.708525
10.192015552992,2.708671
10.198515562911,2.708371
10.20501557283,2.708228
10.211515582749001,2.708554
10.218015592668,2.708045
10.224515602587001,2.708298
10.231015612506,2.708497
10.237515622425,2.708218
10.244015632344,2.708071
10.250515642263,2.708406
10.257015652182,2.708178
10.263515662101,2.708119
10.27001567202,2.708406
10.276515681939001,2.708183
10.283015691858001,2.708112
10.289515701777,2.708486
10.296015711696,2.70822
10.302515721615,2.708363
10.309015731534,2.708677
10.315515741453,2.708287
10.322015751372,2.708325
10.328515761291001,2.708504
10.33501577121,2.708143
10.341515781129,2.707939
10.348015791048,2.708584
10.354515800967,2.708141
10.361015810886,2.708006
10.367515820805,2.70842
10.374015830724,2.708171
10.380515840643,2.708427
10.387015850562,2.708821
10.393515860481001,2.70846
10.4000158704,2.708495
10.406515880319,2.708616
10.413015890238,2.708316
10.419515900157,2.708269
10.426015910076,2.7088
10.432515919995,2.708571
10.439015929914001,2.708353
10.445515939833001,2.708634
10.452015949752,2.708291
10.458515959671,2.708192
10.46501596959,2.708817
10.471515979509,2.708354
10.478015989428,2.708552
10.484515999347,2.708864
10.491016009266001,2.70857
10.497516019185,2.708445
10.504016029104001,2.708586
10.510516039023,2.708416
10.517016048942,2.708476
10.523516058861,2.70889
10.53001606878,2.708399
10.536516078699,2.708073
10.543016088618,2.708434
10.549516098537,2.708119
10.556016108456001,2.707964
10.562516118375001,2.708202
10.569016128294,2.707933
10.575516138213,2.70817
10.582016148132,2.708517
10.588516158051,2.708287
10.59501616797,2.708187
10.601516177889,2.708353
10.608016187808001,2.708156
10.614516197727,2.707945
10.621016207646,2.708421
10.627516217565,2.708294
10.634016227484,2.708301
10.640516237403,2.708604
10.647016247322,2.707952
10.653516257241,2.707979
10.66001626716,2.708354
10.666516277079,2.708261
10.673016286998001,2.708241
10.679516296917,2.708432
10.686016306836,2.708088
10.692516316754999,2.708128
10.699016326674,2.708314
10.705516336593,2.708008
10.712016346512,2.708005
10.718516356431001,2.708511
10.725016366350001,2.708139
10.731516376269001,2.707807
10.738016386187999,2.708552
10.744516396107,2.708312
10.751016406026,2.708385
10.757516415945,2.708445
10.764016425864,2.708187
10.770516435783001,2.708468
10.777016445702001,2.708694
10.783516455621001,2.708418
10.790016465539999,2.708385
10.796516475459,2.70853
10.803016485378,2.707975
10.809516495297,2.708203
10.816016505216,2.708648
10.822516515135002,2.708254
10.829016525054001,2.708124
10.835516534973,2.708641
10.842016544892,2.708302
10.848516554811,2.708239
10.85501656473,2.708444
10.861516574649,2.708399
10.868016584568,2.708344
10.874516594487002,2.708366
10.881016604406,2.708262
10.887516614325,2.708165
10.894016624244,2.708501
10.900516634163,2.70845
10.907016644082,2.708356
10.913516654001,2.708654
10.920016663920004,2.708159
10.926516673839,2.708065
10.933016683758,2.708308
10.939516693677,2.708038
10.946016703596001,2.708314
10.952516713515001,2.708269
10.959016723434,2.707972
10.965516733353,2.708154
10.972016743271999,2.708323
10.978516753191,2.707914
10.98501676311,2.707872
10.991516773029,2.708414
10.998016782948001,2.708083
11.004516792867001,2.707956
11.011016802786001,2.708521
11.017516812704999,2.708254
11.024016822624,2.708258
11.030516832543,2.708547
11.037016842462,2.708188
11.043516852381,2.708192
11.050016862300001,2.708013
11.056516872219001,2.70804
11.063016882138,2.708094
11.069516892056999,2.708493
11.076016901976,2.70792
11.082516911895,2.708041
11.089016921814,2.708281
11.095516931733,2.708353
11.102016941652002,2.707832
11.108516951571001,2.708369
11.11501696149,2.708412
11.121516971409,2.708188
11.128016981328,2.708157
11.134516991247,2.708124
11.141017001166,2.708434
11.147517011085004,2.708494
11.154017021004002,2.708169
11.160517030923,2.708044
11.167017040842,2.708394
11.173517050761,2.707901
11.180017060680001,2.707642
11.186517070599,2.707897
11.193017080518,2.707591
11.199517090437004,2.70753
11.206017100356,2.707657
11.212517110275,2.707792
11.219017120194,2.707711
11.225517130113001,2.708346
11.232017140032001,2.707999
11.238517149951,2.708141
11.24501715987,2.708512
11.251517169789,2.708018
11.258017179708,2.708029
11.264517189627,2.708285
11.271017199546,2.707971
11.277517209465001,2.708206
11.284017219384001,2.70863
11.290517229303001,2.708387
11.297017239221999,2.708193
11.303517249141,2.708533
11.31001725906,2.707989
11.316517268979,2.708161
11.323017278898,2.70821
11.329517288817001,2.708413
11.336017298736001,2.708073
11.342517308655,2.708289
11.349017318573999,2.707997
11.355517328493,2.70786
11.362017338412,2.708226
11.368517348331,2.707753
11.37501735825,2.707943
11.381517368169002,2.708292
11.388017378088,2.708008
11.394517388007,2.707924
11.401017397926,2.708067
11.407517407845,2.708109
11.414017417764,2.708358
11.420517427683,2.708568
11.427017437602004,2.708167
11.433517447521,2.708323
11.44001745744,2.708685
11.446517467359,2.708354
11.453017477278,2.708434
11.459517487197001,2.708409
11.466017497116,2.708255
11.472517507035,2.708205
11.479017516954004,2.708773
11.485517526873,2.708817
11.492017536792,2.708608
11.498517546711,2.708954
11.505017556630001,2.70885
11.511517566549001,2.708874
11.518017576468,2.708966
11.524517586387,2.708557
11.531017596306,2.708861
11.537517606225,2.709136
11.544017616144,2.708598
11.550517626063,2.708626
11.557017635982001,2.708871
11.563517645901001,2.708417
11.570017655820001,2.708597
11.576517665738999,2.708946
11.583017675658,2.708592
11.589517685577,2.708343
11.596017695496,2.708567
11.602517705415,2.708613
11.609017715334002,2.708225
11.615517725253001,2.708793
11.622017735172,2.708535
11.628517745091,2.708483
11.63501775501,2.70879
11.641517764929,2.708421
11.648017774848,2.708192
11.654517784767,2.708856
11.661017794686002,2.708433
11.667517804605,2.708263
11.674017814524,2.708404
11.680517824443,2.708107
11.687017834362,2.708445
11.693517844281,2.708551
11.7000178542,2.708232
11.706517864119004,2.708315
11.713017874038,2.708809
11.719517883957,2.708221
11.726017893876,2.708651
11.732517903795001,2.708915
11.739017913714001,2.708556
11.745517923633,2.708899
11.752017933552,2.708914
11.758517943470999,2.708681
11.76501795339,2.70856
11.771517963309,2.708731
11.778017973228,2.708584
11.784517983147001,2.708392
11.791017993066001,2.70859
11.797518002985,2.707955
11.804018012904,2.708231
11.810518022823,2.708872
11.817018032742,2.708526
11.823518042661,2.708558
11.83001805258,2.708608
11.836518062499001,2.708313
11.843018072418001,2.708741
11.849518082337001,2.70885
11.856018092255999,2.708138
11.862518102175,2.708191
11.869018112094,2.708267
11.875518122013,2.70837
11.882018131932,2.708236
11.888518141851002,2.708517
11.895018151770001,2.708164
11.901518161689,2.707908
11.908018171608,2.708072
11.914518181527,2.707812
11.921018191446,2.708028
11.927518201365,2.708348
11.934018211284004,2.707815
11.940518221203003,2.708197
11.947018231122,2.708698
11.953518241041,2.708387
11.96001825096,2.708587
11.966518260879,2.708492
11.973018270798,2.70808
11.979518280717,2.708185
11.986018290636004,2.707918
11.992518300555,2.707882
11.999018310474,2.707894
12.005518320393,2.708157
12.012018330312001,2.707826
12.018518340231001,2.707883
12.02501835015,2.708276
12.031518360069,2.707668
12.038018369988,2.707923
12.044518379907,2.708421
12.051018389826,2.707895
12.057518399745,2.708202
12.064018409664001,2.708503
12.070518419583001,2.708259
12.077018429502,2.708024
12.083518439420999,2.708224
12.09001844934,2.708039
12.096518459259,2.708356
12.103018469178,2.708234
12.109518479097,2.708039
12.116018489016001,2.707813
12.122518498935001,2.707996
12.129018508854001,2.707825
12.135518518772999,2.707974
12.142018528692,2.708324
12.148518538611,2.708139
12.15501854853,2.708392
12.161518558449,2.708599
12.168018568368003,2.708426
12.174518578287001,2.708525
12.181018588206,2.708348
12.187518598125,2.707998
12.194018608044,2.707969
12.200518617963,2.708473
12.207018627882,2.708093
12.213518637801004,2.708142
12.220018647720003,2.708532
12.226518657639,2.708129
12.233018667558,2.708024
12.239518677477,2.708196
12.246018687396,2.707717
12.252518697315,2.707948
12.259018707234,2.708365
12.265518717153004,2.707796
12.272018727072,2.707762
12.278518736991,2.707961
12.28501874691,2.708043
12.291518756829001,2.708144
12.298018766748001,2.708364
12.304518776667,2.707898
12.311018786586,2.708041
12.317518796505,2.708281
12.324018806424,2.708082
12.330518816343,2.708057
12.337018826262,2.708198
12.343518836181001,2.707822
12.350018846100001,2.70797
12.356518856019001,2.7084
12.363018865937999,2.707626
12.369518875857,2.707882
12.376018885776,2.708029
12.382518895695,2.707679
12.389018905614,2.707934
12.395518915533003,2.708167
12.402018925452001,2.707879
12.408518935371,2.707839
12.415018945289999,2.707978
12.421518955209,2.707992
12.428018965128,2.708097
12.434518975047,2.708027
12.441018984966,2.707705
12.447518994885003,2.707553
12.454019004804,2.708264
12.460519014723,2.707716
12.467019024642,2.707551
12.473519034561,2.707994
12.48001904448,2.707787
12.486519054399,2.707917
12.493019064318004,2.70815
12.499519074237003,2.707862
12.506019084156,2.707674
12.512519094075,2.708135
12.519019103994001,2.708105
12.525519113913,2.708034
12.532019123832,2.70793
12.538519133751,2.707632
12.545019143670004,2.70771
12.551519153589,2.707912
12.558019163508,2.707736
12.564519173427,2.707785
12.571019183346001,2.708154
12.577519193265001,2.707739
12.584019203184,2.707863
12.590519213103,2.708241
12.597019223022,2.708263
12.603519232941,2.707786
12.61001924286,2.708095
12.616519252779,2.707983
12.623019262698001,2.708003
12.629519272617001,2.708129
12.636019282536001,2.708119
12.642519292454999,2.707999
12.649019302374,2.708388
12.655519312293,2.708037
12.662019322212,2.708018
12.668519332131,2.708238
12.675019342050003,2.707889
12.681519351969001,2.70801
12.688019361888,2.708571
12.694519371806999,2.708392
12.701019381726,2.708169
12.707519391645,2.70857
12.714019401564,2.708437
12.720519411483004,2.708027
12.727019421402003,2.708611
12.733519431321,2.708099
12.74001944124,2.708179
12.746519451159,2.708536
12.753019461078,2.708392
12.759519470997,2.708497
12.766019480916,2.708606
12.772519490835004,2.708376
12.779019500754,2.708267
12.785519510673,2.708451
12.792019520592,2.70784
12.798519530511001,2.707864
12.805019540430001,2.708047
12.811519550349,2.707843
12.818019560268,2.708004
12.824519570187004,2.708608
12.831019580106,2.708369
12.837519590025,2.708384
12.844019599944,2.708505
12.850519609863001,2.708223
12.857019619782001,2.708416
12.863519629701,2.708552
12.87001963962,2.708133
12.876519649539,2.708396
12.883019659458,2.708713
12.889519669377,2.708472
12.896019679296,2.708498
12.902519689215003,2.708109
12.909019699134001,2.707868
12.915519709053001,2.707849
12.922019718971999,2.707867
12.928519728891,2.707585
12.93501973881,2.707657
12.941519748729,2.708309
12.948019758648,2.70819
12.954519768567003,2.708234
12.961019778486003,2.708226
12.967519788405,2.707825
12.974019798323999,2.708021
12.980519808243,2.70831
12.987019818162,2.708118
12.993519828081,2.708112
13.000019838000004,2.708463
13.006519847919003,2.708074
13.013019857838,2.708235
13.019519867757,2.708329
13.026019877676,2.70796
13.032519887595,2.707888
13.039019897514,2.708224
13.045519907433,2.708279
13.052019917352004,2.708115
13.058519927271,2.708375
13.06501993719,2.707952
13.071519947109,2.707826
13.078019957028001,2.708073
13.084519966947001,2.708017
13.091019976866,2.708169
13.097519986785,2.708542
13.104019996704,2.708
13.110520006623,2.707666
13.117020016542,2.708122
13.123520026461,2.70797
13.130020036380003,2.707988
13.136520046299001,2.708111
13.143020056218,2.707807
13.149520066137,2.707905
13.156020076056,2.708301
13.162520085975,2.708196
13.169020095894,2.707963
13.175520105813,2.708502
13.182020115732003,2.70799
13.188520125651001,2.708272
13.195020135570001,2.708251
13.201520145488999,2.707663
13.208020155408,2.707749
13.214520165327,2.708248
13.221020175246,2.70788
13.227520185165,2.708159
13.234020195084003,2.708691
13.240520205003003,2.708437
13.247020214922,2.708239
13.253520224841,2.708396
13.26002023476,2.708101
13.266520244679,2.708177
13.273020254598,2.708261
13.279520264517004,2.708025
13.286020274436003,2.707867
13.292520284355,2.707922
13.299020294274,2.707749
13.305520304193001,2.707668
13.312020314112,2.707976
13.318520324031,2.707875
13.32502033395,2.707814
13.331520343869004,2.707979
13.338020353788,2.708045
13.344520363707,2.707812
13.351020373626,2.708001
13.357520383545003,2.707815
13.364020393464001,2.7081
13.370520403383,2.708535
13.377020413302,2.708219
13.383520423221,2.708134
13.39002043314,2.708205
13.396520443059,2.707878
13.403020452978,2.708119
13.409520462897003,2.708447
13.416020472816001,2.708078
13.422520482735,2.707867
13.429020492653999,2.70815
13.435520502573,2.708171
13.442020512492,2.707677
13.448520522411,2.707733
13.45502053233,2.707459
13.461520542249003,2.707775
13.468020552168003,2.708042
13.474520562087,2.70835
13.481020572005999,2.708137
13.487520581925,2.708483
13.494020591844,2.707969
13.500520601763,2.70791
13.507020611682004,2.708112
13.513520621601003,2.707887
13.520020631520003,2.707672
13.526520641439,2.708364
13.533020651358,2.7085
13.539520661277,2.708208
13.546020671196,2.708488
13.552520681115,2.708053
13.559020691034004,2.708141
13.565520700953003,2.708342
13.572020710872,2.708034
13.578520720791,2.708359
13.585020730710001,2.70843
13.591520740629,2.708182
13.598020750548,2.708068
13.604520760467,2.708148
13.611020770386004,2.708017
13.617520780305,2.707913
13.624020790224,2.708113
13.630520800143,2.707989
13.637020810062003,2.707944
13.643520819981001,2.707841
13.6500208299,2.707775
13.656520839819,2.707992
13.663020849738,2.708199
13.669520859657,2.707639
13.676020869576,2.707778
13.682520879495,2.707881
13.689020889414003,2.707906
13.695520899333003,2.70794
13.702020909252001,2.708479
13.708520919170999,2.708259
13.71502092909,2.708244
13.721520939009,2.708226
13.728020948928,2.708014
13.734520958847,2.708061
13.741020968766003,2.70812
13.747520978685003,2.708078
13.754020988604,2.708365
13.760520998522999,2.708473
13.767021008442,2.708472
13.773521018361,2.708226
13.78002102828,2.708458
13.786521038199004,2.70822
13.793021048118003,2.707933
13.799521058037,2.707828
13.806021067956,2.707872
13.812521077875,2.708051
13.819021087794,2.708226
13.825521097713,2.708055
13.832021107632,2.708086
13.838521117551004,2.708137
13.845021127470003,2.707897
13.851521137389,2.708302
13.858021147308,2.708128
13.864521157227003,2.707996
13.871021167146,2.708095
13.877521177065,2.70823
13.884021186984,2.707992
13.890521196903004,2.708137
13.897021206822,2.708124
13.903521216741,2.707769
13.91002122666,2.708123
13.916521236579003,2.708074
13.923021246498003,2.707861
13.929521256417,2.708077
13.936021266336,2.708001
13.942521276255,2.707812
13.949021286174,2.70795
13.955521296093,2.707965
13.962021306012,2.707728
13.968521315931003,2.708114
13.975021325850003,2.708331
13.981521335769001,2.708103
13.988021345687999,2.708463
13.994521355607,2.708139
14.001021365526,2.707842
14.007521375445,2.70785
14.014021385364,2.708094
14.020521395283003,2.707789
14.027021405202003,2.707879
14.033521415121,2.707947
14.040021425039999,2.708001
14.046521434959,2.708343
14.053021444878,2.707911
14.059521454797,2.707952
14.066021464716004,2.70817
14.072521474635003,2.707888
14.079021484554,2.707959
14.085521494473,2.708308
14.092021504392003,2.708264
14.098521514311,2.708037
14.10502152423,2.708202
14.111521534149,2.708367
14.118021544068004,2.708071
14.124521553987,2.708216
14.131021563906,2.708199
14.137521573825,2.707848
14.144021583744003,2.707818
14.150521593663,2.708035
14.157021603582,2.707855
14.163521613501,2.70786
14.170021623420004,2.707777
14.176521633339,2.707817
14.183021643258,2.708226
14.189521653177,2.708136
14.196021663096003,2.708057
14.202521673015003,2.707957
14.209021682934,2.70769
14.215521692853,2.707533
14.222021702772,2.707966
14.228521712691,2.707904
14.23502172261,2.707646
14.241521732529,2.707696
14.248021742448003,2.707612
14.254521752367003,2.707852
14.261021762286003,2.708038
14.267521772204999,2.707864
14.274021782124,2.70804
14.280521792043,2.708101
14.287021801962,2.707843
14.293521811881003,2.708083
14.300021821800003,2.708296
14.306521831719003,2.708324
14.313021841638,2.708452
14.319521851556999,2.708704
14.326021861476,2.70848
14.332521871395,2.708206
14.339021881314,2.708606
14.345521891233004,2.708145
14.352021901152003,2.708106
14.358521911071,2.708125
14.36502192099,2.708254
14.371521930909003,2.708162
14.378021940828,2.708455
14.384521950747,2.708072
14.391021960666,2.708401
14.397521970585004,2.708588
14.404021980504,2.708437
14.410521990423,2.708499
14.417022000342,2.708325
14.423522010261003,2.708026
14.430022020180003,2.708302
14.436522030099,2.708749
14.443022040018,2.708627
14.449522049937,2.70835
14.456022059856,2.708163
14.462522069775,2.708129
14.469022079694,2.708126
14.475522089613003,2.708157
14.482022099532003,2.708207
14.488522109451003,2.708016
14.495022119369999,2.708047
14.501522129289,2.708174
14.508022139208,2.70826
14.514522149127,2.708224
14.521022159046,2.70786
14.527522168965003,2.708005
14.534022178884003,2.708203
14.540522188803003,2.707981
14.547022198721999,2.707767
14.553522208641,2.708006
14.56002221856,2.707764
14.566522228479,2.707537
14.573022238398003,2.707897
14.579522248317003,2.707905
14.586022258236003,2.707994
14.592522268155,2.708195
14.599022278073999,2.707803
14.605522287993,2.707731
14.612022297912,2.707906
14.618522307831,2.707837
14.625022317750004,2.707947
14.631522327669003,2.708465
14.638022337588,2.70816
14.644522347507,2.708332
14.651022357426003,2.708449
14.657522367345003,2.70808
14.664022377264,2.708154
14.670522387183,2.708316
14.677022397102004,2.707803
14.683522407021,2.707805
14.69002241694,2.708086
14.696522426859,2.707978
14.703022436778003,2.707944
14.709522446697003,2.708298
14.716022456616,2.708216
14.722522466535,2.708117
14.729022476454,2.708354
14.735522486373,2.707731
14.742022496292,2.707634
14.748522506211,2.707825
14.755022516130003,2.707685
14.761522526049003,2.707973
14.768022535968003,2.708674
14.774522545886999,2.708186
14.781022555806,2.708248
14.787522565725,2.708252
14.794022575644,2.707687
14.800522585563,2.708351
14.807022595482003,2.708673
14.813522605401003,2.7089
14.82002261532,2.708631
14.826522625238999,2.708991
14.833022635158,2.70873
14.839522645077,2.708848
14.846022654996,2.709193
14.852522664915004,2.708565
14.859022674834003,2.708397
14.865522684753003,2.708606
14.872022694672,2.708378
14.878522704591003,2.708144
14.885022714510002,2.708525
14.891522724429,2.708157
14.898022734348,2.708158
14.904522744267004,2.708688
14.911022754186003,2.708368
14.917522764105,2.708023
14.924022774024,2.70845
14.930522783943003,2.70821
14.937022793862003,2.708192
14.943522803781,2.708403
14.9500228137,2.708129
14.956522823619004,2.707976
14.963022833538,2.708365
14.969522843457,2.707956
14.976022853376,2.707897
14.982522863295003,2.708208
14.989022873214003,2.707927
14.995522883133003,2.707837
15.002022893052,2.708134
15.008522902971,2.707968
15.01502291289,2.707934
15.021522922809,2.708269
15.028022932728,2.707849
15.034522942647003,2.707804
15.041022952566003,2.708238
15.047522962485003,2.707589
15.054022972403999,2.707649
15.060522982323,2.707787
15.067022992242,2.707603
15.073523002161,2.707989
15.080023012080003,2.708184
15.086523021999003,2.707957
15.093023031918003,2.707703
15.099523041837,2.707845
15.106023051755999,2.707816
15.112523061675,2.708051
15.119023071594,2.708096
15.125523081513,2.707799
15.132023091432004,2.707864
15.138523101351003,2.708091
15.14502311127,2.707768
15.151523121189,2.707732
15.158023131108003,2.707859
15.164523141027002,2.707573
15.171023150946,2.707611
15.177523160865,2.707643
15.184023170784004,2.707645
15.190523180703003,2.707953
15.197023190622,2.708333
15.203523200541,2.707726
15.210023210460003,2.707688
15.216523220379003,2.707921
15.223023230298002,2.707663
15.229523240217,2.707756
15.236023250136004,2.708204
15.242523260055,2.707508
15.249023269974,2.707532
15.255523279893,2.707843
15.262023289812003,2.707746
15.268523299731003,2.707863
15.275023309650003,2.707852
15.281523319569004,2.70756
15.288023329488,2.707542
15.294523339407,2.707851
15.301023349326,2.707807
15.307523359245,2.707848
15.314023369164003,2.708364
15.320523379083003,2.707926
15.327023389002003,2.707846
15.333523398920999,2.708034
15.34002340884,2.707756
15.346523418759,2.707885
15.353023428678,2.708249
15.359523438597003,2.707801
15.366023448516003,2.707602
15.372523458435003,2.707888
15.379023468354,2.70754
15.385523478272999,2.707556
15.392023488192002,2.707632
15.398523498111,2.707832
15.40502350803,2.707821
15.411523517949004,2.70834
15.418023527868003,2.708073
15.424523537787,2.707857
15.431023547706,2.707961
15.437523557625003,2.707942
15.444023567544003,2.708292
15.450523577463002,2.708682
15.457023587382,2.708016
15.463523597301004,2.708022
15.47002360722,2.708024
15.476523617139,2.707773
15.483023627058,2.707721
15.489523636977003,2.708354
15.496023646896003,2.708248
15.502523656815002,2.70841
15.509023666734,2.708357
15.515523676653,2.708149
15.522023686572,2.708259
15.528523696491,2.708311
15.53502370641,2.707579
15.541523716329003,2.708003
15.548023726248003,2.70834
15.554523736167003,2.708088
15.561023746086004,2.708042
15.567523756005,2.708503
15.574023765924,2.707758
15.580523775843,2.707441
15.587023785762,2.708015
15.593523795681003,2.707791
15.600023805600003,2.707722
15.606523815519003,2.708001
15.613023825437999,2.707379
15.619523835357002,2.707893
15.626023845276,2.708127
15.632523855195,2.707772
15.639023865114003,2.707829
15.645523875033003,2.70823
15.652023884952003,2.707825
15.658523894871,2.707714
15.665023904790003,2.708008
15.671523914709002,2.707827
15.678023924628,2.708229
15.684523934547,2.708433
15.691023944466004,2.707969
15.697523954385003,2.707997
15.704023964304,2.708269
15.710523974223,2.707788
15.717023984142003,2.707637
15.723523994061003,2.707906
15.730024003980002,2.70748
15.736524013899,2.707499
15.743024023818004,2.707796
15.749524033737,2.70775
15.756024043656,2.70769
15.762524053575,2.708441
15.769024063494003,2.708149
15.775524073413003,2.707783
15.782024083332002,2.708039
15.788524093251002,2.70765
15.79502410317,2.707801
15.801524113089,2.708075
15.808024123008,2.707471
15.814524132927,2.707499
15.821024142846003,2.707745
15.827524152765003,2.70699
15.834024162684003,2.707245
15.840524172602999,2.708031
15.847024182522002,2.707763
15.853524192441,2.707518
15.86002420236,2.70759
15.866524212279003,2.70745
15.873024222198003,2.707051
15.879524232117003,2.707588
15.886024242036003,2.707544
15.892524251954999,2.7077
15.899024261874002,2.707843
15.905524271793,2.707623
15.912024281712,2.707796
15.918524291631003,2.707947
15.925024301550003,2.707388
15.931524311469003,2.707384
15.938024321388,2.70756
15.944524331307003,2.70709
15.951024341226002,2.706987
15.957524351145002,2.707377
15.964024361064,2.707037
15.970524370983004,2.707051
15.977024380902003,2.707527
15.983524390821,2.707421
15.99002440074,2.707549
15.996524410659003,2.707455
16.003024420578,2.707206
16.009524430497002,2.707041
16.016024440416,2.707377
16.022524450335002,2.707245
16.029024460254,2.707023
16.035524470173,2.70742
16.042024480092,2.707167
16.048524490011,2.707222
16.055024499930003,2.707604
16.061524509849,2.707152
16.068024519768002,2.707087
16.074524529687,2.707493
16.081024539606002,2.707346
16.087524549525,2.70736
16.094024559444,2.707457
16.100524569363003,2.707436
16.107024579282,2.707296
16.113524589201003,2.707443
16.12002459912,2.707331
16.126524609039002,2.707331
16.133024618958,2.707386
16.139524628877002,2.707056
16.146024638796003,2.707109
16.152524648715,2.707578
16.159024658634003,2.707139
16.165524668553,2.707147
16.172024678472,2.707478
16.178524688391,2.707311
16.185024698310002,2.707333
16.191524708229,2.707644
16.198024718148,2.707375
16.204524728067003,2.707192
16.211024737986,2.707348
16.217524747905,2.70696
16.224024757824,2.707008
16.230524767743002,2.707228
16.237024777662,2.706694
16.243524787581002,2.706723
16.250024797500004,2.706935
16.256524807419,2.70692
16.263024817338,2.706785
16.269524827257,2.707292
16.276024837176003,2.706987
16.282524847095,2.707122
16.289024857014002,2.706902
16.295524866933,2.706782
16.302024876852002,2.706765
16.308524886771,2.707249
16.31502489669,2.706711
16.321524906609,2.70692
16.328024916528,2.707515
16.334524926447003,2.707314
16.341024936366,2.707098
16.347524946285002,2.707426
16.354024956204,2.70688
16.360524966123002,2.706713
16.367024976042,2.706855
16.373524985961,2.706727
16.380024995880003,2.706559
16.386525005799,2.70666
16.393025015718003,2.706794
16.399525025637,2.706788
16.406025035556002,2.706965
16.412525045475,2.706988
16.419025055394002,2.707243
16.425525065313003,2.707626
16.432025075232,2.707349
16.438525085151003,2.707092
16.44502509507,2.707251
16.451525104989003,2.707021
16.458025114908,2.706705
16.464525124827002,2.706914
16.471025134746,2.706501
16.477525144665,2.706513
16.484025154584003,2.706728
16.490525164503,2.706597
16.497025174422,2.706688
16.503525184341,2.707214
16.510025194260002,2.706918
16.516525204179,2.706846
16.523025214098002,2.707138
16.529525224017004,2.706728
16.536025233936,2.706844
16.542525243855,2.707213
16.549025253774,2.706699
16.555525263693003,2.706978
16.562025273612,2.706984
16.568525283531002,2.706533
16.57502529345,2.706671
16.581525303369002,2.706761
16.588025313288,2.706722
16.594525323207,2.706775
16.601025333126,2.706761
16.607525343045,2.706338
16.614025352964003,2.70643
16.620525362883,2.706439
16.627025372802002,2.70648
16.633525382721,2.706214
16.640025392640002,2.706793
16.646525402559,2.706427
16.653025412478,2.706712
16.659525422397003,2.707053
16.666025432316,2.706767
16.672525442235003,2.706939
16.679025452154,2.707072
16.685525462073002,2.706785
16.692025471992,2.70697
16.698525481911002,2.707102
16.705025491830003,2.706931
16.711525501749,2.706836
16.718025511668003,2.706894
16.724525521587,2.706533
16.731025531506003,2.706829
16.737525541425,2.706896
16.744025551344002,2.706546
16.750525561263,2.706513
16.757025571182,2.706742
16.763525581101003,2.706579
16.77002559102,2.706498
16.776525600939,2.706893
16.783025610858,2.706656
16.789525620777003,2.707004
16.796025630696,2.70714
16.802525640615002,2.706889
16.809025650534004,2.706531
16.815525660453,2.706553
16.822025670372,2.706428
16.828525680291,2.706546
16.835025690210003,2.70664
16.841525700129,2.706242
16.848025710048002,2.706352
16.854525719967004,2.706897
16.861025729886002,2.706339
16.867525739805,2.706573
16.874025749724,2.706889
16.880525759643,2.706233
16.887025769562,2.706193
16.893525779481003,2.706335
16.9000257894,2.70589
16.906525799319002,2.706243
16.913025809238,2.7068
16.919525819157002,2.706471
16.926025829076,2.706211
16.932525838995,2.706816
16.939025848914003,2.706773
16.945525858833,2.706871
16.952025868752003,2.707269
16.958525878671,2.707172
16.965025888590002,2.706835
16.971525898509,2.706722
16.978025908428002,2.70675
16.984525918347003,2.706811
16.991025928266,2.707018
16.997525938185003,2.706964
17.004025948104,2.706737
17.010525958023003,2.706882
17.017025967942,2.706671
17.023525977861002,2.70677
17.03002598778,2.706842
17.036525997699002,2.706311
17.043026007618003,2.706164
17.049526017537,2.706787
17.056026027456,2.706487
17.062526037375,2.706351
17.069026047294003,2.706495
17.075526057213,2.70637
17.082026067132002,2.706381
17.088526077051004,2.706511
17.09502608697,2.706477
17.101526096889,2.706594
17.108026106808,2.70662
17.114526116727003,2.706327
17.121026126646,2.70641
17.127526136565002,2.706548
17.134026146484004,2.706187
17.140526156403002,2.706308
17.147026166322,2.706418
17.153526176241,2.70629
17.16002618616,2.70624
17.166526196079,2.706769
17.173026205998003,2.706186
17.179526215917,2.706221
17.186026225836,2.706392
17.192526235755,2.70601
17.199026245674002,2.706257
17.205526255593,2.706439
17.212026265512,2.705918
17.218526275431003,2.706189
17.22502628535,2.706798
17.231526295269,2.706076
17.238026305188,2.705853
17.244526315107002,2.706442
17.251026325026,2.70614
17.257526334945002,2.706162
17.264026344864003,2.706555
17.270526354783,2.706124
17.277026364702003,2.706245
17.283526374621,2.706456
17.290026384540003,2.706155
17.296526394459,2.706004
17.303026404378002,2.706338
17.309526414297,2.706174
17.316026424216002,2.70637
17.322526434135003,2.706475
17.329026444054,2.706168
17.335526453973,2.706329
17.342026463892,2.706356
17.348526473811003,2.706369
17.35502648373,2.706371
17.361526493649002,2.706592
17.368026503568004,2.706316
17.374526513487,2.706094
17.381026523406,2.706266
17.387526533325,2.706136
17.394026543244003,2.705961
17.400526553163,2.706234
17.407026563082002,2.705943
17.413526573001004,2.706191
17.420026582920002,2.706439
17.426526592839,2.705986
17.433026602758,2.706121
17.439526612677003,2.706453
17.446026622596,2.706318
17.452526632515003,2.706213
17.459026642434,2.70635
17.465526652353,2.705958
17.472026662272,2.70628
17.478526672191002,2.706421
17.48502668211,2.705946
17.491526692029,2.705862
17.498026701948003,2.706316
17.504526711867,2.705972
17.511026721786,2.705937
17.517526731705,2.70598
17.524026741624002,2.705881
17.530526751543,2.705711
17.537026761462002,2.706356
17.543526771381003,2.705868
17.5500267813,2.705708
17.556526791219,2.705932
17.563026801138,2.705832
17.569526811057003,2.705987
17.576026820976,2.706224
17.582526830895002,2.705772
17.589026840814,2.706024
17.595526850733002,2.706103
17.602026860652003,2.705902
17.608526870571,2.706047
17.61502688049,2.706229
17.621526890409,2.705914
17.628026900328003,2.706027
17.634526910247,2.706342
17.641026920166002,2.70623
17.647526930085004,2.706381
17.654026940004,2.706666
17.660526949923,2.706484
17.667026959842,2.706539
17.673526969761003,2.706725
17.68002697968,2.706282
17.686526989599002,2.705807
17.693026999518004,2.706304
17.699527009437002,2.706133
17.706027019356,2.705995
17.712527029275,2.706332
17.719027039194003,2.706215
17.725527049113,2.705978
17.732027059032003,2.706529
17.738527068951,2.706095
17.74502707887,2.706081
17.751527088789,2.70623
17.758027098708002,2.705953
17.764527108627,2.705958
17.771027118546,2.706337
17.777527128465003,2.70614
17.784027138384,2.705953
17.790527148303,2.706153
17.797027158222,2.705789
17.803527168141002,2.705506
17.81002717806,2.705959
17.816527187979002,2.705656
17.823027197898003,2.706018
17.829527207817,2.706429
17.836027217736,2.705937
17.842527227655,2.705922
17.849027237574003,2.706143
17.855527247493,2.706329
17.862027257412002,2.706113
17.868527267331,2.70661
17.875027277250002,2.70599
17.881527287169,2.706449
17.888027297088,2.706885
17.894527307007,2.706343
17.901027316926,2.706031
17.907527326845003,2.706389
17.914027336764,2.705924
17.920527346683002,2.706251
17.927027356602004,2.706498
17.933527366521,2.706071
17.94002737644,2.705945
17.946527386359,2.706065
17.953027396278003,2.70554
17.959527406197,2.705889
17.966027416116003,2.706138
17.972527426035004,2.70585
17.979027435954002,2.705903
17.985527445873,2.706371
17.992027455792,2.705922
17.998527465711003,2.705865
18.00502747563,2.706142
18.011527485549003,2.705825
18.018027495468,2.705731
18.024527505387002,2.705988
18.031027515306,2.706039
18.037527525225002,2.70587
18.044027535144,2.706099
18.050527545063,2.705815
18.057027554982003,2.705939
18.063527564901,2.706412
18.07002757482,2.706004
18.076527584739,2.706211
18.083027594658002,2.706184
18.089527604577,2.705791
18.096027614496002,2.706097
18.102527624415004,2.706383
18.109027634334,2.706074
18.115527644253,2.706074
18.122027654172,2.706393
18.128527664091003,2.706215
18.13502767401,2.705965
18.141527683929002,2.70598
18.148027693848,2.705401
18.154527703767002,2.705863
18.161027713686,2.706122
18.167527723605,2.705775
18.174027733524,2.705783
18.180527743443,2.70585
18.187027753362003,2.705625
18.193527763281,2.705792
18.200027773200002,2.705755
18.206527783119,2.705673
18.213027793038002,2.705751
18.219527802957,2.705904
18.226027812876,2.705614
18.232527822795003,2.705665
18.239027832714,2.70549
18.245527842633003,2.705385
18.252027852552,2.705694
18.258527862471002,2.705858
18.26502787239,2.705314
18.271527882309,2.705561
18.278027892228003,2.70594
18.284527902147,2.705529
18.291027912066003,2.705626
18.297527921985,2.70588
18.304027931904002,2.705626
18.310527941823,2.705563
18.317027951742002,2.705408
18.323527961661,2.705472
18.33002797158,2.705477
18.336527981499003,2.705689
18.343027991418,2.705482
18.349528001337,2.705585
18.356028011256,2.705773
18.362528021175002,2.705391
18.369028031094,2.705437
18.375528041013002,2.705549
18.382028050932004,2.70507
18.388528060851,2.705324
18.39502807077,2.705737
18.401528080689,2.705184
18.408028090608003,2.705147
18.414528100527,2.705442
18.421028110446002,2.705077
18.427528120365004,2.705167
18.434028130284002,2.705404
18.440528140203,2.70546
18.447028150122,2.705195
18.453528160041,2.705395
18.46002816996,2.704913
18.466528179879003,2.705524
18.473028189798,2.705281
18.479528199717002,2.705189
18.486028209636,2.705318
18.492528219555002,2.705421
18.499028229474,2.705148
18.505528239393,2.705169
18.512028249312003,2.705183
18.518528259231,2.704934
18.525028269150003,2.705193
18.531528279069,2.704905
18.538028288988002,2.705144
18.544528298907,2.705196
18.551028308826,2.704952
18.557528318745003,2.704815
18.564028328664,2.705423
18.570528338583003,2.705238
18.577028348502,2.704854
18.583528358421002,2.704884
18.59002836834,2.705269
18.596528378259002,2.705109
18.603028388178,2.705246
18.609528398097,2.70509
18.616028408016003,2.704962
18.622528417935,2.704831
18.629028427854,2.704756
18.635528437773,2.704874
18.642028447692002,2.704861
18.648528457611,2.704888
18.655028467530002,2.705015
18.661528477449004,2.705415
18.668028487368,2.705269
18.674528497287,2.705335
18.681028507206,2.705302
18.687528517125003,2.704969
18.694028527044,2.704825
18.700528536963002,2.704945
18.707028546882004,2.705087
18.713528556801002,2.704755
18.72002856672,2.705133
18.726528576639,2.705066
18.733028586558,2.704986
18.739528596477,2.70494
18.746028606396003,2.705023
18.752528616315004,2.70504
18.759028626234002,2.70503
18.765528636153,2.705067
18.772028646072002,2.70492
18.778528655991003,2.705044
18.78502866591,2.705217
18.791528675829003,2.705089
18.798028685748,2.705324
18.804528695667003,2.705271
18.811028705586,2.705065
18.817528715505002,2.705287
18.824028725424,2.705364
18.830528735343,2.705153
18.837028745262,2.705226
18.843528755181,2.705125
18.850028765100003,2.704978
18.856528775019,2.704884
18.863028784938,2.705129
18.869528794857,2.70495
18.876028804776002,2.705098
18.882528814695004,2.705102
18.889028824614,2.705009
18.895528834533003,2.705184
18.902028844452,2.705052
18.908528854371003,2.70522
18.91502886429,2.705594
18.921528874209002,2.70521
18.928028884128,2.704924
18.934528894047002,2.705422
18.941028903966,2.705177
18.947528913885005,2.705326
18.954028923804,2.705314
18.960528933723,2.705215
18.967028943642,2.705074
18.973528953561,2.705107
18.980028963480002,2.705073
18.986528973399004,2.704929
18.993028983318002,2.705333
18.999528993237,2.704906
19.006029003156,2.704721
19.012529013075003,2.705127
19.019029022994,2.705001
19.025529032913003,2.704958
19.032029042832,2.705027
19.038529052751002,2.70512
19.04502906267,2.704754
19.051529072589002,2.705035
19.058029082508,2.70514
19.064529092427,2.704869
19.071029102346,2.704899
19.077529112265005,2.70507
19.084029122184003,2.705029
19.090529132103,2.705125
19.097029142022,2.705164
19.103529151941004,2.704868
19.110029161860002,2.705077
19.116529171779003,2.704632
19.123029181698,2.704709
19.129529191617003,2.705029
19.136029201536,2.704679
19.142529211455003,2.704511
19.149029221374,2.704711
19.155529231293002,2.704685
19.162029241212,2.704484
19.168529251131,2.704672
19.17502926105,2.70451
19.181529270969,2.704453
19.188029280888,2.704864
19.194529290807,2.704963
19.201029300726,2.704634
19.207529310645004,2.704742
19.214029320564002,2.704819
19.220529330483004,2.704547
19.227029340401998,2.704804
19.233529350321003,2.704642
19.24002936024,2.704605
19.246529370159003,2.704896
19.253029380078,2.7048
19.259529389997002,2.704835
19.266029399916,2.705037
19.272529409835002,2.704968
19.279029419754,2.704798
19.285529429673,2.704948
19.292029439592,2.704614
19.298529449511,2.704717
19.305029459430003,2.70522
19.311529469349004,2.705147
19.318029479268002,2.7054
19.324529489187,2.705364
19.331029499106002,2.704958
19.337529509025003,2.705095
19.344029518944,2.705302
19.350529528863003,2.705013
19.357029538782,2.704931
19.363529548701003,2.705218
19.37002955862,2.705343
19.376529568539002,2.70511
19.383029578458,2.705187
19.389529588377002,2.705054
19.396029598296,2.705049
19.402529608215,2.705194
19.409029618134003,2.704915
19.415529628053,2.704877
19.422029637972,2.705322
19.428529647891,2.705119
19.435029657810002,2.704916
19.441529667729004,2.705197
19.448029677648,2.704662
19.454529687567003,2.704862
19.461029697486,2.70511
19.467529707405003,2.705045
19.474029717324,2.705111
19.480529727243002,2.705432
19.487029737162,2.705186
19.493529747081002,2.705061
19.500029757,2.705393
19.506529766919,2.705004
19.513029776838,2.704636
19.519529786757,2.705055
19.526029796676,2.704508
19.532529806595004,2.704559
19.539029816514002,2.704857
19.545529826433004,2.704792
19.552029836352,2.704732
19.558529846271004,2.704924
19.56502985619,2.704437
19.571529866109003,2.704329
19.578029876028,2.704713
19.584529885947003,2.704412
19.591029895866,2.704185
19.597529905785002,2.704649
19.604029915704,2.704416
19.610529925623002,2.704597
19.617029935542,2.704627
19.623529945461,2.704198
19.63002995538,2.704182
19.636529965299005,2.704259
19.643029975218003,2.704108
19.649529985137,2.704234
19.656029995056,2.704655
19.662530004975004,2.704264
19.669030014894002,2.704511
19.675530024813003,2.704881
19.682030034732,2.704671
19.688530044651003,2.704711
19.69503005457,2.704849
19.701530064489003,2.704012
19.708030074408,2.704277
19.714530084327002,2.704568
19.721030094246,2.704278
19.727530104165,2.704151
19.734030114084003,2.704257
19.740530124003,2.703971
19.747030133922,2.703968
19.753530143841,2.704473
19.76003015376,2.704029
19.766530163679004,2.704118
19.773030173598002,2.704158
19.779530183517004,2.704145
19.786030193435998,2.704009
19.792530203355003,2.704478
19.799030213274,2.704367
19.805530223193003,2.703967
19.812030233112,2.704175
19.818530243031002,2.703858
19.82503025295,2.704028
19.831530262869002,2.704107
19.838030272788,2.70396
19.844530282707,2.704594
19.851030292626,2.704385
19.857530302545,2.704052
19.864030312464003,2.703989
19.870530322383004,2.704329
19.877030332302,2.704104
19.883530342221,2.70399
19.890030352140002,2.704331
19.896530362059003,2.704067
19.903030371978,2.703872
19.909530381897003,2.704137
19.916030391816,2.703759
19.922530401735003,2.703584
19.929030411654,2.703824
19.935530421573002,2.703258
19.942030431492,2.703743
19.948530441411002,2.704171
19.95503045133,2.703682
19.961530461249,2.703635
19.968030471168003,2.703954
19.974530481087,2.703729
19.981030491006,2.703719
19.987530500925,2.704242
19.994030510844002,2.703918
20.000530520763004,2.704015
20.007030530682,2.704185
20.013530540601003,2.703731
20.02003055052,2.70395
20.026530560439003,2.703901
20.033030570358,2.70359
20.039530580277003,2.703958
20.046030590196,2.704306
20.052530600115002,2.704074
20.059030610034,2.703766
20.065530619953,2.704029
20.072030629872,2.703454
20.078530639791,2.703519
20.08503064971,2.703612
20.091530659629004,2.703388
20.098030669548002,2.703526
20.104530679467004,2.703876
20.111030689386,2.70367
20.117530699305004,2.703551
20.124030709224,2.703704
20.130530719143003,2.703609
20.137030729062,2.703732
20.143530738981003,2.703902
20.1500307489,2.703753
20.156530758819002,2.703702
20.163030768738,2.703938
20.169530778657002,2.703669
20.176030788576,2.703948
20.182530798495,2.704151
20.189030808414,2.703604
20.195530818333005,2.703414
20.202030828252,2.70373
20.208530838171,2.703174
20.21503084809,2.703382
20.221530858009004,2.703446
20.228030867928002,2.703235
20.234530877847003,2.702993
20.241030887766,2.703653
20.247530897685003,2.703221
20.254030907604,2.703421
20.260530917523003,2.703696
20.267030927442,2.703403
20.273530937361002,2.703504
20.28003094728,2.703885
20.286530957199002,2.703476
20.293030967118,2.70336
20.299530977037,2.703501
20.306030986956,2.703107
20.312530996875,2.703232
20.319031006794003,2.703309
20.325531016713004,2.703077
20.332031026632002,2.703288
20.338531036551004,2.703586
20.34503104647,2.703433
20.351531056389003,2.703249
20.358031066308,2.703971
20.364531076227003,2.70352
20.371031086146,2.703436
20.377531096065002,2.703475
20.384031105984,2.703135
20.390531115903002,2.703149
20.397031125822,2.703502
20.403531135741,2.703367
20.41003114566,2.703096
20.416531155579,2.703444
20.423031165498003,2.703408
20.429531175417004,2.703444
20.436031185336,2.703375
20.442531195255,2.703118
20.449031205174002,2.703296
20.455531215093004,2.703353
20.462031225012,2.703092
20.468531234931003,2.703055
20.47503124485,2.703343
20.481531254769003,2.703013
20.488031264688,2.702941
20.494531274607002,2.703355
20.501031284526,2.702966
20.507531294445002,2.702777
20.514031304364,2.703178
20.520531314283005,2.702904
20.527031324202,2.702858
20.533531334121,2.703026
20.54003134404,2.702742
20.546531353959,2.703011
20.553031363878002,2.703324
20.559531373797004,2.702834
20.566031383716002,2.702272
20.572531393635,2.702822
20.579031403554,2.702437
20.585531413473003,2.702779
20.592031423392,2.703213
20.598531433311003,2.702678
20.60503144323,2.702767
20.611531453149002,2.702771
20.618031463068,2.702296
20.624531472987,2.702151
20.631031482906,2.702851
20.637531492825,2.702688
20.644031502744,2.702829
20.650531512663004,2.702922
20.657031522582002,2.702501
20.663531532501004,2.702606
20.67003154242,2.70274
20.676531552339004,2.702284
20.683031562258,2.702393
20.689531572177003,2.702809
20.696031582096,2.702621
20.702531592015003,2.702386
20.709031601934,2.702443
20.715531611853002,2.702389
20.722031621772,2.702393
20.728531631691002,2.702936
20.73503164161,2.702632
20.741531651529,2.702242
20.748031661448,2.70247
20.754531671367005,2.70225
20.761031681286,2.702188
20.767531691205,2.702418
20.774031701124,2.701913
20.780531711043004,2.701931
20.787031720962002,2.702121
20.793531730881003,2.701932
20.8000317408,2.701407
20.806531750719003,2.702016
20.813031760638,2.70203
20.819531770557003,2.702062
20.826031780476,2.70209
20.832531790395002,2.701759
20.839031800314,2.701852
20.845531810233002,2.702143
20.852031820152,2.701871
20.858531830071,2.701504
20.86503183999,2.701657
20.871531849909,2.701163
20.878031859828003,2.701354
20.884531869747004,2.701825
20.891031879666002,2.70158
20.897531889585,2.701453
20.904031899504,2.702167
20.910531909423003,2.701615
20.917031919342,2.701723
20.923531929261003,2.702029
20.93003193918,2.701632
20.936531949099003,2.701607
20.943031959018,2.7016
20.949531968937002,2.701165
20.956031978856,2.701273
20.962531988775,2.701349
20.969031998694,2.701035
20.975532008613,2.701072
20.982032018532003,2.7013
20.988532028451,2.701253
20.99503203837,2.701231
21.001532048289,2.701374
21.008032058208002,2.700961
21.014532068127004,2.70134
21.021032078046,2.701614
21.027532087965003,2.701375
21.034032097884,2.701404
21.040532107803003,2.701454
21.047032117722,2.701076
21.053532127641002,2.701542
21.06003213756,2.701586
21.066532147479002,2.701334
21.073032157398,2.701267
21.079532167317005,2.701678
21.086032177236,2.701323
21.092532187155,2.701173
21.099032197074,2.701571
21.105532206993004,2.701264
21.112032216912002,2.701298
21.118532226831004,2.701673
21.125032236750002,2.701294
21.131532246669003,2.701087
21.138032256588,2.70145
21.144532266507003,2.701092
21.151032276426,2.701215
21.157532286345003,2.701261
21.164032296264,2.701162
21.170532306183002,2.701088
21.177032316102,2.701342
21.183532326021002,2.701185
21.19003233594,2.701116
21.196532345859,2.701325
21.203032355778,2.701363
21.209532365697005,2.701211
21.216032375616003,2.701544
21.222532385535,2.701041
21.229032395454,2.701147
21.235532405373004,2.701513
21.242032415292,2.701274
21.248532425211003,2.700917
21.25503243513,2.701326
21.261532445049003,2.700729
21.268032454968,2.700783
21.274532464887002,2.701366
21.281032474806,2.700915
21.287532484725002,2.700867
21.294032494644,2.700827
21.300532504563,2.700506
21.307032514482,2.700512
21.313532524401005,2.700839
21.32003253432,2.700872
21.326532544239004,2.700911
21.333032554158,2.701194
21.339532564077,2.700834
21.346032573996002,2.700746
21.352532583915,2.701051
21.359032593834,2.700892
21.365532603753003,2.700947
21.372032613672,2.701231
21.378532623591003,2.701087
21.385032633509997,2.701114
21.391532643429002,2.701258
21.398032653348,2.70067
21.404532663267002,2.700938
21.411032673186,2.700971
21.417532683105005,2.700469
21.424032693024,2.700813
21.430532702943,2.70102
21.437032712862003,2.700433
21.443532722781,2.700484
21.450032732700002,2.700727
21.456532742619,2.700622
21.463032752538002,2.700441
21.469532762457003,2.700651
21.476032772375998,2.700438
21.482532782295003,2.70054
21.489032792214,2.700923
21.495532802133003,2.700313
21.502032812052,2.700918
21.508532821971006,2.700949
21.51503283189,2.700635
21.521532841809005,2.70071
21.528032851728,2.700995
21.534532861647,2.70058
21.541032871566003,2.700719
21.547532881485,2.700999
21.554032891404002,2.700622
21.560532901323,2.700561
21.567032911242002,2.701033
21.573532921161004,2.700746
21.580032931079998,2.700577
21.586532940999003,2.700998
21.593032950918,2.700894
21.599532960837003,2.700702
21.606032970756,2.70079
21.612532980675006,2.701035
21.619032990594,2.700904
21.625533000513002,2.701097
21.632033010432,2.70068
21.638533020351,2.700431
21.645033030270003,2.700757
21.651533040189,2.700238
21.658033050108003,2.700186
21.664533060027004,2.700482
21.671033069946,2.700353
21.677533079865004,2.700349
21.684033089784,2.700803
21.690533099703003,2.700556
21.697033109622,2.700113
21.703533119541003,2.700613
21.71003312946,2.700552
21.716533139379003,2.700554
21.723033149298,2.700598
21.729533159217002,2.70021
21.736033169136,2.700009
21.742533179055002,2.700126
21.749033188974003,2.699875
21.755533198893,2.700104
21.762033208812,2.700484
21.768533218731005,2.700161
21.77503322865,2.700098
21.781533238569004,2.700308
21.788033248488,2.700355
21.794533258407004,2.700243
21.801033268326,2.700346
21.807533278245,2.700246
21.814033288164,2.699975
21.820533298083003,2.699869
21.827033308002,2.699831
21.833533317921002,2.699421
21.840033327840008,2.699507
21.846533337759002,2.699434
21.853033347678,2.699613
21.859533357597,2.699735
21.866033367516,2.699062
21.872533377435005,2.699446
21.879033387354,2.699818
21.885533397273004,2.699518
21.892033407192002,2.699618
21.898533417111,2.699743
21.905033427030002,2.699703
21.911533436949,2.699613
21.918033446868,2.699882
21.924533456787003,2.699502
21.931033466706,2.699408
21.937533476625003,2.699728
21.944033486543997,2.699673
21.950533496463002,2.699528
21.957033506382,2.699593
21.963533516301002,2.699304
21.97003352622,2.699672
21.976533536139005,2.699846
21.983033546058,2.699246
21.989533555977,2.699116
21.996033565896003,2.699732
22.002533575815,2.699718
22.009033585734002,2.699493
22.015533595653,2.699789
22.022033605572002,2.699368
22.028533615491003,2.699184
22.035033625409998,2.699406
22.041533635329003,2.699261
22.048033645248,2.699442
22.054533655167003,2.699994
22.061033665086,2.699306
22.067533675005006,2.699142
22.074033684924,2.699674
22.080533694843,2.699203
22.087033704762,2.69926
22.093533714681,2.699449
22.100033724600003,2.699147
22.106533734519,2.699228
22.113033744438003,2.699607
22.119533754357,2.699079
22.126033764276,2.698768
22.132533774195004,2.699424
22.139033784113998,2.699251
22.145533794033003,2.699091
22.152033803952,2.69935
22.158533813871003,2.699092
22.16503382379,2.698937
22.171533833709,2.699
22.178033843628,2.698884
22.184533853547002,2.698894
22.191033863466,2.699252
22.197533873385,2.698936
22.204033883304003,2.69881
22.210533893223,2.698847
22.217033903142003,2.69873
22.223533913061004,2.698908
22.23003392298,2.699033
22.236533932899004,2.698459
22.243033942818,2.698882
22.249533952737004,2.698898
22.256033962656,2.698533
22.262533972575003,2.698509
22.269033982494,2.699039
22.275533992413003,2.698688
22.282034002332,2.698807
22.288534012251002,2.698852
22.295034022170007,2.698343
22.301534032089002,2.698622
22.308034042008003,2.698837
22.314534051927,2.698304
22.321034061846,2.698292
22.327534071765005,2.698962
22.334034081684,2.698679
22.340534091603004,2.699012
22.347034101522,2.699314
22.353534111441004,2.698901
22.360034121360002,2.69886
22.366534131279,2.699313
22.373034141198,2.698847
22.379534151117003,2.699162
22.386034161036,2.699117
22.392534170955003,2.698713
22.399034180874008,2.6987
22.405534190793002,2.699008
22.412034200712,2.698797
22.418534210631,2.698643
22.42503422055,2.698975
22.431534230469005,2.698698
22.438034240388,2.69888
22.444534250307004,2.699354
22.451034260226002,2.699255
22.457534270145,2.69911
22.464034280064002,2.699277
22.470534289983,2.6993
22.477034299902,2.69901
22.483534309821003,2.6989
22.49003431974,2.698774
22.496534329659003,2.698859
22.503034339578,2.699159
22.509534349497002,2.698799
22.516034359416,2.698435
22.522534369335002,2.698948
22.529034379254,2.69868
22.535534389173005,2.698741
22.542034399092,2.698802
22.548534409011,2.698549
22.555034418930003,2.698663
22.561534428849,2.698889
22.568034438768002,2.698671
22.574534448687,2.699128
22.581034458606002,2.699153
22.587534468525003,2.698801
22.594034478443998,2.698811
22.600534488363003,2.699159
22.607034498282,2.698752
22.613534508201003,2.6988
22.62003451812,2.698825
22.626534528039006,2.698158
22.633034537958,2.698413
22.639534547877002,2.698463
22.646034557796,2.698207
22.652534567715,2.698363
22.659034577634003,2.698324
22.665534587553,2.698361
22.672034597472003,2.698457
22.678534607391004,2.698608
22.68503461731,2.698106
22.691534627229004,2.698207
22.698034637147998,2.698795
22.704534647067003,2.698615
22.711034656986,2.698546
22.717534666905003,2.698484
22.724034676824,2.697635
22.730534686743,2.698022
22.737034696662,2.698415
22.743534706581002,2.69817
22.7500347165,2.698437
22.756534726419,2.698602
22.763034736338003,2.698181
22.769534746257,2.698407
22.776034756176,2.69834
22.782534766095004,2.698147
22.789034776014,2.697976
22.795534785933004,2.698207
22.802034795852,2.698152
22.808534805771004,2.698326
22.81503481569,2.698657
22.821534825609,2.698542
22.828034835528,2.698534
22.834534845447003,2.69842
22.841034855366,2.698065
22.847534865285002,2.697979
22.854034875204007,2.698231
22.860534885123002,2.697948
22.867034895042,2.698081
22.873534904961,2.698521
22.88003491488,2.698017
22.886534924799005,2.697935
22.893034934718,2.698669
22.899534944637004,2.698184
22.906034954556,2.698157
22.912534964475004,2.698221
22.919034974394002,2.69788
22.925534984313,2.698048
22.932034994232,2.698272
22.938535004151003,2.698245
22.94503501407,2.6981
22.951535023989003,2.69816
22.958035033908008,2.697963
22.964535043827002,2.69808
22.971035053746,2.698285
22.977535063665,2.698068
22.984035073584,2.698183
22.990535083503005,2.698532
22.997035093422,2.698084
23.003535103341004,2.698074
23.010035113260003,2.698197
23.016535123179,2.69806
23.023035133098002,2.698015
23.029535143017,2.698296
23.036035152936,2.697871
23.042535162855003,2.69834
23.049035172774,2.698415
23.055535182693003,2.698223
23.062035192612,2.69821
23.068535202531002,2.698414
23.07503521245,2.69818
23.081535222369006,2.697999
23.088035232288,2.698242
23.094535242207005,2.69804
23.101035252126,2.697946
23.107535262045,2.697978
23.114035271964003,2.697699
23.120535281883,2.697855
23.127035291802002,2.698019
23.133535301721,2.69758
23.140035311640002,2.697316
23.146535321559004,2.697426
23.153035331477998,2.697562
23.159535341397003,2.697564
23.166035351316,2.697675
23.172535361235003,2.697708
23.179035371154,2.69783
23.185535381073006,2.69776
23.192035390992,2.697524
23.198535400911002,2.697778
23.20503541083,2.69753
23.211535420749,2.697543
23.218035430668003,2.697617
23.224535440587,2.697464
23.231035450506003,2.697576
23.237535460425004,2.697174
23.244035470344,2.697194
23.250535480263004,2.697165
23.257035490182,2.697196
23.263535500101003,2.697186
23.27003551002,2.696663
23.276535519939003,2.696836
23.283035529858,2.697022
23.289535539777003,2.696793
23.296035549696,2.696645
23.302535559615002,2.696739
23.309035569534,2.696397
23.315535579453,2.696556
23.322035589372003,2.696455
23.328535599291,2.696424
23.33503560921,2.696949
23.341535619129004,2.697349
23.348035629048,2.696826
23.354535638967004,2.696826
23.361035648886,2.696687
23.367535658805004,2.696434
23.374035668724,2.696442
23.380535678643,2.696756
23.387035688562,2.696164
23.393535698481003,2.696244
23.4000357084,2.696579
23.406535718319002,2.696312
23.413035728238007,2.696406
23.419535738157002,2.696514
23.426035748076,2.696509
23.432535757995,2.696358
23.439035767914,2.696314
23.445535777833005,2.696069
23.452035787752,2.696043
23.458535797671004,2.695949
23.465035807590002,2.695708
23.471535817509,2.696062
23.478035827428002,2.696229
23.484535837347,2.69599
23.491035847266,2.696241
23.497535857185003,2.696186
23.504035867104,2.695363
23.510535877023003,2.69543
23.517035886941997,2.695545
23.523535896861002,2.695479
23.53003590678,2.69563
23.536535916699002,2.695279
23.543035926618,2.695545
23.549535936537005,2.695739
23.556035946456,2.695822
23.562535956375005,2.695882
23.569035966294003,2.69586
23.575535976213,2.69574
23.582035986132002,2.695659
23.588535996051,2.695571
23.59503600597,2.695433
23.601536015889003,2.695248
23.608036025808,2.695113
23.614536035727003,2.695259
23.621036045646,2.695476
23.627536055565002,2.695302
23.634036065484,2.6954
23.640536075403006,2.694799
23.647036085322,2.694952
23.653536095241005,2.694919
23.66003610516,2.694591
23.666536115079,2.694718
23.673036124998003,2.694852
23.679536134917,2.695012
23.686036144836002,2.695337
23.692536154755,2.695424
23.699036164674002,2.694899
23.705536174593004,2.695409
23.712036184511998,2.695195
23.718536194431003,2.694975
23.72503620435,2.695266
23.731536214269003,2.695134
23.738036224188,2.694949
23.744536234107006,2.695312
23.751036244026,2.694974
23.757536253945002,2.694778
23.764036263864,2.694886
23.770536273783,2.695034
23.777036283702003,2.694762
23.783536293621,2.695448
23.790036303540003,2.695195
23.796536313459004,2.695036
23.803036323378,2.695518
23.809536333297004,2.69542
23.816036343216,2.695243
23.822536353135003,2.695356
23.829036363054,2.695415
23.835536372973003,2.694974
23.842036382892,2.695238
23.848536392811003,2.695167
23.85503640273,2.695135
23.861536412649002,2.695246
23.868036422568007,2.694973
23.874536432487,2.694814
23.881036442406007,2.694839
23.887536452325,2.694932
23.894036462244,2.694762
23.900536472163004,2.69503
23.907036482082,2.694621
23.913536492001004,2.694417
23.92003650192,2.695
23.926536511839004,2.694773
23.933036521758,2.694515
23.939536531677,2.694566
23.946036541596,2.694512
23.952536551515003,2.694492
23.959036561434,2.694553
23.965536571353002,2.694112
23.972036581272008,2.694158
23.978536591191002,2.694807
23.98503660111,2.694679
23.991536611029,2.694812
23.998036620948,2.694757
24.004536630867005,2.694605
24.011036640786,2.694668
24.017536650705004,2.694587
24.024036660624002,2.694259
24.030536670543,2.694298
24.037036680462002,2.694889
24.043536690381,2.694503
24.0500367003,2.694624
24.056536710219003,2.69479
24.063036720138,2.694565
24.069536730057003,2.694408
24.076036739976,2.694561
24.082536749895002,2.694062
24.089036759814,2.694055
24.095536769733002,2.694443
24.102036779652,2.69388
24.108536789571005,2.69414
24.11503679949,2.694137
24.121536809409,2.694026
24.128036819328003,2.694286
24.134536829247,2.694469
24.141036839166002,2.694026
24.147536849085,2.694488
24.154036859004,2.694548
24.160536868923003,2.694427
24.167036878841998,2.69422
24.173536888761003,2.694597
24.18003689868,2.694341
24.186536908599003,2.694256
24.193036918518,2.694782
24.199536928437006,2.69419
24.206036938356,2.694147
24.212536948275,2.694473
24.219036958194,2.693983
24.225536968113,2.693975
24.232036978032003,2.694032
24.238536987951,2.693834
24.245036997870002,2.694059
24.251537007789004,2.694215
24.258037017708002,2.693965
24.264537027627004,2.694088
24.271037037545998,2.694449
24.277537047465003,2.694147
24.284037057384,2.693999
24.290537067303003,2.694453
24.297037077222,2.694207
24.303537087141006,2.694158
24.31003709706,2.69458
24.316537106979002,2.694381
24.323037116898,2.69398
24.329537126817,2.694336
24.336037136736007,2.694256
24.342537146655,2.694209
24.349037156574003,2.69469
24.355537166493004,2.694112
24.362037176412,2.694268
24.368537186331004,2.694591
24.37503719625,2.694376
24.381537206169003,2.694198
24.388037216088,2.694606
24.394537226007003,2.694311
24.401037235926,2.694222
24.407537245845003,2.694545
24.414037255764,2.694048
24.420537265683002,2.694254
24.427037275602007,2.694525
24.433537285521002,2.693865
24.440037295440007,2.693857
24.446537305359,2.694942
24.453037315278,2.69459
24.459537325197005,2.694128
24.466037335116,2.69424
24.472537345035004,2.69384
24.479037354954,2.694091
24.485537364873004,2.694243
24.492037374792,2.694271
24.498537384711,2.694333
24.50503739463,2.694669
24.511537404549003,2.69429
24.518037414468,2.69431
24.524537424387002,2.694193
24.531037434306008,2.693748
24.537537444225002,2.693752
24.544037454144,2.694235
24.550537464063,2.693921
24.557037473982,2.694094
24.563537483901005,2.694622
24.57003749382,2.694026
24.576537503739004,2.694497
24.583037513658002,2.69484
24.589537523577,2.694359
24.596037533496002,2.694417
24.602537543415,2.694652
24.609037553334,2.694574
24.615537563253003,2.694532
24.622037573172,2.69508
24.628537583091003,2.694778
24.63503759301,2.694667
24.641537602929002,2.694827
24.648037612848,2.694579
24.654537622767005,2.694682
24.661037632686,2.695077
24.667537642605005,2.694886
24.674037652524,2.694474
24.680537662443,2.694905
24.687037672362003,2.694548
24.693537682281,2.694391
24.700037692200002,2.694803
24.706537702119,2.694609
24.713037712038002,2.694619
24.719537721957003,2.694753
24.726037731875998,2.694497
24.732537741795003,2.694644
24.739037751714,2.695087
24.745537761633003,2.694876
24.752037771552,2.694877
24.758537781471006,2.69512
24.76503779139,2.694798
24.771537801309,2.694913
24.778037811228,2.694952
24.784537821147,2.694617
24.791037831066006,2.694726
24.797537840985,2.694798
24.804037850904002,2.694636
24.810537860823004,2.694623
24.817037870742,2.695136
24.823537880661004,2.694663
24.830037890579998,2.694492
24.836537900499003,2.694683
24.843037910418,2.694161
24.849537920337003,2.694314
24.856037930256,2.694582
24.862537940175002,2.694363
24.869037950094,2.694249
24.875537960013002,2.694394
24.882037969932,2.694439
24.888537979851,2.694611
24.895037989770007,2.695014
24.901537999689,2.694633
24.908038009608,2.694456
24.914538019527004,2.694959
24.921038029446,2.69436
24.927538039365004,2.694508
24.934038049284,2.694819
24.940538059203003,2.694257
24.947038069122,2.694283
24.953538079041003,2.69498
24.96003808896,2.694533
24.966538098879003,2.694575
24.973038108798,2.69481
24.979538118717002,2.694098
24.986038128636007,2.694311
24.992538138555002,2.694556
24.999038148474007,2.693753
25.005538158393,2.693838
25.012038168312,2.694106
25.018538178231005,2.693697
25.02503818815,2.694096
25.031538198069004,2.694148
25.038038207988002,2.693804
25.044538217907004,2.69396
25.051038227826,2.694043
25.057538237745,2.693959
25.064038247664,2.693946
25.070538257583003,2.694118
25.077038267502,2.693638
25.083538277421003,2.693532
25.090038287340008,2.693815
25.096538297259002,2.693615
25.103038307178,2.693449
25.109538317097,2.693926
25.116038327016,2.694044
25.122538336935005,2.693981
25.129038346854,2.694324
25.135538356773004,2.693651
25.142038366692002,2.693611
25.148538376611,2.694
25.155038386530002,2.693561
25.161538396449,2.693449
25.168038406368,2.693933
25.174538416287003,2.693615
25.181038426206,2.693582
25.187538436125003,2.693968
25.194038446044,2.693457
25.200538455963002,2.69349
25.207038465882,2.693939
25.213538475801005,2.693099
25.22003848572,2.693288
25.226538495639005,2.693804
25.233038505558,2.693543
25.239538515477,2.693247
25.246038525396003,2.693964
25.252538535315,2.693659
25.259038545234002,2.693877
25.265538555153,2.694193
25.272038565072002,2.693581
25.278538574991003,2.693689
25.285038584909998,2.693879
25.291538594829003,2.693564
25.298038604748,2.693611
25.304538614667003,2.693765
25.311038624586,2.693331
25.317538634505006,2.6933
25.324038644424,2.693409
25.330538654343002,2.693484
25.337038664262,2.693873
25.343538674181,2.693857
25.350038684100006,2.69368
25.356538694019,2.694044
25.363038703938003,2.694016
25.369538713857004,2.693764
25.376038723776,2.693777
25.382538733695004,2.693578
25.389038743613998,2.69345
25.395538753533003,2.69349
25.402038763452,2.693777
25.408538773371003,2.693309
25.41503878329,2.693564
25.421538793209002,2.693589
25.428038803128,2.693414
25.434538813047002,2.693548
25.441038822966007,2.693323
25.447538832885,2.693183
25.454038842804007,2.693312
25.460538852723,2.693645
25.467038862642,2.693429
25.473538872561004,2.69326
25.48003888248,2.693781
25.486538892399004,2.693526
25.493038902318,2.693495
25.499538912237004,2.693824
25.506038922156,2.693911
25.512538932075,2.693721
25.519038941994,2.694046
25.525538951913003,2.693316
25.532038961832,2.693515
25.538538971751002,2.693626
25.545038981670007,2.693599
25.551538991589002,2.693438
25.558039001508,2.693696
25.564539011427,2.692775
25.571039021346,2.692819
25.577539031265005,2.693387
25.584039041184,2.692927
25.590539051103004,2.692904
25.597039061022002,2.693296
25.603539070941004,2.693095
25.610039080860002,2.692926
25.616539090779,2.693438
25.623039100698,2.692977
25.629539110617003,2.693316
25.636039120536,2.693869
25.642539130455003,2.693304
25.649039140374008,2.693217
25.655539150293002,2.693241
25.662039160212,2.693087
25.668539170131,2.693184
25.67503918005,2.693381
25.681539189969005,2.693081
25.688039199888,2.6929
25.694539209807004,2.693111
25.701039219726002,2.692881
25.707539229645,2.692907
25.714039239564002,2.693126
25.720539249483,2.69277
25.727039259402,2.692514
25.733539269321003,2.692641
25.74003927924,2.692752
25.746539289159003,2.69275
25.753039299078,2.692752
25.759539308997002,2.692441
25.766039318916,2.692421
25.772539328835006,2.692802
25.779039338754,2.692317
25.785539348673005,2.692075
25.792039358592,2.692481
25.798539368511,2.692264
25.805039378430006,2.692371
25.811539388349,2.692513
25.818039398268002,2.691976
25.824539408187004,2.692222
25.831039418106002,2.692229
25.837539428025003,2.692043
25.844039437943998,2.692304
25.850539447863003,2.69277
25.857039457782,2.692178
25.863539467701003,2.692327
25.87003947762,2.692711
25.876539487539006,2.692187
25.883039497458,2.692379
25.889539507377002,2.692625
25.896039517296,2.692743
25.902539527215,2.692574
25.909039537134007,2.692611
25.915539547053,2.692568
25.922039556972006,2.692689
25.928539566891004,2.692925
25.93503957681,2.692373
25.941539586729004,2.692497
25.948039596647998,2.692696
25.954539606567003,2.692567
25.961039616486,2.692207
25.967539626405003,2.692727
25.974039636324,2.69236
25.980539646243002,2.692302
25.987039656162,2.692749
25.993539666081002,2.692595
26.000039676000007,2.692514
26.006539685919,2.692569
26.013039695838007,2.692
26.019539705757,2.69227
26.026039715676,2.692505
26.032539725595004,2.692529
26.039039735514,2.692415
26.045539745433004,2.692665
26.052039755352,2.692451
26.058539765271004,2.692273
26.06503977519,2.692478
26.071539785109,2.691951
26.078039795028,2.692455
26.084539804947003,2.692854
26.091039814866,2.692184
26.097539824785002,2.69202
26.104039834704007,2.692386
26.110539844623002,2.692161
26.117039854542,2.692257
26.123539864461,2.692842
26.13003987438,2.692343
26.136539884299005,2.692126
26.143039894218,2.692427
26.149539904137004,2.692286
26.156039914056002,2.692437
26.162539923975,2.69261
26.169039933894002,2.692448
26.175539943813,2.692352
26.182039953732,2.69245
26.188539963651003,2.692177
26.19503997357,2.692258
26.201539983489003,2.692509
26.208039993408,2.69243
26.214540003327002,2.692133
26.221040013246,2.692553
26.227540023165005,2.692194
26.234040033084,2.691958
26.240540043003005,2.691881
26.247040052922,2.691739
26.253540062841,2.691662
26.260040072760006,2.691808
26.266540082679,2.691416
26.273040092598002,2.691502
26.279540102517,2.69137
26.286040112436,2.69155
26.292540122355003,2.691208
26.299040132274,2.6914
26.305540142193003,2.69101
26.312040152112,2.69122
26.318540162031002,2.691646
26.32504017195,2.691206
26.331540181869006,2.690753
26.338040191788,2.691112
26.344540201707005,2.690878
26.351040211626,2.69096
26.357540221545,2.691322
26.364040231464006,2.691132
26.370540241383,2.691046
26.377040251302002,2.690987
26.383540261221004,2.690747
26.390040271140002,2.69066
26.396540281059004,2.690988
26.403040290977998,2.690936
26.409540300897003,2.690777
26.416040310816,2.690941
26.422540320735003,2.690906
26.429040330654,2.690618
26.435540340573006,2.690877
26.442040350492,2.690547
26.448540360411002,2.690667
26.45504037033,2.691005
26.461540380249,2.690476
26.468040390168007,2.690419
26.474540400087,2.690929
26.481040410006006,2.690691
26.487540419925004,2.690617
26.494040429844,2.690802
26.500540439763004,2.690632
26.507040449682,2.690528
26.513540459601003,2.691317
26.52004046952,2.691265
26.526540479439003,2.691201
26.533040489358,2.691413
26.539540499277003,2.690596
26.546040509196,2.690813
26.552540519115002,2.691145
26.559040529034007,2.69068
26.565540538953,2.690912
26.572040548872007,2.691212
26.578540558791,2.690593
26.58504056871,2.690579
26.591540578629004,2.690621
26.598040588548,2.690497
26.604540598467004,2.690191
26.611040608386002,2.690627
26.617540618305004,2.690564
26.624040628224,2.690373
26.630540638143,2.69079
26.637040648062,2.6902
26.643540657981003,2.690351
26.6500406679,2.69054
26.656540677819002,2.689825
26.663040687738008,2.689854
26.669540697657002,2.690259
26.676040707576,2.689591
26.682540717495,2.689483
26.689040727414,2.689906
26.695540737333005,2.689494
26.702040747252,2.689796
26.708540757171004,2.690041
26.715040767090006,2.68963
26.721540777009,2.68951
26.728040786928002,2.689734
26.734540796847,2.689442
26.741040806766,2.689565
26.747540816685003,2.689757
26.754040826604,2.689318
26.760540836523003,2.689378
26.767040846442,2.689538
26.773540856361002,2.68916
26.78004086628,2.689319
26.786540876199005,2.689882
26.793040886118,2.689237
26.799540896037005,2.689369
26.806040905956,2.689354
26.812540915875,2.688819
26.819040925794006,2.688605
26.825540935713,2.6889
26.832040945632002,2.688634
26.838540955551,2.688827
26.84504096547,2.689224
26.851540975389003,2.688677
26.858040985307998,2.688892
26.864540995227003,2.688906
26.871041005146,2.688738
26.877541015065002,2.688731
26.884041024984,2.688884
26.890541034903006,2.688703
26.897041044822,2.688856
26.903541054741,2.68909
26.91004106466,2.688577
26.916541074579,2.688567
26.923041084498006,2.688974
26.929541094417,2.688625
26.936041104336006,2.688468
26.942541114255004,2.688908
26.949041124174,2.688513
26.955541134093004,2.688657
26.962041144011998,2.688655
26.968541153931003,2.68838
26.97504116385,2.688384
26.981541173769003,2.688594
26.988041183688,2.688522
26.994541193607006,2.688551
27.001041203526,2.689018
27.007541213445002,2.688772
27.014041223364007,2.688928
27.020541233283,2.688876
27.027041243202007,2.688732
27.033541253121,2.688542
27.040041263040006,2.688999
27.046541272959004,2.688935
27.053041282878,2.688549
27.059541292797004,2.68901
27.066041302716,2.68869
27.072541312635003,2.689014
27.079041322554,2.689125
27.085541332473003,2.688818
27.092041342392,2.688724
27.098541352311003,2.688725
27.10504136223,2.688475
27.111541372149002,2.688371
27.118041382068007,2.688774
27.124541391987,2.688507
27.131041401906007,2.688571
27.137541411825,2.688728
27.144041421744,2.688351
27.150541431663004,2.688317
27.157041441582,2.68881
27.163541451501004,2.688145
27.170041461420002,2.688322
27.176541471339004,2.688768
27.183041481258,2.688438
27.189541491177,2.688195
27.196041501096,2.688345
27.202541511015003,2.688101
27.209041520934,2.688272
27.215541530853002,2.688616
27.222041540772008,2.688131
27.228541550691002,2.68847
27.23504156061,2.688414
27.241541570529,2.687923
27.248041580448,2.688251
27.254541590367005,2.688451
27.261041600286,2.68828
27.267541610205004,2.688197
27.274041620124006,2.688308
27.280541630043,2.688123
27.287041639962002,2.688002
27.293541649881,2.688599
27.3000416598,2.688504
27.306541669719003,2.688263
27.313041679638,2.688547
27.319541689557003,2.688108
27.326041699476,2.688024
27.332541709395002,2.688144
27.339041719314,2.687939
27.345541729233005,2.687905
27.352041739152,2.688281
27.358541749071005,2.687899
27.36504175899,2.687793
27.371541768909,2.68771
27.378041778828006,2.687479
27.384541788747,2.6877
27.391041798666006,2.687845
27.397541808585004,2.687529
27.404041818504002,2.687357
27.410541828423003,2.68765
27.417041838341998,2.68733
27.423541848261003,2.687515
27.43004185818,2.688
27.436541868099003,2.687739
27.443041878018,2.687605
27.449541887937006,2.688005
27.456041897856,2.687405
27.462541907775,2.687632
27.469041917694,2.687886
27.475541927613,2.687374
27.482041937532006,2.687105
27.488541947451,2.687433
27.495041957370006,2.686982
27.501541967289004,2.687163
27.508041977208,2.68732
27.514541987127004,2.68716
27.521041997045998,2.687268
27.527542006965003,2.68733
27.534042016884,2.687022
27.540542026803003,2.687326
27.547042036722,2.687779
27.553542046641002,2.687365
27.56004205656,2.687609
27.566542066479002,2.687683
27.573042076398007,2.687288
27.579542086317,2.687359
27.586042096236007,2.687552
27.592542106155,2.687226
27.599042116074,2.687401
27.605542125993004,2.687489
27.612042135912,2.687242
27.618542145831004,2.687252
27.62504215575,2.687192
27.631542165669003,2.686891
27.638042175588,2.68706
27.644542185507,2.687486
27.651042195426,2.687332
27.657542205345003,2.687989
27.664042215264,2.687695
27.670542225183002,2.687493
27.677042235102007,2.687678
27.683542245021002,2.687721
27.690042254940007,2.687275
27.696542264859,2.68707
27.703042274778,2.687165
27.709542284697005,2.686943
27.716042294616,2.686832
27.722542304535004,2.687127
27.729042314454006,2.687019
27.735542324373004,2.687241
27.742042334292,2.687172
27.748542344211,2.686826
27.75504235413,2.686969
27.761542364049003,2.687014
27.768042373968,2.686717
27.774542383887002,2.686624
27.781042393806008,2.687176
27.787542403725002,2.686984
27.794042413644,2.686726
27.800542423563005,2.686943
27.807042433482,2.686552
27.813542443401005,2.686692
27.82004245332,2.686424
27.826542463239004,2.686428
27.833042473158006,2.686401
27.839542483077,2.686806
27.846042492996006,2.686664
27.852542502915,2.686679
27.859042512834,2.686742
27.865542522753003,2.686393
27.872042532672,2.686463
27.878542542591003,2.686961
27.88504255251,2.686623
27.891542562429002,2.686963
27.898042572348,2.686935
27.904542582267005,2.68646
27.911042592186,2.686729
27.917542602105005,2.686988
27.924042612024,2.687072
27.930542621943,2.686916
27.937042631862006,2.686916
27.943542641781,2.686705
27.950042651700006,2.686815
27.956542661619004,2.687201
27.963042671538002,2.686818
27.969542681457003,2.686894
27.976042691375998,2.686997
27.982542701295003,2.686583
27.989042711214,2.68688
27.995542721133003,2.687134
28.002042731052,2.686835
28.008542740971006,2.686673
28.01504275089,2.686767
28.021542760809,2.686604
28.028042770728,2.686689
28.034542780647,2.686666
28.041042790566006,2.68643
28.047542800485,2.686679
28.054042810404006,2.686464
28.060542820323004,2.68644
28.067042830242,2.686852
28.073542840161004,2.686997
28.080042850079998,2.686603
28.086542859999003,2.686724
28.093042869918,2.686691
28.099542879837003,2.68654
28.106042889756,2.686702
28.112542899675002,2.686787
28.119042909594,2.686759
28.125542919513002,2.686595
28.132042929432007,2.686604
28.138542939351,2.686319
28.145042949270007,2.686597
28.151542959189,2.686712
28.158042969108,2.686538
28.164542979027004,2.686776
28.171042988946,2.686756
28.177542998865004,2.686654
28.184043008784005,2.687075
28.190543018703003,2.687098
28.197043028622,2.686492
28.203543038541,2.686709
28.21004304846,2.68663
28.216543058379003,2.686403
28.223043068298,2.68645
28.229543078217002,2.686338
28.236043088136007,2.686481
28.242543098055002,2.686871
28.249043107974,2.68662
28.255543117893,2.686546
28.262043127812,2.686738
28.268543137731005,2.686756
28.27504314765,2.686365
28.281543157569004,2.686446
28.288043167488006,2.686276
28.294543177407,2.686253
28.301043187326,2.686526
28.307543197245,2.686391
28.314043207164,2.686655
28.320543217083003,2.687064
28.327043227002,2.686547
28.333543236921003,2.686442
28.340043246840008,2.68653
28.346543256759002,2.68673
28.353043266678,2.686806
28.359543276597005,2.686976
28.366043286516,2.686728
28.372543296435005,2.686519
28.379043306354,2.686532
28.385543316273004,2.686516
28.392043326192006,2.686533
28.398543336111,2.686596
28.405043346030006,2.686701
28.411543355949,2.68653
28.418043365868,2.686723
28.424543375787003,2.686744
28.431043385706,2.686762
28.437543395625003,2.68701
28.444043405544,2.686777
28.450543415463002,2.686474
28.457043425382,2.686947
28.463543435301006,2.686793
28.47004344522,2.686709
28.476543455139005,2.687207
28.483043465058,2.68661
28.489543474977,2.686237
28.496043484896006,2.686512
28.502543494815,2.686425
28.509043504734006,2.686107
28.515543514653004,2.686847
28.522043524572005,2.686483
28.528543534491003,2.686314
28.535043544409998,2.68656
28.541543554329003,2.686122
28.548043564248,2.68635
28.554543574167003,2.686736
28.561043584086,2.686429
28.567543594005006,2.686706
28.574043603924,2.687057
28.580543613843002,2.686792
28.587043623762007,2.686713
28.593543633681,2.686732
28.600043643600007,2.686519
28.606543653519,2.686282
28.613043663438006,2.686752
28.619543673357004,2.686263
28.626043683276,2.686265
28.632543693195004,2.686489
28.639043703113998,2.686197
28.645543713033003,2.686144
28.652043722952,2.686295
28.658543732871003,2.686572
28.66504374279,2.686557
28.671543752709002,2.686809
28.678043762628,2.686479
28.684543772547002,2.686082
28.691043782466007,2.686502
28.697543792385,2.686273
28.704043802304007,2.686157
28.710543812223,2.686018
28.717043822142,2.685655
28.723543832061004,2.685616
28.73004384198,2.685721
28.736543851899004,2.68589
28.743043861818006,2.685593
28.749543871737004,2.685903
28.756043881656,2.685781
28.762543891575,2.685494
28.769043901494,2.685539
28.775543911413003,2.685171
28.782043921332,2.685241
28.788543931251002,2.685842
28.795043941170007,2.685453
28.801543951089002,2.685615
28.808043961008,2.686082
28.814543970927,2.685608
28.821043980846,2.685963
28.827543990765005,2.685989
28.834044000684,2.685737
28.840544010603004,2.685839
28.847044020522006,2.685933
28.853544030441,2.68623
28.860044040360005,2.685915
28.866544050279,2.68655
28.873044060198,2.686203
28.879544070117003,2.686164
28.886044080036,2.686302
28.892544089955003,2.686119
28.899044099874,2.686006
28.905544109793002,2.686048
28.912044119712,2.685608
28.918544129631005,2.685536
28.92504413955,2.686182
28.931544149469005,2.685691
28.938044159388,2.685219
28.944544169307,2.685827
28.951044179226006,2.685463
28.957544189145,2.685522
28.964044199064006,2.686138
28.970544208983004,2.685761
28.977044218902005,2.686032
28.983544228821003,2.686384
28.990044238739998,2.685756
28.996544248659003,2.685704
29.003044258578,2.686199
29.009544268497002,2.685484
29.016044278416,2.685086
29.022544288335006,2.685735
29.029044298254,2.685479
29.035544308173005,2.685179
29.042044318092,2.685449
29.048544328011,2.685209
29.055044337930006,2.684875
29.061544347849,2.685449
29.068044357768006,2.685139
29.074544367687004,2.68487
29.081044377606005,2.684947
29.087544387525003,2.684758
29.094044397443998,2.685035
29.100544407363003,2.685033
29.107044417282,2.68465
29.113544427201003,2.684588
29.12004443712,2.684582
29.126544447039006,2.684109
29.133044456958,2.684319
29.139544466877002,2.684616
29.146044476796007,2.684616
29.152544486715,2.684343
29.159044496634007,2.684673
29.165544506553,2.68467
29.172044516472006,2.684823
29.178544526391004,2.685444
29.18504453631,2.68512
29.191544546229004,2.68513
29.198044556147998,2.685367
29.204544566067003,2.684919
29.211044575986,2.685393
29.217544585905003,2.685612
29.224044595824,2.684942
29.230544605743003,2.685076
29.237044615662,2.685272
29.243544625581002,2.685045
29.250044635500007,2.684938
29.256544645419,2.685137
29.263044655338007,2.684787
29.269544665257,2.684745
29.276044675176,2.685398
29.282544685095004,2.685255
29.289044695014,2.685246
29.295544704933004,2.685315
29.302044714852006,2.685093
29.308544724771004,2.685073
29.315044734690005,2.685117
29.321544744609,2.684867
29.328044754528,2.685011
29.334544764447003,2.685216
29.341044774366,2.685267
29.347544784285002,2.685249
29.354044794204007,2.685573
29.360544804123002,2.685323
29.367044814042,2.68511
29.373544823961005,2.685127
29.38004483388,2.684791
29.386544843799005,2.684971
29.393044853718,2.685189
29.399544863637004,2.68496
29.406044873556006,2.685209
29.412544883475,2.68565
29.419044893394005,2.685305
29.425544903313,2.685106
29.432044913232,2.685048
29.438544923151003,2.684664
29.44504493307,2.68474
29.451544942989003,2.685161
29.458044952908,2.684725
29.464544962827002,2.684952
29.471044972746,2.685113
29.477544982665005,2.684876
29.484044992584,2.684925
29.490545002503005,2.685513
29.497045012422,2.684968
29.503545022341,2.685144
29.510045032260006,2.685299
29.516545042179,2.684604
29.523045052098006,2.684678
29.529545062017004,2.685054
29.536045071936005,2.685201
29.542545081855003,2.685091
29.549045091773998,2.685152
29.555545101693003,2.685122
29.562045111612,2.685098
29.568545121531002,2.685331
29.57504513145,2.685014
29.581545141369006,2.684885
29.588045151288,2.685008
29.594545161207,2.684685
29.601045171126,2.68481
29.607545181045,2.685281
29.614045190964006,2.685024
29.620545200883,2.685046
29.627045210802006,2.685667
29.633545220721004,2.6854
29.64004523064,2.685412
29.646545240559004,2.685585
29.653045250477998,2.68517
29.659545260397003,2.684964
29.666045270316,2.685397
29.672545280235003,2.68487
29.679045290154,2.684975
29.685545300073002,2.685215
29.692045309992,2.685018
29.698545319911002,2.684979
29.705045329830007,2.685199
29.711545339749,2.685133
29.718045349668007,2.685065
29.724545359587,2.685253
29.731045369506006,2.684941
29.737545379425004,2.684779
29.744045389344,2.685003
29.750545399263004,2.68499
29.757045409182005,2.684896
29.763545419101003,2.685282
29.770045429020005,2.685214
29.776545438939007,2.685156
29.783045448858,2.685629
29.789545458777003,2.685038
29.796045468696,2.685189
29.802545478615002,2.685457
29.809045488534007,2.685237
29.815545498453,2.684973
29.822045508372007,2.685507
29.828545518291,2.685143
29.83504552821,2.685254
29.841545538129004,2.685266
29.848045548048,2.685225
29.854545557967004,2.685282
29.861045567886006,2.685667
29.867545577805004,2.685544
29.874045587724005,2.685305
29.880545597643,2.685234
29.887045607562,2.685338
29.893545617481003,2.6855
29.9000456274,2.685308
29.906545637319002,2.685222
29.913045647238008,2.685263
29.919545657157002,2.685355
29.926045667076,2.6854
29.932545676995005,2.68538
29.939045686914,2.685587
29.945545696833005,2.685375
29.952045706752,2.684801
29.958545716671004,2.685349
29.965045726590006,2.685067
29.971545736509,2.685389
29.978045746428005,2.685745
29.984545756347,2.685197
29.991045766266005,2.685159
29.997545776185003,2.68573
30.004045786104,2.685414
30.010545796023003,2.685263
30.017045805942,2.68545
30.023545815861002,2.685031
30.03004582578,2.685138
30.036545835699005,2.685512
30.043045845618,2.685134
30.049545855537005,2.685021
30.056045865456,2.685161
30.062545875375,2.685006
30.069045885294006,2.685139
30.075545895213,2.685205
30.082045905132006,2.685205
30.088545915051004,2.685189
30.095045924970005,2.685477
30.101545934889003,2.684973
30.108045944807998,2.684908
30.114545954727003,2.685153
30.121045964646,2.685055
30.127545974565002,2.685098
30.134045984484,2.68532
30.140545994403006,2.685168
30.147046004322,2.685107
30.153546014241,2.685307
30.160046024160007,2.685036
30.166546034079,2.685043
30.173046043998006,2.685274
30.179546053917,2.685297
30.186046063836006,2.685555
30.192546073755004,2.685686
30.199046083674,2.685266
30.205546093593004,2.685357
30.212046103511998,2.685523
30.218546113431003,2.685096
30.22504612335,2.685273
30.231546133269003,2.685516
30.238046143188,2.684963
30.244546153107002,2.684797
30.251046163026,2.684949
30.257546172945002,2.68458
30.264046182864007,2.684934
30.270546192783,2.685344
30.277046202702007,2.684848
30.283546212621,2.684611
30.29004622254,2.684971
30.296546232459004,2.68476
30.303046242378,2.6846
30.309546252297004,2.684783
30.316046262216005,2.684576
30.322546272135003,2.684703
30.329046282054005,2.685178
30.335546291973,2.684538
30.342046301892,2.685109
30.348546311811003,2.685564
30.35504632173,2.685072
30.361546331649002,2.685223
30.368046341568007,2.685412
30.374546351487,2.685015
30.381046361406007,2.684878
30.387546371325,2.685126
30.394046381244,2.684983
30.400546391163005,2.684762
30.407046401082,2.685182
30.413546411001004,2.685042
30.420046420920006,2.685205
30.426546430839004,2.68543
30.433046440758005,2.684865
30.439546450677,2.68505
30.446046460596005,2.685162
30.452546470515003,2.684755
30.459046480434,2.684971
30.465546490353002,2.685157
30.472046500272008,2.685163
30.478546510191002,2.684871
30.48504652011,2.685495
30.491546530029005,2.684876
30.498046539948,2.684853
30.504546549867005,2.68516
30.511046559786,2.684959
30.517546569705004,2.684982
30.524046579624006,2.685051
30.530546589543,2.684481
30.537046599462006,2.684607
30.543546609381004,2.684684
30.550046619300005,2.684607
30.556546629219003,2.684718
30.56304663913801,2.685089
30.569546649057003,2.68485
30.576046658976,2.684672
30.582546668895002,2.684993
30.589046678814,2.684421
30.595546688733005,2.685095
30.602046698652,2.685344
30.608546708571005,2.684889
30.61504671849,2.684693
30.621546728409,2.684931
30.628046738328006,2.684479
30.634546748247,2.684487
30.641046758166006,2.684614
30.647546768085004,2.684269
30.654046778004005,2.684518
30.660546787923003,2.684726
30.667046797841998,2.684132
30.673546807761003,2.684376
30.68004681768,2.684696
30.686546827599003,2.684411
30.693046837518,2.684223
30.699546847437006,2.684587
30.706046857356,2.684206
30.712546867275,2.684246
30.719046877194007,2.684795
30.725546887113,2.684481
30.732046897032006,2.684139
30.738546906951,2.684241
30.745046916870006,2.683915
30.751546926789004,2.683919
30.758046936708,2.684472
30.764546946627004,2.684397
30.771046956545998,2.68432
30.777546966465003,2.684704
30.784046976384005,2.684255
30.790546986303003,2.684129
30.797046996222,2.684641
30.803547006141002,2.684109
30.81004701606,2.684104
30.816547025979002,2.684397
30.823047035898007,2.684326
30.829547045817,2.684454
30.836047055736007,2.684959
30.842547065655,2.684405
30.849047075574,2.684332
30.855547085493004,2.684378
30.862047095412,2.684081
30.868547105331004,2.684283
30.875047115250005,2.684966
30.881547125169003,2.684519
30.888047135088005,2.684446
30.894547145007,2.684685
30.901047154926005,2.684526
30.907547164845003,2.684244
30.914047174764,2.684971
30.920547184683002,2.684112
30.927047194602007,2.684011
30.933547204521002,2.684231
30.94004721444,2.683938
30.946547224359005,2.683782
30.953047234278,2.684456
30.959547244197005,2.683949
30.966047254116,2.683681
30.972547264035004,2.684248
30.979047273954006,2.684087
30.985547283873,2.684351
30.992047293792005,2.684379
30.998547303711,2.684095
31.005047313630005,2.68404
31.011547323549003,2.684212
31.018047333468,2.68391
31.024547343387002,2.684117
31.031047353306,2.684322
31.037547363225002,2.683767
31.044047373144,2.683711
31.050547383063005,2.683923
31.057047392982,2.683797
31.063547402901005,2.683946
31.07004741282,2.684286
31.076547422739004,2.68402
31.083047432658006,2.684154
31.089547442577,2.684168
31.096047452496006,2.68345
31.102547462415004,2.683809
31.109047472334005,2.684081
31.115547482253003,2.683589
31.12204749217201,2.683594
31.128547502091003,2.683785
31.13504751201,2.68377
31.141547521929002,2.683717
31.148047531848,2.684037
31.154547541767005,2.683759
31.161047551686,2.683866
31.167547561605005,2.684265
31.174047571524,2.683939
31.180547581443,2.683939
31.187047591362006,2.68404
31.193547601281,2.683897
31.200047611200006,2.683713
31.206547621119004,2.684117
31.213047631038005,2.683738
31.219547640957003,2.68391
31.226047650875998,2.683996
31.232547660795003,2.683701
31.239047670714005,2.683945
31.245547680633003,2.684321
31.252047690552,2.684006
31.258547700471006,2.683874
31.26504771039,2.684261
31.271547720309,2.683546
31.278047730228007,2.683511
31.284547740147,2.683904
31.291047750066006,2.684045
31.297547759985,2.683971
31.304047769904006,2.684216
31.310547779823004,2.683892
31.317047789742,2.684153
31.323547799661004,2.684537
31.330047809580005,2.684147
31.336547819499003,2.683924
31.343047829418005,2.684168
31.349547839337006,2.683578
31.356047849256,2.683757
31.362547859175002,2.683893
31.369047869094,2.683461
31.375547879013002,2.683231
31.382047888932007,2.683633
31.388547898851,2.683312
31.395047908770007,2.683316
31.401547918689,2.683843
31.408047928608,2.683446
31.414547938527004,2.683433
31.421047948446,2.684099
31.427547958365004,2.6837
31.434047968284005,2.683802
31.440547978203004,2.684193
31.447047988122005,2.683722
31.453547998041,2.68389
31.460048007960005,2.684257
31.466548017879003,2.683945
31.473048027798,2.684127
31.479548037717002,2.684114
31.486048047636007,2.683589
31.492548057555002,2.683892
31.499048067474,2.684128
31.505548077393005,2.683632
31.512048087312,2.683755
31.518548097231005,2.684014
31.52504810715,2.683727
31.531548117069004,2.683851
31.538048126988006,2.684149
31.544548136907,2.683987
31.551048146826005,2.68404
31.557548156745,2.684277
31.564048166664005,2.68372
31.570548176583003,2.683629
31.577048186502005,2.684011
31.583548196421003,2.683627
31.59004820634,2.683964
31.596548216259002,2.684392
31.603048226178,2.683899
31.609548236097005,2.683631
31.616048246016,2.683919
31.622548255935005,2.683231
31.629048265854,2.683449
31.635548275773,2.683779
31.642048285692006,2.683847
31.648548295611,2.683971
31.655048305530006,2.683964
31.661548315449004,2.683742
31.668048325368005,2.683662
31.674548335287003,2.683959
31.681048345205998,2.683513
31.687548355125003,2.683519
31.694048365044004,2.683501
31.700548374963002,2.683285
31.707048384882,2.683532
31.713548394801006,2.683665
31.72004840472,2.683709
31.726548414639,2.68349
31.733048424558007,2.683742
31.739548434477,2.683571
31.746048444396006,2.683503
31.752548454315,2.683815
31.759048464234006,2.683277
31.765548474153004,2.683158
31.772048484072005,2.683548
31.778548493991003,2.683437
31.785048503909998,2.68318
31.791548513829003,2.683423
31.798048523748005,2.683338
31.804548533667003,2.683393
31.811048543586,2.683668
31.817548553505006,2.683343
31.824048563424,2.683358
31.830548573343002,2.683769
31.837048583262007,2.68342
31.843548593181,2.683215
31.850048603100007,2.683425
31.856548613019,2.683089
31.863048622938006,2.683194
31.869548632857004,2.683258
31.876048642776,2.682807
31.882548652695004,2.682899
31.889048662614005,2.683085
31.895548672533003,2.682877
31.902048682452005,2.683214
31.908548692371006,2.683247
31.915048702290004,2.683164
31.921548712209002,2.683352
31.928048722128,2.683463
31.934548732047002,2.683136
31.941048741966007,2.682798
31.947548751885,2.683239
31.954048761804007,2.682757
31.960548771723,2.682686
31.967048781642,2.683012
31.973548791561004,2.683124
31.98004880148,2.682763
31.986548811399004,2.682966
31.993048821318006,2.682963
31.999548831237004,2.683147
32.006048841156,2.683201
32.012548851074996,2.682924
32.019048860994005,2.682877
32.025548870913006,2.683303
32.032048880832,2.683071
32.038548890751,2.682834
32.045048900670004,2.683398
32.051548910589,2.683324
32.058048920508,2.683538
32.06454893042701,2.683678
32.071048940346,2.682974
32.077548950265005,2.682775
32.084048960184,2.68297
32.09054897010301,2.682938
32.097048980022,2.682796
32.103548989941,2.683152
32.110048999860005,2.683109
32.11654900977901,2.683135
32.123049019698,2.683234
32.129549029617,2.682928
32.136049039536005,2.683589
32.142549049455006,2.683561
32.149049059374,2.683395
32.155549069293,2.683556
32.162049079212004,2.68378
32.168549089131005,2.683267
32.17504909905,2.683404
32.18154910896901,2.683541
32.188049118888,2.683361
32.194549128807,2.683393
32.201049138726006,2.683653
32.207549148645,2.683393
32.214049158564,2.683372
32.220549168483004,2.683978
32.227049178402005,2.683648
32.23354918832101,2.683625
32.24004919824,2.683626
32.246549208159,2.683404
32.253049218078004,2.683199
32.259549227997006,2.683729
32.266049237916,2.683248
32.27254924783501,2.683019
32.279049257754004,2.68324
32.285549267673,2.682945
32.29204927759201,2.683066
32.298549287511,2.683692
32.30504929743,2.68334
32.311549307349,2.68315
32.318049317268006,2.683445
32.32454932718701,2.68314
32.331049337106,2.682915
32.337549347025,2.683362
32.344049356944,2.683326
32.35054936686301,2.683204
32.357049376782,2.683346
32.363549386701,2.683122
32.370049396620004,2.68292
32.376549406539,2.683158
32.383049416458,2.682922
32.389549426377,2.683318
32.396049436296,2.683302
32.402549446215,2.682814
32.40904945613401,2.682954
32.415549466053,2.68325
32.422049475972,2.6831
32.428549485891004,2.683155
32.43504949581,2.683074
32.44154950572901,2.683181
32.448049515648,2.683075
32.454549525567,2.683052
32.461049535486005,2.683038
32.46754954540501,2.683056
32.474049555324,2.682976
32.480549565243,2.682752
32.487049575162004,2.682962
32.493549585081,2.683275
32.50004959500001,2.682977
32.506549604919,2.682857
32.513049614838,2.68327
32.519549624757005,2.683025
32.526049634676,2.682973
32.53254964459501,2.68328
32.539049654514,2.682769
32.545549664433004,2.682955
32.552049674352006,2.683017
32.55854968427101,2.682894
32.56504969419,2.682554
32.571549704108996,2.682946
32.578049714028005,2.682727
32.584549723947006,2.682937
32.591049733866,2.6828
32.597549743785,2.682067
32.604049753704004,2.682457
32.610549763623,2.682371
32.617049773542,2.682312
32.62354978346101,2.682627
32.63004979338,2.682724
32.636549803299005,2.6825
32.643049813218,2.682517
32.64954982313701,2.683105
32.656049833056,2.682487
32.662549842975,2.682542
32.669049852894005,2.68284
32.67554986281301,2.682272
32.682049872732,2.682287
32.688549882651,2.682413
32.695049892570005,2.682233
32.701549902489006,2.682367
32.708049912408,2.682682
32.714549922327,2.682316
32.721049932246004,2.682699
32.727549942165005,2.682637
32.734049952084,2.68229
32.74054996200301,2.682608
32.747049971922,2.682221
32.753549981841,2.681934
32.760049991760006,2.682334
32.766550001679,2.682354
32.773050011598,2.682213
32.779550021517004,2.682496
32.786050031436005,2.682709
32.79255004135501,2.682587
32.799050051274,2.682688
32.805550061193,2.682365
32.812050071112004,2.682352
32.818550081031006,2.682493
32.82505009095,2.682439
32.83155010086901,2.682281
32.838050110788004,2.682547
32.844550120707,2.682512
32.85105013062601,2.682342
32.857550140545,2.68247
32.864050150464,2.682328
32.870550160383,2.681947
32.877050170302006,2.682286
32.88355018022101,2.682388
32.89005019014,2.682182
32.896550200059,2.681977
32.903050209978005,2.681772
32.90955021989701,2.681894
32.916050229816,2.682377
32.92255023973501,2.682417
32.929050249654004,2.682036
32.935550259573006,2.682288
32.942050269492,2.682288
32.948550279411,2.68206
32.95505028933,2.682319
32.961550299249,2.682472
32.96805030916801,2.682263
32.974550319087,2.682343
32.981050329006,2.682501
32.987550338925004,2.682299
32.994050348844,2.682316
33.00055035876301,2.682398
33.007050368682,2.682197
33.013550378601,2.682115
33.020050388520005,2.681908
33.026550398439,2.682059
33.033050408358,2.682041
33.039550418277,2.682089
33.046050428196004,2.681977
33.052550438115006,2.682434
33.05905044803401,2.681978
33.065550457953,2.682108
33.072050467872,2.682564
33.078550477791005,2.682642
33.08505048771,2.681997
33.09155049762901,2.682467
33.098050507548,2.682084
33.104550517467004,2.68184
33.111050527386006,2.682305
33.11755053730501,2.681917
33.124050547224,2.682005
33.130550557142996,2.682102
33.137050567062005,2.681884
33.143550576981006,2.681874
33.1500505869,2.682158
33.156550596819,2.682188
33.163050606738004,2.682343
33.169550616657,2.682438
33.176050626576,2.682401
33.18255063649501,2.682225
33.189050646414,2.682426
33.195550656333005,2.68258
33.202050666252,2.682065
33.20855067617101,2.682112
33.21505068609,2.682296
33.221550696009,2.681902
33.228050705928005,2.682028
33.23455071584701,2.682215
33.241050725766,2.682081
33.247550735685,2.682029
33.254050745604005,2.681947
33.260550755523006,2.682081
33.267050765442,2.682052
33.273550775361,2.682069
33.280050785280004,2.681803
33.286550795199005,2.681778
33.293050805118,2.681534
33.29955081503701,2.681351
33.306050824956,2.681421
33.312550834875,2.681124
33.319050844794006,2.681138
33.325550854713,2.681559
33.332050864632,2.681557
33.338550874551004,2.681863
33.345050884470005,2.682075
33.35155089438901,2.681777
33.358050904308,2.681436
33.364550914227,2.681539
33.371050924146004,2.68158
33.377550934065006,2.681095
33.384050943984,2.681287
33.39055095390301,2.681285
33.397050963822004,2.68117
33.403550973741,2.681219
33.41005098366001,2.680946
33.416550993579,2.68106
33.423051003498,2.681057
33.429551013417,2.680751
33.436051023336006,2.680674
33.44255103325501,2.681077
33.449051043174,2.68087
33.455551053093004,2.681189
33.462051063012005,2.68143
33.46855107293101,2.681109
33.47505108285,2.680978
33.48155109276901,2.681432
33.488051102688004,2.681188
33.494551112607006,2.681025
33.501051122526,2.681628
33.507551132445,2.681169
33.514051142364,2.681248
33.520551152283,2.681337
33.52705116220201,2.68124
33.533551172121,2.680918
33.54005118204,2.681157
33.546551191959004,2.681198
33.553051201878,2.681113
33.55955121179701,2.681181
33.566051221716,2.681085
33.572551231635,2.680906
33.579051241554005,2.681182
33.585551251473,2.681048
33.592051261392,2.681145
33.598551271311,2.681594
33.605051281230004,2.681283
33.611551291149006,2.681147
33.61805130106801,2.681569
33.624551310987,2.681273
33.631051320906,2.681423
33.637551330825005,2.68141
33.644051340744,2.68121
33.65055135066301,2.680932
33.657051360582,2.681376
33.663551370501004,2.681133
33.670051380420006,2.680918
33.676551390339,2.681361
33.683051400258,2.680581
33.689551410177,2.68075
33.696051420096005,2.681302
33.702551430015006,2.680936
33.70905143993401,2.680507
33.715551449853,2.681208
33.722051459772004,2.680677
33.728551469691006,2.680603
33.73505147961,2.680947
33.74155148952901,2.680999
33.748051499448,2.681042
33.754551509367005,2.681316
33.761051519286,2.680707
33.767551529205,2.680876
33.774051539124,2.681457
33.780551549043,2.680854
33.787051558962006,2.681066
33.79355156888101,2.681416
33.8000515788,2.680695
33.806551588719,2.68083
33.813051598638005,2.681336
33.819551608557006,2.680629
33.826051618476,2.680517
33.832551628395,2.680849
33.839051638314004,2.68084
33.845551648233005,2.680671
33.852051658152,2.681233
33.85855166807101,2.681076
33.86505167799,2.680916
33.871551687909,2.681008
33.878051697828006,2.680701
33.884551707747,2.680542
33.891051717666,2.680853
33.897551727585004,2.680415
33.904051737504005,2.680507
33.91055174742301,2.681149
33.917051757342,2.681012
33.923551767261,2.681049
33.930051777180005,2.680894
33.936551787099006,2.680508
33.943051797018,2.680566
33.94955180693701,2.68072
33.956051816856004,2.680657
33.962551826775,2.680589
33.96905183669401,2.680993
33.975551846613,2.680588
33.982051856532,2.68042
33.988551866451,2.680738
33.995051876370006,2.680334
34.00155188628901,2.680663
34.008051896208,2.680833
34.014551906127004,2.68045
34.021051916046005,2.68042
34.02755192596501,2.680578
34.034051935884,2.680219
34.04055194580301,2.680326
34.047051955722004,2.680914
34.053551965641006,2.680552
34.06005197556,2.680622
34.066551985479,2.680961
34.073051995398004,2.680557
34.079552005317,2.680489
34.08605201523601,2.680687
34.09255202515501,2.680392
34.099052035074,2.680456
34.105552044993004,2.680557
34.112052054912,2.680495
34.11855206483101,2.680333
34.12505207475,2.680454
34.131552084669,2.680279
34.138052094588005,2.680305
34.144552104507,2.680458
34.151052114426,2.680477
34.157552124345,2.680286
34.164052134264004,2.680271
34.170552144183006,2.680345
34.17705215410201,2.680843
34.183552164021,2.681297
34.19005217394,2.68067
34.196552183859005,2.680741
34.203052193778,2.680883
34.20955220369701,2.680205
34.216052213616,2.680559
34.222552223535004,2.680834
34.229052233454006,2.680263
34.235552243373,2.680275
34.242052253292,2.680568
34.248552263211,2.680489
34.255052273130005,2.680432
34.26155228304901,2.680616
34.26805229296801,2.680169
34.274552302887,2.680257
34.281052312806004,2.680592
34.287552322725006,2.680336
34.294052332644,2.680553
34.30055234256301,2.680787
34.307052352482,2.680504
34.313552362401005,2.68062
34.32005237232,2.68071
34.326552382239,2.680201
34.333052392158,2.680193
34.339552402077,2.680171
34.346052411996006,2.680064
34.35255242191501,2.68035
34.359052431834,2.680579
34.365552441753,2.680138
34.372052451672,2.679861
34.378552461591006,2.680232
34.38505247151,2.679981
34.391552481429,2.680205
34.398052491348004,2.68027
34.404552501267005,2.68005
34.411052511186,2.680308
34.417552521105,2.680425
34.424052531024,2.680083
34.430552540943,2.679848
34.437052550862006,2.679911
34.443552560781,2.679628
34.4500525707,2.679643
34.456552580619004,2.680081
34.463052590538,2.680108
34.46955260045701,2.679946
34.476052610376,2.680351
34.482552620295,2.679907
34.489052630214005,2.679757
34.495552640133006,2.680366
34.502052650052,2.679739
34.50855265997101,2.679884
34.515052669890004,2.679679
34.521552679809005,2.679556
34.52805268972801,2.679839
34.534552699647,2.680029
34.541052709566,2.679509
34.547552719485,2.6797
34.554052729404006,2.679898
34.56055273932301,2.679827
34.567052749242,2.679767
34.573552759161004,2.679618
34.580052769080005,2.679536
34.58655277899901,2.679577
34.593052788918,2.680171
34.59955279883701,2.679947
34.606052808756004,2.679804
34.612552818675006,2.680158
34.619052828594,2.679619
34.625552838513,2.679624
34.632052848432004,2.679966
34.638552858351,2.679428
34.64505286827001,2.679536
34.65155287818901,2.679711
34.658052888108,2.679273
34.664552898027004,2.679836
34.671052907946,2.680125
34.67755291786501,2.6799
34.684052927784,2.679769
34.690552937703,2.680009
34.697052947622005,2.679684
34.703552957541,2.679445
34.71005296746,2.679787
34.716552977379,2.679829
34.723052987298004,2.679549
34.729552997217006,2.67991
34.73605300713601,2.679528
34.742553017055,2.679672
34.749053026974,2.680023
34.755553036893005,2.679415
34.762053046812,2.679452
34.76855305673101,2.68002
34.77505306665,2.679543
34.781553076569004,2.679614
34.788053086488006,2.679863
34.794553096407,2.679544
34.801053106326,2.679644
34.807553116245,2.679745
34.814053126164005,2.679572
34.82055313608301,2.67941
34.82705314600201,2.680096
34.833553155921,2.679473
34.840053165840004,2.679283
34.846553175759006,2.679588
34.853053185678,2.679378
34.85955319559701,2.679423
34.866053205516,2.679792
34.872553215435005,2.679781
34.879053225354006,2.679892
34.885553235273,2.679936
34.892053245192,2.679385
34.898553255111,2.679395
34.905053265030006,2.679814
34.91155327494901,2.679495
34.918053284868,2.679561
34.924553294787,2.679729
34.931053304706,2.679266
34.937553314625006,2.678903
34.944053324544,2.679327
34.950553334463,2.679342
34.957053344382004,2.679482
34.963553354301006,2.679631
34.97005336422,2.679307
34.976553374139,2.679343
34.983053384058,2.679717
34.989553393977,2.679276
34.996053403896006,2.678872
35.002553413815,2.679327
35.009053423734,2.679178
35.015553433653004,2.678885
35.022053443572,2.67897
35.02855345349101,2.678915
35.03505346341,2.678986
35.041553473329,2.67911
35.048053483248005,2.679055
35.054553493167006,2.678966
35.061053503086,2.679139
35.067553513005,2.679009
35.074053522924004,2.678936
35.080553532843005,2.679411
35.08705354276201,2.679131
35.093553552681,2.678979
35.1000535626,2.679371
35.106553572519,2.678905
35.113053582438,2.679075
35.11955359235701,2.679402
35.126053602276,2.678957
35.132553612195004,2.679022
35.139053622114005,2.679498
35.14555363203301,2.679123
35.152053641952,2.679307
35.15855365187101,2.679726
35.165053661790004,2.679796
35.171553671709006,2.679803
35.178053681628,2.679884
35.184553691547,2.679436
35.191053701466004,2.679563
35.197553711385005,2.680012
35.20405372130401,2.679494
35.21055373122301,2.679309
35.217053741142,2.679741
35.223553751061004,2.679559
35.23005376098,2.679303
35.23655377089901,2.679457
35.243053780818,2.67909
35.249553790737004,2.679216
35.256053800656005,2.679639
35.26255381057501,2.679112
35.269053820494,2.679148
35.275553830413,2.679158
35.282053840332004,2.679048
35.288553850251006,2.678982
35.29505386017001,2.678958
35.301553870089,2.678414
35.308053880008,2.678425
35.314553889927005,2.678783
35.321053899846,2.678529
35.32755390976501,2.678799
35.334053919684,2.679268
35.340553929603004,2.679172
35.347053939522006,2.679128
35.353553949441,2.679152
35.36005395936,2.678686
35.366553969279,2.67924
35.373053979198005,2.679471
35.37955398911701,2.679282
35.38605399903601,2.679247
35.392554008955,2.679383
35.399054018874004,2.678991
35.405554028793006,2.678829
35.412054038712,2.679337
35.41855404863101,2.679015
35.42505405855,2.678891
35.431554068469005,2.679261
35.43805407838801,2.679084
35.444554088307,2.679345
35.451054098226,2.679864
35.457554108145,2.679137
35.464054118064006,2.679047
35.47055412798301,2.679199
35.477054137902,2.679122
35.483554147821,2.678848
35.49005415774,2.679155
35.496554167659006,2.678709
35.503054177578,2.678815
35.509554187497,2.679111
35.516054197416004,2.679022
35.522554207335006,2.678781
35.529054217254,2.679446
35.535554227173,2.67909
35.542054237092,2.679073
35.548554247011,2.679305
35.555054256930006,2.678856
35.561554266849,2.678942
35.568054276768,2.679038
35.574554286687004,2.678864
35.581054296606,2.678911
35.58755430652501,2.679004
35.594054316444,2.678574
35.600554326363,2.678863
35.607054336282005,2.67895
35.613554346201006,2.678881
35.62005435612,2.678936
35.626554366039,2.679428
35.633054375958004,2.679021
35.639554385877005,2.678791
35.64605439579601,2.678907
35.652554405715,2.67828
35.659054415634,2.678332
35.665554425553005,2.67876
35.672054435472,2.678628
35.67855444539101,2.678647
35.68505445531,2.678471
35.691554465229004,2.67821
35.698054475148005,2.678124
35.70455448506701,2.678605
35.711054494986,2.678512
35.717554504904996,2.678085
35.724054514824005,2.678398
35.730554524743006,2.678272
35.737054534662,2.678199
35.743554544581,2.678217
35.750054554500004,2.677673
35.756554564419005,2.677668
35.763054574338,2.677975
35.76955458425701,2.677715
35.776054594176,2.678127
35.782554604095004,2.678198
35.789054614014,2.677643
35.79555462393301,2.677886
35.802054633852,2.677842
35.808554643771,2.677636
35.815054653690005,2.677657
35.82155466360901,2.677948
35.828054673528,2.677564
35.834554683447,2.67755
35.841054693366004,2.677786
35.847554703285006,2.67728
35.85405471320401,2.677446
35.860554723123,2.67759
35.867054733042,2.677545
35.873554742961005,2.677782
35.88005475288,2.677711
35.88655476279901,2.677711
35.893054772718,2.677786
35.899554782637004,2.678122
35.906054792556006,2.677676
35.912554802475,2.677721
35.919054812394,2.677671
35.925554822313,2.677262
35.932054832232005,2.677485
35.93855484215101,2.677927
35.94505485207001,2.677712
35.951554861989,2.677314
35.958054871908004,2.677803
35.964554881827006,2.677123
35.971054891746,2.677372
35.97755490166501,2.677672
35.984054911584,2.677249
35.990554921503005,2.677343
35.99705493142201,2.677508
36.003554941341,2.67708
36.01005495126,2.677421
36.016554961179,2.67773
36.023054971098006,2.677022
36.02955498101701,2.677116
36.036054990936,2.677167
36.042555000855,2.676952
36.049055010774005,2.676709
36.055555020693006,2.677265
36.062055030612,2.676827
36.06855504053101,2.676935
36.075055050450004,2.677321
36.081555060369006,2.677052
36.088055070288,2.677022
36.094555080207,2.677152
36.101055090126,2.676979
36.107555100045005,2.677076
36.114055109964006,2.677444
36.120555119883,2.677074
36.127055129802,2.676719
36.133555139721004,2.676965
36.14005514964,2.676503
36.14655515955901,2.677075
36.153055169478,2.677186
36.159555179397,2.677062
36.166055189316005,2.677496
36.172555199235006,2.677652
36.179055209154,2.677236
36.185555219073,2.677385
36.192055228992004,2.677638
36.198555238911005,2.677466
36.20505524883001,2.677377
36.211555258749,2.677488
36.218055268668,2.677057
36.224555278587005,2.676756
36.231055288506,2.677125
36.23755529842501,2.676879
36.244055308344,2.676884
36.250555318263004,2.677231
36.257055328182005,2.676946
36.26355533810101,2.676875
36.27005534802,2.676993
36.276555357938996,2.676747
36.283055367858005,2.67676
36.289555377777006,2.677093
36.296055387696,2.67666
36.302555397615,2.676701
36.309055407534004,2.6772
36.315555417453005,2.676742
36.322055427372,2.676392
36.32855543729101,2.676308
36.33505544721,2.675982
36.341555457129004,2.675934
36.348055467048,2.676351
36.35455547696701,2.676112
36.361055486886,2.676469
36.367555496805,2.676788
36.374055506724005,2.67634
36.38055551664301,2.67623
36.387055526562,2.676665
36.393555536481,2.67611
36.400055546400004,2.676265
36.406555556319006,2.676522
36.413055566238,2.675987
36.419555576157,2.675914
36.426055586076004,2.676378
36.432555595995005,2.676077
36.439055605914,2.67634
36.44555561583301,2.676309
36.452055625752,2.675526
36.458555635671,2.675613
36.465055645590006,2.675748
36.471555655509,2.675292
36.478055665428,2.675693
36.484555675347,2.675872
36.491055685266005,2.675302
36.49755569518501,2.675416
36.504055705104,2.67618
36.510555715023,2.675754
36.517055724942004,2.675617
36.523555734861006,2.67565
36.53005574478,2.675437
36.53655575469901,2.675889
36.543055764618,2.676063
36.549555774537005,2.675647
36.55605578445601,2.675426
36.562555794375,2.675865
36.569055804294,2.675543
36.575555814213,2.675274
36.582055824132006,2.675604
36.58855583405101,2.675278
36.59505584397,2.675282
36.601555853889,2.675763
36.608055863808005,2.675514
36.61455587372701,2.675649
36.621055883646,2.675597
36.62755589356501,2.675258
36.634055903484004,2.675575
36.640555913403006,2.675351
36.647055923322,2.675073
36.653555933241,2.675075
36.66005594316,2.675669
36.666555953079005,2.675142
36.673055962998006,2.675222
36.679555972917,2.675544
36.686055982836,2.675001
36.692555992755004,2.674948
36.699056002674,2.675409
36.70555601259301,2.674809
36.712056022512,2.675423
36.718556032431,2.675619
36.725056042350005,2.675313
36.731556052269006,2.675214
36.738056062188,2.675197
36.744556072107,2.674883
36.751056082026004,2.674765
36.757556091945006,2.675142
36.76405610186401,2.675079
36.770556111783,2.675318
36.777056121702,2.675496
36.783556131621005,2.675495
36.79005614154,2.675314
36.79655615145901,2.675562
36.803056161378,2.675071
36.809556171297004,2.674969
36.816056181216005,2.675148
36.82255619113501,2.674948
36.829056201054,2.675034
36.835556210973,2.675151
36.842056220892005,2.674629
36.848556230811006,2.674737
36.85505624073001,2.674726
36.861556250649,2.674715
36.868056260568004,2.675088
36.874556270487005,2.675238
36.881056280406,2.67478
36.88755629032501,2.674922
36.894056300244,2.674625
36.900556310163005,2.674487
36.907056320082,2.674508
36.91355633000101,2.675045
36.92005633992,2.674721
36.926556349839,2.674683
36.933056359758005,2.674861
36.93955636967701,2.674911
36.946056379596,2.674878
36.952556389515,2.674723
36.959056399434004,2.674422
36.965556409353006,2.674723
36.972056419272,2.674904
36.978556429191,2.674569
36.985056439110004,2.674415
36.991556449029005,2.674791
36.998056458948,2.674761
37.00455646886701,2.67455
37.011056478786,2.674713
37.017556488705,2.674373
37.024056498624006,2.674382
37.030556508543,2.674561
37.037056518462,2.674266
37.043556528381,2.674186
37.050056538300005,2.674559
37.05655654821901,2.674365
37.063056558138,2.674422
37.069556568057,2.67465
37.076056577976004,2.674287
37.082556587895006,2.674228
37.089056597814,2.674592
37.09555660773301,2.674233
37.102056617652,2.674543
37.108556627571005,2.674899
37.11505663749001,2.674635
37.121556647409,2.674448
37.128056657328,2.674811
37.134556667247,2.674461
37.141056677166006,2.674587
37.14755668708501,2.674666
37.154056697004,2.674163
37.160556706923,2.674492
37.167056716842005,2.674711
37.17355672676101,2.674204
37.18005673668,2.673724
37.18655674659901,2.673907
37.193056756518004,2.6739
37.199556766437006,2.67419
37.206056776356,2.674187
37.212556786275,2.673862
37.219056796194,2.673736
37.225556806113005,2.673798
37.23205681603201,2.673552
37.23855682595101,2.673994
37.24505683587,2.674185
37.251556845789004,2.674002
37.258056855708,2.674159
37.26455686562701,2.674161
37.271056875546,2.673661
37.277556885465,2.673917
37.284056895384005,2.674014
37.290556905303006,2.673976
37.297056915222,2.674044
37.303556925141,2.673928
37.310056935060004,2.674079
37.316556944979006,2.67418
37.32305695489801,2.674031
37.329556964817,2.673685
37.336056974736,2.673719
37.342556984655005,2.674018
37.349056994574,2.673896
37.35555700449301,2.674061
37.362057014412,2.674115
37.368557024331004,2.673645
37.375057034250005,2.673925
37.38155704416901,2.674065
37.388057054088,2.673747
37.394557064007,2.673823
37.401057073926005,2.674355
37.407557083845006,2.674127
37.41405709376401,2.674148
37.420557103683,2.674383
37.427057113602004,2.673824
37.433557123521005,2.673927
37.44005713344,2.673979
37.44655714335901,2.673799
37.453057153278,2.67401
37.459557163197005,2.674224
37.466057173116,2.674015
37.47255718303501,2.674061
37.479057192954,2.674247
37.485557202873004,2.673979
37.492057212792005,2.674204
37.49855722271101,2.674174
37.50505723263001,2.673785
37.511557242549,2.673957
37.518057252468004,2.673873
37.524557262387006,2.673686
37.531057272306,2.673949
37.537557282225,2.673712
37.544057292144004,2.673725
37.550557302063005,2.673897
37.55705731198201,2.673818
37.563557321901,2.673551
37.57005733182,2.673281
37.576557341739004,2.673255
37.583057351658006,2.673276
37.589557361577,2.674011
37.596057371496,2.674206
37.602557381415,2.673944
37.609057391334005,2.673865
37.615557401253,2.673711
37.622057411172,2.673677
37.62855742109101,2.673923
37.635057431010004,2.67397
37.641557440929006,2.673895
37.648057450848,2.673965
37.65455746076701,2.673769
37.661057470686,2.673791
37.667557480605,2.673883
37.674057490524,2.673844
37.68055750044301,2.673596
37.687057510362,2.673752
37.693557520281004,2.673681
37.700057530200006,2.673241
37.70655754011901,2.673532
37.713057550038,2.673587
37.719557559957,2.673199
37.726057569876,2.673574
37.73255757979501,2.673651
37.739057589714,2.673358
37.745557599633,2.673509
37.752057609552004,2.673581
37.758557619471006,2.67346
37.76505762939001,2.673577
37.771557639309,2.673744
37.778057649228,2.673472
37.784557659147005,2.673668
37.79105766906601,2.673474
37.797557678985,2.673372
37.804057688904,2.673354
37.810557698823,2.673542
37.817057708742006,2.673398
37.82355771866101,2.673558
37.83005772858,2.673343
37.83655773849901,2.673237
37.843057748418005,2.673575
37.849557758337,2.673594
37.856057768256,2.673541
37.862557778174995,2.673428
37.869057788094004,2.673761
37.875557798013006,2.673459
37.882057807932,2.673724
37.88855781785101,2.673504
37.89505782777001,2.673434
37.901557837689005,2.673539
37.908057847608,2.673337
37.91455785752701,2.673465
37.921057867446,2.673489
37.927557877365004,2.673027
37.934057887284,2.672639
37.94055789720301,2.673204
37.947057907122,2.673253
37.953557917041,2.67311
37.960057926960005,2.67329
37.966557936879006,2.673074
37.97305794679801,2.672807
37.979557956717,2.673177
37.986057966636004,2.673009
37.992557976555005,2.672887
37.999057986474,2.673097
38.005557996393,2.672812
38.012058006312,2.672754
38.018558016231005,2.672972
38.025058026150006,2.672734
38.03155803606901,2.672747
38.038058045988,2.672869
38.044558055907,2.67253
38.051058065826005,2.672749
38.057558075745,2.672839
38.064058085664,2.67259
38.070558095582996,2.672424
38.077058105502005,2.672409
38.083558115421006,2.672496
38.09005812534,2.672848
38.09655813525901,2.67329
38.103058145178004,2.67311
38.109558155097005,2.672549
38.116058165016,2.672728
38.12255817493501,2.672615
38.129058184854,2.672498
38.135558194773004,2.672825
38.142058204692,2.673107
38.14855821461101,2.672893
38.15505822453001,2.672811
38.161558234449004,2.672959
38.168058244368005,2.672496
38.17455825428701,2.672928
38.181058264206,2.672843
38.187558274125,2.672753
38.194058284044,2.673028
38.200558293963006,2.672765
38.20705830388201,2.67275
38.213558313801,2.672918
38.220058323720004,2.672713
38.226558333639005,2.672703
38.23305834355801,2.672733
38.239558353477,2.672303
38.246058363396,2.672485
38.252558373315004,2.672707
38.259058383234006,2.672343
38.265558393153,2.672639
38.272058403072,2.672902
38.27855841299101,2.672601
38.285058422910005,2.672658
38.29155843282901,2.672856
38.298058442748,2.672808
38.30455845266701,2.672512
38.311058462586004,2.67272
38.317558472505,2.672603
38.324058482424,2.672544
38.33055849234301,2.672881
38.337058502262,2.672671
38.343558512181005,2.672727
38.3500585221,2.673006
38.35655853201901,2.672488
38.363058541938,2.672411
38.369558551857004,2.672679
38.376058561776,2.672593
38.38255857169501,2.672514
38.389058581614,2.673007
38.395558591533,2.672455
38.402058601452,2.672438
38.40855861137101,2.672677
38.41505862129001,2.672486
38.421558631209,2.672286
38.428058641128004,2.672493
38.434558651047006,2.67202
38.44105866096601,2.672123
38.447558670885,2.672528
38.454058680803996,2.672194
38.460558690723005,2.671611
38.467058700642006,2.672226
38.473558710561,2.672113
38.48005872048,2.672294
38.48655873039901,2.672618
38.493058740318006,2.672176
38.499558750237,2.671964
38.506058760156,2.672536
38.512558770074996,2.672425
38.519058779994005,2.672177
38.525558789913,2.672256
38.532058799832,2.672059
38.53855880975101,2.67199
38.545058819670004,2.672502
38.551558829589005,2.672073
38.558058839508,2.672136
38.56455884942701,2.672416
38.571058859346,2.67205
38.577558869265005,2.671728
38.584058879184,2.672278
38.59055888910301,2.671704
38.597058899022,2.671581
38.603558908941004,2.672049
38.610058918860005,2.671547
38.61655892877901,2.671499
38.62305893869801,2.671939
38.629558948617,2.671634
38.636058958536005,2.671734
38.642558968455006,2.671905
38.649058978374,2.671672
38.655558988293,2.671845
38.662058998212004,2.671817
38.668559008131005,2.671328
38.67505901805001,2.671766
38.68155902796901,2.671913
38.688059037888,2.671919
38.694559047807005,2.671969
38.701059057726006,2.672056
38.707559067645,2.671596
38.714059077564,2.671664
38.720559087483,2.671899
38.727059097402005,2.67187
38.733559107321,2.671994
38.74005911724,2.672072
38.74655912715901,2.671824
38.753059137078004,2.671782
38.759559146997006,2.671979
38.766059156916,2.671363
38.77255916683501,2.671489
38.779059176754004,2.672184
38.785559186673,2.671772
38.792059196592,2.671593
38.79855920651101,2.671983
38.80505921643,2.671656
38.811559226349004,2.671591
38.818059236268006,2.671916
38.82455924618701,2.671688
38.831059256106,2.67129
38.837559266025,2.671773
38.844059275944,2.671842
38.85055928586301,2.671621
38.857059295782,2.671917
38.863559305701,2.671819
38.870059315620004,2.671927
38.876559325539006,2.672165
38.88305933545801,2.671678
38.889559345377,2.671749
38.896059355296,2.671891
38.902559365215005,2.672002
38.90905937513401,2.671901
38.915559385053,2.672215
38.922059394972,2.671811
38.928559404891004,2.671813
38.935059414810006,2.672451
38.94155942472901,2.671923
38.948059434648,2.671878
38.95455944456701,2.671843
38.961059454486005,2.671631
38.967559464405,2.671847
38.974059474324,2.671743
38.980559484242995,2.671565
38.987059494162004,2.671637
38.993559504081006,2.671955
39.000059514,2.671374
39.00655952391901,2.671489
39.013059533838,2.671614
39.019559543757005,2.67128
39.026059553676,2.671463
39.03255956359501,2.671706
39.039059573514,2.67154
39.045559583433004,2.671392
39.052059593352,2.671777
39.05855960327101,2.671322
39.06505961319001,2.671326
39.071559623109,2.671508
39.078059633028005,2.671209
39.084559642947006,2.671568
39.09105965286601,2.671993
39.097559662785,2.671571
39.104059672704,2.671772
39.110559682623006,2.671709
39.11705969254201,2.671646
39.123559702461,2.671422
39.13005971238,2.671673
39.136559722299005,2.671159
39.143059732218006,2.670786
39.149559742137,2.671226
39.156059752056,2.671056
39.162559761975004,2.670837
39.169059771894005,2.671062
39.175559781813,2.671118
39.182059791732,2.67155
39.188559801650996,2.671686
39.195059811570005,2.671522
39.201559821489006,2.671328
39.208059831408,2.671429
39.21455984132701,2.670936
39.221059851246004,2.671065
39.227559861165005,2.671075
39.234059871084,2.670854
39.240559881002994,2.671242
39.247059890922,2.671442
39.253559900841005,2.670949
39.26005991076,2.670884
39.26655992067901,2.671414
39.27305993059801,2.671347
39.279559940517004,2.67128
39.286059950436005,2.671566
39.29255996035501,2.670707
39.299059970274,2.670546
39.305559980193,2.670975
39.312059990112,2.670793
39.318560000031006,2.670723
39.32506000995001,2.670767
39.331560019869,2.670595
39.338060029788004,2.670636
39.344560039707005,2.671098
39.35106004962601,2.670573
39.357560059545,2.670779
39.364060069464,2.671173
39.370560079383004,2.671073
39.377060089302006,2.670911
39.383560099221,2.671045
39.39006010914,2.670921
39.39656011905901,2.670878
39.403060128978005,2.671236
39.40956013889701,2.670732
39.416060148816,2.670656
39.42256015873501,2.670937
39.429060168654004,2.67056
39.435560178573,2.670664
39.442060188492,2.670642
39.44856019841101,2.670427
39.45506020833,2.670758
39.461560218249005,2.670797
39.46806022816801,2.670788
39.47456023808701,2.670741
39.481060248006,2.671072
39.487560257925004,2.670561
39.494060267844,2.67071
39.50056027776301,2.670756
39.507060287682,2.670643
39.513560297601,2.670524
39.52006030752,2.67082
39.52656031743901,2.670251
39.53306032735801,2.670353
39.539560337277,2.670561
39.546060347196004,2.670271
39.552560357115006,2.670326
39.55906036703401,2.67054
39.565560376953,2.670341
39.572060386871996,2.670191
39.578560396791005,2.670292
39.58506040671001,2.670203
39.591560416629,2.670121
39.598060426548,2.670384
39.60456043646701,2.670203
39.611060446386006,2.670478
39.617560456305,2.670616
39.624060466224,2.669974
39.630560476142996,2.670056
39.637060486062005,2.670403
39.643560495981,2.670289
39.6500605059,2.670096
39.65656051581901,2.670396
39.663060525738004,2.670038
39.669560535657006,2.670417
39.676060545576,2.670338
39.68256055549501,2.6695
39.689060565414,2.670158
39.695560575333005,2.670616
39.702060585252,2.670341
39.70856059517101,2.670234
39.71506060509,2.670205
39.721560615009004,2.669955
39.728060624928005,2.67035
39.73456063484701,2.67011
39.74106064476601,2.669361
39.747560654685,2.669608
39.754060664604,2.669846
39.760560674523006,2.669562
39.767060684442,2.670039
39.773560694361,2.670334
39.780060704280004,2.669977
39.786560714199005,2.670272
39.79306072411801,2.67044
39.799560734037,2.669808
39.806060743956,2.669844
39.812560753875005,2.669836
39.819060763794006,2.669911
39.825560773713,2.669991
39.832060783632,2.670131
39.838560793551004,2.669793
39.845060803470005,2.669927
39.85156081338901,2.670214
39.858060823308,2.669498
39.86456083322701,2.669543
39.871060843146005,2.66968
39.877560853065006,2.669389
39.884060862984,2.669246
39.890560872902995,2.669741
39.897060882822004,2.669361
39.903560892741005,2.669268
39.91006090266,2.669722
39.91656091257901,2.669419
39.923060922498,2.669652
39.929560932417004,2.669859
39.936060942336006,2.669441
39.94256095225501,2.669306
39.949060962174,2.669894
39.955560972093004,2.669774
39.962060982012,2.669431
39.96856099193101,2.66962
39.97506100185,2.669455
39.981561011769,2.669672
39.988061021688004,2.669763
39.994561031607006,2.669764
40.00106104152601,2.669564
40.007561051445,2.669758
40.014061061364,2.669271
40.020561071283005,2.669188
40.02706108120201,2.669576
40.033561091121,2.668891
40.04006110104,2.668856
40.046561110959004,2.669276
40.053061120878006,2.668791
40.05956113079701,2.669023
40.066061140716,2.669302
40.07256115063501,2.669103
40.079061160554005,2.669056
40.085561170473,2.669288
40.092061180392,2.668643
40.098561190310996,2.668736
40.105061200230004,2.669525
40.111561210149006,2.669258
40.118061220068,2.669367
40.12456122998701,2.669376
40.131061239906,2.669192
40.137561249825005,2.669165
40.144061259744,2.669326
40.15056126966301,2.669092
40.157061279582,2.669064
40.163561289501004,2.66907
40.17006129942,2.668951
40.17656130933901,2.668927
40.18306131925801,2.669037
40.189561329177,2.66924
40.196061339096005,2.668899
40.202561349015006,2.669077
40.20906135893401,2.66857
40.215561368853,2.668717
40.222061378772,2.668921
40.228561388691006,2.668688
40.23506139861001,2.668568
40.241561408529,2.668778
40.248061418448,2.66888
40.25456142836701,2.669069
40.261061438286006,2.669657
40.267561448205,2.669142
40.274061458124,2.669122
40.280561468043004,2.669348
40.287061477962006,2.668789
40.293561487881,2.668491
40.3000614978,2.668586
40.306561507718996,2.668707
40.313061517638005,2.668673
40.319561527557006,2.668957
40.326061537476,2.668483
40.33256154739501,2.668669
40.339061557314004,2.669061
40.345561567233005,2.668556
40.352061577152,2.668467
40.358561587070994,2.669014
40.36506159699,2.668179
40.371561606909005,2.668215
40.378061616828,2.6686
40.38456162674701,2.668268
40.39106163666601,2.668391
40.397561646585004,2.668503
40.404061656504,2.668161
40.41056166642301,2.66818
40.417061676342,2.668399
40.423561686261,2.668141
40.43006169618,2.667916
40.436561706099006,2.668802
40.44306171601801,2.668405
40.449561725937,2.668418
40.456061735856004,2.668867
40.462561745775005,2.668425
40.46906175569401,2.668269
40.475561765613,2.668271
40.482061775532,2.667727
40.488561785451004,2.667975
40.495061795370006,2.668745
40.501561805289,2.66814
40.508061815208,2.668379
40.51456182512701,2.668509
40.521061835046005,2.668187
40.52756184496501,2.667773
40.534061854884,2.668147
40.540561864802996,2.66799
40.547061874722004,2.668223
40.553561884641,2.668694
40.56006189456,2.668041
40.56656190447901,2.668185
40.573061914398004,2.66821
40.579561924317005,2.667769
40.586061934236,2.668035
40.59256194415501,2.668164
40.599061954074,2.668281
40.605561963993004,2.668113
40.612061973912,2.668039
40.61856198383101,2.667775
40.62506199375,2.667825
40.631562003669,2.667855
40.638062013588005,2.667665
40.64456202350701,2.667553
40.65106203342601,2.66827
40.657562043345,2.667891
40.664062053264004,2.667855
40.670562063183006,2.667809
40.67706207310201,2.667504
40.683562083021,2.667501
40.69006209294,2.667863
40.696562102859005,2.667607
40.70306211277801,2.667716
40.709562122697,2.667951
40.716062132616,2.667492
40.72256214253501,2.667503
40.729062152454006,2.667504
40.735562162373,2.66725
40.742062172292,2.666932
40.748562182211,2.667222
40.755062192130005,2.667096
40.761562202049,2.667094
40.768062211968,2.667344
40.77456222188701,2.66693
40.781062231806004,2.666961
40.787562241725006,2.667474
40.794062251644,2.667204
40.80056226156301,2.667141
40.807062271482,2.667648
40.813562281401005,2.667604
40.82006229132,2.667489
40.82656230123901,2.66789
40.833062311158,2.6675
40.839562321077004,2.667561
40.846062330996006,2.667733
40.85256234091501,2.667376
40.85906235083401,2.667691
40.865562360753,2.667678
40.872062370672,2.667226
40.878562380591006,2.666962
40.88506239051,2.667306
40.891562400429,2.667246
40.898062410348004,2.667216
40.904562420267006,2.667062
40.91106243018601,2.66695
40.917562440105,2.667385
40.924062450024,2.667315
40.930562459943005,2.667095
40.937062469862006,2.667035
40.943562479781,2.667434
40.9500624897,2.667077
40.956562499619004,2.667022
40.963062509538005,2.667156
40.96956251945701,2.666718
40.976062529376,2.666945
40.98256253929501,2.667217
40.989062549214005,2.666567
40.995562559133006,2.666602
41.002062569052,2.667112
41.008562578970995,2.667123
41.015062588890004,2.667218
41.021562598809005,2.667309
41.028062608728,2.66678
41.03456261864701,2.667161
41.04106262856601,2.667248
41.047562638485005,2.667026
41.054062648404,2.667094
41.06056265832301,2.667558
41.067062668242,2.667259
41.073562678161004,2.667477
41.08006268808,2.667533
41.08656269799901,2.66729
41.093062707918,2.667292
41.099562717837,2.667367
41.106062727756004,2.667083
41.112562737675006,2.667046
41.11906274759401,2.667396
41.125562757513,2.66705
41.132062767432004,2.667153
41.138562777351005,2.667301
41.14506278727,2.666943
41.151562797189,2.667073
41.158062807108,2.667363
41.164562817027004,2.667464
41.171062826946006,2.66755
41.17756283686501,2.667594
41.184062846784,2.667121
41.190562856703,2.667569
41.197062866622005,2.667639
41.203562876541,2.667677
41.21006288646,2.667533
41.216562896378996,2.667864
41.223062906298004,2.66743
41.229562916217006,2.667147
41.236062926136,2.667418
41.24256293605501,2.667256
41.249062945974,2.667043
41.255562955893005,2.667557
41.262062965812,2.667055
41.26856297573101,2.66708
41.27506298565,2.66741
41.281562995569004,2.667195
41.288063005488,2.667251
41.29456301540701,2.66706
41.30106302532601,2.666878
41.307563035245,2.667061
41.314063045164005,2.667811
41.32056305508301,2.667005
41.32706306500201,2.667364
41.333563074921,2.667553
41.34006308484,2.667035
41.346563094759006,2.666762
41.35306310467801,2.667342
41.359563114597,2.667166
41.366063124516,2.667128
41.37256313443501,2.667352
41.37906314435401,2.666823
41.385563154273,2.666914
41.392063164192,2.667377
41.398563174111004,2.666981
41.405063184030006,2.66672
41.411563193949,2.667091
41.418063203868,2.666708
41.42456321378701,2.666747
41.431063223706005,2.666888
41.437563233625006,2.666381
41.444063243544,2.666561
41.45056325346301,2.667238
41.457063263382004,2.667274
41.463563273301006,2.667231
41.47006328322,2.667325
41.47656329313901,2.666858
41.483063303058,2.666901
41.489563312977005,2.666887
41.496063322896,2.666566
41.50256333281501,2.666518
41.50906334273401,2.666819
41.515563352653004,2.666614
41.522063362572,2.66702
41.52856337249101,2.667125
41.53506338241,2.667112
41.541563392329,2.667355
41.548063402248,2.667412
41.554563412167006,2.667362
41.56106342208601,2.666955
41.567563432005,2.667303
41.574063441924004,2.666832
41.580563451843005,2.666794
41.58706346176201,2.667234
41.593563471681,2.667274
41.6000634816,2.666919
41.606563491519005,2.667326
41.613063501438006,2.666958
41.619563511357,2.666961
41.626063521276,2.667059
41.63256353119501,2.66685
41.639063541114005,2.66674
41.64556355103301,2.667041
41.652063560952,2.666653
41.658563570870996,2.666978
41.665063580790004,2.66701
41.671563590709,2.66677
41.678063600628,2.666646
41.68456361054701,2.666721
41.691063620466004,2.666502
41.697563630385005,2.666601
41.704063640304,2.666866
41.71056365022301,2.666606
41.717063660142,2.66649
41.723563670061004,2.666583
41.73006367998,2.666393
41.73656368989901,2.666357
41.743063699818,2.666457
41.749563709737004,2.666074
41.756063719656005,2.666263
41.76256372957501,2.666606
41.76906373949401,2.666513
41.775563749413,2.66635
41.782063759332004,2.666623
41.788563769251006,2.666367
41.79506377917,2.666368
41.801563789089,2.666601
41.808063799008,2.666322
41.814563808927005,2.666281
41.82106381884601,2.666844
41.82756382876501,2.666606
41.834063838684,2.666826
41.840563848603004,2.666831
41.847063858522006,2.666409
41.853563868441,2.666747
41.86006387836,2.666922
41.866563888279,2.666614
41.873063898198005,2.666484
41.879563908117,2.666498
41.886063918036,2.666072
41.89256392795501,2.665956
41.899063937874004,2.66615
41.905563947793006,2.665828
41.912063957712,2.666238
41.91856396763101,2.666304
41.92506397755,2.666403
41.931563987469,2.666352
41.938063997388,2.66638
41.94456400730701,2.666369
41.951064017226,2.666523
41.957564027145004,2.66647
41.964064037064006,2.666279
41.97056404698301,2.666265
41.977064056902,2.666459
41.983564066821,2.666112
41.99006407674,2.66616
41.996564086659006,2.666554
42.003064096578,2.66625
42.009564106497,2.666201
42.016064116416004,2.66635
42.022564126335006,2.666095
42.02906413625401,2.666076
42.035564146173,2.665803
42.042064156092,2.665835
42.048564166011005,2.666342
42.055064175930006,2.666398
42.061564185849,2.666074
42.068064195768,2.665775
42.074564205687004,2.666061
42.081064215606006,2.665864
42.08756422552501,2.666122
42.094064235444,2.666383
42.10056424536301,2.666333
42.107064255282005,2.666153
42.113564265201006,2.666181
42.12006427512,2.665832
42.126564285038995,2.666051
42.133064294958004,2.666138
42.139564304877005,2.665462
42.146064314796,2.665201
42.15256432471501,2.665483
42.15906433463401,2.665335
42.165564344553005,2.665383
42.172064354472,2.665475
42.17856436439101,2.66538
42.18506437431,2.665689
42.191564384229004,2.665981
42.198064394148,2.665529
42.20456440406701,2.665752
42.21106441398601,2.665975
42.217564423905,2.666077
42.224064433824005,2.666135
42.230564443743006,2.665609
42.23706445366201,2.665308
42.243564463581,2.665682
42.250064473500004,2.665704
42.256564483419005,2.665442
42.26306449333801,2.665752
42.269564503257,2.665732
42.276064513176,2.665433
42.282564523095004,2.665401
42.289064533014006,2.665643
42.29556454293301,2.665462
42.302064552852,2.665556
42.308564562771004,2.665658
42.315064572690005,2.665241
42.321564582609,2.665762
42.328064592528,2.665748
42.334564602446996,2.665587
42.341064612366004,2.665789
42.347564622285006,2.665703
42.354064632204,2.665391
42.36056464212301,2.665689
42.367064652042004,2.665309
42.373564661961005,2.665549
42.38006467188,2.665662
42.38656468179901,2.66546
42.393064691718,2.665036
42.399564701637004,2.665466
42.406064711556,2.66562
42.41256472147501,2.665446
42.41906473139401,2.665671
42.425564741313,2.665705
42.432064751232005,2.665432
42.43856476115101,2.665667
42.44506477107,2.665575
42.451564780989,2.665699
42.458064790908,2.665881
42.464564800827006,2.665552
42.47106481074601,2.665294
42.477564820665,2.665389
42.484064830584,2.66527
42.490564840503005,2.665276
42.49706485042201,2.665469
42.503564860341,2.665424
42.51006487026,2.665325
42.516564880179004,2.665231
42.523064890098006,2.665128
42.529564900017,2.665242
42.536064909936,2.665493
42.54256491985501,2.665517
42.549064929774005,2.66518
42.55556493969301,2.665401
42.562064949612,2.665128
42.56856495953101,2.665127
42.575064969450004,2.665267
42.581564979369,2.665285
42.588064989288,2.665222
42.59456499920701,2.665504
42.601065009126,2.665296
42.607565019045005,2.665248
42.614065028964,2.665432
42.62056503888301,2.665478
42.62706504880201,2.665291
42.633565058721004,2.665388
42.64006506864,2.665023
42.64656507855901,2.664786
42.65306508847801,2.66506
42.659565098397,2.664951
42.666065108316,2.664718
42.672565118235006,2.664874
42.679065128154,2.665075
42.685565138073,2.66506
42.692065147992004,2.664901
42.698565157911005,2.664985
42.70506516783,2.664811
42.71156517774901,2.664657
42.718065187668,2.664241
42.724565197587005,2.664604
42.731065207506006,2.664626
42.737565217425,2.664488
42.744065227344,2.664258
42.75056523726301,2.664583
42.757065247182005,2.664785
42.763565257101,2.66515
42.770065267019994,2.66507
42.77656527693901,2.664678
42.783065286858005,2.664624
42.789565296777,2.664923
42.796065306696,2.664801
42.80256531661501,2.664588
42.809065326534004,2.664953
42.815565336453005,2.664665
42.822065346372,2.664662
42.828565356290994,2.664815
42.83506536621001,2.664428
42.841565376129005,2.66428
42.848065386048,2.66461
42.85456539596701,2.664394
42.861065405886,2.664685
42.867565415805004,2.66479
42.874065425724005,2.664702
42.88056543564301,2.664587
42.887065445562,2.664776
42.89356545548101,2.664848
42.900065465400004,2.664577
42.906565475319006,2.664714
42.913065485238,2.664597
42.919565495157,2.664479
42.926065505076004,2.664635
42.932565514995005,2.66467
42.93906552491401,2.664836
42.945565534833,2.664879
42.952065544751996,2.664566
42.95856555467101,2.664369
42.965065564590006,2.664569
42.971565574509,2.664424
42.978065584428,2.66439
42.98456559434701,2.664559
42.991065604266005,2.664501
42.99756561418501,2.664832
43.004065624104,2.664842
43.010565634023,2.664825
43.01706564394201,2.664935
43.023565653861006,2.664927
43.03006566378,2.664542
43.036565673698995,2.664481
43.04306568361801,2.664758
43.049565693537005,2.664387
43.056065703456,2.664521
43.06256571337501,2.664904
43.069065723294,2.664433
43.075565733213004,2.664502
43.082065743132006,2.664671
43.08856575305101,2.664524
43.09506576297,2.664249
43.101565772888996,2.664269
43.108065782808005,2.664068
43.11456579272701,2.664305
43.121065802646,2.664631
43.127565812565,2.664355
43.134065822484004,2.664465
43.140565832403006,2.664546
43.14706584232201,2.664203
43.153565852241,2.66397
43.160065862159996,2.664022
43.16656587207901,2.664244
43.173065881998006,2.664491
43.179565891917,2.664963
43.186065901836,2.664387
43.192565911755004,2.664403
43.199065921674006,2.664291
43.20556593159301,2.663764
43.212065941512,2.663893
43.218565951431,2.664316
43.22506596135001,2.664021
43.231565971269006,2.664052
43.238065981188,2.664206
43.244565991106995,2.664088
43.251066001026004,2.663727
43.257566010945006,2.664193
43.264066020864,2.664401
43.27056603078301,2.66469
43.277066040702,2.664501
43.283566050621,2.663963
43.290066060540006,2.664226
43.29656607045901,2.664572
43.303066080378,2.664068
43.309566090297004,2.66431
43.316066100216005,2.66425
43.32256611013501,2.664183
43.32906612005401,2.664143
43.335566129973,2.664577
43.342066139892,2.663876
43.34856614981101,2.663977
43.35506615973001,2.664166
43.361566169649,2.664032
43.368066179568,2.66377
43.374566189487005,2.664416
43.38106619940601,2.66396
43.387566209325,2.663632
43.394066219244,2.663961
43.400566229163005,2.663771
43.407066239082006,2.664276
43.41356624900101,2.664987
43.42006625892,2.664263
43.426566268839004,2.663921
43.433066278758005,2.664125
43.43956628867701,2.663691
43.446066298596,2.664137
43.452566308515,2.664361
43.459066318434004,2.66358
43.465566328353,2.664092
43.472066338272,2.664537
43.47856634819101,2.664336
43.485066358110004,2.663969
43.491566368029,2.664275
43.49806637794801,2.664086
43.50456638786701,2.663991
43.511066397786,2.664025
43.517566407705004,2.663525
43.524066417624,2.663526
43.53056642754301,2.663737
43.53706643746201,2.663595
43.543566447381004,2.663421
43.5500664573,2.663893
43.55656646721899,2.663638
43.56306647713801,2.6635
43.569566487057,2.663952
43.576066496976,2.663797
43.582566506895006,2.663535
43.58906651681401,2.664149
43.595566526733,2.663939
43.602066536652,2.663512
43.608566546571005,2.663713
43.61506655649,2.6635
43.62156656640901,2.663541
43.628066576328,2.663901
43.634566586247004,2.663096
43.641066596166006,2.663421
43.647566606085,2.663831
43.654066616004,2.663543
43.66056662592301,2.663593
43.667066635842005,2.663813
43.673566645761,2.663232
43.680066655680015,2.663148
43.68656666559901,2.663407
43.693066675518004,2.66301
43.699566685437,2.663018
43.706066695356,2.663557
43.71256670527501,2.66329
43.719066715194,2.663276
43.725566725113005,2.663702
43.732066735032,2.663186
43.73856674495101,2.663002
43.74506675487001,2.663184
43.751566764789004,2.663101
43.758066774708,2.663126
43.76456678462701,2.663709
43.77106679454601,2.66346
43.777566804465,2.663607
43.784066814384005,2.663535
43.790566824303006,2.66303
43.797066834222,2.663274
43.80356684414101,2.663782
43.810066854060004,2.663297
43.816566863979006,2.663359
43.823066873898,2.663513
43.82956688381701,2.663579
43.836066893736,2.663604
43.842566903655005,2.663758
43.849066913574006,2.663326
43.855566923493,2.663244
43.862066933412,2.663732
43.86856694333101,2.663121
43.875066953250005,2.663053
43.881566963169,2.663112
43.888066973087994,2.662803
43.89456698300701,2.662813
43.901066992926005,2.662854
43.907567002845,2.662795
43.914067012764,2.662771
43.92056702268301,2.663105
43.927067032602004,2.663074
43.933567042521005,2.662834
43.94006705244,2.662791
43.946567062358994,2.662837
43.95306707227801,2.662779
43.959567082197005,2.66253
43.966067092116,2.66232
43.97256710203501,2.662357
43.979067111954,2.662747
43.985567121873004,2.662777
43.992067131792005,2.66268
43.99856714171101,2.662898
44.00506715163,2.662673
44.01156716154901,2.662828
44.018067171468005,2.663129
44.024567181387006,2.662807
44.031067191306,2.662538
44.037567201225,2.662836
44.044067211144004,2.662725
44.050567221063005,2.662686
44.05706723098201,2.663058
44.063567240901,2.662789
44.070067250819996,2.662657
44.07656726073901,2.663105
44.083067270658006,2.66298
44.089567280577,2.662592
44.096067290496,2.662886
44.10256730041501,2.662545
44.109067310334005,2.662335
44.11556732025301,2.662775
44.122067330172,2.662745
44.128567340091,2.662612
44.13506735001001,2.662609
44.141567359929006,2.662342
44.148067369848,2.662343
44.154567379766995,2.662517
44.161067389686,2.661975
44.167567399605005,2.662211
44.174067409524,2.662608
44.18056741944301,2.662248
44.187067429362,2.661955
44.193567439281004,2.662063
44.200067449200006,2.661928
44.20656745911901,2.661981
44.213067469038,2.662248
44.219567478957,2.661782
44.226067488876005,2.66178
44.23256749879501,2.66211
44.239067508714,2.66156
44.245567518633,2.661379
44.252067528552,2.661894
44.258567538471006,2.661779
44.26506754839001,2.661835
44.271567558309,2.662123
44.278067568227996,2.661974
44.28456757814701,2.661976
44.29106758806601,2.662233
44.297567597985,2.661609
44.304067607904,2.661518
44.310567617823004,2.661858
44.317067627742006,2.661446
44.32356763766101,2.661492
44.33006764758,2.661651
44.336567657499,2.661512
44.343067667418,2.661356
44.349567677337006,2.661339
44.356067687256,2.660669
44.362567697175,2.660883
44.369067707094004,2.661098
44.375567717013006,2.661233
44.382067726932,2.661347
44.38856773685101,2.661693
44.39506774677,2.66101
44.401567756689,2.661126
44.408067766608006,2.661264
44.41456777652701,2.660832
44.421067786446,2.660777
44.427567796365004,2.661149
44.434067806284006,2.660847
44.44056781620301,2.660949
44.44706782612201,2.661112
44.453567836041,2.6606
44.46006784596,2.660619
44.46656785587901,2.661056
44.47306786579801,2.66067
44.479567875717,2.660362
44.486067885636,2.660621
44.492567895555005,2.660263
44.49906790547401,2.660142
44.505567915393,2.660744
44.512067925312,2.6606
44.518567935231005,2.660315
44.525067945150006,2.660575
44.53156795506901,2.66036
44.538067964988,2.660396
44.544567974907004,2.660388
44.551067984826005,2.660341
44.55756799474501,2.660472
44.564068004664,2.660311
44.57056801458301,2.659948
44.577068024502005,2.659934
44.583568034421,2.660565
44.590068044340015,2.659984
44.59656805425901,2.659986
44.603068064178004,2.660372
44.609568074097,2.660076
44.61606808401601,2.65991
44.62256809393501,2.660262
44.629068103854,2.659832
44.635568113773004,2.660111
44.642068123692,2.660401
44.64856813361101,2.660184
44.65506814353001,2.660175
44.661568153449004,2.660737
44.668068163368,2.660359
44.67456817328699,2.660285
44.68106818320601,2.660911
44.687568193125,2.660298
44.694068203044,2.660051
44.700568212963006,2.66016
44.70706822288201,2.660123
44.713568232801,2.660247
44.720068242720004,2.660227
44.726568252639005,2.660288
44.733068262558,2.660307
44.73956827247701,2.66043
44.746068282396,2.66007
44.752568292315004,2.65983
44.759068302234006,2.660361
44.765568312153,2.660277
44.772068322072,2.660439
44.77856833199101,2.660569
44.785068341910005,2.660149
44.791568351829,2.660079
44.798068361748015,2.660351
44.80456837166701,2.659961
44.811068381586004,2.659961
44.817568391505,2.659766
44.824068401424,2.659644
44.83056841134301,2.659675
44.837068421262,2.660149
44.843568431181005,2.659882
44.8500684411,2.660034
44.856568451018994,2.6603
44.86306846093801,2.660064
44.869568470857004,2.659882
44.876068480776,2.660361
44.88256849069501,2.659944
44.88906850061401,2.660152
44.895568510533,2.660312
44.902068520452005,2.660311
44.90856853037101,2.660323
44.91506854029,2.660515
44.92156855020901,2.659844
44.928068560128004,2.659705
44.934568570047006,2.660159
44.941068579966,2.659681
44.947568589885,2.659716
44.954068599804,2.660215
44.960568609723005,2.659551
44.967068619642006,2.659594
44.973568629561,2.660122
44.98006863948,2.659989
44.98656864939901,2.659914
44.993068659318006,2.660125
44.999568669237,2.659855
45.006068679156,2.659647
45.01256868907501,2.659913
45.019068698994005,2.659592
45.025568708913,2.6598
45.032068718832,2.659829
45.038568728751,2.659569
45.045068738670004,2.659494
45.051568748589006,2.659744
45.058068758508,2.659605
45.064568768426994,2.659599
45.07106877834601,2.659778
45.077568788265005,2.659126
45.084068798184,2.659496
45.09056880810301,2.659781
45.097068818022,2.659123
45.103568827941004,2.659516
45.110068837860005,2.65986
45.11656884777901,2.659245
45.123068857698,2.659485
45.12956886761701,2.659579
45.136068877536005,2.659359
45.142568887455006,2.65926
45.149068897374,2.659757
45.155568907293,2.659784
45.162068917212004,2.659508
45.168568927131005,2.659778
45.17506893705001,2.659398
45.181568946969,2.659576
45.188068956887996,2.659999
45.19456896680701,2.659503
45.201068976726006,2.659135
45.207568986645,2.659484
45.214068996564,2.659001
45.22056900648301,2.65887
45.227069016402005,2.659337
45.23356902632101,2.659323
45.24006903624,2.659281
45.246569046159,2.65942
45.25306905607801,2.659241
45.259569065997006,2.659438
45.266069075916,2.659396
45.272569085835,2.659097
45.279069095754004,2.659099
45.285569105673005,2.659477
45.292069115592,2.659614
45.29856912551101,2.659259
45.30506913543,2.65937
45.311569145349004,2.658676
45.318069155268006,2.659198
45.32456916518701,2.659455
45.331069175106,2.658998
45.337569185025,2.658913
45.344069194944005,2.659263
45.35056920486301,2.658823
45.35706921478201,2.658718
45.363569224701,2.659117
45.37006923462,2.658889
45.37656924453901,2.659064
45.38306925445801,2.659291
45.389569264377,2.659217
45.396069274295996,2.659013
45.40256928421501,2.65927
45.40906929413401,2.658686
45.415569304053,2.658834
45.422069313972,2.659107
45.428569323891004,2.658596
45.435069333810006,2.658491
45.44156934372901,2.658679
45.448069353648,2.65856
45.454569363567,2.658542
45.461069373486,2.659027
45.46756938340501,2.65874
45.474069393324,2.658915
45.480569403243,2.659524
45.487069413162004,2.658851
45.493569423081006,2.658477
45.500069433,2.65872
45.50656944291901,2.658463
45.513069452838,2.658656
45.519569462757,2.65887
45.52606947267601,2.658573
45.53256948259501,2.658681
45.539069492514,2.658621
45.545569502433004,2.658066
45.552069512352,2.657896
45.55856952227101,2.658208
45.56506953219001,2.658021
45.571569542109,2.657941
45.578069552028,2.658358
45.58456956194701,2.658124
45.59106957186601,2.658462
45.597569581785,2.658537
45.604069591704,2.658066
45.610569601623006,2.658096
45.61706961154201,2.658544
45.623569621461,2.65836
45.63006963138,2.658363
45.636569641299005,2.658429
45.643069651218,2.657972
45.64956966113701,2.658141
45.656069671056,2.658268
45.662569680975004,2.65798
45.669069690894005,2.65812
45.67556970081301,2.658343
45.682069710732,2.658034
45.68856972065101,2.657681
45.695069730570005,2.658063
45.701569740489,2.65816
45.708069750408015,2.657994
45.71456976032701,2.658473
45.721069770246004,2.658259
45.727569780165,2.658247
45.734069790084,2.658014
45.74056980000301,2.65769
45.747069809922,2.657925
45.753569819841005,2.658183
45.76006982976,2.657651
45.76656983967901,2.657522
45.77306984959801,2.657815
45.779569859517004,2.657506
45.786069869436,2.657508
45.79256987935501,2.657615
45.79906988927401,2.657371
45.805569899193,2.657758
45.812069909112,2.657996
45.818569919031006,2.657984
45.82506992895001,2.657793
45.831569938869,2.657758
45.838069948788004,2.657207
45.844569958707005,2.657375
45.851069968626,2.657704
45.85756997854501,2.657001
45.864069988464,2.656957
45.870569998383004,2.657321
45.877070008302006,2.657218
45.883570018221,2.657312
45.89007002814,2.657579
45.89657003805901,2.657088
45.903070047978005,2.656828
45.909570057897,2.657048
45.916070067816015,2.656935
45.92257007773501,2.657018
45.929070087654004,2.657312
45.935570097573,2.656646
45.942070107492,2.657096
45.94857011741101,2.657741
45.95507012733,2.657438
45.961570137249005,2.657217
45.968070147168,2.657216
45.974570157086994,2.657042
45.98107016700601,2.656895
45.987570176925004,2.657109
45.994070186844,2.657275
46.00057019676301,2.657259
46.00707020668201,2.657597
46.013570216601,2.657233
46.020070226520005,2.657218
46.02657023643901,2.657192
46.033070246358,2.656956
46.03957025627701,2.656703
46.046070266196004,2.657209
46.052570276115006,2.656903
46.059070286034,2.65665
46.065570295953,2.657173
46.072070305872,2.65677
46.078570315791005,2.656877
46.08507032571001,2.657121
46.091570335629,2.656547
46.098070345548,2.656466
46.10457035546701,2.657171
46.111070365386006,2.65661
46.117570375305,2.656726
46.124070385224,2.656901
46.13057039514301,2.656398
46.137070405062005,2.656746
46.143570414981006,2.656821
46.1500704249,2.656606
46.156570434819,2.656641
46.16307044473801,2.656144
46.169570454657006,2.65626
46.176070464576,2.656338
46.182570474494995,2.656467
46.18907048441401,2.655958
46.195570494333005,2.655968
46.202070504252,2.656366
46.20857051417101,2.655993
46.21507052409,2.656188
46.221570534009004,2.656216
46.228070543928006,2.656005
46.23457055384701,2.656341
46.241070563766,2.65649
46.247570573684996,2.656204
46.254070583604005,2.656161
46.260570593523006,2.656505
46.267070603442,2.6563
46.273570613361,2.656311
46.280070623280004,2.656666
46.286570633199005,2.656189
46.29307064311801,2.65638
46.299570653037,2.656394
46.306070662955996,2.656076
46.31257067287501,2.656411
46.319070682794006,2.656611
46.325570692713,2.656177
46.332070702632,2.656183
46.338570712551004,2.656596
46.345070722470005,2.656392
46.35157073238901,2.656286
46.358070742308,2.656403
46.364570752227,2.656201
46.37107076214601,2.65631
46.377570772065006,2.656438
46.384070781984,2.65615
46.390570791903,2.656382
46.397070801822004,2.656614
46.403570811741005,2.656579
46.41007082166,2.656224
46.41657083157901,2.656617
46.423070841498,2.656114
46.429570851417004,2.656135
46.436070861336006,2.656401
46.44257087125501,2.656045
46.449070881174,2.656247
46.455570891093004,2.656695
46.462070901012005,2.656131
46.46857091093101,2.655853
46.47507092085001,2.656546
46.481570930769,2.656201
46.488070940688,2.656636
46.49457095060701,2.656598
46.50107096052601,2.656096
46.507570970445,2.656215
46.514070980364,2.656327
46.52057099028301,2.656022
46.52707100020201,2.656039
46.533571010121,2.656206
46.54007102004,2.655546
46.546571029959004,2.65582
46.553071039878006,2.655967
46.55957104979701,2.655709
46.566071059716,2.655902
46.572571069635,2.656285
46.579071079554005,2.65599
46.58557108947301,2.655686
46.592071099392,2.655824
46.598571109311,2.655735
46.605071119230004,2.655641
46.611571129149006,2.655831
46.618071139068,2.655784
46.62457114898701,2.655876
46.631071158906,2.655967
46.637571168825,2.655468
46.64407117874401,2.655566
46.65057118866301,2.656231
46.657071198582,2.655702
46.663571208501004,2.6561
46.67007121842,2.656023
46.67657122833901,2.655718
46.68307123825801,2.655975
46.689571248177,2.656212
46.696071258096,2.655836
46.702571268015014,2.656064
46.70907127793401,2.656149
46.715571287853,2.655773
46.722071297772,2.656021
46.728571307691006,2.655981
46.73507131761001,2.656005
46.741571327529,2.65608
46.748071337448,2.656077
46.754571347367005,2.655339
46.761071357286,2.655627
46.76757136720501,2.6557
46.774071377124,2.655428
46.780571387043004,2.655719
46.787071396962006,2.656312
46.79357140688101,2.6556
46.8000714168,2.65589
46.80657142671901,2.655729
46.813071436638005,2.655303
46.819571446557,2.655409
46.826071456476015,2.655277
46.83257146639501,2.655132
46.839071476314004,2.655173
46.845571486233,2.6554
46.852071496152,2.655092
46.85857150607101,2.655147
46.86507151599,2.655561
46.871571525909005,2.655758
46.878071535828,2.655598
46.88457154574701,2.655377
46.89107155566601,2.65512
46.897571565585004,2.655156
46.904071575504,2.65574
46.91057158542301,2.655303
46.91707159534201,2.65517
46.923571605261,2.65528
46.930071615180005,2.655265
46.936571625099006,2.655511
46.943071635018,2.65555
46.94957164493701,2.655283
46.956071654856004,2.654968
46.962571664775005,2.654748
46.969071674694,2.654823
46.97557168461301,2.655023
46.982071694532,2.654962
46.988571704451005,2.654758
46.995071714370006,2.655186
47.001571724289,2.655238
47.008071734208,2.65485
47.01457174412701,2.655038
47.021071754046005,2.655108
47.027571763965,2.654758
47.034071773883994,2.654859
47.04057178380301,2.655193
47.047071793722004,2.654993
47.053571803641,2.654957
47.06007181356,2.655106
47.06657182347901,2.654719
47.073071833398004,2.654894
47.079571843317005,2.655253
47.086071853236,2.654963
47.092571863154994,2.655078
47.09907187307401,2.654896
47.105571882993004,2.654836
47.112071892912,2.655074
47.11857190283101,2.655354
47.12507191275001,2.65506
47.131571922669,2.654915
47.138071932588005,2.654712
47.14457194250701,2.654755
47.151071952426,2.65484
47.15757196234501,2.654602
47.164071972264004,2.654287
47.170571982183006,2.654532
47.177071992102,2.654542
47.183572002021,2.654511
47.19007201194,2.654944
47.196572021859005,2.654704
47.20307203177801,2.654417
47.209572041697,2.654758
47.216072051616,2.65505
47.22257206153501,2.654869
47.229072071454006,2.654758
47.235572081373,2.65466
47.242072091292,2.654858
47.24857210121101,2.654817
47.255072111130005,2.654517
47.26157212104901,2.654154
47.268072130968,2.654611
47.274572140887,2.654931
47.28107215080601,2.654606
47.287572160725006,2.655046
47.294072170644,2.655058
47.300572180563,2.655198
47.30707219048201,2.655171
47.313572200401005,2.655073
47.32007221032,2.654934
47.32657222023901,2.655192
47.333072230158,2.654886
47.339572240077004,2.654568
47.346072249996006,2.654858
47.35257225991501,2.654928
47.359072269834,2.654758
47.365572279753,2.654628
47.372072289672005,2.654856
47.378572299591006,2.654818
47.38507230951,2.654998
47.391572319429,2.65485
47.398072329348004,2.654854
47.404572339267006,2.654932
47.41107234918601,2.654717
47.417572359105,2.654584
47.424072369023996,2.654709
47.43057237894301,2.654527
47.437072388862006,2.65487
47.443572398781,2.655248
47.4500724087,2.655066
47.456572418619004,2.655138
47.463072428538005,2.654835
47.46957243845701,2.654687
47.476072448376,2.654784
47.482572458295,2.65493
47.48907246821401,2.655156
47.495572478133006,2.654891
47.502072488052,2.655122
47.508572497971,2.654898
47.515072507890004,2.655015
47.521572517809005,2.655067
47.528072527728,2.654909
47.53457253764701,2.654974
47.541072547566,2.654914
47.547572557485,2.654634
47.554072567404006,2.654565
47.56057257732301,2.654821
47.567072587242,2.654535
47.573572597161004,2.654115
47.580072607080005,2.654318
47.58657261699901,2.654447
47.59307262691801,2.654449
47.599572636837,2.654747
47.606072646756,2.654665
47.61257265667501,2.654561
47.61907266659401,2.654938
47.625572676513,2.654668
47.632072686432,2.654674
47.638572696351005,2.654635
47.64507270627001,2.654454
47.651572716189,2.654262
47.658072726108,2.654552
47.664572736027004,2.654388
47.671072745946006,2.654503
47.67757275586501,2.654815
47.684072765784,2.654726
47.690572775703004,2.654521
47.697072785622005,2.654555
47.70357279554101,2.654428
47.71007280546,2.654405
47.71657281537901,2.654752
47.723072825298004,2.654816
47.729572835217,2.654689
47.736072845136015,2.654459
47.74257285505501,2.654448
47.749072864974,2.654523
47.755572874893,2.655233
47.762072884812014,2.655131
47.76857289473101,2.654803
47.77507290465,2.654834
47.781572914569004,2.654249
47.788072924488,2.654162
47.79457293440701,2.654855
47.80107294432601,2.654459
47.807572954245,2.654888
47.814072964164,2.654667
47.820572974083014,2.654554
47.82707298400201,2.654438
47.833572993921,2.654494
47.84007300384,2.654466
47.846573013759006,2.654603
47.85307302367801,2.654905
47.859573033597,2.654513
47.866073043516,2.654761
47.872573053435005,2.655293
47.879073063354,2.654372
47.88557307327301,2.654279
47.892073083192,2.654515
47.898573093111004,2.654143
47.905073103030006,2.654433
47.91157311294901,2.654736
47.918073122868,2.654619
47.92457313278701,2.654031
47.931073142706005,2.654023
47.937573152625,2.654004
47.944073162544015,2.654227
47.95057317246301,2.654538
47.957073182382004,2.654309
47.963573192301,2.65403
47.97007320222,2.654324
47.97657321213901,2.653981
47.983073222058,2.653564
47.989573231977005,2.653856
47.996073241896,2.653768
48.00257325181501,2.653698
48.00907326173401,2.654067
48.015573271653004,2.654106
48.022073281572,2.653776
48.02857329149101,2.654107
48.03507330141001,2.653658
48.041573311329,2.653668
48.048073321248005,2.654068
48.054573331167006,2.653936
48.061073341086,2.653727
48.06757335100501,2.654082
48.074073360924004,2.653807
48.080573370843005,2.653906
48.087073380762,2.654098
48.09357339068101,2.653666
48.1000734006,2.653387
48.106573410519005,2.654011
48.113073420438006,2.653284
48.119573430357,2.653447
48.126073440276,2.65343
48.13257345019501,2.653288
48.139073460114005,2.653647
48.145573470033,2.653749
48.152073479952,2.653326
48.15857348987101,2.653301
48.165073499790005,2.653422
48.171573509709,2.653372
48.178073519628,2.653278
48.18457352954701,2.653888
48.191073539466004,2.653428
48.197573549385005,2.653297
48.204073559304,2.653898
48.210573569223,2.653585
48.21707357914201,2.653271
48.223573589061004,2.653641
48.23007359898,2.653546
48.23657360889901,2.653737
48.243073618818,2.653994
48.249573628737004,2.653555
48.256073638656005,2.653378
48.26257364857501,2.653802
48.269073658494,2.653067
48.27557366841301,2.653145
48.282073678332004,2.653637
48.288573688251006,2.653316
48.29507369817,2.653315
48.301573708089,2.653689
48.308073718008,2.653502
48.314573727927005,2.653014
48.32107373784601,2.653347
48.327573747765,2.653394
48.334073757683996,2.653384
48.34057376760301,2.653619
48.347073777522006,2.653155
48.353573787441,2.65338
48.36007379736,2.653623
48.36657380727901,2.653127
48.373073817198005,2.653067
48.37957382711701,2.653456
48.386073837036,2.65319
48.392573846955,2.652993
48.39907385687401,2.653116
48.405573866793006,2.652932
48.412073876712,2.65317
48.418573886631,2.653412
48.42507389655,2.653296
48.431573906469005,2.65365
48.438073916388,2.653677
48.44457392630701,2.653112
48.451073936226,2.6532
48.457573946145004,2.65341
48.464073956064006,2.653261
48.47057396598301,2.653041
48.477073975902,2.653465
48.483573985821,2.653341
48.490073995740005,2.653013
48.496574005659006,2.653053
48.50307401557801,2.652966
48.509574025497,2.652773
48.516074035416004,2.653084
48.52257404533501,2.65291
48.52907405525401,2.652968
48.535574065173,2.653268
48.542074075091996,2.652779
48.54857408501101,2.652632
48.555074094930006,2.652934
48.561574104849,2.652665
48.568074114768,2.652802
48.574574124687004,2.653142
48.581074134606006,2.652702
48.58757414452501,2.652868
48.594074154444,2.652972
48.600574164363,2.652544
48.60707417428201,2.652361
48.613574184201006,2.652912
48.62007419412,2.652813
48.626574204039,2.652786
48.633074213958004,2.652783
48.639574223877005,2.652689
48.646074233796,2.652599
48.65257424371501,2.652673
48.659074253634,2.652087
48.665574263553,2.652124
48.67207427347201,2.652821
48.67857428339101,2.652576
48.68507429331,2.652793
48.691574303229004,2.652864
48.698074313148005,2.652753
48.70457432306701,2.652719
48.71107433298601,2.652996
48.717574342905,2.652406
48.724074352824,2.65239
48.73057436274301,2.652775
48.73707437266201,2.652207
48.743574382581,2.652406
48.7500743925,2.652604
48.756574402419005,2.652106
48.76307441233801,2.652097
48.769574422257,2.652618
48.776074432176,2.65234
48.782574442095004,2.652513
48.789074452014006,2.652584
48.79557446193301,2.652281
48.802074471852,2.652888
48.808574481771004,2.653031
48.815074491690005,2.652663
48.82157450160901,2.652431
48.828074511528,2.652587
48.83457452144701,2.652407
48.841074531366004,2.652711
48.847574541285,2.652955
48.854074551204015,2.652007
48.86057456112301,2.652217
48.867074571042004,2.652107
48.873574580961,2.651918
48.880074590880014,2.651896
48.88657460079901,2.652066
48.893074610718,2.652132
48.899574620637004,2.652095
48.906074630556,2.652371
48.91257464047501,2.651805
48.91907465039401,2.651847
48.925574660313,2.652177
48.932074670232,2.651899
48.93857468015101,2.651778
48.94507469007001,2.652063
48.951574699989,2.651926
48.958074709908,2.651971
48.964574719827006,2.652206
48.97107472974601,2.651977
48.977574739665,2.651779
48.984074749584,2.65231
48.990574759503005,2.652103
48.997074769422,2.651999
49.00357477934101,2.652316
49.01007478926,2.651733
49.016574799179004,2.65193
49.023074809098006,2.652096
49.029574819017,2.651537
49.036074828936,2.651709
49.04257483885501,2.651828
49.049074848774005,2.651321
49.055574858693,2.651445
49.062074868612015,2.651691
49.06857487853101,2.651561
49.075074888450004,2.651357
49.081574898369,2.651897
49.088074908288,2.651788
49.09457491820701,2.651854
49.101074928126,2.652084
49.107574938045005,2.652008
49.114074947964,2.651783
49.120574957883,2.651858
49.12707496780201,2.651593
49.133574977721004,2.651631
49.14007498764,2.652115
49.14657499755901,2.651505
49.15307500747801,2.651365
49.159575017397,2.651799
49.166075027316005,2.651499
49.172575037235006,2.650998
49.179075047154,2.651209
49.18557505707301,2.650831
49.192075066992004,2.651096
49.198575076911006,2.651546
49.20507508683,2.651358
49.21157509674901,2.651139
49.218075106668,2.651398
49.224575116587005,2.65102
49.231075126506006,2.651325
49.237575136425,2.651259
49.244075146344,2.651081
49.25057515626301,2.650917
49.257075166182005,2.651289
49.263575176101,2.650887
49.27007518602,2.650991
49.27657519593901,2.651406
49.283075205858005,2.650887
49.289575215777006,2.650868
49.296075225696,2.651158
49.30257523561501,2.650812
49.30907524553401,2.650824
49.315575255453005,2.651294
49.322075265372,2.650982
49.328575275291,2.650602
49.33507528521001,2.650841
49.341575295129005,2.650983
49.348075305048,2.650615
49.35457531496701,2.651145
49.361075324886,2.651062
49.367575334805004,2.650935
49.374075344724005,2.651154
49.38057535464301,2.650896
49.387075364562,2.650915
49.39357537448101,2.651305
49.400075384400004,2.650779
49.406575394319006,2.650643
49.413075404238,2.650986
49.419575414157,2.650425
49.426075424076004,2.650037
49.432575433995005,2.650652
49.43907544391401,2.650011
49.445575453833,2.650422
49.452075463751996,2.650736
49.45857547367101,2.650535
49.465075483590006,2.650486
49.471575493509,2.650528
49.478075503428,2.650059
49.48457551334701,2.650068
49.491075523266005,2.650596
49.49757553318501,2.650354
49.504075543104,2.650215
49.510575553023,2.650609
49.51707556294201,2.650574
49.523575572861006,2.650681
49.53007558278,2.65091
49.536575592699,2.650624
49.543075602618,2.65044
49.549575612537005,2.650748
49.556075622456,2.650364
49.56257563237501,2.650593
49.569075642294,2.651074
49.575575652213004,2.650659
49.58207566213201,2.650861
49.58857567205101,2.65113
49.59507568197,2.650726
49.601575691889,2.650379
49.608075701808005,2.650346
49.61457571172701,2.650402
49.62107572164601,2.650496
49.627575731565,2.650674
49.634075741484,2.650454
49.64057575140301,2.650295
49.64707576132201,2.65072
49.653575771241,2.650302
49.660075781159996,2.650121
49.66657579107901,2.650585
49.67307580099801,2.65017
49.679575810917,2.650218
49.686075820836,2.650555
49.692575830755004,2.650459
49.699075840674006,2.650466
49.70557585059301,2.65067
49.712075860512,2.650374
49.718575870431,2.650266
49.725075880350005,2.650729
49.731575890269006,2.650656
49.738075900188,2.650256
49.744575910107,2.65077
49.751075920026004,2.650325
49.757575929945006,2.650156
49.764075939864,2.650307
49.77057594978301,2.65019
49.777075959702,2.650142
49.783575969621,2.650248
49.79007597954001,2.649614
49.79657598945901,2.649939
49.803075999378,2.650263
49.809576009297004,2.649829
49.816076019216,2.649809
49.82257602913501,2.650181
49.82907603905401,2.649998
49.835576048973,2.650234
49.842076058892,2.650695
49.84857606881101,2.650092
49.85507607873001,2.649747
49.861576088649,2.649876
49.868076098568,2.649637
49.874576108487005,2.64999
49.88107611840601,2.650121
49.887576128325,2.649938
49.894076138244,2.649773
49.900576148163005,2.650531
49.907076158082006,2.649842
49.91357616800101,2.649627
49.92007617792,2.650206
49.926576187839004,2.649951
49.933076197758005,2.649799
49.93957620767701,2.649949
49.946076217596,2.649744
49.95257622751501,2.64944
49.959076237434004,2.649562
49.965576247353,2.649331
49.972076257272015,2.649342
49.97857626719101,2.649538
49.985076277110004,2.649583
49.991576287029,2.649212
49.998076296948014,2.649409
50.00457630686701,2.64945
50.011076316786,2.649141
50.017576326705004,2.649405
50.024076336624,2.649705
50.03057634654301,2.649612
50.03707635646201,2.65005
50.043576366381004,2.649496
50.0500763763,2.649261
50.05657638621901,2.649432
50.06307639613801,2.649357
50.069576406057,2.649597
50.076076415976004,2.649465
50.082576425895006,2.649095
50.08907643581401,2.649301
50.09557644573301,2.649698
50.102076455652,2.64946
50.108576465571005,2.649814
50.11507647549,2.649978
50.12157648540901,2.649687
50.128076495328,2.649334
50.134576505247004,2.64973
50.141076515166006,2.649559
50.147576525085,2.649561
50.154076535004,2.649903
50.16057654492301,2.649264
50.167076554842005,2.64939
50.173576564761,2.649557
50.180076574680015,2.649166
50.18657658459901,2.649438
50.193076594518004,2.649421
50.199576604437,2.648897
50.206076614356,2.649026
50.21257662427501,2.649373
50.219076634194,2.649007
50.225576644113005,2.649328
50.232076654032,2.649654
50.238576663951,2.649216
50.24507667387001,2.649221
50.251576683789004,2.649629
50.258076693708,2.649062
50.26457670362701,2.649159
50.27107671354601,2.649602
50.277576723465,2.649376
50.284076733384005,2.649196
50.290576743303006,2.649449
50.297076753222,2.648837
50.30357676314101,2.648523
50.310076773060004,2.648768
50.316576782979006,2.648559
50.323076792898,2.648911
50.329576802817,2.649188
50.336076812736,2.649065
50.342576822655005,2.648962
50.349076832574006,2.649214
50.355576842493,2.64917
50.362076852412,2.649077
50.36857686233101,2.64901
50.375076872250006,2.648735
50.381576882169,2.648758
50.388076892088,2.649191
50.39457690200701,2.648619
50.401076911926005,2.648928
50.407576921845006,2.649027
50.414076931764,2.648868
50.420576941683,2.64894
50.42707695160201,2.649101
50.433576961521005,2.648841
50.44007697144,2.649059
50.446576981359,2.649289
50.45307699127801,2.648817
50.459577001197005,2.648939
50.466077011116,2.649046
50.47257702103501,2.648923
50.479077030954,2.648935
50.485577040873004,2.649203
50.492077050792005,2.648611
50.49857706071101,2.648608
50.50507707063,2.648836
50.511577080549,2.648653
50.518077090468005,2.648819
50.524577100387006,2.649143
50.531077110306,2.648489
50.537577120225,2.648611
50.544077130144004,2.649154
50.550577140063005,2.648674
50.55707714998201,2.648803
50.563577159901,2.648936
50.570077169819996,2.648618
50.57657717973901,2.648743
50.583077189658006,2.648693
50.589577199577,2.648628
50.596077209496,2.648703
50.60257721941501,2.648817
50.609077229334005,2.648304
50.61557723925301,2.648646
50.622077249172,2.648878
50.628577259091,2.648505
50.63507726901001,2.648511
50.641577278929006,2.648741
50.648077288848,2.648824
50.654577298767,2.648302
50.661077308686004,2.648266
50.667577318605005,2.648267
50.674077328524,2.648585
50.68057733844301,2.648917
50.687077348362,2.648865
50.693577358281004,2.648843
50.70007736820001,2.648899
50.70657737811901,2.648565
50.713077388038,2.648366
50.719577397957,2.648612
50.726077407876005,2.64823
50.73257741779501,2.648179
50.73907742771401,2.6485
50.745577437633,2.648419
50.752077447552,2.648433
50.75857745747101,2.648406
50.76507746739001,2.648115
50.771577477309,2.647963
50.778077487227996,2.648575
50.78457749714701,2.648096
50.79107750706601,2.648056
50.797577516985,2.648186
50.804077526904,2.647464
50.810577536823004,2.647891
50.817077546742006,2.648515
50.82357755666101,2.647956
50.83007756658,2.647874
50.836577576499,2.648215
50.843077586418005,2.647989
50.84957759633701,2.647733
50.856077606256,2.647627
50.86257761617501,2.647496
50.869077626094004,2.6476
50.875577636013006,2.647982
50.882077645932014,2.647813
50.88857765585101,2.647599
50.89507766577,2.647804
50.901577675689,2.647256
50.90807768560801,2.647257
50.91457769552701,2.647711
50.921077705446,2.647519
50.927577715365004,2.64783
50.934077725284,2.647895
50.94057773520301,2.64769
50.94707774512201,2.647546
50.953577755041,2.647536
50.96007776496,2.647917
50.96657777487901,2.647859
50.97307778479801,2.648241
50.979577794717,2.647774
50.986077804636,2.647395
50.992577814555005,2.647475
50.99907782447401,2.647351
51.005577834393,2.647483
51.012077844312,2.647578
51.018577854231005,2.647638
51.02507786415,2.64758
51.03157787406901,2.647687
51.038077883988,2.647519
51.044577893907004,2.647347
51.051077903826005,2.647423
51.05757791374501,2.647157
51.064077923664,2.647267
51.07057793358301,2.647405
51.077077943502005,2.64736
51.083577953421,2.647305
51.090077963340015,2.647429
51.09657797325901,2.647452
51.103077983178004,2.647415
51.109577993097,2.647822
51.116078003016,2.647269
51.12257801293501,2.647308
51.129078022854,2.647228
51.135578032773005,2.647101
51.142078042692,2.646967
51.14857805261101,2.647441
51.15507806253001,2.647081
51.161578072449004,2.647031
51.168078082368,2.647581
51.17457809228701,2.647111
51.18107810220601,2.646985
51.187578112125,2.647358
51.194078122044004,2.647134
51.200578131963006,2.647055
51.20707814188201,2.647128
51.21357815180101,2.647192
51.220078161720004,2.646782
51.226578171639005,2.647093
51.233078181558,2.647121
51.23957819147701,2.646922
51.246078201396,2.647041
51.252578211315004,2.647046
51.259078221234006,2.647091
51.265578231153,2.647081
51.272078241072,2.646902
51.27857825099101,2.646826
51.285078260910005,2.646917
51.291578270829,2.646693
51.298078280748015,2.646647
51.30457829066701,2.646987
51.311078300586004,2.646829
51.317578310505,2.646834
51.324078320424,2.64716
51.33057833034301,2.646756
51.337078340262,2.646576
51.343578350181005,2.646742
51.3500783601,2.646439
51.356578370019,2.646398
51.36307837993801,2.646534
51.369578389857004,2.646201
51.376078399776,2.646151
51.38257840969501,2.646567
51.38907841961401,2.646559
51.395578429533,2.646589
51.402078439452005,2.646566
51.40857844937101,2.646264
51.41507845929,2.646455
51.42157846920901,2.646492
51.428078479128004,2.646125
51.434578489047006,2.646145
51.441078498966,2.646269
51.447578508885,2.646017
51.454078518804,2.646436
51.460578528723005,2.646338
51.467078538642006,2.646267
51.473578548561,2.646529
51.48007855848,2.646444
51.48657856839901,2.646188
51.493078578318006,2.645981
51.499578588237,2.646285
51.506078598156,2.64611
51.51257860807501,2.646166
51.519078617994005,2.646334
51.525578627913006,2.646108
51.532078637832,2.646117
51.538578647751,2.646339
51.54507865767001,2.646096
51.551578667589006,2.645977
51.558078677508,2.64614
51.564578687427,2.645785
51.57107869734601,2.646129
51.577578707265005,2.645979
51.584078717184,2.645749
51.59057872710301,2.645904
51.597078737022,2.645831
51.603578746941004,2.645758
51.61007875686001,2.645918
51.61657876677901,2.645918
51.623078776698,2.645495
51.629578786617,2.645885
51.636078796536005,2.646071
51.642578806455006,2.645844
51.64907881637401,2.646153
51.655578826293,2.6461
51.662078836212004,2.645726
51.66857884613101,2.645857
51.67507885605001,2.645872
51.681578865969,2.645548
51.688078875887996,2.645497
51.69457888580701,2.645432
51.701078895726006,2.645409
51.707578905645,2.645686
51.714078915564,2.646168
51.720578925483004,2.645941
51.727078935402005,2.64564
51.73357894532101,2.64578
51.74007895524,2.64554
51.746578965159,2.645807
51.75307897507801,2.645635
51.759578984997006,2.645357
51.766078994916,2.645875
51.772579004835,2.64585
51.779079014754004,2.645515
51.785579024673005,2.645621
51.792079034592,2.645669
51.79857904451101,2.645764
51.80507905443,2.645768
51.811579064349,2.645593
51.81807907426801,2.645467
51.82457908418701,2.645487
51.831079094106,2.645353
51.837579104025004,2.645318
51.84407911394401,2.645493
51.85057912386301,2.645546
51.85707913378201,2.645098
51.863579143701,2.645172
51.87007915362,2.645411
51.87657916353901,2.645233
51.88307917345801,2.645305
51.889579183377,2.6451
51.896079193295996,2.645175
51.90257920321501,2.645338
51.90907921313401,2.645263
51.915579223053,2.645355
51.922079232972,2.645316
51.928579242891004,2.64537
51.935079252810006,2.645255
51.94157926272901,2.645012
51.948079272648,2.645085
51.954579282567,2.644649
51.961079292486005,2.644931
51.96757930240501,2.644991
51.974079312324,2.644705
51.98057932224301,2.644996
51.987079332162004,2.645143
51.993579342081006,2.645004
52.000079352000014,2.644995
52.00657936191901,2.645051
52.013079371838,2.644989
52.019579381757,2.645096
52.026079391676014,2.644747
52.03257940159501,2.644846
52.039079411514,2.644989
52.045579421433004,2.644782
52.052079431352,2.644706
52.05857944127101,2.644748
52.06507945119001,2.644614
52.071579461109,2.64467
52.078079471028,2.644776
52.08457948094701,2.644743
52.09107949086601,2.644625
52.097579500785,2.645066
52.104079510704,2.64489
52.110579520623006,2.644672
52.11707953054201,2.64471
52.123579540461,2.644654
52.13007955038,2.644058
52.136579560299005,2.644555
52.143079570218,2.644495
52.14957958013701,2.644281
52.156079590056,2.64442
52.162579599975004,2.644819
52.169079609894006,2.644612
52.17557961981301,2.644713
52.182079629732,2.64465
52.18857963965101,2.644661
52.195079649570005,2.644657
52.201579659489,2.644525
52.208079669408015,2.64441
52.21457967932701,2.644534
52.221079689246004,2.644506
52.227579699165,2.644822
52.234079709084,2.644911
52.24057971900301,2.644639
52.247079728922,2.644127
52.253579738841005,2.644631
52.26007974876,2.6442
52.26657975867901,2.644049
52.27307976859801,2.644389
52.279579778517004,2.644585
52.286079788436,2.644014
52.29257979835501,2.644383
52.29907980827401,2.644622
52.305579818193,2.644305
52.312079828112005,2.644266
52.318579838031006,2.644233
52.32507984795,2.644089
52.33157985786901,2.644121
52.338079867788004,2.643962
52.344579877707005,2.643604
52.351079887626,2.643719
52.35757989754501,2.643713
52.364079907464,2.643627
52.370579917383004,2.644033
52.377079927302006,2.643829
52.383579937221,2.643565
52.39007994714,2.643775
52.39657995705901,2.643675
52.403079966978005,2.643744
52.409579976897,2.644347
52.416079986816,2.643671
52.42257999673501,2.643731
52.429080006654004,2.643978
52.435580016573006,2.643534
52.442080026492,2.643878
52.44858003641101,2.64415
52.45508004633001,2.643865
52.461580056249005,2.643906
52.468080066168,2.644148
52.474580076087,2.643786
52.48108008600601,2.643528
52.487580095925004,2.643983
52.494080105844,2.643787
52.50058011576301,2.643372
52.507080125682,2.643617
52.513580135601,2.643423
52.52008014552001,2.643371
52.52658015543901,2.643767
52.533080165358,2.643701
52.53958017527701,2.643442
52.546080185196004,2.644066
52.552580195115006,2.643853
52.559080205034,2.644136
52.565580214953,2.644351
52.572080224872,2.644157
52.578580234791005,2.64423
52.58508024471001,2.644386
52.591580254629,2.643923
52.598080264548,2.643965
52.60458027446701,2.643913
52.611080284386006,2.643564
52.617580294305,2.643534
52.624080304224,2.644194
52.63058031414301,2.64375
52.637080324062005,2.64356
52.643580333981006,2.644031
52.6500803439,2.643428
52.656580353819,2.643698
52.66308036373801,2.643467
52.669580373657006,2.6435
52.676080383576,2.64329
52.682580393495,2.64351
52.68908040341401,2.64334
52.695580413333005,2.643685
52.702080423252,2.643816
52.70858043317101,2.643282
52.71508044309,2.643283
52.721580453009004,2.643462
52.72808046292801,2.643005
52.73458047284701,2.643216
52.741080482766,2.643457
52.747580492685,2.643267
52.754080502604005,2.643161
52.760580512523006,2.643409
52.76708052244201,2.643166
52.773580532361,2.642846
52.780080542280004,2.643213
52.78658055219901,2.642934
52.79308056211801,2.642952
52.799580572037,2.643311
52.806080581955996,2.642876
52.81258059187501,2.642318
52.819080601794006,2.642713
52.825580611713,2.642399
52.832080621632,2.642713
52.838580631551004,2.642895
52.845080641470005,2.642651
52.85158065138901,2.642396
52.858080661308,2.642778
52.864580671227,2.64244
52.87108068114601,2.642341
52.877580691065006,2.642806
52.884080700984,2.642411
52.890580710903,2.642181
52.897080720822004,2.642743
52.903580730741005,2.642143
52.91008074066,2.64238
52.91658075057901,2.642793
52.923080760498,2.642222
52.929580770417,2.642109
52.93608078033601,2.642331
52.94258079025501,2.642219
52.949080800174,2.642694
52.955580810093004,2.642932
52.96208082001201,2.642294
52.96858082993101,2.642442
52.97508083985001,2.642681
52.981580849769,2.642503
52.988080859688,2.642493
52.99458086960701,2.642702
53.00108087952601,2.642252
53.007580889445,2.642333
53.014080899364,2.642922
53.020580909283005,2.642212
53.02708091920201,2.64238
53.033580929121,2.642745
53.04008093904,2.642318
53.046580948959004,2.642759
53.053080958878006,2.642686
53.05958096879701,2.642344
53.066080978716,2.642225
53.072580988635,2.642516
53.079080998554005,2.642025
53.08558100847301,2.641768
53.092081018392,2.642001
53.09858102831101,2.64179
53.105081038230004,2.641855
53.111581048149,2.642375
53.118081058068014,2.641931
53.12458106798701,2.64164
53.131081077906,2.642012
53.137581087825,2.641952
53.144081097744014,2.641717
53.15058110766301,2.64213
53.157081117582,2.641894
53.163581127501004,2.641859
53.17008113742,2.64202
53.17658114733901,2.641329
53.18308115725801,2.641376
53.189581167177,2.642148
53.196081177096,2.641739
53.20258118701501,2.642164
53.20908119693401,2.642352
53.215581206853,2.641857
53.222081216772004,2.641702
53.228581226691006,2.642092
53.23508123661001,2.64178
53.24158124652901,2.641865
53.248081256448,2.641683
53.254581266367005,2.641542
53.261081276286,2.64156
53.26758128620501,2.641882
53.274081296124,2.641401
53.280581306043004,2.641395
53.287081315962006,2.641854
53.29358132588101,2.641706
53.3000813358,2.641477
53.30658134571901,2.641826
53.313081355638005,2.64135
53.319581365557,2.641559
53.326081375476015,2.641799
53.33258138539501,2.641542
53.339081395314004,2.64146
53.345581405233,2.641507
53.352081415152,2.641124
53.35858142507101,2.641044
53.36508143499,2.641101
53.371581444909005,2.64106
53.378081454828,2.641144
53.38458146474701,2.641342
53.39108147466601,2.641306
53.397581484585004,2.641121
53.404081494504,2.641442
53.41058150442301,2.641114
53.41708151434201,2.64142
53.423581524261,2.64136
53.43008153418001,2.641379
53.436581544099006,2.641151
53.443081554018,2.641683
53.44958156393701,2.641149
53.456081573856004,2.641276
53.462581583775005,2.641269
53.469081593694,2.640579
53.47558160361301,2.640503
53.482081613532,2.640991
53.488581623451005,2.641082
53.495081633370006,2.640998
53.501581643289,2.641179
53.508081653208,2.640778
53.51458166312701,2.640867
53.521081673046005,2.641487
53.527581682965,2.641117
53.534081692884,2.640942
53.54058170280301,2.64133
53.547081712722004,2.640813
53.553581722641006,2.640851
53.56008173256,2.641139
53.56658174247901,2.640951
53.57308175239801,2.640668
53.579581762317005,2.640968
53.586081772236,2.640697
53.592581782155,2.640707
53.59908179207401,2.641063
53.605581801993004,2.640674
53.612081811912,2.640661
53.61858182183101,2.640629
53.62508183175,2.640548
53.631581841669,2.640529
53.63808185158801,2.641065
53.64458186150701,2.640462
53.651081871426,2.640275
53.65758188134501,2.640988
53.664081891264004,2.640616
53.670581901183006,2.640642
53.677081911102,2.640841
53.683581921021,2.640157
53.69008193094,2.640261
53.696581940859005,2.640858
53.70308195077801,2.640414
53.709581960697,2.640468
53.716081970615996,2.640965
53.72258198053501,2.640336
53.729081990454006,2.640227
53.735582000373,2.640399
53.742082010292,2.640182
53.74858202021101,2.639958
53.755082030130005,2.640435
53.76158204004901,2.639999
53.768082049968,2.640129
53.774582059887,2.640624
53.78108206980601,2.640117
53.787582079725006,2.640349
53.794082089644,2.640552
53.800582099563,2.640309
53.807082109482,2.640223
53.813582119401005,2.640326
53.82008212932,2.640022
53.82658213923901,2.640234
53.833082149158,2.640532
53.839582159077004,2.639932
53.84608216899601,2.639955
53.85258217891501,2.640282
53.859082188834,2.639955
53.865582198753,2.640104
53.87208220867201,2.640453
53.878582218591006,2.639951
53.88508222851001,2.640038
53.891582238429,2.640216
53.898082248348,2.640082
53.90458225826701,2.639864
53.91108226818601,2.640389
53.917582278105,2.639646
53.924082288023996,2.639545
53.93058229794301,2.640023
53.937082307862006,2.639971
53.943582317781,2.640086
53.9500823277,2.640268
53.956582337619004,2.639576
53.963082347538005,2.639431
53.96958235745701,2.640126
53.976082367376,2.639602
53.982582377295,2.639215
53.98908238721401,2.639769
53.995582397133006,2.639363
54.002082407052,2.63903
54.00858241697101,2.639302
54.015082426890004,2.639272
54.021582436809005,2.639371
54.028082446728014,2.639906
54.03458245664701,2.639706
54.041082466566,2.639592
54.047582476485,2.640063
54.05408248640401,2.639363
54.06058249632301,2.639664
54.067082506242,2.639775
54.073582516161004,2.63956
54.08008252608001,2.639805
54.08658253599901,2.639774
54.09308254591801,2.639352
54.099582555837,2.639184
54.106082565756,2.639736
54.11258257567501,2.639588
54.11908258559401,2.639588
54.125582595513,2.639745
54.132082605432,2.639449
54.138582615351005,2.639318
54.14508262527001,2.639867
54.151582635189,2.639643
54.158082645108,2.639677
54.164582655027004,2.639839
54.171082664946006,2.639601
54.17758267486501,2.639795
54.184082684784,2.639927
54.190582694703004,2.639641
54.197082704622005,2.639705
54.20358271454101,2.639825
54.21008272446,2.639627
54.21658273437901,2.639778
54.223082744298004,2.639807
54.229582754217,2.639635
54.236082764136015,2.639281
54.24258277405501,2.639388
54.249082783974,2.639295
54.255582793893,2.638616
54.262082803812014,2.639035
54.26858281373101,2.638911
54.27508282365,2.638871
54.281582833569004,2.639107
54.288082843488,2.638686
54.29458285340701,2.638636
54.30108286332601,2.639025
54.307582873245,2.638969
54.314082883164,2.638672
54.32058289308301,2.639017
54.32708290300201,2.638659
54.333582912921,2.638817
54.340082922840004,2.639226
54.346582932759006,2.638817
54.35308294267801,2.63926
54.35958295259701,2.639283
54.366082962516,2.638821
54.372582972435005,2.639053
54.379082982354,2.63927
54.38558299227301,2.638717
54.392083002192,2.638855
54.398583012111004,2.639362
54.405083022030006,2.638968
54.411583031949,2.638768
54.418083041868,2.639078
54.42458305178701,2.63856
54.431083061706005,2.638603
54.437583071625,2.638771
54.444083081544015,2.638245
54.45058309146301,2.638426
54.457083101382004,2.638433
54.463583111301,2.63853
54.47008312122,2.638648
54.47658313113901,2.638772
54.483083141058,2.638743
54.489583150977005,2.638386
54.496083160896,2.638576
54.502583170815,2.638263
54.50908318073401,2.638403
54.515583190653004,2.638784
54.522083200572,2.638394
54.52858321049101,2.638385
54.53508322041001,2.638449
54.541583230329,2.638247
54.54808324024801,2.638164
54.554583250167006,2.638202
54.561083260086,2.638121
54.56758327000501,2.638104
54.574083279924004,2.63834
54.580583289843005,2.638148
54.587083299762,2.638257
54.593583309681,2.638361
54.6000833196,2.638366
54.606583329519005,2.638019
54.613083339438006,2.638301
54.619583349357,2.637912
54.626083359276,2.637739
54.63258336919501,2.637768
54.639083379114005,2.637755
54.645583389033,2.63761
54.652083398952,2.638014
54.65858340887101,2.637944
54.665083418790005,2.637952
54.671583428709006,2.638396
54.678083438628,2.638259
54.68458344854701,2.637822
54.69108345846601,2.638047
54.697583468385005,2.638117
54.704083478304,2.637774
54.710583488223,2.638365
54.71708349814201,2.637994
54.723583508061004,2.637929
54.73008351798,2.638366
54.73658352789901,2.637847
54.743083537818,2.638117
54.749583547737004,2.638083
54.75608355765601,2.637634
54.76258356757501,2.637825
54.769083577494,2.638205
54.77558358741301,2.637877
54.78208359733201,2.637973
54.788583607251006,2.638077
54.79508361717001,2.63789
54.801583627089,2.637951
54.808083637008004,2.638195
54.81458364692701,2.637616
54.82108365684601,2.637661
54.827583666765,2.637846
54.834083676683996,2.637512
54.84058368660301,2.637382
54.847083696522006,2.637817
54.853583706441,2.637774
54.86008371636,2.637553
54.86658372627901,2.637761
54.873083736198005,2.637649
54.87958374611701,2.637697
54.886083756036,2.637753
54.892583765955,2.637435
54.89908377587401,2.63753
54.905583785793006,2.63775
54.912083795712,2.63759
54.918583805631,2.637547
54.92508381555,2.63759
54.931583825469005,2.637633
54.938083835388,2.637451
54.94458384530701,2.637636
54.951083855226,2.637323
54.957583865145004,2.636999
54.96408387506401,2.637289
54.97058388498301,2.637018
54.977083894902,2.637399
54.983583904821,2.637692
54.99008391474001,2.637479
54.99658392465901,2.637581
55.00308393457801,2.637769
55.009583944497,2.637601
55.016083954416,2.637468
55.02258396433501,2.637848
55.02908397425401,2.637321
55.035583984173,2.637291
55.042083994091996,2.637695
55.04858400401101,2.637443
55.055084013930006,2.637419
55.061584023849,2.637589
55.068084033768,2.637166
55.074584043687004,2.637473
55.081084053606006,2.637875
55.08758406352501,2.637177
55.094084073444,2.637071
55.100584083363,2.637287
55.107084093282005,2.636803
55.113584103201006,2.63736
55.12008411312,2.637588
55.12658412303901,2.637286
55.133084132958004,2.636997
55.139584142877005,2.637167
55.146084152796014,2.636857
55.15258416271501,2.636953
55.159084172634,2.637347
55.165584182553,2.636914
55.17208419247201,2.637325
55.17858420239101,2.637389
55.18508421231,2.637202
55.191584222229004,2.63697
55.198084232148,2.637377
55.20458424206701,2.636784
55.21108425198601,2.637027
55.217584261905,2.637085
55.224084271824,2.636737
55.23058428174301,2.636839
55.23708429166201,2.637213
55.243584301581,2.63711
55.2500843115,2.636705
55.256584321419005,2.636899
55.26308433133801,2.636951
55.269584341257,2.636997
55.276084351176,2.637221
55.282584361095005,2.636931
55.289084371014,2.636833
55.29558438093301,2.637381
55.302084390852,2.636894
55.308584400771004,2.636833
55.315084410690005,2.637032
55.32158442060901,2.637115
55.328084430528,2.63688
55.33458444044701,2.637137
55.341084450366004,2.636551
55.347584460285,2.636503
55.354084470204015,2.636874
55.36058448012301,2.636534
55.367084490042004,2.636308
55.373584499961,2.636619
55.380084509880014,2.636568
55.38658451979901,2.636482
55.393084529718,2.636827
55.399584539637004,2.636278
55.406084549556,2.636146
55.41258455947501,2.636443
55.41908456939401,2.636094
55.425584579313,2.636338
55.432084589232,2.636632
55.43858459915101,2.636329
55.44508460907001,2.63649
55.451584618989,2.636418
55.45808462890801,2.636005
55.464584638827006,2.635852
55.47108464874601,2.636239
55.47758465866501,2.636275
55.484084668584,2.63621
55.490584678503005,2.636147
55.497084688422,2.636137
55.50358469834101,2.636259
55.51008470826,2.636615
55.516584718179004,2.636077
55.523084728098006,2.635997
55.529584738017,2.636047
55.536084747936,2.635939
55.54258475785501,2.635889
55.549084767774005,2.636147
55.555584777693,2.635763
55.562084787612015,2.636079
55.56858479753101,2.636415
55.575084807450004,2.635968
55.581584817369006,2.636225
55.588084827288,2.636553
55.59458483720701,2.636141
55.60108484712601,2.63596
55.607584857045005,2.63659
55.614084866964,2.636048
55.620584876883,2.63622
55.62708488680201,2.636395
55.633584896721004,2.635716
55.64008490664,2.635921
55.64658491655901,2.635872
55.65308492647801,2.635448
55.659584936397,2.635498
55.66608494631601,2.635738
55.672584956235006,2.635253
55.679084966154,2.634899
55.68558497607301,2.635534
55.69208498599201,2.635052
55.698584995911006,2.635329
55.70508500583,2.635704
55.711585015749,2.635419
55.718085025668,2.635372
55.724585035587005,2.635664
55.731085045506006,2.635548
55.737585055425,2.635455
55.744085065344,2.63603
55.75058507526301,2.635553
55.757085085182005,2.635613
55.763585095101,2.635544
55.77008510502,2.635079
55.77658511493901,2.635057
55.783085124858005,2.635557
55.789585134777006,2.635209
55.796085144696,2.63519
55.802585154615,2.635476
55.80908516453401,2.635098
55.815585174453005,2.635153
55.822085184372,2.635385
55.828585194291,2.634991
55.83508520421001,2.634953
55.841585214129005,2.635069
55.848085224048,2.6347
55.85458523396701,2.634895
55.861085243886,2.635062
55.867585253805004,2.634961
55.87408526372401,2.634621
55.88058527364301,2.634951
55.887085283562,2.634662
55.893585293481,2.63484
55.90008530340001,2.635007
55.906585313319006,2.634541
55.91308532323801,2.634932
55.919585333157,2.634948
55.926085343076004,2.634657
55.93258535299501,2.634879
55.93908536291401,2.634987
55.945585372833,2.634504
55.952085382751996,2.634764
55.95858539267101,2.634694
55.965085402590006,2.634634
55.971585412509,2.63435
55.978085422428,2.634565
55.98458543234701,2.634739
55.991085442266005,2.634499
55.99758545218501,2.634711
56.004085462104,2.634497
56.010585472023,2.634315
56.01708548194201,2.634228
56.023585491861006,2.63384
56.03008550178,2.634273
56.036585511699,2.634484
56.043085521618,2.634088
56.049585531537005,2.634175
56.056085541456,2.634607
56.06258555137501,2.634245
56.069085561294,2.634267
56.075585571213004,2.634295
56.08208558113201,2.634118
56.08858559105101,2.633936
56.09508560097,2.634275
56.101585610889,2.634092
56.10808562080801,2.634198
56.11458563072701,2.634334
56.12108564064601,2.633733
56.127585650565,2.633838
56.134085660484,2.634025
56.14058567040301,2.633969
56.14708568032201,2.633897
56.153585690241,2.633907
56.160085700159996,2.633969
56.16658571007901,2.633904
56.17308571999801,2.633691
56.179585729917,2.633785
56.186085739836,2.633909
56.192585749755004,2.634098
56.199085759674006,2.633764
56.20558576959301,2.633686
56.212085779512,2.633961
56.218585789431,2.633589
56.225085799350005,2.633803
56.231585809269006,2.634168
56.238085819188,2.633935
56.24458582910701,2.633803
56.251085839026004,2.63431
56.257585848945006,2.633656
56.264085858864014,2.633552
56.27058586878301,2.634026
56.277085878702,2.633866
56.283585888621,2.633929
56.29008589854001,2.633847
56.29658590845901,2.633318
56.303085918378,2.63337
56.309585928297004,2.633675
56.316085938216,2.633477
56.32258594813501,2.633573
56.32908595805401,2.6334
56.335585967973,2.633152
56.342085977892,2.633573
56.34858598781101,2.633721
56.35508599773001,2.63316
56.361586007649,2.633318
56.36808601756801,2.633622
56.374586027487005,2.632997
56.38108603740601,2.632818
56.38758604732501,2.632945
56.394086057244,2.632835
56.400586067163005,2.633277
56.407086077082,2.633324
56.41358608700101,2.633058
56.42008609692,2.633486
56.426586106839004,2.633731
56.433086116758005,2.633618
56.43958612667701,2.633371
56.446086136596,2.633325
56.45258614651501,2.633504
56.459086156434005,2.633458
56.465586166353,2.63312
56.472086176272015,2.633021
56.47858618619101,2.633154
56.485086196110004,2.633551
56.491586206029,2.63334
56.498086215948,2.633146
56.50458622586701,2.633278
56.511086235786,2.632851
56.517586245705004,2.633152
56.524086255624,2.633246
56.53058626554301,2.632989
56.53708627546201,2.633061
56.543586285381004,2.633167
56.5500862953,2.632883
56.55658630521901,2.632983
56.56308631513801,2.632913
56.569586325057,2.632628
56.57608633497601,2.632879
56.582586344895006,2.633022
56.589086354814,2.632648
56.59558636473301,2.63281
56.602086374652,2.632891
56.608586384571005,2.632366
56.61508639449,2.632722
56.62158640440901,2.63293
56.628086414328,2.63288
56.634586424247004,2.632814
56.641086434166006,2.632763
56.647586444085,2.632436
56.654086454004,2.632785
56.66058646392301,2.632827
56.667086473842005,2.632551
56.673586483761,2.632725
56.680086493680015,2.63265
56.68658650359901,2.632533
56.693086513518004,2.63278
56.699586523437006,2.63282
56.706086533356,2.632476
56.71258654327501,2.632498
56.71908655319401,2.632456
56.725586563113005,2.632217
56.732086573032,2.632403
56.738586582951,2.632527
56.74508659287001,2.632284
56.751586602789004,2.632844
56.758086612708,2.632772
56.76458662262701,2.632229
56.77108663254601,2.632122
56.777586642465,2.632458
56.78408665238401,2.632133
56.79058666230301,2.632422
56.797086672222,2.632206
56.80358668214101,2.632284
56.81008669206001,2.632171
56.816586701979006,2.632502
56.823086711898,2.632296
56.829586721817,2.632531
56.836086731736,2.632672
56.842586741655005,2.632546
56.849086751574006,2.632348
56.855586761493,2.631985
56.862086771412,2.632258
56.86858678133101,2.632547
56.875086791250006,2.632594
56.881586801169,2.632474
56.888086811088,2.632515
56.89458682100701,2.632404
56.901086830926005,2.632303
56.907586840845006,2.632731
56.914086850764,2.632547
56.920586860683,2.632695
56.92708687060201,2.632657
56.933586880521005,2.63257
56.94008689044,2.632317
56.946586900359,2.632513
56.95308691027801,2.632465
56.959586920197005,2.632164
56.966086930116,2.632071
56.97258694003501,2.631958
56.979086949954,2.63174
56.985586959873004,2.632077
56.99208696979201,2.631519
56.99858697971101,2.631301
57.00508698963,2.631806
57.011586999549,2.631759
57.01808700946801,2.631746
57.024587019387006,2.631754
57.03108702930601,2.631847
57.037587039225,2.631685
57.04408704914401,2.632012
57.05058705906301,2.631567
57.05708706898201,2.631534
57.063587078901,2.631791
57.070087088819996,2.631798
57.07658709873901,2.631623
57.083087108658006,2.631663
57.089587118577,2.631343
57.096087128496,2.631241
57.102587138415004,2.631796
57.109087148334005,2.631409
57.11558715825301,2.631775
57.122087168172,2.632054
57.128587178091,2.63196
57.13508718801001,2.631423
57.141587197929006,2.631587
57.148087207848,2.631443
57.15458721776701,2.631292
57.161087227686004,2.63168
57.167587237605005,2.631524
57.174087247524014,2.631312
57.18058725744301,2.631666
57.187087267362,2.631712
57.193587277281,2.631358
57.20008728720001,2.631689
57.20658729711901,2.631387
57.213087307038,2.630894
57.219587316957,2.631205
57.22608732687601,2.631321
57.23258733679501,2.631338
57.23908734671401,2.6315
57.245587356633,2.631146
57.252087366552,2.631154
57.25858737647101,2.631587
57.26508738639001,2.631227
57.271587396309,2.630809
57.278087406227996,2.631069
57.284587416147005,2.630984
57.29108742606601,2.630953
57.297587435985,2.63136
57.304087445904,2.63124
57.310587455823004,2.631387
57.317087465742006,2.631455
57.32358747566101,2.630975
57.33008748558,2.631094
57.336587495499,2.631421
57.343087505418005,2.631039
57.34958751533701,2.630914
57.356087525256,2.63074
57.36258753517501,2.630794
57.369087545094004,2.630892
57.375587555013006,2.631082
57.382087564932014,2.630927
57.38858757485101,2.630783
57.39508758477,2.631099
57.401587594689,2.630919
57.40808760460801,2.630687
57.41458761452701,2.631029
57.421087624446,2.631039
57.427587634365004,2.630845
57.434087644284,2.631028
57.44058765420301,2.631001
57.44708766412201,2.630825
57.453587674041,2.630836
57.46008768396,2.630756
57.46658769387901,2.631012
57.47308770379801,2.631064
57.479587713717,2.630695
57.48608772363601,2.631051
57.492587733555006,2.631349
57.49908774347401,2.630981
57.50558775339301,2.630946
57.512087763312,2.631501
57.518587773231005,2.631019
57.52508778315,2.631024
57.53158779306901,2.631177
57.538087802988,2.630626
57.544587812907004,2.630273
57.551087822826005,2.630742
57.55758783274501,2.630564
57.564087842664,2.630825
57.57058785258301,2.630871
57.577087862502005,2.63055
57.583587872421,2.630579
57.590087882340015,2.630784
57.59658789225901,2.630569
57.603087902178004,2.63057
57.609587912097,2.630832
57.616087922016,2.630409
57.62258793193501,2.630419
57.629087941854,2.630648
57.635587951773005,2.630475
57.642087961692,2.630279
57.64858797161101,2.630662
57.65508798153001,2.630119
57.661587991449004,2.630266
57.668088001368,2.630365
57.67458801128701,2.630172
57.68108802120601,2.629961
57.687588031125,2.630389
57.69408804104401,2.629961
57.700588050963006,2.630196
57.707088060882,2.63039
57.71358807080101,2.629927
57.72008808072001,2.630064
57.726588090639005,2.63022
57.733088100558,2.629666
57.73958811047701,2.629537
57.746088120396,2.630126
57.752588130315004,2.629874
57.759088140234006,2.62987
57.765588150153,2.630017
57.772088160072,2.629744
57.77858816999101,2.629783
57.785088179910005,2.630097
57.791588189829,2.629748
57.798088199748,2.629242
57.80458820966701,2.629764
57.811088219586004,2.629507
57.817588229505006,2.629285
57.824088239424,2.629692
57.83058824934301,2.629173
57.83708825926201,2.629016
57.843588269181005,2.629776
57.8500882791,2.629456
57.856588289019,2.62958
57.86308829893801,2.629843
57.869588308857004,2.629656
57.876088318776,2.629817
57.88258832869501,2.629547
57.889088338614,2.629357
57.895588348533,2.629392
57.90208835845201,2.629173
57.90858836837101,2.629252
57.91508837829,2.629037
57.92158838820901,2.629434
57.92808839812801,2.629042
57.934588408047006,2.629206
57.94108841796601,2.629421
57.947588427885,2.629126
57.95408843780401,2.62891
57.96058844772301,2.629144
57.96708845764201,2.62908
57.973588467561,2.628901
57.980088477479995,2.62926
57.98658848739901,2.6291
57.993088497318006,2.629189
57.999588507237,2.62923
58.006088517156,2.62886
58.01258852707501,2.62918
58.019088536994005,2.629309
58.025588546913006,2.62893
58.032088556832,2.628539
58.038588566751,2.628974
58.04508857667001,2.628556
58.051588586589006,2.62878
58.058088596508,2.629068
58.064588606427,2.628706
58.07108861634601,2.628697
58.077588626265005,2.628893
58.084088636184,2.628357
58.09058864610301,2.628593
58.097088656022,2.62878
58.103588665941004,2.62863
58.11008867586001,2.628586
58.11658868577901,2.628716
58.123088695698,2.628689
58.129588705617,2.628791
58.13608871553601,2.629044
58.142588725455006,2.628755
58.14908873537401,2.628493
58.155588745293,2.62882
58.16208875521201,2.628581
58.16858876513101,2.628603
58.17508877505001,2.628946
58.181588784969,2.628724
58.188088794887996,2.628242
58.19458880480701,2.628481
58.201088814726006,2.628228
58.207588824645,2.628304
58.214088834564,2.628515
58.220588844483004,2.6283
58.227088854402005,2.628301
58.23358886432101,2.628457
58.24008887424,2.628221
58.246588884159,2.628322
58.25308889407801,2.628737
58.259588903997006,2.628345
58.266088913916,2.628484
58.27258892383501,2.628458
58.279088933754004,2.628084
58.285588943673005,2.628443
58.292088953592014,2.628546
58.29858896351101,2.628155
58.30508897343,2.628125
58.311588983349,2.628332
58.31808899326801,2.628112
58.32458900318701,2.627816
58.331089013106,2.628144
58.337589023025004,2.627872
58.34408903294401,2.627906
58.35058904286301,2.628335
58.35708905278201,2.627832
58.363589062701,2.628092
58.37008907262,2.628049
58.37658908253901,2.627791
58.38308909245801,2.627882
58.389589102377,2.628141
58.396089112295996,2.627849
58.402589122215005,2.627897
58.40908913213401,2.628448
58.415589142053,2.627706
58.422089151972,2.627805
58.428589161891004,2.628228
58.435089171810006,2.6278
58.44158918172901,2.62746
58.448089191648,2.62785
58.454589201567,2.627605
58.461089211486005,2.627577
58.46758922140501,2.627639
58.474089231324,2.627503
58.48058924124301,2.627781
58.487089251162004,2.628155
58.493589261081,2.627606
58.500089271000014,2.627445
58.50658928091901,2.62756
58.513089290838,2.627257
58.519589300757,2.627336
58.526089310676014,2.627625
58.53258932059501,2.627361
58.539089330514,2.62728
58.545589340433004,2.627682
58.552089350352,2.627342
58.55858936027101,2.627295
58.56508937019001,2.627428
58.571589380109,2.627072
58.578089390028,2.627153
58.584589399947006,2.627529
58.59108940986601,2.627317
58.597589419785,2.627633
58.60408942970401,2.627563
58.610589439623006,2.627129
58.61708944954201,2.62694
58.62358945946101,2.627182
58.63008946938001,2.627076
58.636589479299005,2.626901
58.643089489218,2.627333
58.64958949913701,2.627221
58.656089509056,2.627166
58.662589518975004,2.627271
58.669089528894006,2.626815
58.675589538813,2.626766
58.682089548732,2.627085
58.68858955865101,2.626546
58.695089568570005,2.62705
58.701589578489,2.627085
58.708089588408015,2.626719
58.71458959832701,2.626966
58.721089608246004,2.627405
58.727589618165005,2.626652
58.734089628084,2.626771
58.74058963800301,2.626813
58.74708964792201,2.626999
58.753589657841005,2.626752
58.76008966776,2.626994
58.766589677679015,2.626763
58.77308968759801,2.626753
58.779589697517004,2.626779
58.786089707436,2.626406
58.79258971735501,2.626445
58.79908972727401,2.626739
58.805589737193,2.626422
58.81208974711201,2.626375
58.818589757031006,2.626558
58.82508976695,2.626384
58.83158977686901,2.626576
58.83808978678801,2.626307
58.844589796707005,2.626269
58.851089806626,2.626295
58.85758981654501,2.626915
58.864089826464,2.626604
58.870589836383004,2.626601
58.877089846302006,2.626853
58.883589856221,2.626406
58.89008986614,2.626485
58.89658987605901,2.626758
58.903089885978005,2.626389
58.909589895897,2.626375
58.916089905816,2.626747
58.92258991573501,2.626397
58.929089925654004,2.626464
58.935589935573006,2.626755
58.942089945492,2.626188
58.94858995541101,2.626216
58.95508996533001,2.62656
58.961589975249005,2.626201
58.968089985168,2.626088
58.974589995087,2.625968
58.98109000500601,2.625829
58.987590014925004,2.625955
58.994090024844,2.626734
59.00059003476301,2.62632
59.007090044682,2.626142
59.013590054601,2.626424
59.02009006452001,2.625888
59.02659007443901,2.626073
59.033090084358,2.626185
59.03959009427701,2.625758
59.04609010419601,2.625811
59.052590114115006,2.625781
59.05909012403401,2.625719
59.065590133953,2.625708
59.07209014387201,2.626009
59.07859015379101,2.625672
59.08509016371001,2.625853
59.091590173629,2.626406
59.098090183547995,2.626088
59.10459019346701,2.62597
59.111090203386006,2.626619
59.117590213305,2.625991
59.124090223224,2.62587
59.13059023314301,2.626003
59.137090243062005,2.625931
59.14359025298101,2.625695
59.1500902629,2.626148
59.156590272819,2.625757
59.16309028273801,2.625754
59.169590292657006,2.626061
59.176090302576,2.625635
59.182590312495,2.625623
59.189090322414,2.626121
59.195590332333005,2.625748
59.202090342252,2.625568
59.20859035217101,2.625941
59.21509036209,2.625829
59.221590372009004,2.626096
59.22809038192801,2.626004
59.23459039184701,2.625882
59.241090401766,2.62607
59.247590411685,2.625924
59.25409042160401,2.625468
59.260590431523006,2.625694
59.26709044144201,2.62612
59.273590451361,2.625424
59.28009046128,2.625274
59.28659047119901,2.625766
59.29309048111801,2.625506
59.299590491037,2.625729
59.306090500955996,2.625877
59.31259051087501,2.625694
59.319090520794006,2.625513
59.325590530713,2.625485
59.332090540632,2.625167
59.338590550551004,2.625199
59.345090560470005,2.625238
59.35159057038901,2.625009
59.358090580308,2.625184
59.364590590227,2.625287
59.371090600146005,2.624948
59.377590610065006,2.625333
59.384090619984,2.625686
59.39059062990301,2.625117
59.397090639822004,2.625196
59.403590649741005,2.625325
59.410090659660014,2.625046
59.41659066957901,2.6251
59.423090679498,2.625462
59.429590689417,2.625351
59.43609069933601,2.625302
59.44259070925501,2.625744
59.449090719174,2.625241
59.455590729093004,2.625048
59.46209073901201,2.625404
59.46859074893101,2.625035
59.47509075885001,2.625062
59.481590768769,2.625444
59.488090778688,2.625463
59.49459078860701,2.625316
59.50109079852601,2.625348
59.507590808445,2.625224
59.51409081836401,2.625087
59.520590828283005,2.625356
59.52709083820201,2.625016
59.53359084812101,2.625039
59.54009085804001,2.625245
59.546590867959004,2.625206
59.55309087787801,2.625268
59.55959088779701,2.62523
59.566090897716,2.624912
59.572590907635,2.624975
59.579090917554005,2.625184
59.58559092747301,2.624835
59.592090937392,2.624768
59.59859094731101,2.624636
59.605090957230004,2.62461
59.611590967149,2.62505
59.618090977068015,2.625073
59.62459098698701,2.624768
59.631090996906,2.624544
59.637591006825,2.62489
59.644091016744014,2.624549
59.65059102666301,2.624743
59.657091036582,2.624681
59.663591046501004,2.624604
59.67009105642,2.624538
59.67659106633901,2.624582
59.68309107625801,2.624526
59.689591086177,2.624453
59.696091096096,2.624852
59.70259110601501,2.624457
59.70909111593401,2.624521
59.715591125853,2.624855
59.72209113577201,2.624621
59.728591145691006,2.624377
59.73509115561001,2.624621
59.74159116552901,2.624393
59.74809117544801,2.624117
59.754591185367005,2.624551
59.761091195286,2.62425
59.76759120520501,2.624391
59.774091215124,2.624873
59.780591225043004,2.62444
59.787091234962006,2.624478
59.793591244881,2.624258
59.8000912548,2.624281
59.80659126471901,2.624146
59.813091274638005,2.624103
59.819591284557,2.623763
59.826091294476015,2.623951
59.83259130439501,2.624446
59.839091314314004,2.624024
59.845591324233006,2.624295
59.852091334152,2.624587
59.85859134407101,2.624229
59.86509135399001,2.624254
59.871591363909005,2.624331
59.878091373828,2.624102
59.884591383747,2.623802
59.89109139366601,2.624149
59.897591403585004,2.623909
59.904091413504,2.623841
59.91059142342301,2.624516
59.91709143334201,2.623788
59.923591443261,2.623935
59.93009145318001,2.624298
59.936591463099006,2.623924
59.943091473018,2.623984
59.94959148293701,2.624245
59.95609149285601,2.623864
59.962591502775005,2.62386
59.969091512694,2.624162
59.975591522613,2.623657
59.98209153253201,2.623806
59.988591542451005,2.62387
59.995091552370006,2.623603
60.001591562289,2.623887
60.008091572208,2.6243
60.01459158212701,2.623703
60.021091592046005,2.623618
60.027591601965,2.623962
60.034091611884,2.623579
60.04059162180301,2.623572
60.047091631722004,2.623833
60.053591641641006,2.623532
60.06009165156,2.623798
60.066591661479,2.623899
60.07309167139801,2.623455
60.079591681317005,2.623015
60.086091691236,2.623545
60.092591701155,2.623084
60.09909171107401,2.623118
60.105591720993004,2.623572
60.112091730912,2.623326
60.11859174083101,2.623354
60.12509175075,2.623573
60.131591760669004,2.622838
60.13809177058801,2.622915
60.14459178050701,2.623293
60.151091790426,2.623059
60.15759180034501,2.623061
60.16409181026401,2.622983
60.170591820183006,2.622971
60.17709183010201,2.622801
60.183591840021,2.623252
60.19009184994001,2.623033
60.19659185985901,2.623176
60.20309186977801,2.62351
60.209591879697,2.623136
60.216091889615996,2.623019
60.22259189953501,2.623394
60.229091909454006,2.62327
60.235591919373,2.623361
60.242091929292,2.623234
60.24859193921101,2.622921
60.255091949130005,2.622895
60.26159195904901,2.622968
60.268091968968,2.622932
60.274591978887,2.623004
60.28109198880601,2.623403
60.287591998725006,2.623065
60.294092008644,2.623022
60.30059201856301,2.623377
60.307092028482,2.622921
60.313592038401005,2.622844
60.320092048320014,2.622924
60.32659205823901,2.622804
60.333092068158,2.622652
60.33959207807701,2.622833
60.34609208799601,2.622673
60.35259209791501,2.622266
60.359092107834,2.622903
60.365592117753,2.622415
60.37209212767201,2.622484
60.378592137591006,2.622677
60.38509214751001,2.62234
60.391592157429,2.62232
60.398092167348,2.622417
60.40459217726701,2.622312
60.41109218718601,2.622207
60.417592197105,2.622468
60.424092207023996,2.622241
60.43059221694301,2.621923
60.437092226862006,2.622201
60.443592236781,2.622102
60.4500922467,2.622257
60.456592256619004,2.622392
60.463092266538006,2.621978
60.46959227645701,2.622125
60.476092286376,2.622674
60.482592296295,2.621941
60.489092306214005,2.62237
60.495592316133006,2.622658
60.502092326052,2.622476
60.50859233597101,2.622157
60.515092345890004,2.622391
60.521592355809005,2.622491
60.528092365728014,2.622209
60.53459237564701,2.622206
60.541092385566,2.622249
60.547592395485,2.622095
60.55409240540401,2.62222
60.56059241532301,2.621904
60.567092425242,2.621881
60.573592435161004,2.621981
60.58009244508,2.621713
60.58659245499901,2.621503
60.59309246491801,2.621878
60.599592474837,2.621758
60.606092484756,2.621934
60.61259249467501,2.622077
60.61909250459401,2.621839
60.625592514513,2.621814
60.63209252443201,2.621851
60.638592534351005,2.621391
60.64509254427001,2.621541
60.65159255418901,2.621463
60.65809256410801,2.621529
60.664592574027004,2.621665
60.671092583946,2.621641
60.67759259386501,2.621025
60.684092603784,2.620852
60.690592613703004,2.621417
60.697092623622005,2.621072
60.70359263354101,2.621074
60.71009264346,2.6215
60.71659265337901,2.621027
60.723092663298004,2.620967
60.729592673217,2.621559
60.736092683136015,2.621133
60.74259269305501,2.621185
60.749092702974,2.621603
60.755592712893,2.621296
60.762092722812014,2.621429
60.76859273273101,2.621259
60.77509274265,2.621301
60.781592752569004,2.621472
60.788092762488,2.621437
60.79459277240701,2.621284
60.80109278232601,2.621206
60.807592792245,2.621249
60.814092802164,2.621001
60.82059281208301,2.62087
60.82709282200201,2.621215
60.833592831921,2.620945
60.84009284184001,2.620928
60.846592851759006,2.621082
60.85309286167801,2.620927
60.85959287159701,2.620992
60.86609288151601,2.621217
60.872592891435005,2.620858
60.879092901354,2.621021
60.88559291127301,2.621266
60.89209292119201,2.620754
60.898592931111004,2.620628
60.905092941030006,2.620851
60.911592950949,2.620275
60.918092960868,2.620542
60.92459297078701,2.62077
60.931092980706005,2.620261
60.937592990625,2.620467
60.944093000544015,2.620642
60.95059301046301,2.620441
60.957093020382004,2.620688
60.963593030301006,2.620838
60.97009304022,2.620245
60.97659305013901,2.62072
60.98309306005801,2.620835
60.989593069977005,2.620613
60.996093079896,2.620622
61.002593089815,2.620706
61.00909309973401,2.620208
61.015593109653004,2.620302
61.022093119572,2.620441
61.02859312949101,2.62055
61.03509313941001,2.620645
61.041593149329,2.620659
61.04809315924801,2.620087
61.054593169167006,2.6202
61.061093179086,2.620566
61.06759318900501,2.620022
61.07409319892401,2.620074
61.080593208843005,2.619912
61.08709321876201,2.619566
61.093593228681,2.619731
61.10009323860001,2.62013
61.10659324851901,2.620004
61.113093258438006,2.619914
61.119593268357,2.620658
61.12609327827602,2.620331
61.13259328819501,2.619981
61.139093298114005,2.620229
61.145593308033,2.619849
61.152093317952,2.619877
61.15859332787101,2.619874
61.165093337790005,2.619863
61.171593347709006,2.620382
61.178093357628,2.620481
61.184593367547,2.620211
61.19109337746601,2.620052
61.197593387385005,2.619783
61.204093397304,2.619537
61.210593407223,2.619502
61.21709341714201,2.619795
61.223593427061004,2.61957
61.23009343698,2.61959
61.23659344689901,2.619603
61.243093456818,2.619642
61.249593466737004,2.619973
61.25609347665601,2.620075
61.26259348657501,2.61984
61.269093496494,2.620025
61.275593506413,2.619816
61.28209351633201,2.61928
61.288593526251006,2.619296
61.29509353617001,2.619405
61.301593546089,2.619246
61.30809355600801,2.619437
61.31459356592701,2.619424
61.32109357584601,2.619602
61.327593585765,2.619551
61.334093595683996,2.619833
61.34059360560301,2.619288
61.347093615522006,2.619189
61.353593625441,2.61881
61.36009363536,2.618745
61.366593645279,2.618921
61.373093655198005,2.619105
61.37959366511701,2.619107
61.386093675036,2.619047
61.392593684955,2.619029
61.39909369487401,2.618989
61.405593704793006,2.619396
61.412093714712,2.619717
61.41859372463101,2.619415
61.42509373455,2.619262
61.431593744469005,2.619232
61.438093754388014,2.618793
61.44459376430701,2.619059
61.451093774226,2.619214
61.45759378414501,2.619147
61.46409379406401,2.619308
61.47059380398301,2.61936
61.477093813902,2.618896
61.483593823821,2.619304
61.49009383374001,2.619477
61.49659384365901,2.619212
61.50309385357801,2.619773
61.509593863497,2.6194
61.516093873416,2.619116
61.52259388333501,2.619241
61.52909389325401,2.619405
61.535593903173,2.618526
61.542093913091996,2.618788
61.54859392301101,2.618886
61.555093932930006,2.618894
61.561593942849,2.618594
61.56809395276801,2.618649
61.574593962687004,2.618716
61.581093972606006,2.618973
61.58759398252501,2.618937
61.594093992444,2.61852
61.600594002363,2.618633
61.607094012282005,2.618513
61.613594022201006,2.618807
61.62009403212,2.618901
61.62659404203901,2.618713
61.633094051958004,2.618418
61.639594061877006,2.61866
61.646094071796014,2.618386
61.65259408171501,2.618468
61.659094091634,2.618752
61.665594101553,2.618311
61.67209411147201,2.618055
61.67859412139101,2.618254
61.68509413131,2.618333
61.691594141229004,2.618276
61.698094151148,2.618478
61.70459416106701,2.618179
61.71109417098601,2.617926
61.717594180905,2.618279
61.724094190824,2.618051
61.73059420074301,2.618003
61.73709421066201,2.618148
61.743594220581,2.618324
61.75009423050001,2.618158
61.756594240419005,2.618287
61.76309425033801,2.618052
61.76959426025701,2.617723
61.77609427017601,2.617895
61.782594280095005,2.617935
61.789094290014,2.617471
61.79559429993301,2.617899
61.80209430985201,2.617964
61.808594319771004,2.617745
61.815094329690005,2.617988
61.82159433960901,2.617988
61.828094349528,2.61802
61.83459435944701,2.61806
61.841094369366004,2.617721
61.847594379285,2.617931
61.854094389204015,2.617715
61.86059439912301,2.617705
61.867094409042004,2.617807
61.873594418961005,2.618014
61.88009442888,2.617621
61.88659443879901,2.617868
61.89309444871801,2.61734
61.899594458637004,2.616916
61.906094468556,2.617106
61.912594478475015,2.617307
61.91909448839401,2.617097
61.925594498313004,2.617097
61.932094508232,2.617305
61.93859451815101,2.61734
61.94509452807001,2.617122
61.951594537989,2.617081
61.95809454790801,2.616986
61.964594557827006,2.616706
61.971094567746,2.616969
61.97759457766501,2.616814
61.98409458758401,2.616588
61.990594597503005,2.616884
61.997094607422,2.616821
62.00359461734101,2.616799
62.01009462726001,2.617019
62.016594637179004,2.616993
62.023094647098006,2.61683
62.029594657017,2.617059
62.036094666936,2.616829
62.04259467685501,2.616893
62.049094686774005,2.617075
62.055594696693,2.616851
62.062094706612,2.616863
62.06859471653101,2.617162
62.075094726450004,2.616818
62.081594736369006,2.616509
62.088094746288,2.616858
62.09459475620701,2.616263
62.10109476612601,2.616537
62.107594776045005,2.616678
62.114094785964,2.61658
62.120594795883,2.616592
62.12709480580201,2.617053
62.133594815721004,2.616704
62.14009482564,2.616356
62.14659483555901,2.616627
62.15309484547801,2.616479
62.159594855397,2.616249
62.16609486531601,2.616556
62.172594875235006,2.616219
62.179094885154,2.615884
62.18559489507301,2.616107
62.19209490499201,2.615997
62.198594914911006,2.616021
62.20509492483001,2.616314
62.211594934749,2.615918
62.21809494466801,2.615776
62.22459495458701,2.615943
62.231094964506006,2.615517
62.237594974425,2.615482
62.24409498434402,2.61582
62.25059499426301,2.615391
62.257095004182005,2.615657
62.263595014101,2.615588
62.27009502402,2.615141
62.27659503393901,2.615306
62.283095043858005,2.615498
62.289595053777006,2.614688
62.296095063696,2.614797
62.302595073615,2.615075
62.30909508353401,2.614762
62.315595093453005,2.614971
62.322095103372,2.615189
62.328595113291,2.614743
62.33509512321001,2.614669
62.341595133129005,2.615082
62.348095143048,2.614562
62.35459515296701,2.614465
62.361095162886,2.615016
62.367595172805004,2.614523
62.37409518272401,2.61453
62.38059519264301,2.614715
62.387095202562,2.614579
62.393595212481,2.614827
62.40009522240001,2.615095
62.406595232319006,2.614851
62.41309524223801,2.614811
62.419595252157,2.615027
62.42609526207601,2.614742
62.43259527199501,2.614537
62.43909528191401,2.614872
62.445595291833,2.614643
62.452095301751996,2.614412
62.45859531167101,2.61434
62.465095321590006,2.614238
62.471595331509,2.614263
62.47809534142801,2.614131
62.484595351347004,2.614113
62.491095361266005,2.614017
62.49759537118501,2.614385
62.504095381104,2.613972
62.510595391023,2.613741
62.51709540094201,2.614307
62.523595410861006,2.61409
62.53009542078,2.613719
62.53659543069901,2.613823
62.543095440618,2.613667
62.549595450537005,2.613998
62.556095460456014,2.614076
62.56259547037501,2.613693
62.569095480294,2.613582
62.575595490213,2.614097
62.58209550013201,2.61369
62.58859551005101,2.61353
62.59509551997,2.613634
62.601595529889,2.613128
62.60809553980801,2.61367
62.61459554972701,2.614193
62.62109555964601,2.613734
62.627595569565,2.613699
62.634095579484,2.613711
62.64059558940301,2.613325
62.64709559932201,2.613369
62.653595609241,2.613883
62.66009561916001,2.613692
62.666595629079005,2.613636
62.67309563899801,2.613991
62.67959564891701,2.613544
62.68609565883601,2.613846
62.692595668755004,2.614055
62.69909567867401,2.613541
62.70559568859301,2.613373
62.712095698512,2.61354
62.718595708431,2.613377
62.725095718350005,2.613252
62.731595728269006,2.613477
62.738095738188,2.613072
62.74459574810701,2.613099
62.751095758026004,2.613987
62.757595767945,2.613289
62.764095777864014,2.613254
62.77059578778301,2.613736
62.777095797702,2.613126
62.783595807621,2.612916
62.79009581754001,2.613424
62.79659582745901,2.613049
62.803095837378,2.612819
62.809595847297004,2.613047
62.816095857216,2.612646
62.82259586713501,2.612883
62.82909587705401,2.613588
62.835595886973,2.613101
62.842095896892,2.613105
62.84859590681101,2.613118
62.85509591673001,2.612468
62.861595926649,2.612577
62.86809593656801,2.612751
62.874595946487005,2.612961
62.88109595640601,2.612619
62.88759596632501,2.613241
62.89409597624401,2.612684
62.900595986163005,2.612909
62.907095996082,2.613198
62.91359600600101,2.612961
62.92009601592001,2.612773
62.926596025839004,2.613227
62.933096035758005,2.612933
62.93959604567701,2.612752
62.946096055596,2.612805
62.95259606551501,2.612518
62.959096075434005,2.612626
62.965596085353,2.61263
62.972096095272015,2.612148
62.97859610519101,2.612366
62.985096115110004,2.612526
62.991596125029005,2.612207
62.998096134948,2.612325
63.00459614486701,2.612543
63.01109615478601,2.612033
63.017596164705004,2.611999
63.024096174624,2.612092
63.030596184543015,2.612204
63.03709619446201,2.612001
63.043596204381004,2.612162
63.0500962143,2.61196
63.05659622421901,2.612053
63.06309623413801,2.612222
63.069596244057,2.611815
63.07609625397601,2.611847
63.082596263895006,2.612043
63.089096273814,2.611703
63.09559628373301,2.611827
63.10209629365201,2.612464
63.108596303571005,2.611908
63.11509631349,2.611557
63.12159632340901,2.611676
63.12809633332801,2.611753
63.134596343247004,2.611837
63.141096353166006,2.612232
63.147596363085,2.611748
63.15409637300401,2.611348
63.16059638292301,2.612002
63.167096392842005,2.611273
63.173596402761,2.611435
63.18009641268,2.611639
63.18659642259901,2.61134
63.193096432518004,2.611403
63.199596442437006,2.611808
63.206096452356,2.611356
63.21259646227501,2.611647
63.21909647219401,2.612078
63.225596482113005,2.612203
63.232096492032,2.612215
63.238596501951,2.611976
63.24509651187001,2.611445
63.251596521789004,2.611416
63.258096531708,2.611684
63.26459654162701,2.611464
63.271096551546,2.611685
63.277596561465,2.611676
63.28409657138401,2.611038
63.29059658130301,2.61079
63.297096591222,2.611362
63.30359660114101,2.61121
63.31009661106001,2.611382
63.316596620979006,2.611356
63.32309663089801,2.611
63.329596640817,2.610797
63.33609665073601,2.611447
63.34259666065501,2.611371
63.349096670574006,2.611469
63.355596680493,2.611541
63.362096690411995,2.611253
63.36859670033101,2.611127
63.375096710250006,2.611497
63.381596720169,2.610984
63.38809673008801,2.610995
63.39459674000701,2.611121
63.401096749926005,2.611396
63.407596759845006,2.611108
63.414096769764,2.61159
63.420596779683,2.611251
63.42709678960201,2.611506
63.433596799521005,2.61138
63.44009680944,2.611161
63.44659681935901,2.611239
63.453096829278,2.611487
63.459596839197005,2.611277
63.46609684911601,2.611096
63.47259685903501,2.61121
63.479096868954,2.611217
63.48559687887301,2.611026
63.49209688879201,2.611552
63.49859689871101,2.611393
63.50509690863,2.61097
63.511596918549,2.611375
63.51809692846801,2.61098
63.524596938387006,2.610884
63.53109694830601,2.611276
63.537596958225,2.61087
63.54409696814401,2.610898
63.55059697806301,2.611186
63.55709698798201,2.610972
63.563596997901,2.611177
63.570097007819996,2.611482
63.57659701773901,2.610928
63.583097027658006,2.610911
63.589597037577,2.611052
63.59609704749601,2.610579
63.602597057415004,2.610497
63.609097067334005,2.611114
63.61559707725301,2.61046
63.622097087172,2.610475
63.628597097091,2.610679
63.63509710701001,2.610346
63.641597116929006,2.610096
63.648097126848,2.610584
63.65459713676701,2.610625
63.661097146686004,2.610474
63.667597156605005,2.610767
63.674097166524014,2.61029
63.68059717644301,2.610268
63.687097186362,2.610677
63.693597196281,2.610423
63.70009720620001,2.610359
63.70659721611901,2.6107
63.713097226038,2.610216
63.719597235957,2.610121
63.72609724587601,2.61053
63.73259725579501,2.610105
63.73909726571401,2.609994
63.745597275633,2.610516
63.752097285552,2.6102
63.75859729547101,2.610281
63.76509730539001,2.610519
63.771597315309,2.610188
63.77809732522801,2.610221
63.784597335147005,2.610358
63.79109734506601,2.61031
63.79759735498501,2.610344
63.80409736490401,2.610232
63.810597374823004,2.609773
63.81709738474201,2.60962
63.82359739466101,2.6102
63.83009740458001,2.61005
63.836597414499,2.610049
63.843097424418005,2.610279
63.84959743433701,2.609922
63.856097444256,2.610073
63.86259745417501,2.610241
63.869097464094004,2.609994
63.875597474013,2.609854
63.882097483932014,2.610222
63.88859749385101,2.60978
63.89509750377,2.610154
63.901597513689,2.610516
63.90809752360801,2.609889
63.91459753352701,2.609928
63.921097543446,2.610207
63.927597553365004,2.609575
63.934097563284,2.609626
63.94059757320301,2.609852
63.94709758312201,2.609707
63.953597593041,2.609568
63.96009760296,2.609651
63.966597612879006,2.609263
63.97309762279801,2.609562
63.979597632717,2.609562
63.98609764263601,2.609514
63.992597652555006,2.609348
63.99909766247401,2.609611
64.00559767239301,2.609236
64.012097682312,2.609193
64.018597692231,2.609768
64.02509770214999,2.60953
64.03159771206901,2.609341
64.03809772198801,2.609437
64.044597731907,2.609371
64.05109774182601,2.609209
64.057597751745,2.609519
64.064097761664,2.609361
64.07059777158301,2.60966
64.077097781502,2.609596
64.083597791421,2.609288
64.09009780134001,2.6095
64.096597811259,2.610044
64.103097821178,2.60941
64.109597831097,2.609172
64.116097841016,2.609293
64.12259785093501,2.608966
64.12909786085402,2.609316
64.13559787077301,2.609454
64.142097880692,2.608926
64.148597890611,2.609012
64.15509790053001,2.609562
64.161597910449,2.60925
64.168097920368,2.609012
64.174597930287,2.609496
64.18109794020602,2.609066
64.18759795012501,2.609189
64.194097960044,2.609582
64.200597969963,2.609337
64.207097979882,2.609005
64.21359798980102,2.609596
64.22009799972001,2.609296
64.226598009639,2.609264
64.23309801955801,2.609277
64.23959802947701,2.608766
64.246098039396,2.60868
64.25259804931501,2.609171
64.259098059234,2.609221
64.265598069153,2.609185
64.27209807907201,2.609452
64.278598088991,2.609127
64.28509809891001,2.60913
64.291598108829,2.609322
64.298098118748,2.609056
64.30459812866701,2.608627
64.311098138586,2.608787
64.31759814850501,2.608696
64.32409815842401,2.608703
64.330598168343,2.608761
64.33709817826201,2.608593
64.343598188181,2.608648
64.3500981981,2.609037
64.356598208019,2.608284
64.36309821793802,2.608609
64.36959822785701,2.608715
64.376098237776,2.608483
64.382598247695,2.608553
64.389098257614,2.608673
64.395598267533,2.608502
64.40209827745201,2.608637
64.408598287371,2.608709
64.41509829729,2.60818
64.42159830720901,2.608219
64.428098317128,2.608585
64.434598327047,2.608404
64.44109833696601,2.608554
64.447598346885,2.608713
64.45409835680401,2.607973
64.460598366723,2.608012
64.46709837664201,2.608675
64.47359838656101,2.608403
64.48009839648,2.608777
64.48659840639901,2.609143
64.493098416318,2.608816
64.499598426237,2.608695
64.50609843615601,2.608968
64.512598446075,2.608335
64.51909845599401,2.60863
64.525598465913,2.608822
64.532098475832,2.608086
64.538598485751,2.607999
64.54509849567002,2.608582
64.55159850558901,2.608209
64.55809851550801,2.60824
64.564598525427,2.608653
64.571098535346,2.608285
64.577598545265,2.608199
64.58409855518401,2.608588
64.59059856510301,2.608115
64.597098575022,2.608058
64.60359858494101,2.608413
64.61009859486,2.608
64.616598604779,2.608002
64.623098614698,2.608367
64.629598624617,2.607804
64.63609863453601,2.607924
64.642598644455,2.608196
64.64909865437401,2.607593
64.65559866429301,2.607449
64.662098674212,2.608017
64.66859868413101,2.607564
64.67509869405,2.607733
64.681598703969,2.607718
64.688098713888,2.607828
64.694598723807,2.607664
64.70109873372601,2.607903
64.70759874364501,2.607595
64.714098753564,2.607557
64.720598763483,2.607679
64.727098773402,2.607263
64.73359878332101,2.607503
64.74009879324001,2.607672
64.746598803159,2.60774
64.753098813078,2.607677
64.759598822997,2.607762
64.766098832916,2.607262
64.77259884283501,2.607411
64.779098852754,2.607761
64.78559886267301,2.607506
64.792098872592,2.607408
64.798598882511,2.607226
64.80509889243,2.607028
64.811598902349,2.606908
64.81809891226801,2.607071
64.82459892218701,2.606983
64.831098932106,2.607285
64.83759894202501,2.607743
64.844098951944,2.607808
64.850598961863,2.607483
64.85709897178201,2.607596
64.863598981701,2.607181
64.87009899162,2.607242
64.876599001539,2.607348
64.88309901145801,2.606962
64.88959902137701,2.606919
64.896099031296,2.607396
64.902599041215,2.607073
64.909099051134,2.606884
64.91559906105302,2.60719
64.92209907097201,2.607099
64.928599080891,2.607098
64.93509909081001,2.607069
64.94159910072901,2.606549
64.948099110648,2.606687
64.954599120567,2.606882
64.961099130486,2.606516
64.96759914040501,2.606862
64.97409915032401,2.607174
64.980599160243,2.606549
64.987099170162,2.606489
64.993599180081,2.606871
65.00009919000001,2.606621
65.00659919991901,2.606736
65.013099209838,2.606776
65.01959921975701,2.60639
65.026099229676,2.606788
65.032599239595,2.606726
65.03909924951401,2.606317
65.045599259433,2.606555
65.052099269352,2.606703
65.05859927927101,2.606224
65.06509928919002,2.60639
65.07159929910901,2.606492
65.078099309028,2.60637
65.084599318947,2.60648
65.09109932886601,2.606508
65.097599338785,2.606338
65.10409934870401,2.606383
65.110599358623,2.606685
65.11709936854201,2.606321
65.12359937846101,2.606319
65.13009938838,2.606909
65.136599398299,2.60638
65.14309940821799,2.606254
65.14959941813702,2.606652
65.15609942805601,2.606252
65.162599437975,2.60617
65.16909944789401,2.606515
65.17559945781301,2.606134
65.182099467732,2.606006
65.18859947765101,2.606596
65.19509948757,2.606274
65.201599497489,2.606003
65.20809950740801,2.606189
65.214599517327,2.606361
65.221099527246,2.606377
65.227599537165,2.606421
65.234099547084,2.605903
65.24059955700301,2.60608
65.24709956692202,2.606596
65.25359957684101,2.606431
65.26009958676,2.606319
65.266599596679,2.606615
65.27309960659801,2.606226
65.279599616517,2.606051
65.286099626436,2.606361
65.292599636355,2.606119
65.29909964627402,2.606163
65.30559965619301,2.606537
65.312099666112,2.606005
65.318599676031,2.605665
65.32509968595,2.606045
65.33159969586902,2.606
65.33809970578801,2.606107
65.344599715707,2.606458
65.35109972562601,2.606249
65.35759973554501,2.605765
65.364099745464,2.605937
65.37059975538301,2.605563
65.377099765302,2.605976
65.383599775221,2.606486
65.39009978514001,2.60609
65.396599795059,2.605868
65.40309980497801,2.606106
65.409599814897,2.605543
65.416099824816,2.605678
65.42259983473501,2.606378
65.429099844654,2.605736
65.43559985457301,2.605963
65.44209986449201,2.606048
65.448599874411,2.605789
65.45509988433001,2.605964
65.461599894249,2.605969
65.468099904168,2.605941
65.474599914087,2.605575
65.48109992400602,2.605583
65.48759993392501,2.60545
65.494099943844,2.605337
65.500599953763,2.605695
65.507099963682,2.605434
65.513599973601,2.605207
65.52009998352001,2.605424
65.526599993439,2.60514
65.533100003358,2.605384
65.53960001327701,2.605823
65.546100023196,2.605649
65.552600033115,2.605552
65.55910004303401,2.605653
65.565600052953,2.605508
65.57210006287201,2.60523
65.578600072791,2.605443
65.58510008271001,2.6053
65.59160009262901,2.605277
65.598100102548,2.605577
65.60460011246701,2.605342
65.611100122386,2.605408
65.617600132305,2.605421
65.62410014222401,2.605196
65.630600152143,2.605632
65.63710016206201,2.605701
65.643600171981,2.605265
65.6501001819,2.605564
65.656600191819,2.605526
65.66310020173802,2.605177
65.66960021165701,2.605045
65.67610022157601,2.605436
65.682600231495,2.605068
65.689100241414,2.605003
65.695600251333,2.605213
65.70210026125201,2.605078
65.70860027117101,2.605022
65.71510028109,2.605141
65.72160029100901,2.60497
65.728100300928,2.605191
65.734600310847,2.605024
65.741100320766,2.604506
65.747600330685,2.604938
65.75410034060401,2.604742
65.760600350523,2.604282
65.76710036044202,2.604282
65.77360037036101,2.603867
65.78010038028,2.604012
65.78660039019901,2.604051
65.793100400118,2.604415
65.799600410037,2.604016
65.80610041995601,2.604296
65.812600429875,2.604551
65.81910043979401,2.604004
65.82560044971301,2.60419
65.832100459632,2.604428
65.838600469551,2.604012
65.84510047947002,2.603835
65.85160048938901,2.604216
65.85810049930801,2.603922
65.864600509227,2.604244
65.87110051914601,2.604542
65.877600529065,2.604367
65.884100538984,2.604108
65.89060054890301,2.604304
65.897100558822,2.603997
65.90360056874101,2.604051
65.91010057866,2.604264
65.916600588579,2.603925
65.923100598498,2.604018
65.929600608417,2.604032
65.93610061833601,2.603779
65.94260062825501,2.603922
65.949100638174,2.604154
65.95560064809301,2.603986
65.962100658012,2.604042
65.968600667931,2.603956
65.97510067785001,2.603714
65.981600687769,2.603634
65.988100697688,2.603869
65.994600707607,2.603796
66.00110071752601,2.603567
66.00760072744501,2.604022
66.014100737364,2.603745
66.020600747283,2.603844
66.027100757202,2.603846
66.03360076712102,2.603714
66.04010077704001,2.603733
66.046600786959,2.604095
66.053100796878,2.603858
66.05960080679701,2.603938
66.066100816716,2.604029
66.072600826635,2.603448
66.079100836554,2.603741
66.08560084647301,2.603889
66.09210085639201,2.603736
66.098600866311,2.603437
66.10510087623001,2.603503
66.111600886149,2.603522
66.11810089606801,2.60313
66.12460090598701,2.603456
66.131100915906,2.603403
66.13760092582501,2.603627
66.144100935744,2.603642
66.150600945663,2.603559
66.15710095558201,2.603655
66.163600965501,2.6036
66.17010097542,2.603519
66.17660098533901,2.603631
66.18310099525802,2.603412
66.18960100517701,2.603118
66.196101015096,2.603128
66.202601025015,2.603385
66.20910103493401,2.602919
66.215601044853,2.603141
66.22210105477201,2.603381
66.228601064691,2.603162
66.23510107461001,2.603117
66.24160108452901,2.603127
66.248101094448,2.60275
66.254601104367,2.603182
66.26110111428599,2.603048
66.26760112420502,2.603212
66.27410113412401,2.603152
66.280601144043,2.603102
66.28710115396201,2.602755
66.29360116388101,2.603251
66.3001011738,2.603208
66.30660118371901,2.603164
66.313101193638,2.60327
66.319601203557,2.603172
66.32610121347601,2.602882
66.332601223395,2.603077
66.339101233314,2.603038
66.345601243233,2.603194
66.352101253152,2.603117
66.35860126307101,2.603163
66.36510127299002,2.60295
66.37160128290901,2.603106
66.378101292828,2.603025
66.384601302747,2.602746
66.39110131266601,2.603008
66.397601322585,2.602933
66.404101332504,2.602513
66.410601342423,2.602545
66.41710135234202,2.602592
66.42360136226101,2.602328
66.43010137218,2.602426
66.436601382099,2.602394
66.443101392018,2.602278
66.44960140193702,2.602357
66.45610141185601,2.602131
66.462601421775,2.602533
66.46910143169401,2.60222
66.47560144161301,2.602119
66.482101451532,2.601851
66.48860146145101,2.602324
66.49510147137,2.602303
66.501601481289,2.602004
66.50810149120801,2.602008
66.514601501127,2.601928
66.52110151104601,2.601895
66.527601520965,2.601973
66.534101530884,2.602002
66.54060154080301,2.601864
66.547101550722,2.601793
66.55360156064101,2.601993
66.56010157056001,2.601829
66.566601580479,2.602182
66.57310159039801,2.602186
66.579601600317,2.601895
66.586101610236,2.602022
66.59260162015501,2.601981
66.59910163007402,2.60174
66.60560163999301,2.601728
66.612101649912,2.601701
66.618601659831,2.601538
66.62510166975,2.601824
66.63160167966902,2.601475
66.63810168958801,2.601445
66.644601699507,2.601543
66.651101709426,2.601419
66.65760171934501,2.60131
66.664101729264,2.601378
66.670601739183,2.601437
66.67710174910201,2.6011
66.683601759021,2.601317
66.69010176894001,2.601112
66.696601778859,2.601013
66.70310178877801,2.60149
66.70960179869701,2.601502
66.716101808616,2.601659
66.72260181853501,2.601785
66.729101828454,2.601415
66.735601838373,2.600954
66.74210184829201,2.601153
66.748601858211,2.601029
66.75510186813001,2.601054
66.761601878049,2.601258
66.768101887968,2.600745
66.774601897887,2.600535
66.78110190780602,2.601144
66.78760191772501,2.600917
66.79410192764401,2.60095
66.800601937563,2.601415
66.807101947482,2.601031
66.813601957401,2.60128
66.82010196732001,2.60165
66.82660197723901,2.60127
66.833101987158,2.601258
66.839601997077,2.601462
66.846102006996,2.600935
66.852602016915,2.600971
66.859102026834,2.601444
66.865602036753,2.600888
66.87210204667201,2.600969
66.878602056591,2.601326
66.88510206651002,2.600815
66.89160207642901,2.600808
66.898102086348,2.601049
66.90460209626701,2.600717
66.91110210618601,2.600658
66.917602116105,2.60098
66.92410212602401,2.600726
66.930602135943,2.600838
66.93710214586201,2.600848
66.94360215578101,2.600641
66.9501021657,2.600546
66.956602175619,2.600814
66.96310218553802,2.60042
66.96960219545701,2.600354
66.97610220537601,2.600583
66.982602215295,2.600623
66.98910222521401,2.600373
66.995602235133,2.600336
67.002102245052,2.599939
67.00860225497101,2.599865
67.01510226489,2.600111
67.02160227480901,2.600114
67.028102284728,2.600307
67.034602294647,2.600704
67.041102304566,2.600465
67.047602314485,2.600453
67.05410232440401,2.600457
67.06060233432301,2.600087
67.067102344242,2.600014
67.07360235416101,2.600148
67.08010236408,2.600001
67.086602373999,2.600051
67.09310238391801,2.600392
67.099602393837,2.600075
67.106102403756,2.599662
67.112602413675,2.600281
67.11910242359401,2.59974
67.12560243351301,2.599911
67.132102443432,2.599959
67.138602453351,2.600104
67.14510246327,2.600042
67.15160247318902,2.600564
67.15810248310801,2.59991
67.164602493027,2.599695
67.171102502946,2.599905
67.17760251286501,2.599503
67.184102522784,2.599487
67.190602532703,2.599975
67.197102542622,2.599635
67.20360255254101,2.599912
67.21010256246001,2.60037
67.216602572379,2.599753
67.22310258229801,2.599239
67.229602592217,2.599545
67.23610260213601,2.599234
67.24260261205501,2.599355
67.249102621974,2.599854
67.25560263189301,2.599336
67.262102641812,2.599346
67.268602651731,2.599782
67.27510266165001,2.599174
67.281602671569,2.599442
67.288102681488,2.599541
67.29460269140701,2.599143
67.30110270132602,2.599041
67.30760271124501,2.599285
67.314102721164,2.598594
67.320602731083,2.59886
67.32710274100201,2.599216
67.333602750921,2.598839
67.34010276084001,2.599122
67.346602770759,2.599209
67.353102780678,2.598704
67.35960279059701,2.599058
67.366102800516,2.599365
67.372602810435,2.598755
67.379102820354,2.598708
67.38560283027302,2.599282
67.39210284019201,2.598865
67.398602850111,2.598666
67.40510286003001,2.599042
67.41160286994901,2.598875
67.41810287986802,2.598604
67.42460288978701,2.599126
67.431102899706,2.598982
67.437602909625,2.598509
67.44410291954401,2.598697
67.450602929463,2.598437
67.45710293938201,2.598401
67.463602949301,2.598935
67.47010295922,2.5986
67.47660296913901,2.598354
67.48310297905802,2.598694
67.48960298897701,2.598427
67.496102998896,2.598666
67.502603008815,2.598833
67.50910301873401,2.598679
67.515603028653,2.59867
67.522103038572,2.598593
67.52860304849101,2.598705
67.53510305841,2.598645
67.54160306832901,2.598636
67.548103078248,2.598344
67.554603088167,2.598167
67.561103098086,2.598479
67.56760310800502,2.598091
67.57410311792401,2.597781
67.580603127843,2.598313
67.58710313776201,2.597886
67.59360314768101,2.59778
67.6001031576,2.597967
67.60660316751901,2.597684
67.613103177438,2.597771
67.619603187357,2.598173
67.62610319727601,2.597923
67.632603207195,2.598163
67.63910321711401,2.598226
67.645603227033,2.597869
67.652103236952,2.597964
67.65860324687101,2.597978
67.66510325679,2.597926
67.67160326670901,2.598137
67.67810327662801,2.598367
67.684603286547,2.597926
67.69110329646601,2.597975
67.697603306385,2.59821
67.704103316304,2.59764
67.71060332622301,2.597759
67.71710333614202,2.598136
67.72360334606101,2.59759
67.73010335598,2.597783
67.736603365899,2.598124
67.743103375818,2.597686
67.74960338573702,2.597622
67.75610339565601,2.597894
67.762603405575,2.597681
67.769103415494,2.597904
67.77560342541301,2.598386
67.782103435332,2.597574
67.788603445251,2.597944
67.79510345517001,2.598282
67.801603465089,2.597846
67.80810347500801,2.597955
67.814603484927,2.597616
67.82110349484601,2.597417
67.82760350476501,2.5976
67.834103514684,2.597673
67.84060352460301,2.597003
67.847103534522,2.597012
67.853603544441,2.597795
67.86010355436001,2.59741
67.866603564279,2.597455
67.87310357419801,2.597485
67.879603584117,2.597146
67.886103594036,2.59725
67.892603603955,2.59745
67.89910361387402,2.59725
67.90560362379301,2.597345
67.91210363371201,2.597813
67.918603643631,2.597238
67.92510365355,2.597418
67.931603663469,2.597735
67.93810367338801,2.597437
67.94460368330701,2.597241
67.951103693226,2.597855
67.957603703145,2.597493
67.964103713064,2.597317
67.970603722983,2.597745
67.977103732902,2.597236
67.983603742821,2.597141
67.99010375274001,2.597383
67.996603762659,2.596967
68.00310377257802,2.596839
68.00960378249701,2.597311
68.016103792416,2.597016
68.02260380233501,2.596763
68.02910381225401,2.597055
68.035603822173,2.596935
68.04210383209201,2.596983
68.048603842011,2.597269
68.05510385193001,2.596788
68.06160386184901,2.596933
68.068103871768,2.596701
68.074603881687,2.596599
68.08110389160602,2.596404
68.08760390152501,2.596685
68.09410391144401,2.596617
68.100603921363,2.596553
68.10710393128201,2.596821
68.113603941201,2.596563
68.12010395112,2.596671
68.12660396103901,2.597107
68.133103970958,2.596549
68.139603980877,2.5965
68.14610399079601,2.596774
68.152604000715,2.596448
68.159104010634,2.596287
68.165604020553,2.596456
68.17210403047201,2.596185
68.17860404039101,2.596239
68.18510405031002,2.596471
68.19160406022901,2.596193
68.198104070148,2.596315
68.20460408006701,2.596603
68.21110408998601,2.596368
68.217604099905,2.596038
68.224104109824,2.596346
68.230604119743,2.596118
68.23710412966201,2.595938
68.24360413958101,2.59613
68.2501041495,2.596151
68.256604159419,2.596194
68.263104169338,2.596421
68.26960417925702,2.596337
68.27610418917601,2.596362
68.282604199095,2.596508
68.289104209014,2.596233
68.29560421893301,2.596099
68.302104228852,2.596309
68.308604238771,2.596118
68.31510424869,2.595921
68.32160425860901,2.596255
68.32810426852801,2.596072
68.334604278447,2.596188
68.34110428836601,2.596315
68.347604298285,2.595937
68.35410430820401,2.595896
68.36060431812301,2.596306
68.367104328042,2.596247
68.37360433796101,2.59602
68.38010434788,2.596477
68.386604357799,2.595828
68.39310436771801,2.595659
68.399604377637,2.596097
68.406104387556,2.595874
68.41260439747501,2.596111
68.41910440739402,2.596272
68.42560441731301,2.595979
68.432104427232,2.595951
68.438604437151,2.596291
68.44510444707001,2.595885
68.451604456989,2.595598
68.45810446690801,2.595994
68.464604476827,2.595404
68.471104486746,2.595618
68.47760449666501,2.59614
68.484104506584,2.595634
68.490604516503,2.595771
68.497104526422,2.595896
68.50360453634102,2.595757
68.51010454626001,2.59579
68.516604556179,2.595793
68.52310456609801,2.595612
68.52960457601701,2.595568
68.53610458593602,2.595833
68.54260459585501,2.595635
68.549104605774,2.595331
68.555604615693,2.596021
68.56210462561201,2.595221
68.568604635531,2.595281
68.57510464545001,2.595851
68.581604655369,2.595526
68.588104665288,2.595684
68.59460467520701,2.595756
68.60110468512602,2.595076
68.60760469504501,2.59497
68.614104704964,2.595554
68.620604714883,2.595087
68.62710472480201,2.595018
68.633604734721,2.595566
68.64010474464,2.595233
68.64660475455901,2.595196
68.653104764478,2.595168
68.65960477439701,2.594422
68.666104784316,2.594662
68.672604794235,2.594979
68.679104804154,2.594926
68.68560481407302,2.59537
68.69210482399201,2.595148
68.698604833911,2.594814
68.70510484383001,2.595219
68.71160485374901,2.595636
68.718104863668,2.594575
68.72460487358701,2.594732
68.731104883506,2.595138
68.737604893425,2.594614
68.744104903344,2.594694
68.750604913263,2.595207
68.75710492318201,2.594709
68.763604933101,2.594871
68.77010494302,2.59508
68.77660495293901,2.594789
68.783104962858,2.594796
68.78960497277701,2.59514
68.79610498269601,2.594854
68.802604992615,2.594822
68.80910500253401,2.594996
68.815605012453,2.59477
68.822105022372,2.594708
68.82860503229101,2.595187
68.83510504221,2.595031
68.84160505212901,2.594663
68.848105062048,2.595014
68.854605071967,2.594572
68.861105081886,2.594462
68.86760509180502,2.594851
68.87410510172401,2.594857
68.880605111643,2.594356
68.887105121562,2.594273
68.89360513148101,2.594031
68.9001051414,2.594392
68.906605151319,2.594929
68.91310516123801,2.594733
68.919605171157,2.594728
68.926105181076,2.595007
68.932605190995,2.594839
68.93910520091401,2.594531
68.94560521083301,2.594852
68.952105220752,2.594571
68.95860523067101,2.594532
68.96510524059,2.594876
68.97160525050901,2.594259
68.97810526042801,2.59407
68.984605270347,2.594505
68.99110528026601,2.594513
68.997605290185,2.594672
69.004105300104,2.594609
69.010605310023,2.594151
69.01710531994202,2.594189
69.02360532986101,2.594342
69.03010533978001,2.593868
69.036605349699,2.594068
69.04310535961801,2.594333
69.049605369537,2.594306
69.05610537945601,2.594125
69.06260538937501,2.594538
69.069105399294,2.593818
69.075605409213,2.594064
69.082105419132,2.594251
69.088605429051,2.593813
69.09510543897,2.593511
69.101605448889,2.593581
69.10810545880801,2.593246
69.114605468727,2.593493
69.12110547864602,2.593973
69.12760548856501,2.59334
69.134105498484,2.593627
69.14060550840301,2.594263
69.14710551832201,2.593773
69.153605528241,2.594078
69.16010553816001,2.594366
69.166605548079,2.593642
69.17310555799801,2.593641
69.17960556791701,2.593939
69.186105577836,2.593548
69.192605587755,2.593287
69.19910559767402,2.593799
69.20560560759301,2.593461
69.21210561751201,2.593472
69.218605627431,2.593803
69.22510563735001,2.593628
69.231605647269,2.593803
69.238105657188,2.593796
69.24460566710701,2.593271
69.251105677026,2.593165
69.257605686945,2.593389
69.26410569686401,2.593321
69.270605706783,2.593319
69.277105716702,2.593436
69.283605726621,2.593053
69.29010573654001,2.593174
69.29660574645901,2.593338
69.30310575637802,2.593045
69.30960576629701,2.592834
69.316105776216,2.593346
69.32260578613501,2.59302
69.32910579605401,2.59288
69.335605805973,2.593352
69.342105815892,2.593272
69.348605825811,2.593241
69.35510583573001,2.593232
69.36160584564901,2.592807
69.368105855568,2.592708
69.374605865487,2.593161
69.381105875406,2.592933
69.38760588532502,2.592716
69.39410589524401,2.593137
69.400605905163,2.592741
69.407105915082,2.592659
69.41360592500101,2.592894
69.42010593492,2.592862
69.426605944839,2.592726
69.433105954758,2.592741
69.439605964677,2.592388
69.44610597459601,2.592508
69.452605984515,2.592906
69.45910599443401,2.592433
69.465606004353,2.59267
69.47210601427201,2.593196
69.47860602419101,2.592597
69.48510603411,2.592649
69.49160604402901,2.592546
69.498106053948,2.592126
69.504606063867,2.59228
69.51110607378601,2.592718
69.517606083705,2.592626
69.524106093624,2.592648
69.530606103543,2.592592
69.53710611346202,2.592328
69.54360612338101,2.592426
69.5501061333,2.593182
69.556606143219,2.592785
69.56310615313801,2.592686
69.569606163057,2.593097
69.57610617297601,2.592537
69.582606182895,2.592768
69.589106192814,2.592799
69.59560620273301,2.592381
69.602106212652,2.592324
69.608606222571,2.592162
69.61510623249,2.592349
69.621606242409,2.591992
69.62810625232801,2.592241
69.634606262247,2.591618
69.64110627216601,2.591456
69.64760628208501,2.591865
69.65410629200402,2.591835
69.66060630192301,2.591782
69.667106311842,2.592118
69.673606321761,2.591967
69.68010633168001,2.591741
69.686606341599,2.592148
69.69310635151801,2.59171
69.699606361437,2.59182
69.706106371356,2.591825
69.71260638127501,2.591213
69.71910639119402,2.591248
69.72560640111301,2.591689
69.732106411032,2.591482
69.738606420951,2.59125
69.74510643087001,2.591465
69.751606440789,2.591264
69.75810645070801,2.591258
69.76460646062701,2.5917
69.771106470546,2.591528
69.77760648046501,2.591555
69.784106490384,2.591962
69.790606500303,2.591544
69.797106510222,2.591701
69.80360652014102,2.592063
69.81010653006001,2.591365
69.816606539979,2.591694
69.82310654989801,2.591798
69.82960655981701,2.591285
69.836106569736,2.59146
69.84260657965501,2.591737
69.849106589574,2.591553
69.855606599493,2.591311
69.862106609412,2.591437
69.868606619331,2.591209
69.87510662925001,2.591341
69.88160663916901,2.591312
69.888106649088,2.591407
69.89460665900701,2.591769
69.901106668926,2.591879
69.90760667884501,2.590827
69.91410668876401,2.591081
69.920606698683,2.591452
69.92710670860201,2.591209
69.933606718521,2.591029
69.94010672844,2.591485
69.94660673835901,2.591058
69.953106748278,2.590957
69.95960675819701,2.590973
69.966106768116,2.590786
69.972606778035,2.591049
69.979106787954,2.591377
69.98560679787302,2.590884
69.99210680779201,2.590901
69.998606817711,2.590897
70.00510682763,2.590577
70.01160683754901,2.59077
70.018106847468,2.591503
70.024606857387,2.591218
70.03110686730601,2.590808
70.037606877225,2.591008
70.044106887144,2.590379
70.050606897063,2.590568
70.05710690698201,2.591101
70.06360691690101,2.590867
70.07010692682,2.590726
70.07660693673901,2.590886
70.083106946658,2.590628
70.08960695657701,2.590808
70.09610696649601,2.590819
70.102606976415,2.590606
70.10910698633401,2.59074
70.115606996253,2.590879
70.122107006172,2.590457
70.128607016091,2.590509
70.13510702601,2.590776
70.14160703592901,2.590472
70.14810704584801,2.590541
70.154607055767,2.590666
70.16110706568601,2.590233
70.167607075605,2.590171
70.17410708552401,2.590556
70.18060709544301,2.590361
70.187107105362,2.59022
70.193607115281,2.590535
70.2001071252,2.590178
70.206607135119,2.590629
70.213107145038,2.590555
70.219607154957,2.590146
70.226107164876,2.589878
70.232607174795,2.590519
70.23910718471402,2.590213
70.24560719463301,2.589988
70.252107204552,2.59014
70.25860721447101,2.589843
70.26510722439001,2.58979
70.271607234309,2.590044
70.27810724422801,2.589711
70.284607254147,2.589777
70.29110726406601,2.589835
70.29760727398501,2.590064
70.304107283904,2.590109
70.310607293823,2.590178
70.31710730374202,2.58983
70.32360731366101,2.589827
70.33010732358001,2.589818
70.336607333499,2.58971
70.34310734341801,2.589474
70.349607353337,2.589939
70.356107363256,2.589476
70.36260737317501,2.589594
70.369107383094,2.589586
70.375607393013,2.589203
70.38210740293201,2.589664
70.388607412851,2.589865
70.39510742277001,2.589411
70.401607432689,2.589257
70.40810744260801,2.589339
70.41460745252701,2.589226
70.42110746244602,2.589331
70.42760747236501,2.589606
70.434107482284,2.589299
70.44060749220301,2.589391
70.44710750212201,2.589682
70.453607512041,2.588899
70.46010752196,2.589024
70.466607531879,2.589279
70.47310754179802,2.588898
70.47960755171701,2.588667
70.486107561636,2.588984
70.492607571555,2.588657
70.49910758147401,2.588986
70.50560759139302,2.589057
70.51210760131201,2.588534
70.518607611231,2.588346
70.52510762115001,2.589065
70.53160763106901,2.588826
70.538107640988,2.588909
70.54460765090701,2.589161
70.551107660826,2.589056
70.557607670745,2.588981
70.56410768066401,2.588994
70.570607690583,2.588719
70.57710770050201,2.588859
70.583607710421,2.589144
70.59010772034001,2.588774
70.59660773025901,2.588866
70.603107740178,2.588761
70.60960775009701,2.588408
70.616107760016,2.588624
70.622607769935,2.588938
70.62910777985401,2.588635
70.635607789773,2.588745
70.642107799692,2.588627
70.648607809611,2.587625
70.65510781953002,2.587818
70.66160782944901,2.58823
70.668107839368,2.588331
70.674607849287,2.588303
70.68110785920601,2.588348
70.687607869125,2.58807
70.69410787904401,2.588151
70.700607888963,2.588124
70.707107898882,2.588136
70.71360790880101,2.588064
70.72010791872,2.588402
70.726607928639,2.588079
70.733107938558,2.588272
70.739607948477,2.588048
70.74610795839601,2.587895
70.752607968315,2.588074
70.75910797823401,2.588447
70.76560798815301,2.588332
70.77210799807202,2.588469
70.77860800799101,2.588542
70.78510801791,2.588085
70.791608027829,2.588311
70.79810803774801,2.588304
70.804608047667,2.587917
70.81110805758601,2.588151
70.817608067505,2.58843
70.824108077424,2.58814
70.830608087343,2.587817
70.83710809726202,2.587788
70.84360810718101,2.587609
70.8501081171,2.587651
70.856608127019,2.587749
70.86310813693801,2.58797
70.869608146857,2.587798
70.87610815677601,2.58752
70.88260816669501,2.587559
70.889108176614,2.587751
70.89560818653301,2.587905
70.902108196452,2.587485
70.908608206371,2.587569
70.91510821629,2.587854
70.921608226209,2.587674
70.92810823612801,2.587438
70.934608246047,2.587262
70.94110825596601,2.587185
70.94760826588501,2.587165
70.954108275804,2.587067
70.96060828572301,2.587171
70.967108295642,2.587468
70.973608305561,2.587137
70.98010831548,2.587484
70.986608325399,2.587456
70.99310833531801,2.587306
70.99960834523701,2.587534
71.006108355156,2.58743
71.01260836507501,2.587518
71.019108374994,2.587224
71.02560838491301,2.587289
71.03210839483201,2.587352
71.038608404751,2.586929
71.04510841467001,2.5867
71.051608424589,2.587046
71.058108434508,2.586839
71.06460844442701,2.587179
71.071108454346,2.587234
71.07760846426501,2.586992
71.084108474184,2.587042
71.090608484103,2.586959
71.097108494022,2.586603
71.10360850394102,2.58691
71.11010851386001,2.587032
71.116608523779,2.586997
71.123108533698,2.587026
71.12960854361701,2.586987
71.136108553536,2.586711
71.142608563455,2.587021
71.14910857337401,2.587143
71.155608583293,2.586491
71.162108593212,2.586519
71.168608603131,2.586475
71.17510861305001,2.586447
71.18160862296901,2.586584
71.188108632888,2.586536
71.19460864280701,2.586474
71.201108652726,2.586251
71.20760866264501,2.586334
71.21410867256401,2.586074
71.220608682483,2.586107
71.22710869240201,2.586317
71.233608702321,2.586246
71.24010871224,2.586744
71.246608722159,2.586688
71.253108732078,2.58641
71.25960874199701,2.585979
71.26610875191601,2.585895
71.272608761835,2.586194
71.27910877175401,2.585979
71.285608781673,2.586063
71.29210879159201,2.585858
71.29860880151101,2.585836
71.30510881143,2.585732
71.31160882134901,2.585359
71.318108831268,2.585678
71.324608841187,2.585788
71.33110885110601,2.58588
71.337608861025,2.585785
71.344108870944,2.585823
71.350608880863,2.585774
71.35710889078202,2.586096
71.36360890070101,2.585823
71.37010891062,2.585838
71.37660892053901,2.585854
71.38310893045801,2.585937
71.389608940377,2.585894
71.39610895029601,2.586082
71.402608960215,2.58602
71.40910897013401,2.585987
71.41560898005301,2.586152
71.422108989972,2.585741
71.428608999891,2.585361
71.43510900980999,2.58578
71.44160901972901,2.585782
71.44810902964801,2.585549
71.454609039567,2.585932
71.46110904948601,2.585943
71.467609059405,2.585624
71.474109069324,2.5855
71.48060907924301,2.585592
71.487109089162,2.585489
71.493609099081,2.585566
71.50010910900001,2.585304
71.506609118919,2.585199
71.51310912883801,2.585169
71.519609138757,2.585141
71.526109148676,2.585138
71.53260915859501,2.585741
71.53910916851402,2.585663
71.54560917843301,2.585656
71.552109188352,2.586021
71.55860919827101,2.58561
71.56510920819001,2.585566
71.571609218109,2.585712
71.578109228028,2.585329
71.584609237947,2.585145
71.59110924786602,2.58523
71.59760925778501,2.585108
71.604109267704,2.585231
71.610609277623,2.585338
71.617109287542,2.585083
71.62360929746102,2.584923
71.63010930738001,2.585128
71.636609317299,2.584778
71.64310932721801,2.584879
71.64960933713701,2.58525
71.656109347056,2.584893
71.66260935697501,2.584816
71.669109366894,2.585036
71.675609376813,2.585036
71.68210938673201,2.58543
71.688609396651,2.585682
71.69510940657001,2.585288
71.701609416489,2.584665
71.70810942640801,2.584985
71.71460943632701,2.584522
71.721109446246,2.584329
71.72760945616501,2.584767
71.734109466084,2.584645
71.740609476003,2.584348
71.74710948592201,2.584358
71.753609495841,2.584269
71.76010950576,2.584458
71.766609515679,2.584504
71.77310952559802,2.584267
71.77960953551701,2.584218
71.786109545436,2.584241
71.792609555355,2.583932
71.79910956527401,2.58384
71.805609575193,2.584265
71.81210958511201,2.584289
71.818609595031,2.584277
71.82510960495,2.584191
71.83160961486901,2.584198
71.838109624788,2.583887
71.844609634707,2.584146
71.851109644626,2.583985
71.857609654545,2.583685
71.86410966446401,2.584136
71.870609674383,2.583599
71.87710968430201,2.583532
71.88360969422101,2.583728
71.89010970414002,2.583498
71.89660971405901,2.583548
71.903109723978,2.584195
71.909609733897,2.583657
71.91610974381601,2.583703
71.922609753735,2.583946
71.92910976365401,2.583589
71.935609773573,2.583486
71.942109783492,2.583666
71.948609793411,2.583581
71.95510980333002,2.583506
71.96160981324901,2.583739
71.968109823168,2.583357
71.974609833087,2.583357
71.98110984300601,2.583373
71.987609852925,2.583243
71.99410986284401,2.58306
72.00060987276301,2.583095
72.007109882682,2.582779
72.01360989260101,2.582824
72.02010990252,2.58305
72.026609912439,2.582835
72.033109922358,2.583137
72.039609932277,2.583419
72.04610994219601,2.583236
72.052609952115,2.583051
72.05910996203401,2.58345
72.06560997195301,2.58293
72.072109981872,2.58309
72.07860999179101,2.583387
72.08511000171,2.582757
72.091610011629,2.582603
72.09811002154801,2.583257
72.104610031467,2.582787
72.11111004138601,2.582811
72.11761005130501,2.583716
72.124110061224,2.583005
72.130610071143,2.583104
72.13711008106202,2.583401
72.14361009098101,2.582874
72.15011010090001,2.582919
72.156610110819,2.583196
72.16311012073801,2.582915
72.169610130657,2.582748
72.176110140576,2.582949
72.18261015049501,2.582948
72.189110160414,2.582548
72.19561017033301,2.582853
72.202110180252,2.582641
72.208610190171,2.58302
72.21511020009001,2.583325
72.221610210009,2.582905
72.22811021992801,2.582551
72.23461022984701,2.582814
72.241110239766,2.582133
72.24761024968501,2.582238
72.254110259604,2.582535
72.260610269523,2.58238
72.26711027944201,2.582473
72.273610289361,2.582768
72.28011029928,2.582587
72.286610309199,2.582336
72.29311031911801,2.58277
72.29961032903701,2.582363
72.306110338956,2.582557
72.312610348875,2.582587
72.319110358794,2.582489
72.32561036871301,2.582717
72.33211037863201,2.582933
72.338610388551,2.582454
72.34511039847001,2.582692
72.351610408389,2.582769
72.358110418308,2.582728
72.364610428227,2.582116
72.371110438146,2.582719
72.37761044806501,2.582199
72.38411045798401,2.582325
72.390610467903,2.582217
72.39711047782201,2.582307
72.403610487741,2.582427
72.41011049766001,2.582844
72.41661050757901,2.582241
72.423110517498,2.581884
72.42961052741701,2.582473
72.436110537336,2.58178
72.442610547255,2.582059
72.44911055717401,2.582335
72.455610567093,2.581993
72.462110577012,2.58204
72.468610586931,2.582281
72.47511059685002,2.581884
72.48161060676901,2.582199
72.488110616688,2.582098
72.49461062660701,2.581679
72.50111063652601,2.581345
72.507610646445,2.582026
72.51411065636401,2.581483
72.520610666283,2.58147
72.52711067620201,2.581511
72.53361068612101,2.581245
72.54011069604,2.581251
72.546610705959,2.581836
72.55311071587799,2.581613
72.55961072579701,2.581311
72.56611073571601,2.581589
72.572610745635,2.581297
72.57911075555401,2.581403
72.585610765473,2.581727
72.592110775392,2.581464
72.59861078531101,2.581559
72.60511079523,2.581446
72.611610805149,2.581058
72.61811081506801,2.581003
72.624610824987,2.581336
72.63111083490601,2.580854
72.637610844825,2.581021
72.644110854744,2.581572
72.65061086466301,2.580845
72.65711087458202,2.581038
72.66361088450101,2.581106
72.67011089442,2.580425
72.67661090433901,2.580317
72.68311091425801,2.580783
72.689610924177,2.58045
72.696110934096,2.580631
72.702610944015,2.580973
72.70911095393402,2.580684
72.71561096385301,2.580599
72.722110973772,2.581335
72.728610983691,2.580868
72.73511099361,2.580594
72.74161100352902,2.581178
72.74811101344801,2.580955
72.754611023367,2.581024
72.76111103328601,2.58124
72.76761104320501,2.580865
72.774111053124,2.580666
72.78061106304301,2.581402
72.787111072962,2.580595
72.793611082881,2.580693
72.80011109280001,2.58083
72.806611102719,2.580232
72.81311111263801,2.580142
72.819611122557,2.580455
72.826111132476,2.580253
72.83261114239501,2.580156
72.839111152314,2.580468
72.84561116223301,2.580116
72.85211117215201,2.580023
72.858611182071,2.580118
72.86511119199001,2.57977
72.871611201909,2.57981
72.878111211828,2.580419
72.88461122174701,2.580192
72.89111123166602,2.579992
72.89761124158501,2.580266
72.904111251504,2.579735
72.910611261423,2.579735
72.917111271342,2.579992
72.92361128126102,2.57968
72.93011129118001,2.579951
72.936611301099,2.580028
72.943111311018,2.579697
72.94961132093701,2.579563
72.956111330856,2.58018
72.962611340775,2.579692
72.969111350694,2.5795
72.975611360613,2.579963
72.98211137053201,2.579508
72.988611380451,2.579911
72.99511139037001,2.580046
73.00161140028901,2.579563
73.008111410208,2.579928
73.01461142012701,2.58004
73.021111430046,2.579423
73.027611439965,2.579098
73.03411144988401,2.5795
73.040611459803,2.579134
73.04711146972201,2.578714
73.053611479641,2.579281
73.06011148956,2.578883
73.066611499479,2.578571
73.07311150939802,2.579011
73.07961151931701,2.579031
73.086111529236,2.579206
73.092611539155,2.579332
73.09911154907401,2.579128
73.105611558993,2.579312
73.11211156891201,2.579393
73.11861157883101,2.579342
73.12511158875,2.579402
73.13161159866901,2.579594
73.138111608588,2.578987
73.144611618507,2.579082
73.151111628426,2.579503
73.157611638345,2.579306
73.16411164826401,2.579099
73.170611658183,2.579156
73.17711166810201,2.57901
73.18361167802101,2.578772
73.19011168794,2.57934
73.19661169785901,2.578583
73.203111707778,2.578864
73.209611717697,2.579006
73.21611172761601,2.578533
73.222611737535,2.578506
73.22911174745401,2.578896
73.23561175737301,2.578497
73.242111767292,2.578716
73.248611777211,2.578927
73.25511178713002,2.578428
73.26161179704901,2.578441
73.26811180696801,2.578594
73.274611816887,2.578265
73.28111182680601,2.57851
73.287611836725,2.578913
73.294111846644,2.578553
73.30061185656301,2.578479
73.307111866482,2.578339
73.31361187640101,2.578022
73.32011188632,2.578255
73.326611896239,2.578501
73.33311190615801,2.578299
73.339611916077,2.578397
73.34611192599601,2.578758
73.35261193591501,2.578426
73.359111945834,2.578304
73.36561195575301,2.578572
73.372111965672,2.578259
73.378611975591,2.578385
73.38511198551001,2.578504
73.391611995429,2.578127
73.398112005348,2.578497
73.404612015267,2.578724
73.41111202518601,2.578377
73.41761203510501,2.578339
73.424112045024,2.578491
73.430612054943,2.578302
73.437112064862,2.57823
73.44361207478102,2.578627
73.45011208470001,2.578195
73.456612094619,2.578301
73.46311210453801,2.57844
73.46961211445701,2.578137
73.476112124376,2.577888
73.482612134295,2.578441
73.489112144214,2.578026
73.49561215413301,2.577752
73.50211216405201,2.578351
73.508612173971,2.577926
73.51511218389001,2.578023
73.521612193809,2.578276
73.52811220372801,2.5778
73.53461221364701,2.577648
73.541112223566,2.578027
73.54761223348501,2.577649
73.554112243404,2.577769
73.560612253323,2.578121
73.56711226324201,2.577742
73.573612273161,2.577972
73.58011228308,2.578121
73.586612292999,2.577513
73.59311230291802,2.577776
73.59961231283701,2.577861
73.606112322756,2.577333
73.612612332675,2.577339
73.61911234259401,2.577947
73.625612352513,2.577335
73.63211236243201,2.577075
73.638612372351,2.577716
73.64511238227001,2.577477
73.65161239218901,2.577104
73.658112402108,2.577368
73.664612412027,2.576963
73.671112421946,2.577166
73.67761243186501,2.577952
73.68411244178401,2.577472
73.690612451703,2.577174
73.69711246162201,2.576971
73.703612471541,2.576792
73.71011248146002,2.576773
73.71661249137901,2.577528
73.723112501298,2.576879
73.729612511217,2.57671
73.73611252113601,2.576979
73.742612531055,2.576647
73.74911254097401,2.576836
73.755612550893,2.577198
73.762112560812,2.576735
73.76861257073101,2.576765
73.77511258065002,2.576866
73.78161259056901,2.576431
73.788112600488,2.576629
73.79461261040701,2.577161
73.80111262032601,2.576377
73.807612630245,2.576324
73.814112640164,2.57697
73.820612650083,2.57691
73.82711266000202,2.576436
73.83361266992101,2.576695
73.84011267984,2.576507
73.846612689759,2.576497
73.853112699678,2.57691
73.85961270959702,2.576592
73.86611271951601,2.576495
73.872612729435,2.57677
73.87911273935401,2.576414
73.88561274927301,2.576557
73.892112759192,2.576867
73.89861276911101,2.576502
73.90511277903,2.576276
73.911612788949,2.576661
73.91811279886801,2.576106
73.924612808787,2.576343
73.93111281870601,2.576856
73.937612828625,2.576707
73.944112838544,2.576632
73.95061284846301,2.576769
73.957112858382,2.576247
73.96361286830101,2.57623
73.97011287822001,2.576175
73.976612888139,2.575629
73.98311289805801,2.575591
73.989612907977,2.575818
73.996112917896,2.575742
74.00261292781501,2.575471
74.00911293773402,2.575814
74.01561294765301,2.575579
74.022112957572,2.575411
74.028612967491,2.575625
74.03511297741,2.575486
74.04161298732902,2.575387
74.04811299724801,2.575515
74.054613007167,2.575429
74.061113017086,2.575357
74.06761302700501,2.575665
74.074113036924,2.575325
74.080613046843,2.575262
74.087113056762,2.575697
74.093613066681,2.575289
74.10011307660001,2.575214
74.106613086519,2.575192
74.11311309643801,2.574992
74.11961310635701,2.575034
74.126113116276,2.575186
74.13261312619501,2.574982
74.139113136114,2.575159
74.145613146033,2.575478
74.15211315595201,2.574972
74.158613165871,2.575048
74.16511317579001,2.57552
74.171613185709,2.575158
74.178113195628,2.574859
74.184613205547,2.574644
74.19111321546602,2.574583
74.19761322538501,2.574502
74.204113235304,2.57467
74.210613245223,2.574092
74.21711325514201,2.574495
74.223613265061,2.574836
74.23011327498001,2.574485
74.23661328489901,2.574561
74.243113294818,2.574744
74.24961330473701,2.574328
74.256113314656,2.574634
74.262613324575,2.574767
74.269113334494,2.574552
74.275613344413,2.574041
74.28211335433201,2.574168
74.288613364251,2.574047
74.29511337417001,2.573772
74.30161338408901,2.57393
74.308113394008,2.573456
74.31461340392701,2.57369
74.321113413846,2.574292
74.327613423765,2.574014
74.33411343368401,2.573843
74.340613443603,2.573766
74.34711345352201,2.573374
74.35361346344101,2.573548
74.36011347336,2.573779
74.366613483279,2.573891
74.37311349319802,2.573903
74.37961350311701,2.574212
74.38611351303601,2.573921
74.392613522955,2.573981
74.39911353287401,2.573901
74.405613542793,2.573394
74.412113552712,2.573614
74.41861356263101,2.574058
74.42511357255,2.573483
74.43161358246901,2.573734
74.438113592388,2.573827
74.444613602307,2.573639
74.45111361222601,2.573443
74.457613622145,2.573937
74.46411363206401,2.573548
74.47061364198301,2.573691
74.47711365190202,2.573947
74.48361366182101,2.573312
74.49011367174,2.57365
74.49661368165901,2.573557
74.50311369157801,2.573366
74.509613701497,2.573518
74.516113711416,2.573846
74.522613721335,2.573271
74.52911373125401,2.573591
74.53561374117301,2.573683
74.542113751092,2.573493
74.548613761011,2.573662
74.55511377093,2.573599
74.56161378084902,2.572896
74.56811379076801,2.573275
74.574613800687,2.573645
74.58111381060601,2.573556
74.58761382052501,2.573478
74.594113830444,2.573895
74.600613840363,2.573486
74.607113850282,2.573067
74.61361386020101,2.573303
74.62011387012001,2.573095
74.626613880039,2.572915
74.63311388995801,2.573344
74.639613899877,2.572964
74.64611390979601,2.572999
74.65261391971501,2.573332
74.659113929634,2.573153
74.66561393955301,2.573029
74.672113949472,2.57347
74.678613959391,2.573334
74.68511396931001,2.57313
74.691613979229,2.573119
74.698113989148,2.572622
74.70461399906702,2.572731
74.71111400898602,2.572813
74.71761401890501,2.572822
74.724114028824,2.572686
74.730614038743,2.573036
74.73711404866201,2.572874
74.743614058581,2.573123
74.75011406850001,2.573312
74.756614078419,2.572676
74.76311408833801,2.572598
74.76961409825701,2.572741
74.776114108176,2.57241
74.782614118095,2.572338
74.789114128014,2.572556
74.79561413793301,2.572376
74.80211414785201,2.57245
74.808614157771,2.572808
74.81511416769001,2.572482
74.821614177609,2.572367
74.82811418752802,2.572484
74.83461419744701,2.572421
74.841114207366,2.572381
74.847614217285,2.572716
74.85411422720401,2.572625
74.860614237123,2.572394
74.86711424704201,2.572694
74.873614256961,2.572656
74.88011426688,2.57239
74.88661427679902,2.572517
74.89311428671802,2.57198
74.89961429663701,2.57175
74.906114306556,2.572153
74.912614316475,2.571894
74.91911432639401,2.571963
74.925614336313,2.572414
74.932114346232,2.571877
74.93861435615099,2.571815
74.94511436607002,2.572342
74.95161437598901,2.572264
74.958114385908,2.572278
74.96461439582701,2.572518
74.97111440574601,2.57205
74.977614415665,2.571931
74.98411442558401,2.572082
74.990614435503,2.571962
74.99711444542201,2.57187
75.00361445534101,2.57226
75.01011446526002,2.571808
75.01661447517901,2.571951
75.023114485098,2.572307
75.029614495017,2.57206
75.03611450493601,2.572257
75.042614514855,2.572415
75.04911452477401,2.571681
75.055614534693,2.571887
75.062114544612,2.572199
75.06861455453101,2.571565
75.07511456445,2.571696
75.081614574369,2.571921
75.08811458428801,2.571463
75.094614594207,2.571454
75.10111460412601,2.571777
75.107614614045,2.571467
75.11411462396401,2.571554
75.12061463388301,2.571719
75.127114643802,2.571594
75.13361465372101,2.571502
75.14011466364,2.571923
75.146614673559,2.571306
75.15311468347801,2.571121
75.15961469339702,2.571177
75.16611470331601,2.571083
75.172614713235,2.571207
75.179114723154,2.571177
75.18561473307301,2.571224
75.192114742992,2.571045
75.198614752911,2.570972
75.20511476283,2.570843
75.211614772749,2.570927
75.21811478266801,2.571006
75.224614792587,2.570886
75.231114802506,2.570319
75.23761481242501,2.57087
75.244114822344,2.570579
75.250614832263,2.570431
75.25711484218202,2.570939
75.26361485210101,2.570672
75.27011486202001,2.5705
75.27661487193902,2.57089
75.28311488185801,2.570599
75.289614891777,2.571223
75.296114901696,2.571256
75.302614911615,2.57067
75.30911492153402,2.570477
75.31561493145301,2.571046
75.322114941372,2.570499
75.328614951291,2.570753
75.33511496121,2.570593
75.341614971129,2.570485
75.348114981048,2.570616
75.354614990967,2.570787
75.36111500088602,2.570658
75.36761501080501,2.570742
75.374115020724,2.570736
75.38061503064301,2.570481
75.38711504056201,2.570408
75.393615050481,2.570992
75.40011506040001,2.570578
75.406615070319,2.570724
75.41311508023801,2.570627
75.41961509015701,2.570507
75.426115100076,2.570643
75.43261510999501,2.570784
75.439115119914,2.570477
75.445615129833,2.570239
75.452115139752,2.570236
75.458615149671,2.569975
75.46511515959001,2.570005
75.47161516950901,2.57048
75.478115179428,2.570107
75.48461518934701,2.570045
75.491115199266,2.569936
75.497615209185,2.569878
75.50411521910401,2.570174
75.510615229023,2.570272
75.51711523894201,2.570081
75.52361524886102,2.56981
75.53011525878001,2.569922
75.53661526869901,2.570143
75.543115278618,2.570175
75.54961528853701,2.570238
75.556115298456,2.569852
75.562615308375,2.570323
75.56911531829401,2.570177
75.575615328213,2.569865
75.58211533813201,2.569913
75.58861534805101,2.569878
75.59511535797,2.569608
75.601615367889,2.569593
75.608115377808,2.569888
75.614615387727,2.569339
75.621115397646,2.569642
75.62761540756502,2.569506
75.63411541748401,2.569119
75.640615427403,2.569495
75.64711543732201,2.569767
75.65361544724101,2.569564
75.66011545716,2.569743
75.666615467079,2.569599
75.67311547699802,2.569833
75.67961548691702,2.569807
75.68611549683601,2.569617
75.692615506755,2.569533
75.699115516674,2.569673
75.70561552659301,2.56949
75.712115536512,2.569419
75.718615546431,2.56949
75.72511555634999,2.569423
75.73161556626901,2.569496
75.73811557618801,2.569678
75.744615586107,2.569513
75.75111559602601,2.569577
75.757615605945,2.56969
75.764115615864,2.569667
75.77061562578302,2.569025
75.77711563570202,2.569227
75.78361564562101,2.569269
75.79011565554002,2.56883
75.79661566545902,2.568874
75.80311567537801,2.568845
75.809615685297,2.568455
75.816115695216,2.568912
75.82261570513502,2.568925
75.82911571505402,2.569033
75.83561572497301,2.569094
75.842115734892,2.568964
75.848615744811,2.568692
75.85511575473001,2.569198
75.861615764649,2.56908
75.868115774568,2.568945
75.874615784487,2.569162
75.88111579440601,2.568853
75.88761580432501,2.568884
75.894115814244,2.569533
75.90061582416301,2.569123
75.907115834082,2.568484
75.913615844001,2.568587
75.92011585392001,2.568548
75.926615863839,2.568309
75.93311587375801,2.568513
75.939615883677,2.568278
75.94611589359602,2.568534
75.95261590351501,2.568831
75.959115913434,2.568624
75.965615923353,2.568393
75.97211593327201,2.569019
75.978615943191,2.568732
75.98511595311001,2.568246
75.991615963029,2.56856
75.998115972948,2.568686
76.00461598286701,2.568625
76.011115992786,2.568791
76.017616002705,2.568647
76.024116012624,2.568632
76.030616022543,2.568696
76.03711603246201,2.568444
76.04361604238102,2.568238
76.05011605230001,2.568465
76.056616062219,2.568347
76.06311607213802,2.568254
76.06961608205701,2.568525
76.076116091976,2.568077
76.082616101895,2.568019
76.089116111814,2.568482
76.09561612173302,2.568314
76.10211613165201,2.567894
76.108616141571,2.568138
76.11511615149,2.567902
76.121616161409,2.56801
76.128116171328,2.568178
76.134616181247,2.568208
76.14111619116599,2.567918
76.14761620108501,2.568088
76.15411621100401,2.567762
76.160616220923,2.567502
76.16711623084201,2.567829
76.173616240761,2.567604
76.18011625068,2.567346
76.18661626059902,2.567559
76.19311627051802,2.567042
76.19961628043701,2.567151
76.20611629035601,2.56726
76.212616300275,2.567041
76.21911631019401,2.566938
76.225616320113,2.56711
76.232116330032,2.567116
76.238616339951,2.567179
76.24511634987002,2.567101
76.25161635978901,2.566911
76.258116369708,2.566783
76.264616379627,2.566961
76.27111638954601,2.566537
76.277616399465,2.566803
76.284116409384,2.567299
76.29061641930302,2.567154
76.29711642922202,2.567358
76.30361643914101,2.567305
76.31011644906002,2.567077
76.31661645897901,2.566679
76.32311646889801,2.566816
76.329616478817,2.566681
76.33611648873601,2.566627
76.342616498655,2.566749
76.34911650857401,2.566338
76.35561651849301,2.566621
76.362116528412,2.566745
76.36861653833101,2.566622
76.37511654825,2.566466
76.381616558169,2.566737
76.388116568088,2.566455
76.394616578007,2.566224
76.40111658792601,2.566431
76.407616597845,2.566233
76.41411660776402,2.566054
76.42061661768301,2.566515
76.427116627602,2.565834
76.43361663752101,2.565568
76.44011664744001,2.566161
76.446616657359,2.565786
76.45311666727801,2.565722
76.45961667719702,2.566244
76.46611668711601,2.565861
76.47261669703501,2.565948
76.479116706954,2.566265
76.48561671687301,2.565861
76.492116726792,2.566089
76.498616736711,2.566087
76.50511674663001,2.565992
76.511616756549,2.566097
76.51811676646801,2.566246
76.524616776387,2.565852
76.531116786306,2.565829
76.53761679622501,2.566591
76.544116806144,2.56594
76.550616816063,2.566015
76.55711682598202,2.566185
76.56361683590102,2.565754
76.57011684582001,2.565564
76.57661685573902,2.56589
76.58311686565801,2.565585
76.58961687557701,2.565588
76.596116885496,2.566051
76.602616895415,2.565519
76.60911690533402,2.566057
76.61561691525301,2.566233
76.62211692517201,2.565494
76.628616935091,2.56554
76.63511694501,2.56594
76.641616954929,2.56562
76.648116964848,2.56548
76.654616974767,2.566103
76.66111698468602,2.56536
76.66761699460501,2.565406
76.674117004524,2.565694
76.680617014443,2.565069
76.68711702436201,2.565065
76.693617034281,2.56526
76.7001170442,2.565038
76.70661705411902,2.565068
76.71311706403802,2.565351
76.71961707395701,2.565141
76.726117083876,2.565143
76.73261709379501,2.565593
76.73911710371401,2.565291
76.745617113633,2.565097
76.752117123552,2.565384
76.758617133471,2.565069
76.76511714339001,2.565388
76.77161715330901,2.565759
76.778117163228,2.564871
76.784617173147,2.564753
76.791117183066,2.564977
76.797617192985,2.564545
76.804117202904,2.564729
76.810617212823,2.564744
76.81711722274201,2.564545
76.82361723266101,2.564197
76.83011724258002,2.564699
76.83661725249901,2.564171
76.843117262418,2.564473
76.84961727233701,2.564914
76.85611728225601,2.564251
76.862617292175,2.5645
76.86911730209401,2.564665
76.875617312013,2.564137
76.88211732193201,2.564044
76.88861733185101,2.564342
76.89511734177,2.563592
76.901617351689,2.563633
76.90811736160799,2.564291
76.914617371527,2.564304
76.92111738144601,2.564343
76.927617391365,2.564503
76.93411740128401,2.564006
76.94061741120301,2.563992
76.947117421122,2.564527
76.95361743104101,2.563936
76.96011744096,2.564106
76.966617450879,2.564197
76.97311746079802,2.564005
76.97961747071702,2.563938
76.98611748063601,2.564338
76.992617490555,2.563722
76.999117500474,2.563966
77.00561751039301,2.564204
77.012117520312,2.563657
77.018617530231,2.564034
77.02511754014999,2.564349
77.03161755006902,2.563861
77.03811755998801,2.56393
77.044617569907,2.564085
77.051117579826,2.563841
77.057617589745,2.563488
77.064117599664,2.564048
77.070617609583,2.563857
77.07711761950202,2.563715
77.08361762942101,2.564137
77.09011763934001,2.563472
77.09661764925902,2.563308
77.10311765917801,2.563562
77.109617669097,2.563311
77.116117679016,2.563322
77.12261768893502,2.563138
77.12911769885402,2.563082
77.13561770877301,2.563457
77.142117718692,2.564029
77.148617728611,2.563524
77.15511773853001,2.56304
77.161617748449,2.563382
77.168117758368,2.562893
77.17461776828699,2.563008
77.18111777820602,2.563736
77.18761778812501,2.563371
77.194117798044,2.56305
77.20061780796301,2.563132
77.20711781788201,2.562907
77.213617827801,2.563063
77.22011783772001,2.563399
77.226617847639,2.562841
77.23311785755801,2.562979
77.23961786747701,2.563415
77.24611787739602,2.563392
77.25261788731501,2.563184
77.259117897234,2.56371
77.265617907153,2.562943
77.27211791707201,2.562875
77.278617926991,2.563392
77.28511793691001,2.562848
77.291617946829,2.56292
77.298117956748,2.563262
77.30461796666701,2.56331
77.311117976586,2.563229
77.317617986505,2.563794
77.32411799642401,2.563099
77.330618006343,2.562651
77.33711801626201,2.562902
77.34361802618102,2.562826
77.35011803610001,2.562733
77.35661804601901,2.562828
77.36311805593802,2.562469
77.36961806585701,2.562656
77.376118075776,2.56276
77.382618085695,2.562047
77.38911809561401,2.562157
77.39561810553302,2.562374
77.40211811545201,2.562055
77.408618125371,2.562058
77.41511813529,2.56255
77.421618145209,2.562045
77.428118155128,2.562216
77.434618165047,2.56269
77.441118174966,2.56231
77.44761818488502,2.562173
77.45411819480401,2.562291
77.460618204723,2.561714
77.467118214642,2.561803
77.47361822456101,2.562312
77.48011823448,2.56209
77.486618244399,2.561981
77.49311825431802,2.5621
77.49961826423701,2.561622
77.50611827415601,2.56146
77.512618284075,2.561773
77.51911829399401,2.561467
77.525618303913,2.561475
77.532118313832,2.56182
77.538618323751,2.561547
77.54511833367002,2.561488
77.55161834358901,2.561579
77.55811835350801,2.561608
77.564618363427,2.561372
77.571118373346,2.561846
77.577618383265,2.561765
77.584118393184,2.561546
77.590618403103,2.562008
77.59711841302202,2.56168
77.60361842294101,2.561787
77.61011843286,2.562204
77.61661844277901,2.561993
77.62311845269801,2.561766
77.629618462617,2.562057
77.63611847253601,2.561892
77.64261848245502,2.561431
77.64911849237401,2.561659
77.65561850229301,2.561301
77.662118512212,2.561351
77.66861852213101,2.561767
77.67511853205,2.561129
77.681618541969,2.561204
77.688118551888,2.561558
77.69461856180699,2.561256
77.70111857172601,2.561576
77.70761858164501,2.561584
77.714118591564,2.561326
77.72061860148301,2.561291
77.727118611402,2.561454
77.733618621321,2.56113
77.74011863124001,2.560994
77.746618641159,2.560951
77.75311865107801,2.560757
77.75961866099702,2.560709
77.76611867091601,2.561074
77.77261868083501,2.560598
77.779118690754,2.560454
77.785618700673,2.560936
77.792118710592,2.560651
77.798618720511,2.560665
77.80511873043001,2.560902
77.811618740349,2.560536
77.81811875026801,2.560585
77.82461876018701,2.560912
77.831118770106,2.560757
77.837618780025,2.560936
77.844118789944,2.561127
77.850618799863,2.560671
77.85711880978201,2.560626
77.86361881970102,2.560664
77.87011882962001,2.560276
77.876618839539,2.560012
77.88311884945801,2.560324
77.88961885937701,2.560185
77.896118869296,2.560381
77.902618879215,2.560538
77.90911888913402,2.560562
77.91561889905302,2.56034
77.92211890897201,2.560542
77.928618918891,2.560345
77.93511892881,2.560093
77.94161893872901,2.560416
77.948118948648,2.560278
77.954618958567,2.560199
77.96111896848599,2.560567
77.96761897840501,2.560065
77.97411898832401,2.559659
77.980618998243,2.559869
77.98711900816201,2.559796
77.993619018081,2.560103
78.000119028,2.560488
78.00661903791902,2.560233
78.01311904783802,2.560166
78.01961905775701,2.56067
78.026119067676,2.559986
78.03261907759502,2.559817
78.03911908751401,2.560222
78.045619097433,2.559942
78.052119107352,2.559664
78.05861911727102,2.559885
78.06511912719002,2.559709
78.07161913710901,2.559726
78.078119147028,2.559994
78.084619156947,2.559408
78.09111916686601,2.559622
78.097619176785,2.560234
78.104119186704,2.560062
78.110619196623,2.55976
78.11711920654201,2.559821
78.12361921646101,2.559321
78.13011922638002,2.559142
78.13661923629901,2.559463
78.143119246218,2.559359
78.14961925613702,2.559204
78.15611926605601,2.559596
78.162619275975,2.55933
78.16911928589401,2.559319
78.17561929581301,2.559371
78.18211930573202,2.558861
78.18861931565101,2.558698
78.19511932557,2.559128
78.201619335489,2.558755
78.208119345408,2.558628
78.214619355327,2.558973
78.22111936524601,2.558845
78.227619375165,2.558838
78.23411938508401,2.559122
78.24061939500301,2.558673
78.247119404922,2.558662
78.253619414841,2.559139
78.26011942476,2.558946
78.266619434679,2.559085
78.27311944459801,2.559402
78.27961945451702,2.558553
78.28611946443601,2.558393
78.292619474355,2.558829
78.299119484274,2.558897
78.30561949419301,2.5589
78.312119504112,2.559074
78.318619514031,2.558495
78.32511952395001,2.558766
78.33161953386902,2.558995
78.33811954378801,2.558382
78.344619553707,2.558737
78.351119563626,2.559104
78.357619573545,2.558373
78.364119583464,2.558882
78.370619593383,2.558758
78.37711960330199,2.558676
78.38361961322101,2.558503
78.39011962314001,2.55876
78.396619633059,2.558046
78.40311964297801,2.558038
78.409619652897,2.558403
78.416119662816,2.557908
78.42261967273502,2.557927
78.42911968265402,2.55799
78.43561969257301,2.557893
78.44211970249201,2.557677
78.448619712411,2.558151
78.45511972233001,2.557815
78.461619732249,2.557708
78.468119742168,2.558159
78.474619752087,2.558123
78.48111976200599,2.558062
78.48761977192501,2.558395
78.494119781844,2.558186
78.500619791763,2.558127
78.50711980168201,2.558439
78.513619811601,2.558214
78.52011982152,2.558139
78.52661983143902,2.558461
78.53311984135802,2.55816
78.53961985127701,2.557492
78.54611986119602,2.557744
78.55261987111501,2.557444
78.55911988103401,2.557694
78.565619890953,2.558145
78.57211990087201,2.557845
78.578619910791,2.557773
78.58511992071001,2.558069
78.59161993062901,2.557807
78.598119940548,2.557563
78.60461995046701,2.557935
78.611119960386,2.557283
78.617619970305,2.557358
78.624119980224,2.557993
78.630619990143,2.557465
78.63712000006201,2.557405
78.643620009981,2.557447
78.65012001990002,2.557233
78.65662002981901,2.557278
78.663120039738,2.557649
78.66962004965701,2.557153
78.67612005957601,2.557054
78.682620069495,2.557228
78.68912007941401,2.556759
78.69562008933302,2.556884
78.70212009925201,2.557449
78.70862010917101,2.557311
78.71512011909,2.557286
78.721620129009,2.557332
78.728120138928,2.55716
78.734620148847,2.556849
78.74112015876601,2.557232
78.747620168685,2.55706
78.75412017860401,2.557129
78.760620188523,2.557552
78.767120198442,2.556938
78.77362020836101,2.556837
78.78012021828,2.55702
78.786620228199,2.556924
78.79312023811802,2.556899
78.79962024803702,2.557177
78.80612025795601,2.556887
78.812620267875,2.556763
78.81912027779401,2.55694
78.82562028771301,2.556674
78.832120297632,2.556397
78.838620307551,2.556756
78.84512031747002,2.556691
78.85162032738901,2.556745
78.85812033730801,2.557046
78.864620347227,2.556618
78.871120357146,2.556893
78.877620367065,2.556985
78.884120376984,2.556563
78.890620386903,2.556453
78.89712039682202,2.556598
78.90362040674101,2.556289
78.91012041666,2.556307
78.91662042657902,2.556821
78.92312043649801,2.556369
78.929620446417,2.556356
78.93612045633601,2.556823
78.94262046625502,2.556511
78.94912047617402,2.556337
78.95562048609301,2.556269
78.962120496012,2.555843
78.96862050593101,2.55581
78.97512051585001,2.55623
78.981620525769,2.556245
78.988120535688,2.5562
78.99462054560699,2.556592
79.00112055552601,2.55607
79.00762056544501,2.556352
79.014120575364,2.55641
79.02062058528301,2.555956
79.027120595202,2.555895
79.033620605121,2.556259
79.04012061504,2.556186
79.046620624959,2.556062
79.05312063487801,2.55605
79.05962064479701,2.555853
79.06612065471602,2.555668
79.07262066463501,2.555926
79.079120674554,2.555469
79.085620684473,2.555641
79.09212069439201,2.556148
79.098620704311,2.555679
79.10512071423001,2.555581
79.111620724149,2.555948
79.11812073406801,2.555687
79.12462074398701,2.555503
79.131120753906,2.555894
79.137620763825,2.555378
79.14412077374399,2.555206
79.150620783663,2.55565
79.15712079358201,2.555238
79.163620803501,2.555348
79.17012081342001,2.555562
79.17662082333901,2.555082
79.183120833258,2.555187
79.18962084317701,2.555369
79.196120853096,2.555405
79.202620863015,2.555026
79.20912087293402,2.555555
79.21562088285302,2.554902
79.22212089277201,2.554747
79.228620902691,2.55503
79.23512091261,2.554722
79.24162092252901,2.554679
79.248120932448,2.554919
79.254620942367,2.554674
79.26112095228599,2.554881
79.26762096220502,2.555446
79.27412097212401,2.555343
79.280620982043,2.555316
79.287120991962,2.555265
79.29362100188101,2.55491
79.3001210118,2.554983
79.306621021719,2.555137
79.31312103163802,2.554472
79.31962104155701,2.554652
79.32612105147601,2.554837
79.33262106139502,2.554386
79.33912107131401,2.554299
79.345621081233,2.554253
79.352121091152,2.554457
79.35862110107102,2.554444
79.36512111099002,2.554815
79.37162112090901,2.554297
79.378121130828,2.55419
79.384621140747,2.554299
79.39112115066601,2.554021
79.397621160585,2.553991
79.404121170504,2.554438
79.41062118042299,2.55391
79.41712119034202,2.55395
79.42362120026101,2.554289
79.43012121018,2.554304
79.43662122009901,2.553939
79.44312123001801,2.554143
79.449621239937,2.553825
79.45612124985601,2.55389
79.46262125977502,2.554315
79.46912126969401,2.554135
79.47562127961301,2.554004
79.48212128953202,2.55444
79.48862129945101,2.554075
79.49512130937,2.553836
79.501621319289,2.553876
79.508121329208,2.553335
79.514621339127,2.553419
79.52112134904601,2.55399
79.527621358965,2.55368
79.534121368884,2.553584
79.54062137880301,2.553878
79.547121388722,2.553644
79.553621398641,2.553658
79.56012140856001,2.554034
79.566621418479,2.553623
79.57312142839801,2.553573
79.57962143831702,2.553651
79.58612144823601,2.553388
79.59262145815501,2.553476
79.599121468074,2.553514
79.60562147799301,2.553451
79.612121487912,2.553432
79.618621497831,2.553214
79.62512150775001,2.552863
79.63162151766902,2.552712
79.63812152758801,2.553486
79.644621537507,2.552848
79.651121547426,2.552951
79.657621557345,2.55354
79.664121567264,2.553282
79.670621577183,2.553177
79.67712158710201,2.553585
79.68362159702102,2.55319
79.69012160694001,2.553103
79.696621616859,2.553418
79.70312162677801,2.553046
79.70962163669701,2.553048
79.716121646616,2.553298
79.72262165653503,2.552527
79.72912166645402,2.552649
79.73562167637301,2.553093
79.74212168629201,2.552915
79.748621696211,2.55256
79.75512170613001,2.553019
79.761621716049,2.552684
79.768121725968,2.552451
79.774621735887,2.552719
79.78112174580599,2.552313
79.78762175572501,2.5526
79.79412176564401,2.552943
79.800621775563,2.552591
79.80712178548201,2.552598
79.813621795401,2.552628
79.82012180532,2.552436
79.826621815239,2.552216
79.83312182515802,2.552532
79.83962183507701,2.552093
79.846121844996,2.551953
79.85262185491501,2.552385
79.85912186483401,2.552241
79.865621874753,2.552237
79.87212188467201,2.5521
79.87862189459102,2.551565
79.88512190451002,2.551627
79.89162191442901,2.552239
79.898121924348,2.551891
79.90462193426701,2.551735
79.91112194418601,2.551914
79.917621954105,2.551797
79.924121964024,2.551716
79.93062197394299,2.551648
79.93712198386201,2.551339
79.94362199378101,2.551527
79.9501220037,2.55173
79.95662201361901,2.551549
79.963122023538,2.55184
79.969622033457,2.552086
79.97612204337601,2.551642
79.982622053295,2.551571
79.98912206321401,2.551804
79.99562207313302,2.551451
80.00212208305202,2.551538
80.00862209297101,2.551787
80.01512210289,2.551486
80.021622112809,2.551465
80.028122122728,2.551862
80.034622132647,2.551606
80.04112214256601,2.551512
80.047622152485,2.55147
80.05412216240401,2.551145
80.06062217232301,2.550758
80.067122182242,2.551378
80.073622192161,2.551194
80.08012220208,2.551209
80.086622211999,2.551003
80.09312222191801,2.550774
80.09962223183702,2.550842
80.10612224175601,2.551134
80.112622251675,2.550972
80.11912226159401,2.55056
80.12562227151301,2.550977
80.132122281432,2.55053
80.138622291351,2.550324
80.14512230127002,2.550667
80.15162231118902,2.55059
80.15812232110801,2.550664
80.164622331027,2.550824
80.171122340946,2.550524
80.17762235086501,2.550488
80.184122360784,2.550869
80.190622370703,2.550383
80.19712238062199,2.550709
80.20362239054101,2.550716
80.21012240046001,2.550425
80.216622410379,2.550779
80.22312242029801,2.550786
80.229622430217,2.550397
80.236122440136,2.550539
80.24262245005502,2.550495
80.24912245997402,2.550166
80.25562246989301,2.550562
80.262122479812,2.550549
80.26862248973102,2.550133
80.27512249965001,2.550142
80.281622509569,2.550426
80.288122519488,2.549915
80.294622529407,2.550197
80.30112253932602,2.550299
80.30762254924501,2.549991
80.314122559164,2.550014
80.320622569083,2.550323
80.32712257900201,2.549902
80.333622588921,2.549944
80.34012259884,2.549886
80.34662260875902,2.54996
80.35312261867801,2.550121
80.35962262859701,2.54997
80.36612263851602,2.549657
80.37262264843501,2.549786
80.379122658354,2.549844
80.385622668273,2.549224
80.39212267819201,2.549394
80.398622688111,2.549877
80.40512269803001,2.549719
80.41162270794901,2.54955
80.41812271786802,2.549451
80.42462272778701,2.549451
80.431122737706,2.54951
80.437622747625,2.549838
80.444122757544,2.549259
80.450622767463,2.549403
80.45712277738201,2.549866
80.463622787301,2.549522
80.47012279722001,2.549906
80.47662280713901,2.549958
80.483122817058,2.549444
80.48962282697701,2.549583
80.496122836896,2.54969
80.502622846815,2.549293
80.50912285673402,2.549135
80.51562286665302,2.549097
80.52212287657201,2.549086
80.52862288649101,2.549299
80.53512289641,2.548969
80.54162290632901,2.548965
80.548122916248,2.54917
80.554622926167,2.549086
80.56112293608601,2.548976
80.56762294600502,2.549097
80.57412295592401,2.548939
80.580622965843,2.548649
80.587122975762,2.549123
80.59362298568101,2.549062
80.6001229956,2.548967
80.606623005519,2.549064
80.61312301543799,2.548987
80.61962302535701,2.548683
80.62612303527601,2.548916
80.632623045195,2.548934
80.63912305511401,2.548808
80.645623065033,2.549497
80.652123074952,2.549057
80.65862308487102,2.548545
80.66512309479002,2.548752
80.67162310470901,2.548588
80.67812311462801,2.548316
80.684623124547,2.54892
80.69112313446601,2.548874
80.697623144385,2.548561
80.704123154304,2.548787
80.710623164223,2.548448
80.71712317414199,2.548151
80.72362318406101,2.548239
80.73012319398,2.548146
80.736623203899,2.548007
80.74312321381801,2.548262
80.749623223737,2.548181
80.756123233656,2.548351
80.76262324357502,2.548671
80.76912325349402,2.548559
80.77562326341301,2.547945
80.78212327333202,2.5484
80.78862328325101,2.548187
80.79512329317001,2.547812
80.801623303089,2.548039
80.808123313008,2.548031
80.81462332292702,2.547736
80.82112333284601,2.548136
80.82762334276501,2.548153
80.834123352684,2.548101
80.84062336260301,2.54803
80.847123372522,2.547692
80.853623382441,2.547484
80.86012339236,2.547821
80.866623402279,2.547602
80.87312341219801,2.547312
80.879623422117,2.547479
80.88612343203602,2.547424
80.89262344195501,2.547249
80.899123451874,2.547677
80.90562346179301,2.547457
80.91212347171201,2.547516
80.918623481631,2.547827
80.92512349155001,2.547513
80.93162350146902,2.547394
80.93812351138801,2.547597
80.94462352130701,2.547461
80.951123531226,2.547611
80.957623541145,2.547801
80.964123551064,2.547476
80.970623560983,2.547235
80.97712357090201,2.547645
80.983623580821,2.547482
80.99012359074001,2.547027
80.996623600659,2.547668
81.003123610578,2.547067
81.00962362049701,2.546925
81.016123630416,2.54728
81.022623640335,2.546986
81.02912365025402,2.54688
81.03562366017302,2.547133
81.04212367009201,2.547018
81.048623680011,2.5468
81.05512368993001,2.547124
81.06162369984901,2.546748
81.068123709768,2.546649
81.074623719687,2.54701
81.08112372960599,2.546934
81.08762373952501,2.546804
81.09412374944401,2.546818
81.100623759363,2.54653
81.107123769282,2.546396
81.113623779201,2.546646
81.12012378912,2.546152
81.126623799039,2.546457
81.13312380895802,2.546558
81.13962381887701,2.546262
81.14612382879601,2.545872
81.15262383871502,2.546344
81.15912384863401,2.546484
81.165623858553,2.546374
81.172123868472,2.546585
81.17862387839102,2.546121
81.18512388831002,2.546116
81.19162389822901,2.546408
81.198123908148,2.546108
81.20462391806701,2.545993
81.21112392798601,2.546214
81.217623937905,2.545822
81.224123947824,2.545948
81.23062395774299,2.546186
81.23712396766201,2.546008
81.24362397758101,2.545777
81.2501239875,2.546094
81.25662399741901,2.54559
81.263124007338,2.545684
81.269624017257,2.546105
81.27612402717601,2.545605
81.282624037095,2.54576
81.28912404701401,2.545924
81.29562405693302,2.545622
81.30212406685202,2.545645
81.30862407677101,2.545859
81.31512408669,2.545438
81.321624096609,2.545402
81.32812410652801,2.546036
81.334624116447,2.545344
81.34112412636601,2.545241
81.347624136285,2.545487
81.35412414620401,2.544956
81.36062415612301,2.545092
81.367124166042,2.545535
81.373624175961,2.545236
81.38012418588,2.544944
81.386624195799,2.545198
81.39312420571801,2.544921
81.399624215637,2.544864
81.40612422555601,2.545263
81.41262423547501,2.544839
81.419124245394,2.544917
81.42562425531301,2.545223
81.432124265232,2.544812
81.438624275151,2.544557
81.44512428507002,2.544787
81.45162429498902,2.544342
81.45812430490801,2.544236
81.464624314827,2.544627
81.471124324746,2.544355
81.47762433466501,2.544218
81.484124344584,2.54453
81.490624354503,2.544266
81.497124364422,2.544414
81.503624374341,2.544872
81.51012438426001,2.543959
81.516624394179,2.544196
81.523124404098,2.544704
81.52962441401701,2.544273
81.536124423936,2.5444
81.542624433855,2.544621
81.54912444377402,2.544405
81.55562445369301,2.544363
81.56212446361201,2.544764
81.56862447353102,2.544564
81.57512448345001,2.544319
81.581624493369,2.544572
81.588124503288,2.544197
81.594624513207,2.544398
81.60112452312602,2.544472
81.60762453304501,2.543935
81.614124542964,2.543911
81.620624552883,2.544154
81.62712456280201,2.543752
81.633624572721,2.543653
81.64012458264,2.544119
81.646624592559,2.543876
81.65312460247802,2.54385
81.65962461239701,2.544172
81.666124622316,2.544044
81.67262463223501,2.544121
81.67912464215401,2.54422
81.685624652073,2.543845
81.69212466199201,2.543904
81.69862467191102,2.544031
81.70512468183001,2.543563
81.71162469174901,2.543282
81.71812470166802,2.543755
81.72462471158701,2.54337
81.731124721506,2.543467
81.737624731425,2.543738
81.744124741344,2.543111
81.750624751263,2.543207
81.75712476118201,2.543675
81.76362477110101,2.543167
81.77012478102,2.543029
81.77662479093901,2.543462
81.783124800858,2.543075
81.789624810777,2.542884
81.79612482069601,2.543513
81.802624830615,2.543498
81.80912484053401,2.543311
81.81562485045302,2.543496
81.82212486037201,2.542958
81.82862487029101,2.543199
81.83512488021,2.543329
81.84162489012901,2.543021
81.848124900048,2.543051
81.854624909967,2.543374
81.86112491988601,2.542899
81.867624929805,2.543023
81.87412493972401,2.543187
81.880624949643,2.54278
81.887124959562,2.542532
81.893624969481,2.543049
81.9001249794,2.542558
81.906624989319,2.542425
81.91312499923801,2.542968
81.91962500915702,2.542601
81.92612501907601,2.542352
81.932625028995,2.542577
81.93912503891401,2.542398
81.94562504883301,2.542499
81.952125058752,2.542797
81.95862506867103,2.54257
81.96512507859002,2.542426
81.97162508850901,2.542491
81.97812509842801,2.541979
81.984625108347,2.542008
81.99112511826601,2.542578
81.997625128185,2.542145
82.004125138104,2.542117
82.010625148023,2.542369
82.01712515794199,2.542161
82.02362516786101,2.542166
82.03012517778001,2.542637
82.036625187699,2.541972
82.04312519761801,2.54181
82.049625207537,2.542306
82.056125217456,2.542309
82.06262522737502,2.541976
82.06912523729402,2.542092
82.07562524721301,2.541686
82.08212525713202,2.54125
82.08862526705101,2.541713
82.09512527697001,2.541267
82.101625286889,2.541546
82.108125296808,2.541938
82.11462530672702,2.541355
82.12112531664602,2.541297
82.12762532656501,2.541806
82.134125336484,2.541523
82.14062534640301,2.541268
82.14712535632201,2.541644
82.153625366241,2.541615
82.16012537616,2.541568
82.16662538607902,2.541884
82.17312539599801,2.541324
82.17962540591701,2.541317
82.186125415836,2.541747
82.19262542575501,2.541227
82.199125435674,2.541342
82.205625445593,2.541379
82.21212545551201,2.540971
82.218625465431,2.540735
82.22512547535001,2.541217
82.23162548526902,2.540878
82.23812549518802,2.541259
82.24462550510701,2.541382
82.251125515026,2.540714
82.257625524945,2.541021
82.26412553486401,2.541469
82.270625544783,2.540838
82.27712555470201,2.540527
82.283625564621,2.5412
82.29012557454,2.540531
82.29662558445901,2.540795
82.303125594378,2.540993
82.309625604297,2.540633
82.316125614216,2.540956
82.322625624135,2.540848
82.32912563405401,2.540478
82.33562564397302,2.540595
82.34212565389201,2.5409
82.348625663811,2.540097
82.35512567373002,2.540448
82.36162568364901,2.540438
82.368125693568,2.540225
82.374625703487,2.540225
82.381125713406,2.540756
82.38762572332502,2.540226
82.39412573324401,2.540201
82.400625743163,2.540499
82.407125753082,2.539718
82.41362576300101,2.539836
82.42012577292,2.540413
82.426625782839,2.539701
82.43312579275799,2.539886
82.43962580267701,2.540326
82.44612581259601,2.539791
82.452625822515,2.5403
82.45912583243401,2.540689
82.465625842353,2.540206
82.472125852272,2.540319
82.47862586219102,2.540614
82.48512587211002,2.540234
82.49162588202901,2.540238
82.498125891948,2.540447
82.50462590186702,2.540143
82.51112591178601,2.5401
82.517625921705,2.540103
82.524125931624,2.540137
82.530625941543,2.539819
82.53712595146202,2.539946
82.54362596138101,2.539627
82.5501259713,2.539609
82.556625981219,2.540186
82.56312599113801,2.539725
82.569626001057,2.539555
82.576126010976,2.539777
82.58262602089502,2.539339
82.58912603081401,2.53955
82.59562604073301,2.539813
82.60212605065202,2.539705
82.60862606057101,2.539774
82.61512607049,2.539739
82.621626080409,2.539771
82.62812609032801,2.539487
82.63462610024702,2.539544
82.64112611016601,2.539065
82.64762612008501,2.539276
82.65412613000402,2.539578
82.66062613992301,2.539062
82.667126149842,2.538959
82.673626159761,2.539361
82.68012616968,2.539088
82.686626179599,2.53923
82.69312618951801,2.539554
82.699626199437,2.539267
82.70612620935601,2.538885
82.71262621927501,2.538775
82.719126229194,2.538529
82.72562623911301,2.538311
82.732126249032,2.538964
82.738626258951,2.538421
82.74512626887002,2.538503
82.75162627878902,2.538487
82.75812628870801,2.538264
82.76462629862701,2.538177
82.771126308546,2.538618
82.77762631846501,2.538408
82.784126328384,2.53831
82.790626338303,2.538886
82.79712634822201,2.538363
82.803626358141,2.538788
82.81012636806001,2.538853
82.816626377979,2.538313
82.823126387898,2.538265
82.82962639781701,2.538243
82.836126407736,2.538062
82.842626417655,2.537943
82.84912642757402,2.538187
82.85562643749302,2.537935
82.86212644741201,2.538179
82.86862645733102,2.5385
82.87512646725001,2.53832
82.88162647716901,2.538093
82.888126487088,2.538186
82.894626497007,2.537806
82.90112650692602,2.53791
82.90762651684501,2.53807
82.91412652676401,2.538047
82.920626536683,2.537891
82.92712654660201,2.538047
82.933626556521,2.537898
82.94012656644,2.53752
82.946626576359,2.537781
82.95312658627802,2.537476
82.95962659619701,2.537219
82.966126606116,2.53783
82.972626616035,2.537645
82.97912662595401,2.537756
82.985626635873,2.537997
82.992126645792,2.537504
82.99862665571102,2.537415
83.00512666563002,2.537882
83.01162667554901,2.537309
83.01812668546802,2.537466
83.02462669538701,2.537648
83.03112670530601,2.537385
83.037626715225,2.537266
83.044126725144,2.537666
83.05062673506302,2.537187
83.05712674498201,2.53686
83.06362675490101,2.53756
83.07012676482,2.537242
83.076626774739,2.536955
83.083126784658,2.537382
83.089626794577,2.536716
83.096126804496,2.53649
83.102626814415,2.536866
83.10912682433401,2.536972
83.115626834253,2.537048
83.12212684417202,2.537283
83.12862685409101,2.536811
83.13512686401,2.536879
83.14162687392901,2.536765
83.14812688384801,2.536732
83.154626893767,2.536354
83.16112690368601,2.536743
83.167626913605,2.536364
83.17412692352401,2.536416
83.18062693344301,2.536612
83.187126943362,2.536074
83.193626953281,2.536322
83.2001269632,2.536522
83.206626973119,2.536474
83.21312698303801,2.536158
83.219626992957,2.536391
83.22612700287601,2.535814
83.232627012795,2.535715
83.239127022714,2.536578
83.24562703263301,2.536059
83.252127042552,2.535841
83.258627052471,2.53621
83.26512706239002,2.53612
83.27162707230902,2.536139
83.27812708222801,2.536233
83.284627092147,2.536097
83.29112710206601,2.536073
83.29762711198501,2.536124
83.304127121904,2.53589
83.310627131823,2.535848
83.31712714174199,2.536393
83.32362715166101,2.536221
83.33012716158001,2.535761
83.336627171499,2.535783
83.343127181418,2.535723
83.349627191337,2.53581
83.356127201256,2.536213
83.362627211175,2.535635
83.36912722109402,2.535764
83.37562723101301,2.53592
83.38212724093201,2.535371
83.38862725085102,2.535524
83.39512726077001,2.53583
83.401627270689,2.535387
83.408127280608,2.535361
83.41462729052702,2.535676
83.42112730044602,2.535144
83.42762731036501,2.535078
83.434127320284,2.535469
83.44062733020301,2.535082
83.44712734012201,2.534925
83.453627350041,2.535321
83.46012735996,2.534986
83.46662736987899,2.53487
83.47312737979802,2.535307
83.47962738971701,2.535095
83.486127399636,2.534975
83.49262740955501,2.535629
83.49912741947401,2.535285
83.505627429393,2.535254
83.51212743931201,2.535336
83.51862744923102,2.535088
83.52512745915001,2.534718
83.53162746906902,2.535128
83.53812747898802,2.534666
83.54462748890701,2.53478
83.551127498826,2.535191
83.557627508745,2.534807
83.56412751866401,2.53499
83.570627528583,2.535318
83.57712753850201,2.534946
83.583627548421,2.535003
83.59012755834,2.534924
83.59662756825901,2.534753
83.603127578178,2.534374
83.609627588097,2.534513
83.616127598016,2.534449
83.622627607935,2.534471
83.62912761785401,2.534577
83.63562762777302,2.534475
83.64212763769201,2.533992
83.64862764761101,2.534204
83.65512765753002,2.533829
83.66162766744901,2.534024
83.668127677368,2.53431
83.674627687287,2.533641
83.68112769720601,2.533503
83.68762770712502,2.534209
83.69412771704401,2.533873
83.700627726963,2.534042
83.707127736882,2.534307
83.71362774680101,2.533967
83.72012775672,2.534065
83.726627766639,2.534334
83.733127776558,2.533807
83.73962778647702,2.533654
83.74612779639601,2.534087
83.752627806315,2.533727
83.759127816234,2.533606
83.76562782615301,2.534009
83.772127836072,2.533415
83.778627845991,2.533568
83.78512785591002,2.533856
83.79162786582901,2.533324
83.79812787574801,2.533376
83.80462788566702,2.533758
83.81112789558601,2.533318
83.817627905505,2.533312
83.824127915424,2.533907
83.830627925343,2.533292
83.83712793526202,2.533338
83.84362794518101,2.533491
83.8501279551,2.533174
83.856627965019,2.533212
83.863127974938,2.533433
83.869627984857,2.53317
83.876127994776,2.532971
83.882628004695,2.533432
83.88912801461402,2.533304
83.89562802453301,2.53308
83.902128034452,2.53371
83.90862804437101,2.532933
83.91512805429001,2.532773
83.921628064209,2.533084
83.92812807412801,2.533057
83.93462808404702,2.532835
83.94112809396601,2.53309
83.94762810388501,2.532398
83.954128113804,2.532526
83.96062812372301,2.532836
83.967128133642,2.53229
83.973628143561,2.532332
83.98012815348,2.532633
83.98662816339902,2.532362
83.99312817331801,2.532428
83.99962818323701,2.533046
84.006128193156,2.532571
84.01262820307501,2.532449
84.019128212994,2.532783
84.025628222913,2.532473
84.03212823283201,2.532091
84.038628242751,2.532228
84.04512825267001,2.532021
84.05162826258902,2.532174
84.05812827250801,2.532537
84.06462828242701,2.532201
84.071128292346,2.532166
84.07762830226501,2.532463
84.084128312184,2.532159
84.090628322103,2.532267
84.09712833202201,2.532834
84.103628341941,2.532306
84.11012835186001,2.532155
84.11662836177901,2.532369
84.123128371698,2.53199
84.129628381617,2.532259
84.136128391536,2.532435
84.142628401455,2.532036
84.14912841137401,2.531951
84.15562842129302,2.532232
84.16212843121201,2.531691
84.168628441131,2.531737
84.17512845105001,2.531878
84.18162846096901,2.531649
84.188128470888,2.531911
84.194628480807,2.53206
84.20112849072602,2.531974
84.20762850064501,2.531847
84.21412851056401,2.53245
84.220628520483,2.532211
84.22712853040201,2.531863
84.233628540321,2.531908
84.24012855024,2.531553
84.246628560159,2.531581
84.25312857007799,2.532157
84.25962857999701,2.531325
84.26612858991601,2.531255
84.272628599835,2.531801
84.27912860975401,2.531436
84.285628619673,2.531244
84.292128629592,2.531617
84.29862863951102,2.531135
84.30512864943002,2.531295
84.31162865934901,2.531475
84.31812866926802,2.531375
84.32462867918701,2.531198
84.33112868910601,2.531348
84.337628699025,2.531108
84.344128708944,2.530974
84.35062871886302,2.531431
84.35712872878202,2.531111
84.36362873870101,2.531006
84.37012874862,2.531355
84.376628758539,2.530828
84.38312876845801,2.531151
84.389628778377,2.531217
84.396128788296,2.53074
84.40262879821502,2.531013
84.40912880813401,2.531151
84.41562881805301,2.530607
84.42212882797202,2.530916
84.42862883789101,2.530885
84.43512884781,2.53054
84.44162885772901,2.530397
84.44812886764801,2.530649
84.454628877567,2.530228
84.46112888748601,2.530198
84.467628897405,2.530345
84.47412890732402,2.530245
84.48062891724301,2.530483
84.487128927162,2.53035
84.493628937081,2.530114
84.50012894700001,2.530316
84.506628956919,2.530501
84.51312896683801,2.529784
84.519628976757,2.530269
84.52612898667601,2.530426
84.53262899659501,2.530155
84.539129006514,2.530063
84.545629016433,2.53047
84.552129026352,2.529947
84.558629036271,2.530132
84.56512904619001,2.530548
84.57162905610902,2.529874
84.57812906602801,2.529957
84.584629075947,2.530307
84.59112908586602,2.529964
84.59762909578501,2.530212
84.604129105704,2.530462
84.610629115623,2.529933
84.61712912554201,2.529523
84.62362913546102,2.529965
84.63012914538001,2.529621
84.636629155299,2.529611
84.643129165218,2.530174
84.649629175137,2.529977
84.656129185056,2.529861
84.662629194975,2.530372
84.66912920489399,2.529907
84.67562921481301,2.529873
84.68212922473201,2.53015
84.688629234651,2.530013
84.69512924457001,2.530078
84.701629254489,2.530471
84.708129264408,2.529763
84.71462927432702,2.529561
84.72112928424602,2.529845
84.72762929416501,2.529451
84.73412930408401,2.529533
84.74062931400302,2.529531
84.74712932392201,2.529066
84.753629333841,2.529184
84.76012934376,2.529369
84.766629353679,2.528806
84.77312936359802,2.529144
84.77962937351701,2.529575
84.786129383436,2.52907
84.792629393355,2.529161
84.79912940327401,2.529554
84.805629413193,2.529002
84.812129423112,2.529042
84.81862943303102,2.52902
84.82512944295001,2.52884
84.83162945286901,2.528674
84.83812946278802,2.528948
84.84462947270701,2.52883
84.851129482626,2.52893
84.857629492545,2.529
84.86412950246401,2.528721
84.87062951238302,2.528835
84.87712952230201,2.528956
84.88362953222101,2.528689
84.89012954214,2.528775
84.89662955205901,2.528574
84.903129561978,2.528292
84.909629571897,2.528189
84.916129581816,2.528554
84.922629591735,2.528344
84.92912960165401,2.528259
84.935629611573,2.528275
84.94212962149201,2.52798
84.94862963141101,2.528086
84.95512964133,2.528128
84.96162965124901,2.527974
84.968129661168,2.528227
84.974629671087,2.528168
84.98112968100601,2.528131
84.98762969092502,2.528031
84.99412970084401,2.527909
85.00062971076301,2.527517
85.007129720682,2.52769
85.01362973060101,2.528159
85.02012974052,2.527778
85.026629750439,2.52763
85.03312976035801,2.527553
85.039629770277,2.527632
85.04612978019601,2.52743
85.052629790115,2.527829
85.059129800034,2.527499
85.06562980995301,2.527707
85.072129819872,2.527704
85.078629829791,2.527451
85.08512983971002,2.527706
85.09162984962902,2.527323
85.09812985954801,2.527148
85.10462986946702,2.527109
85.11112987938601,2.527379
85.11762988930501,2.527096
85.124129899224,2.527277
85.130629909143,2.527539
85.13712991906202,2.52721
85.14362992898101,2.527237
85.15012993890001,2.52738
85.156629948819,2.526934
85.163129958738,2.527098
85.169629968657,2.527314
85.176129978576,2.526864
85.182629988495,2.526965
85.18912999841402,2.526702
85.19563000833301,2.526901
85.202130018252,2.526824
85.208630028171,2.526738
85.21513003809001,2.526715
85.221630048009,2.527045
85.228130057928,2.526841
85.23463006784702,2.526424
85.24113007776602,2.526726
85.24763008768501,2.526702
85.25413009760402,2.526414
85.260630107523,2.526636
85.26713011744201,2.526634
85.27363012736102,2.526353
85.28013013728,2.526839
85.28663014719902,2.526639
85.29313015711801,2.525964
85.29963016703701,2.526429
85.30613017695602,2.526244
85.31263018687501,2.526079
85.319130196794,2.526435
85.325630206713,2.526372
85.332130216632,2.526124
85.33863022655102,2.526571
85.34513023647001,2.52617
85.351630246389,2.525974
85.358130256308,2.526347
85.36463026622701,2.526129
85.371130276146,2.525875
85.377630286065,2.526232
85.38413029598401,2.526158
85.390630305903,2.52595
85.39713031582201,2.526283
85.40363032574102,2.52627
85.41013033566,2.52578
85.41663034557901,2.52611
85.42313035549802,2.525956
85.429630365417,2.525764
85.436130375336,2.526206
85.442630385255,2.525996
85.44913039517401,2.526002
85.45563040509302,2.526142
85.46213041501201,2.525865
85.468630424931,2.525718
85.47513043485,2.52595
85.48163044476901,2.525685
85.488130454688,2.525694
85.494630464607,2.525911
85.50113047452602,2.525537
85.507630484445,2.525407
85.51413049436401,2.525448
85.52063050428302,2.525475
85.527130514202,2.525162
85.53363052412101,2.525198
85.54013053403999,2.525554
85.546630543959,2.525202
85.55313055387802,2.5253
85.559630563797,2.525153
85.56613057371601,2.524984
85.57263058363502,2.525446
85.579130593554,2.525477
85.585630603473,2.524933
85.592130613392,2.525507
85.598630623311,2.525197
85.60513063323002,2.524857
85.61163064314901,2.525228
85.61813065306801,2.525024
85.624630662987,2.525048
85.63113067290601,2.525565
85.637630682825,2.525238
85.644130692744,2.524964
85.65063070266302,2.524924
85.65713071258199,2.524617
85.66363072250101,2.524439
85.67013073242002,2.524843
85.676630742339,2.524677
85.68313075225801,2.524427
85.689630762177,2.524891
85.696130772096,2.524371
85.70263078201502,2.52417
85.70913079193402,2.524536
85.71563080185301,2.524502
85.722130811772,2.524137
85.72863082169101,2.524564
85.73513083161001,2.524431
85.741630841529,2.524416
85.74813085144801,2.524283
85.75463086136702,2.524229
85.76113087128601,2.523991
85.76763088120502,2.524487
85.774130891124,2.523556
85.78063090104301,2.52365
85.78713091096202,2.52428
85.793630920881,2.523764
85.80013093080001,2.523673
85.80663094071899,2.524055
85.81313095063801,2.524049
85.81963096055702,2.523848
85.826130970476,2.524093
85.83263098039501,2.523794
85.839130990314,2.523713
85.845631000233,2.524012
85.85213101015201,2.523401
85.858631020071,2.523507
85.86513102999001,2.523831
85.871631039909,2.523586
85.87813104982801,2.523308
85.88463105974701,2.52349
85.891131069666,2.523371
85.89763107958501,2.523591
85.90413108950399,2.523877
85.910631099423,2.523854
85.91713110934202,2.52366
85.923631119261,2.523835
85.93013112918001,2.523603
85.93663113909902,2.523392
85.943131149018,2.524065
85.94963115893701,2.523685
85.956131168856,2.523232
85.962631178775,2.523525
85.96913118869402,2.523072
85.97563119861302,2.523118
85.98213120853201,2.523659
85.988631218451,2.523116
85.99513122837001,2.523463
86.00163123828901,2.523757
86.008131248208,2.522977
86.01463125812703,2.522897
86.021131268046,2.523362
86.02763127796501,2.522906
86.03413128788402,2.52262
86.040631297803,2.522835
86.04713130772201,2.52282
86.05363131764099,2.523144
86.06013132756,2.52335
86.06663133747902,2.522911
86.07313134739799,2.522815
86.07963135731701,2.523093
86.08613136723602,2.522932
86.092631377155,2.522917
86.09913138707401,2.522943
86.105631396993,2.522752
86.112131406912,2.522532
86.11863141683102,2.522488
86.12513142675002,2.522425
86.13163143666901,2.522328
86.138131446588,2.522515
86.14463145650701,2.522271
86.15113146642601,2.522275
86.157631476345,2.522651
86.16413148626401,2.522167
86.17063149618299,2.522327
86.17713150610201,2.522132
86.18363151602102,2.521996
86.19013152594,2.521642
86.19663153585901,2.522419
86.20313154577799,2.521764
86.209631555697,2.521928
86.21613156561601,2.522412
86.22263157553499,2.521758
86.22913158545401,2.521335
86.23563159537301,2.521679
86.242131605292,2.521456
86.24863161521101,2.521721
86.25513162513,2.522031
86.261631635049,2.521588
86.26813164496801,2.521423
86.274631654887,2.521669
86.28113166480601,2.521165
86.287631674725,2.520988
86.29413168464401,2.521658
86.30063169456301,2.521391
86.307131704482,2.521385
86.31363171440101,2.521516
86.32013172431999,2.521338
86.326631734239,2.520902
86.33313174415802,2.521544
86.339631754077,2.521325
86.34613176399601,2.520846
86.35263177391501,2.521088
86.359131783834,2.521071
86.36563179375301,2.520997
86.372131803672,2.521054
86.378631813591,2.520607
86.38513182351001,2.520731
86.39163183342902,2.521032
86.39813184334801,2.520796
86.404631853267,2.520913
86.41113186318601,2.52109
86.417631873105,2.52072
86.424131883024,2.520585
86.43063189294303,2.520869
86.437131902862,2.520735
86.44363191278102,2.520662
86.45013192270002,2.521024
86.456631932619,2.520894
86.46313194253801,2.520814
86.469631952457,2.52083
86.476131962376,2.520865
86.48263197229502,2.520901
86.48913198221399,2.521186
86.49563199213301,2.52075
86.50213200205201,2.520407
86.508632011971,2.52079
86.51513202189001,2.52052
86.521632031809,2.520007
86.528132041728,2.520476
86.534632051647,2.520223
86.54113206156602,2.520014
86.54763207148501,2.520532
86.554132081404,2.520402
86.56063209132301,2.520248
86.567132101242,2.520412
86.573632111161,2.520303
86.58013212108001,2.520119
86.58663213099899,2.520352
86.59313214091802,2.519988
86.59963215083701,2.519851
86.606132160756,2.520302
86.61263217067501,2.520104
86.61913218059401,2.519913
86.625632190513,2.520055
86.63213220043201,2.519563
86.63863221035102,2.519717
86.64513222027001,2.520219
86.65163223018901,2.519413
86.65813224010802,2.519549
86.66463225002701,2.520192
86.671132259946,2.519536
86.67763226986501,2.519628
86.684132279784,2.519815
86.69063228970302,2.519495
86.69713229962203,2.51941
86.703632309541,2.519873
86.71013231946002,2.519251
86.716632329379,2.519153
86.723132339298,2.519406
86.72963234921701,2.519026
86.736132359136,2.519243
86.742632369055,2.51957
86.74913237897401,2.519019
86.755632388893,2.518903
86.76213239881201,2.519492
86.76863240873101,2.519096
86.77513241865,2.51886
86.78163242856901,2.51927
86.788132438488,2.518818
86.794632448407,2.519048
86.80113245832601,2.519073
86.80763246824502,2.518775
86.81413247816401,2.518688
86.820632488083,2.519
86.82713249800202,2.518359
86.833632507921,2.518403
86.84013251784,2.518923
86.84663252775903,2.518534
86.85313253767801,2.518502
86.85963254759702,2.519009
86.86613255751601,2.518422
86.872632567435,2.518425
86.87913257735401,2.51865
86.88563258727301,2.518377
86.892132597192,2.51855
86.898632607111,2.518321
86.90513261703,2.51796
86.91163262694901,2.517874
86.91813263686801,2.517893
86.924632646787,2.517812
86.931132656706,2.517574
86.937632666625,2.518142
86.944132676544,2.517808
86.950632686463,2.517759
86.95713269638202,2.51796
86.96363270630101,2.517586
86.97013271622001,2.51781
86.97663272613902,2.518036
86.983132736058,2.517546
86.989632745977,2.517393
86.99613275589601,2.517593
87.002632765815,2.517249
87.00913277573402,2.517036
87.01563278565301,2.51785
87.022132795572,2.51734
87.02863280549101,2.517123
87.03513281541001,2.517676
87.041632825329,2.517135
87.048132835248,2.517263
87.05463284516702,2.517462
87.06113285508602,2.516841
87.06763286500501,2.516547
87.07413287492402,2.516932
87.080632884843,2.516521
87.08713289476201,2.516922
87.09363290468102,2.51714
87.1001329146,2.516813
87.10663292451902,2.516627
87.11313293443798,2.516897
87.11963294435701,2.516865
87.12613295427602,2.516923
87.132632964195,2.517139
87.139132974114,2.51647
87.14563298403301,2.516566
87.152132993952,2.516925
87.15863300387102,2.516882
87.16513301379001,2.516572
87.171633023709,2.51675
87.17813303362801,2.516424
87.18463304354701,2.516818
87.191133053466,2.517002
87.197633063385,2.516652
87.204133073304,2.5166
87.210633083223,2.516796
87.21713309314201,2.516458
87.22363310306102,2.516081
87.23013311298,2.516335
87.23663312289901,2.51578
87.24313313281802,2.515901
87.249633142737,2.51656
87.256133152656,2.515837
87.262633162575,2.515665
87.26913317249401,2.51564
87.27563318241302,2.5159
87.28213319233201,2.515889
87.288633202251,2.516338
87.29513321217,2.51588
87.30163322208901,2.515798
87.308133232008,2.51637
87.314633241927,2.515983
87.32113325184602,2.515579
87.32763326176502,2.515924
87.33413327168401,2.515552
87.34063328160302,2.515716
87.347133291522,2.515735
87.35363330144101,2.51534
87.36013331136003,2.515686
87.366633321279,2.515568
87.37313333119802,2.51528
87.379633341117,2.515249
87.38613335103601,2.515861
87.39263336095502,2.515474
87.399133370874,2.5153
87.405633380793,2.515488
87.412133390712,2.515043
87.418633400631,2.514802
87.42513341055002,2.51514
87.43163342046901,2.514807
87.438133430388,2.514909
87.444633440307,2.514912
87.45113345022601,2.515
87.457633460145,2.514943
87.464133470064,2.515056
87.47063347998302,2.514957
87.47713348990202,2.514807
87.48363349982101,2.514612
87.49013350974002,2.514235
87.496633519659,2.514483
87.50313352957801,2.514931
87.50963353949702,2.514203
87.516133549416,2.51423
87.52263355933502,2.514606
87.52913356925401,2.514244
87.53563357917301,2.514221
87.54213358909202,2.514769
87.54863359901101,2.514283
87.55513360893,2.514583
87.561633618849,2.514976
87.56813362876801,2.514577
87.57463363868702,2.51452
87.58113364860601,2.515059
87.58763365852502,2.514256
87.594133668444,2.514158
87.60063367836301,2.514509
87.60713368828202,2.513974
87.613633698201,2.513957
87.62013370812001,2.514316
87.62663371803899,2.514014
87.63313372795801,2.513953
87.63963373787702,2.514213
87.646133747796,2.513763
87.65263375771501,2.513923
87.65913376763402,2.514042
87.665633777553,2.513826
87.672133787472,2.51392
87.678633797391,2.514003
87.68513380731001,2.513663
87.69163381722902,2.513553
87.69813382714801,2.51393
87.70463383706701,2.513545
87.711133846986,2.513792
87.71763385690501,2.51402
87.724133866824,2.513276
87.730633876743,2.513048
87.73713388666202,2.513786
87.743633896581,2.513355
87.75013390650001,2.513188
87.75663391641902,2.513586
87.763133926338,2.513011
87.76963393625701,2.512853
87.77613394617599,2.513502
87.782633956095,2.513063
87.78913396601402,2.513184
87.795633975933,2.513528
87.80213398585201,2.512874
87.808633995771,2.513027
87.81513400569,2.513114
87.821634015609,2.512662
87.828134025528,2.512709
87.834634035447,2.512878
87.84113404536602,2.512474
87.84763405528501,2.512694
87.85413406520401,2.512977
87.860634075123,2.512852
87.86713408504201,2.512631
87.873634094961,2.513162
87.88013410488,2.512619
87.88663411479902,2.512112
87.89313412471799,2.512531
87.89963413463701,2.511892
87.90613414455602,2.51191
87.912634154475,2.511977
87.91913416439401,2.511693
87.925634174313,2.511353
87.932134184232,2.51168
87.93863419415102,2.511396
87.94513420407002,2.511607
87.95163421398901,2.512155
87.958134223908,2.511879
87.96463423382701,2.511741
87.97113424374601,2.512225
87.977634253665,2.511824
87.98413426358401,2.511518
87.99063427350299,2.511495
87.99713428342201,2.511205
88.00363429334102,2.511276
88.01013430326,2.511391
88.01663431317901,2.511099
88.02313432309802,2.511135
88.029634333017,2.511561
88.03613434293601,2.511111
88.04263435285499,2.511158
88.04913436277401,2.511287
88.05563437269302,2.510819
88.062134382612,2.510715
88.06863439253101,2.511435
88.07513440245,2.510802
88.081634412369,2.510801
88.08813442228801,2.511357
88.094634432207,2.510774
88.10113444212601,2.510927
88.107634452045,2.511174
88.11413446196401,2.511194
88.12063447188301,2.511123
88.127134481802,2.511572
88.13363449172101,2.510872
88.14013450163999,2.511151
88.146634511559,2.511359
88.15313452147802,2.511015
88.159634531397,2.510806
88.16613454131601,2.510857
88.17263455123502,2.510814
88.179134561154,2.51094
88.18563457107301,2.510785
88.192134580992,2.510512
88.198634590911,2.510042
88.20513460083002,2.510509
88.21163461074902,2.509797
88.21813462066801,2.509866
88.224634630587,2.510439
88.23113464050601,2.510403
88.23763465042501,2.510387
88.244134660344,2.51087
88.25063467026303,2.510228
88.257134680182,2.509676
88.26363469010101,2.510164
88.27013470002002,2.509894
88.276634709939,2.509968
88.28313471985801,2.510296
88.28963472977699,2.509616
88.296134739696,2.50954
88.30263474961502,2.509626
88.30913475953399,2.509602
88.31563476945301,2.509897
88.322134779372,2.510162
88.328634789291,2.509778
88.33513479921001,2.50972
88.341634809129,2.509923
88.348134819048,2.509363
88.35463482896702,2.509181
88.36113483888602,2.509696
88.36763484880501,2.509346
88.374134858724,2.509192
88.38063486864301,2.509583
88.38713487856201,2.509367
88.393634888481,2.509352
88.40013489840001,2.509561
88.40663490831899,2.50914
88.41313491823801,2.509053
88.41963492815702,2.509372
88.426134938076,2.509176
88.43263494799501,2.509372
88.439134957914,2.509556
88.445634967833,2.508829
88.45213497775201,2.508666
88.45863498767102,2.509186
88.46513499759001,2.508727
88.47163500750901,2.508857
88.478135017428,2.509162
88.48463502734701,2.508824
88.491135037266,2.509091
88.497635047185,2.50944
88.504135057104,2.508742
88.51063506702302,2.508734
88.51713507694201,2.509259
88.523635086861,2.508523
88.53013509678001,2.508383
88.53663510669901,2.50876
88.543135116618,2.508169
88.54963512653701,2.507971
88.55613513645599,2.508492
88.562635146375,2.50814
88.56913515629402,2.508293
88.575635166213,2.508809
88.58213517613201,2.508351
88.58863518605101,2.508128
88.59513519597,2.508128
88.60163520588901,2.508242
88.608135215808,2.508201
88.614635225727,2.508408
88.62113523564601,2.507852
88.62763524556502,2.508079
88.63413525548401,2.508274
88.640635265403,2.508265
88.64713527532201,2.508372
88.653635285241,2.508552
88.66013529516,2.50796
88.66663530507903,2.508148
88.673135314998,2.508379
88.67963532491702,2.50805
88.686135334836,2.508168
88.692635344755,2.508274
88.69913535467401,2.507775
88.705635364593,2.508201
88.712135374512,2.508163
88.71863538443102,2.507656
88.72513539435,2.508097
88.73163540426901,2.508578
88.73813541418801,2.50796
88.744635424107,2.507626
88.75113543402601,2.508017
88.757635443945,2.50755
88.764135453864,2.50731
88.770635463783,2.508043
88.77713547370202,2.507863
88.78363548362101,2.507878
88.79013549354,2.508018
88.79663550345902,2.507788
88.803135513378,2.507533
88.809635523297,2.507844
88.81613553321601,2.50746
88.822635543135,2.507011
88.82913555305402,2.507611
88.83563556297301,2.507162
88.842135572892,2.507319
88.84863558281101,2.50751
88.85513559273001,2.507411
88.861635602649,2.507221
88.86813561256801,2.50798
88.87463562248702,2.507495
88.88113563240601,2.507142
88.88763564232501,2.507612
88.89413565224402,2.507371
88.90063566216301,2.507124
88.907135672082,2.507042
88.91363568200101,2.507054
88.92013569192,2.50693
88.92663570183902,2.50721
88.93313571175803,2.506859
88.939635721677,2.506691
88.94613573159602,2.507169
88.952635741515,2.506846
88.959135751434,2.506798
88.96563576135301,2.507283
88.972135771272,2.506644
88.978635781191,2.50677
88.98513579111001,2.506849
88.991635801029,2.506499
88.99813581094801,2.506685
89.00463582086701,2.507002
89.011135830786,2.506573
89.017635840705,2.506617
89.024135850624,2.506836
89.030635860543,2.506094
89.03713587046201,2.506399
89.04363588038102,2.506643
89.05013589030001,2.506536
89.056635900219,2.506356
89.06313591013802,2.506805
89.069635920057,2.506434
89.076135929976,2.506623
89.08263593989503,2.506794
89.08913594981401,2.50645
89.09563595973302,2.506181
89.10213596965201,2.506524
89.108635979571,2.50595
89.11513598949001,2.506179
89.12163599940901,2.50633
89.128136009328,2.505959
89.134636019247,2.505902
89.14113602916602,2.506536
89.14763603908501,2.50609
89.15413604900401,2.505946
89.16063605892302,2.506564
89.167136068842,2.505918
89.173636078761,2.505962
89.18013608868003,2.506597
89.186636098599,2.506217
89.19313610851802,2.506083
89.199636118437,2.506288
89.20613612835601,2.506027
89.21263613827502,2.50571
89.219136148194,2.505907
89.225636158113,2.50568
89.23213616803201,2.505658
89.238636177951,2.505715
89.24513618787002,2.505199
89.25163619778901,2.505347
89.258136207708,2.50545
89.26463621762701,2.505148
89.27113622754601,2.505269
89.277636237465,2.505729
89.284136247384,2.505076
89.29063625730302,2.505161
89.29713626722202,2.505234
89.30363627714101,2.505355
89.31013628706002,2.505697
89.316636296979,2.505695
89.32313630689801,2.505242
89.32963631681702,2.505271
89.336136326736,2.505464
89.34263633665502,2.505285
89.34913634657399,2.505303
89.35563635649301,2.505429
89.36213636641202,2.505759
89.368636376331,2.505166
89.37513638625,2.504852
89.381636396169,2.504296
89.388136406088,2.504333
89.39463641600702,2.505
89.40113642592601,2.504607
89.407636435845,2.504461
89.41413644576402,2.504614
89.42063645568301,2.504558
89.427136465602,2.504518
89.433636475521,2.504959
89.44013648544001,2.504562
89.446636495359,2.504281
89.45313650527801,2.50434
89.45963651519702,2.504327
89.466136525116,2.504567
89.47263653503501,2.504678
89.47913654495402,2.504228
89.485636554873,2.504265
89.492136564792,2.504508
89.498636574711,2.504236
89.50513658463001,2.50409
89.51163659454902,2.503968
89.51813660446801,2.504035
89.524636614387,2.504119
89.531136624306,2.504133
89.53763663422501,2.503586
89.544136644144,2.503849
89.550636654063,2.504258
89.55713666398202,2.503849
89.56363667390102,2.503816
89.57013668382001,2.50416
89.57663669373902,2.503821
89.583136703658,2.504149
89.58963671357701,2.504307
89.59613672349603,2.50372
89.602636733415,2.503559
89.60913674333402,2.503977
89.615636753253,2.503679
89.62213676317201,2.503577
89.62863677309102,2.503614
89.63513678301,2.503061
89.641636792929,2.503348
89.648136802848,2.503706
89.654636812767,2.503663
89.66113682268602,2.503573
89.66763683260501,2.503715
89.674136842524,2.503173
89.680636852443,2.503172
89.68713686236201,2.503301
89.693636872281,2.502833
89.7001368822,2.502686
89.70663689211902,2.502997
89.71313690203799,2.502671
89.71963691195701,2.502507
89.72613692187602,2.502528
89.732636931795,2.502506
89.73913694171401,2.502425
89.74563695163302,2.502737
89.752136961552,2.502635
89.75863697147102,2.502451
89.76513698139001,2.502562
89.77163699130901,2.502492
89.77813700122802,2.502526
89.78463701114701,2.502565
89.791137021066,2.50239
89.797637030985,2.502417
89.80413704090401,2.502358
89.81063705082302,2.502063
89.81713706074201,2.501951
89.82363707066102,2.502086
89.83013708058,2.50171
89.83663709049901,2.502098
89.84313710041802,2.502242
89.849637110337,2.50198
89.85613712025601,2.502239
89.86263713017499,2.502215
89.86913714009401,2.501967
89.87563715001302,2.502031
89.882137159932,2.502023
89.88863716985101,2.501558
89.89513717977,2.501615
89.901637189689,2.501626
89.908137199608,2.501615
89.914637209527,2.501447
89.92113721944601,2.501788
89.92763722936502,2.501441
89.93413723928401,2.501279
89.94063724920301,2.501276
89.947137259122,2.501031
89.95363726904101,2.501254
89.96013727896,2.501187
89.966637288879,2.501198
89.97313729879802,2.501129
89.979637308717,2.501199
89.98613731863601,2.501113
89.99263732855502,2.501108
89.999137338474,2.501144
90.00563734839301,2.500936
90.012137358312,2.500817
90.018637368231,2.500997
90.02513737815002,2.50099
90.03163738806902,2.501287
90.03813739798801,2.500679
90.044637407907,2.500475
90.051137417826,2.500784
90.05763742774501,2.500748
90.064137437664,2.500763
90.070637447583,2.500887
90.077137457502,2.500987
90.08363746742101,2.500493
90.09013747734001,2.500385
90.096637487259,2.500387
90.10313749717801,2.50035
90.109637507097,2.500558
90.116137517016,2.500248
90.12263752693502,2.500182
90.12913753685399,2.500188
90.13563754677301,2.500389
90.14213755669202,2.499786
90.148637566611,2.500066
90.15513757653001,2.500202
90.161637586449,2.499812
90.168137596368,2.499818
90.17463760628702,2.499704
90.18113761620602,2.499685
90.18763762612501,2.49959
90.194137636044,2.499533
90.20063764596301,2.499126
90.20713765588201,2.499243
90.213637665801,2.499291
90.22013767572001,2.499168
90.22663768563899,2.499653
90.23313769555801,2.499474
90.23963770547702,2.499236
90.246137715396,2.499304
90.25263772531501,2.498794
90.25913773523402,2.498744
90.265637745153,2.499089
90.27213775507201,2.499199
90.27863776499099,2.498997
90.28513777491001,2.49943
90.29163778482902,2.49906
90.298137794748,2.499033
90.30463780466701,2.49934
90.311137814586,2.499208
90.317637824505,2.498864
90.32413783442401,2.498959
90.33063784434302,2.498531
90.33713785426201,2.498658
90.343637864181,2.498718
90.35013787410001,2.49889
90.35663788401901,2.498641
90.363137893938,2.499092
90.36963790385701,2.498734
90.37613791377599,2.498794
90.382637923695,2.498838
90.38913793361402,2.498508
90.395637943533,2.498124
90.40213795345201,2.498459
90.408637963371,2.498202
90.41513797329,2.497941
90.42163798320901,2.498165
90.428137993128,2.49815
90.434638003047,2.498221
90.44113801296602,2.498447
90.44763802288502,2.498284
90.45413803280401,2.497944
90.460638042723,2.497743
90.46713805264201,2.497728
90.47363806256101,2.497648
90.48013807248,2.498105
90.48663808239903,2.497826
90.493138092318,2.497597
90.49963810223701,2.49769
90.50613811215602,2.497245
90.512638122075,2.497331
90.51913813199401,2.497547
90.52563814191299,2.497169
90.532138151832,2.496975
90.53863816175102,2.49737
90.54513817167,2.49708
90.55163818158901,2.49735
90.55813819150801,2.497232
90.564638201427,2.497116
90.57113821134601,2.49706
90.577638221265,2.497056
90.584138231184,2.496599
90.590638241103,2.496653
90.59713825102202,2.497164
90.60363826094101,2.496996
90.61013827086,2.496832
90.61663828077901,2.496925
90.62313829069801,2.496631
90.629638300617,2.497049
90.63613831053601,2.497035
90.64263832045499,2.496834
90.64913833037402,2.496689
90.65563834029302,2.49673
90.662138350212,2.496437
90.66863836013101,2.496414
90.67513837005,2.496508
90.681638379969,2.496035
90.68813838988801,2.496019
90.69463839980702,2.496346
90.70113840972601,2.49616
90.70763841964501,2.495879
90.71413842956402,2.49635
90.72063843948301,2.496283
90.727138449402,2.496437
90.73363845932101,2.496429
90.74013846924,2.49565
90.74663847915902,2.4951
90.75313848907803,2.495598
90.759638498997,2.495339
90.76613850891601,2.495408
90.772638518835,2.495857
90.779138528754,2.495507
90.78563853867301,2.495478
90.79213854859199,2.495929
90.798638558511,2.49538
90.80513856843002,2.49547
90.811638578349,2.49562
90.81813858826801,2.495509
90.82463859818701,2.494953
90.831138608106,2.495373
90.83763861802501,2.494867
90.844138627944,2.494686
90.850638637863,2.49502
90.85713864778201,2.49491
90.86363865770102,2.495071
90.87013866762001,2.495363
90.876638677539,2.494659
90.88313868745801,2.494665
90.889638697377,2.495051
90.896138707296,2.494716
90.90263871721503,2.494319
90.909138727134,2.494497
90.91563873705302,2.494056
90.922138746972,2.494138
90.928638756891,2.494688
90.93513876681001,2.49419
90.941638776729,2.49414
90.948138786648,2.49452
90.95463879656702,2.493965
90.961138806486,2.494036
90.96763881640501,2.494623
90.97413882632401,2.494374
90.980638836243,2.494399
90.98713884616201,2.494796
90.993638856081,2.494179
91.000138866,2.493801
91.006638875919,2.494065
91.01313888583802,2.493953
91.01963889575701,2.493966
91.026138905676,2.494324
91.03263891559502,2.493599
91.039138925514,2.493633
91.045638935433,2.49425
91.05213894535201,2.49398
91.058638955271,2.493913
91.06513896519002,2.494206
91.07163897510901,2.493736
91.078138985028,2.493383
91.08463899494701,2.493872
91.09113900486601,2.493553
91.097639014785,2.493252
91.104139024704,2.493536
91.11063903462302,2.492997
91.11713904454201,2.492811
91.12363905446101,2.493408
91.13013906438002,2.493037
91.13663907429901,2.492835
91.143139084218,2.493428
91.14963909413702,2.492754
91.156139104056,2.492512
91.16263911397502,2.493357
91.16913912389403,2.492855
91.17563913381301,2.492631
91.18213914373202,2.493145
91.188639153651,2.492803
91.19513916357,2.492779
91.20163917348901,2.493361
91.208139183408,2.492996
91.21463919332702,2.492798
91.22113920324601,2.492821
91.227639213165,2.492646
91.23413922308401,2.492471
91.24063923300301,2.492988
91.247139242922,2.492412
91.253639252841,2.492431
91.26013926276,2.492713
91.266639272679,2.492346
91.27313928259801,2.492109
91.27963929251702,2.492221
91.286139302436,2.492051
91.292639312355,2.492009
91.29913932227402,2.492515
91.305639332193,2.491799
91.312139342112,2.492125
91.31863935203103,2.491816
91.32513936195001,2.491713
91.33163937186902,2.491579
91.33813938178801,2.492004
91.344639391707,2.491654
91.35113940162601,2.491437
91.35763941154501,2.492051
91.364139421464,2.491503
91.370639431383,2.491736
91.37713944130202,2.491857
91.38363945122101,2.491259
91.39013946114001,2.491324
91.39663947105902,2.491679
91.403139480978,2.491042
91.409639490897,2.491079
91.41613950081603,2.491376
91.422639510735,2.49076
91.42913952065402,2.490863
91.435639530573,2.491055
91.44213954049201,2.490936
91.44863955041102,2.490817
91.45513956033,2.491219
91.461639570249,2.490827
91.468139580168,2.490904
91.474639590087,2.491014
91.48113960000602,2.490843
91.48763960992501,2.490854
91.494139619844,2.491042
91.50063962976301,2.49057
91.50713963968201,2.490571
91.513639649601,2.490854
91.52013965952,2.490853
91.52663966943902,2.490686
91.53313967935802,2.491166
91.53963968927701,2.490489
91.54613969919602,2.490364
91.552639709115,2.490662
91.55913971903401,2.490334
91.56563972895302,2.490318
91.572139738872,2.490918
91.57863974879102,2.490166
91.58513975871001,2.49021
91.59163976862901,2.490335
91.59813977854802,2.489736
91.60463978846701,2.489947
91.611139798386,2.490036
91.617639808305,2.489803
91.624139818224,2.489469
91.63063982814302,2.489691
91.63713983806201,2.48946
91.643639847981,2.489657
91.65013985790002,2.489664
91.65663986781901,2.489429
91.663139877738,2.489684
91.669639887657,2.489707
91.67613989757601,2.489545
91.68263990749502,2.489523
91.68913991741401,2.490004
91.69563992733302,2.489634
91.702139937252,2.489353
91.70863994717101,2.489605
91.71513995709002,2.489143
91.721639967009,2.48913
91.728139976928,2.489688
91.734639986847,2.48934
91.74113999676601,2.489188
91.74764000668502,2.489642
91.75414001660401,2.489008
91.760640026523,2.489107
91.767140036442,2.489626
91.77364004636101,2.489211
91.78014005628,2.489373
91.786640066199,2.489328
91.79314007611802,2.488541
91.799640086037,2.488578
91.80614009595601,2.489305
91.81264010587502,2.488366
91.819140115794,2.488502
91.82564012571301,2.488962
91.83214013563203,2.48826
91.838640145551,2.488338
91.84514015547002,2.488723
91.851640165389,2.488123
91.85814017530801,2.487699
91.86464018522702,2.487989
91.871140195146,2.487896
91.877640205065,2.487638
91.884140214984,2.488161
91.890640224903,2.487716
91.89714023482202,2.4878
91.90364024474101,2.488153
91.91014025466,2.487713
91.916640264579,2.487538
91.92314027449801,2.487773
91.929640284417,2.487742
91.936140294336,2.487596
91.94264030425502,2.48809
91.94914031417399,2.487717
91.95564032409301,2.48763
91.96214033401202,2.488085
91.968640343931,2.48752
91.97514035385001,2.487805
91.981640363769,2.488066
91.988140373688,2.487707
91.99464038360702,2.487567
92.00114039352601,2.487842
92.00764040344501,2.487311
92.01414041336402,2.487136
92.02064042328301,2.487592
92.027140433202,2.487215
92.033640443121,2.487053
92.04014045304001,2.48752
92.04664046295902,2.487167
92.05314047287801,2.487108
92.05964048279702,2.487374
92.066140492716,2.487103
92.07264050263501,2.487047
92.07914051255402,2.487045
92.085640522473,2.486903
92.09214053239201,2.486951
92.09864054231099,2.487039
92.10514055223001,2.48652
92.11164056214902,2.486274
92.118140572068,2.4865
92.12464058198701,2.485701
92.131140591906,2.486162
92.137640601825,2.486667
92.144140611744,2.485955
92.150640621663,2.486398
92.15714063158201,2.486242
92.16364064150102,2.485921
92.17014065142001,2.486116
92.17664066133901,2.486156
92.183140671258,2.48579
92.18964068117701,2.48577
92.196140691096,2.486206
92.202640701015,2.486003
92.20914071093402,2.486132
92.215640720853,2.486107
92.22214073077201,2.485754
92.22864074069102,2.485837
92.23514075061,2.486129
92.24164076052901,2.485792
92.248140770448,2.485507
92.254640780367,2.48579
92.26114079028602,2.485257
92.26764080020502,2.485558
92.27414081012401,2.486001
92.280640820043,2.485357
92.28714082996201,2.485352
92.29364083988101,2.48554
92.3001408498,2.484747
92.30664085971902,2.484978
92.313140869638,2.485184
92.31964087955701,2.484572
92.32614088947602,2.484888
92.332640899395,2.485255
92.33914090931401,2.485024
92.34564091923302,2.48488
92.352140929152,2.485029
92.35864093907102,2.484421
92.36514094898999,2.484406
92.37164095890901,2.484625
92.37814096882802,2.483952
92.384640978747,2.484218
92.39114098866601,2.484546
92.397640998585,2.484306
92.404141008504,2.484363
92.41064101842302,2.484755
92.41714102834202,2.484286
92.42364103826101,2.484327
92.43014104818,2.484593
92.43664105809901,2.484001
92.44314106801801,2.483859
92.449641077937,2.484441
92.45614108785601,2.484103
92.46264109777499,2.484109
92.46914110769401,2.48446
92.47564111761302,2.483951
92.482141127532,2.483774
92.48864113745101,2.483773
92.49514114736999,2.48329
92.501641157289,2.483498
92.50814116720801,2.483773
92.51464117712699,2.483464
92.52114118704601,2.483196
92.52764119696502,2.483469
92.534141206884,2.483272
92.54064121680301,2.483165
92.547141226722,2.483517
92.553641236641,2.482989
92.56014124656001,2.483231
92.56664125647902,2.483588
92.57314126639801,2.48306
92.579641276317,2.482918
92.58614128623601,2.483229
92.59264129615501,2.482874
92.599141306074,2.482949
92.60564131599301,2.483396
92.61214132591199,2.482914
92.618641335831,2.482967
92.62514134575002,2.48283
92.631641355669,2.482128
92.63814136558801,2.482357
92.644641375507,2.482652
92.651141385426,2.482589
92.65764139534501,2.482466
92.664141405264,2.48274
92.670641415183,2.482467
92.67714142510201,2.482399
92.68364143502102,2.482435
92.69014144494001,2.482181
92.696641454859,2.482251
92.70314146477801,2.482434
92.70964147469701,2.482138
92.716141484616,2.482263
92.72264149453503,2.482399
92.729141504454,2.482084
92.73564151437301,2.482251
92.74214152429202,2.482482
92.748641534211,2.481807
92.75514154413001,2.481698
92.76164155404899,2.481875
92.768141563968,2.481452
92.77464157388702,2.481543
92.781141583806,2.482112
92.78764159372501,2.481735
92.79414160364401,2.481777
92.800641613563,2.482235
92.80714162348201,2.481731
92.813641633401,2.481753
92.82014164332,2.481794
92.826641653239,2.481366
92.83314166315802,2.481194
92.83964167307701,2.481538
92.846141682996,2.48151
92.85264169291501,2.481403
92.85914170283401,2.481704
92.865641712753,2.481391
92.87214172267201,2.48115
92.87864173259099,2.481799
92.88514174251002,2.481579
92.89164175242902,2.481405
92.898141762348,2.481704
92.90464177226701,2.48111
92.91114178218601,2.481194
92.917641792105,2.481558
92.92414180202401,2.480923
92.93064181194302,2.480622
92.93714182186201,2.480824
92.94364183178101,2.481009
92.95014184170002,2.481068
92.95664185161901,2.48141
92.963141861538,2.481113
92.96964187145701,2.480844
92.976141881376,2.480826
92.98264189129502,2.480975
92.98914190121403,2.480873
92.995641911133,2.481143
93.00214192105202,2.480747
93.008641930971,2.480891
93.01514194089,2.481052
93.02164195080901,2.480535
93.028141960728,2.480817
93.03464197064702,2.481134
93.04114198056602,2.480793
93.047641990485,2.480801
93.05414200040401,2.481122
93.06064201032301,2.480456
93.067142020242,2.480641
93.07364203016101,2.480911
93.08014204008,2.480349
93.086642049999,2.480378
93.09314205991801,2.480872
93.09964206983702,2.480225
93.10614207975601,2.480094
93.112642089675,2.480921
93.11914209959401,2.480099
93.125642109513,2.480292
93.132142119432,2.480455
93.13864212935103,2.480233
93.14514213927,2.480131
93.15164214918902,2.48028
93.15814215910801,2.480087
93.164642169027,2.479678
93.17114217894601,2.480119
93.17764218886501,2.479778
93.184142198784,2.479668
93.190642208703,2.479658
93.197142218622,2.479706
93.20364222854101,2.479704
93.21014223846001,2.480061
93.216642248379,2.479861
93.22314225829801,2.479683
93.229642268217,2.479872
93.236142278136,2.479547
93.242642288055,2.479466
93.24914229797402,2.47961
93.25564230789301,2.479079
93.262142317812,2.479047
93.26864232773102,2.479297
93.27514233765,2.479152
93.281642347569,2.479335
93.28814235748801,2.479565
93.294642367407,2.479399
93.30114237732602,2.479224
93.30764238724501,2.479697
93.314142397164,2.479067
93.32064240708301,2.479101
93.32714241700201,2.479211
93.333642426921,2.478894
93.34014243684,2.478817
93.34664244675902,2.479344
93.35314245667801,2.47887
93.35964246659701,2.478678
93.36614247651602,2.47875
93.372642486435,2.478641
93.379142496354,2.478594
93.38564250627302,2.478772
93.392142516192,2.478503
93.39864252611102,2.478334
93.40514253603003,2.479091
93.41164254594901,2.47871
93.41814255586802,2.478659
93.424642565787,2.478886
93.431142575706,2.478452
93.43764258562501,2.47848
93.444142595544,2.479106
93.45064260546302,2.478305
93.45714261538201,2.478478
93.463642625301,2.478345
93.47014263522001,2.478275
93.47664264513901,2.478184
93.483142655058,2.478827
93.489642664977,2.478477
93.496142674896,2.478165
93.502642684815,2.479091
93.50914269473401,2.478178
93.51564270465302,2.478386
93.522142714572,2.478904
93.52864272449101,2.478364
93.53514273441002,2.478138
93.541642744329,2.478357
93.548142754248,2.478195
93.55464276416703,2.478033
93.56114277408601,2.47841
93.56764278400502,2.477945
93.57414279392401,2.477862
93.580642803843,2.478074
93.58714281376201,2.477711
93.59364282368101,2.477627
93.6001428336,2.477885
93.606642843519,2.477419
93.61314285343802,2.47729
93.61964286335702,2.47741
93.62614287327601,2.477329
93.63264288319502,2.477538
93.639142893114,2.478054
93.645642903033,2.477564
93.65214291295203,2.477595
93.658642922871,2.477715
93.66514293279002,2.477443
93.671642942709,2.477116
93.67814295262801,2.477783
93.68464296254702,2.477573
93.691142972466,2.477409
93.697642982385,2.477587
93.704142992304,2.477292
93.710643002223,2.477101
93.71714301214202,2.47734
93.72364302206101,2.476761
93.73014303198,2.476702
93.73664304189901,2.477428
93.74314305181801,2.476889
93.749643061737,2.476761
93.756143071656,2.476902
93.76264308157502,2.476832
93.76914309149402,2.477108
93.77564310141301,2.476994
93.78214311133202,2.476667
93.788643121251,2.476554
93.79514313117001,2.47671
93.80164314108902,2.476402
93.808143151008,2.476275
93.81464316092702,2.476789
93.82114317084601,2.47631
93.82764318076501,2.476577
93.83414319068402,2.476635
93.84064320060301,2.476238
93.847143210522,2.476323
93.853643220441,2.476631
93.86014323036001,2.476218
93.86664324027902,2.476176
93.87314325019801,2.476428
93.87964326011702,2.475776
93.886143270036,2.475835
93.89264327995501,2.476483
93.89914328987402,2.476017
93.905643299793,2.47617
93.91214330971201,2.476568
93.91864331963103,2.475948
93.92514332955001,2.475373
93.93164333946902,2.475545
93.938143349388,2.475829
93.94464335930701,2.475734
93.95114336922602,2.475997
93.957643379145,2.475511
93.964143389064,2.475558
93.970643398983,2.475868
93.97714340890201,2.475466
93.98364341882102,2.475422
93.99014342874001,2.475454
93.996643438659,2.47514
94.003143448578,2.475252
94.00964345849701,2.475601
94.016143468416,2.475312
94.022643478335,2.475323
94.02914348825402,2.475757
94.035643498173,2.474941
94.04214350809201,2.475124
94.04864351801102,2.475405
94.05514352793,2.474801
94.06164353784901,2.474672
94.06814354776799,2.47538
94.074643557687,2.474945
94.08114356760602,2.474714
94.087643577525,2.475378
94.09414358744401,2.474796
94.10064359736302,2.474622
94.107143607282,2.47491
94.113643617201,2.474556
94.12014362712,2.474736
94.126643637039,2.47476
94.13314364695802,2.474265
94.13964365687701,2.474611
94.14614366679601,2.474329
94.152643676715,2.474013
94.15914368663401,2.474324
94.165643696553,2.474243
94.172143706472,2.474021
94.17864371639102,2.473994
94.18514372630999,2.474118
94.19164373622901,2.473873
94.19814374614802,2.474052
94.204643756067,2.474201
94.21114376598601,2.473864
94.217643775905,2.473856
94.224143785824,2.473998
94.23064379574302,2.473728
94.23714380566201,2.473792
94.24364381558101,2.474105
94.25014382550002,2.473886
94.25664383541901,2.473641
94.263143845338,2.473496
94.269643855257,2.47335
94.27614386517601,2.473319
94.28264387509502,2.473763
94.28914388501401,2.473534
94.29564389493302,2.473425
94.302143904852,2.473584
94.30864391477101,2.47314
94.31514392469002,2.473295
94.321643934609,2.473602
94.32814394452801,2.473431
94.33464395444699,2.473049
94.34114396436601,2.473263
94.34764397428502,2.472835
94.354143984204,2.472836
94.36064399412301,2.473142
94.367144004042,2.472693
94.373644013961,2.472812
94.38014402388,2.473154
94.38664403379902,2.47296
94.39314404371801,2.472982
94.399644053637,2.472917
94.40614406355601,2.4724
94.41264407347501,2.472653
94.419144083394,2.472649
94.42564409331301,2.472655
94.432144103232,2.472284
94.438644113151,2.472617
94.44514412307002,2.472291
94.451644132989,2.472411
94.45814414290801,2.472352
94.46464415282702,2.47215
94.471144162746,2.471943
94.47764417266501,2.472276
94.484144182584,2.471892
94.490644192503,2.472187
94.49714420242202,2.472267
94.50364421234102,2.471929
94.51014422226001,2.471999
94.516644232179,2.472315
94.52314424209801,2.471711
94.52964425201701,2.472068
94.536144261936,2.472033
94.54264427185502,2.471795
94.549144281774,2.471859
94.55564429169301,2.472009
94.56214430161202,2.471689
94.568644311531,2.471641
94.57514432145001,2.471693
94.58164433136899,2.471395
94.588144341288,2.471246
94.59464435120702,2.4713
94.601144361126,2.471141
94.60764437104501,2.471364
94.61414438096402,2.471206
94.620644390883,2.471231
94.62714440080201,2.471313
94.633644410721,2.471619
94.64014442064,2.471236
94.64664443055902,2.471055
94.65314444047802,2.471127
94.65964445039701,2.470825
94.666144460316,2.470948
94.67264447023501,2.470774
94.67914448015401,2.470711
94.685644490073,2.470849
94.69214449999201,2.470605
94.69864450991099,2.470617
94.70514451983001,2.470536
94.71164452974902,2.470406
94.718144539668,2.470083
94.72464454958701,2.470279
94.731144559506,2.470209
94.737644569425,2.46987
94.74414457934401,2.47038
94.75064458926302,2.470013
94.75714459918201,2.469918
94.76364460910101,2.469798
94.77014461902,2.469856
94.77664462893901,2.469425
94.783144638858,2.469384
94.789644648777,2.469377
94.79614465869601,2.469298
94.80264466861502,2.469366
94.80914467853401,2.469543
94.815644688453,2.469465
94.82214469837201,2.469389
94.82864470829101,2.469244
94.83514471821,2.469324
94.84164472812901,2.469404
94.84814473804799,2.469272
94.85464474796701,2.468974
94.86114475788602,2.46945
94.867644767805,2.469255
94.87414477772401,2.469043
94.880644787643,2.46929
94.887144797562,2.469041
94.89364480748101,2.468716
94.9001448174,2.468886
94.906644827319,2.468841
94.91314483723801,2.468699
94.91964484715702,2.469039
94.92614485707601,2.468886
94.932644866995,2.468229
94.93914487691401,2.468673
94.94564488683301,2.468648
94.952144896752,2.46849
94.95864490667103,2.468624
94.96514491659,2.468765
94.97164492650901,2.46839
94.97814493642802,2.46852
94.984644946347,2.468121
94.99114495626601,2.467978
94.99764496618499,2.468208
95.004144976104,2.467792
95.01064498602302,2.467475
95.017144995942,2.467762
95.02364500586101,2.467929
95.03014501578001,2.467539
95.036645025699,2.467752
95.04314503561801,2.467692
95.049645045537,2.467595
95.056145055456,2.467784
95.062645065375,2.467711
95.06914507529402,2.467575
95.07564508521301,2.467163
95.082145095132,2.467024
95.08864510505101,2.466891
95.09514511497,2.467123
95.101645124889,2.467094
95.10814513480801,2.466701
95.11464514472699,2.467033
95.12114515464602,2.467088
95.12764516456502,2.467
95.134145174484,2.46707
95.14064518440301,2.466476
95.14714519432201,2.466631
95.153645204241,2.466828
95.16014521416001,2.466648
95.16664522407902,2.466347
95.17314523399801,2.466432
95.17964524391701,2.466345
95.18614525383602,2.466092
95.19264526375501,2.466383
95.199145273674,2.466095
95.20564528359301,2.465849
95.212145293512,2.465766
95.21864530343102,2.465902
95.22514531335003,2.465808
95.231645323269,2.465773
95.23814533318802,2.465596
95.244645343107,2.46559
95.251145353026,2.465959
95.25764536294501,2.465601
95.264145372864,2.465717
95.27064538278302,2.46575
95.27714539270201,2.465571
95.283645402621,2.46541
95.29014541254001,2.46553
95.29664542245901,2.465124
95.303145432378,2.464865
95.30964544229701,2.465313
95.316145452216,2.464925
95.322645462135,2.464975
95.32914547205401,2.465409
95.33564548197302,2.465114
95.34214549189201,2.465164
95.348645501811,2.465316
95.35514551173002,2.465005
95.361645521649,2.464762
95.368145531568,2.465225
95.37464554148703,2.4649
95.38114555140601,2.46497
95.38764556132502,2.464847
95.39414557124401,2.464542
95.400645581163,2.464459
95.40714559108201,2.464962
95.41364560100101,2.464878
95.42014561092,2.464787
95.426645620839,2.46477
95.43314563075802,2.464169
95.43964564067701,2.463794
95.44614565059601,2.464014
95.45264566051502,2.463816
95.459145670434,2.463922
95.465645680353,2.464338
95.47214569027203,2.463916
95.478645700191,2.463668
95.48514571011002,2.46402
95.49164572002903,2.463526
95.498145729948,2.463196
95.50464573986702,2.463469
95.511145749786,2.463044
95.517645759705,2.463231
95.52414576962403,2.463248
95.530645779543,2.463492
95.53714578946202,2.463148
95.54364579938101,2.463604
95.5501458093,2.463444
95.55664581921901,2.463103
95.56314582913801,2.46345
95.569645839057,2.463088
95.576145848976,2.462961
95.58264585889502,2.463317
95.58914586881401,2.462781
95.59564587873301,2.462567
95.60214588865202,2.462894
95.608645898571,2.46244
95.61514590849,2.462626
95.62164591840902,2.462844
95.628145928328,2.462557
95.63464593824702,2.462763
95.64114594816603,2.463127
95.64764595808501,2.462795
95.65414596800402,2.462722
95.660645977923,2.462942
95.667145987842,2.462616
95.67364599776101,2.462313
95.68014600768,2.462803
95.68664601759902,2.462565
95.69314602751801,2.462363
95.699646037437,2.462615
95.70614604735601,2.461855
95.71264605727501,2.461802
95.719146067194,2.462273
95.725646077113,2.46145
95.732146087032,2.461581
95.73864609695102,2.461943
95.74514610687001,2.461366
95.75164611678902,2.461471
95.758146126708,2.462342
95.76464613662701,2.461627
95.77114614654602,2.461422
95.777646156465,2.461355
95.784146166384,2.46142
95.790646176303,2.461723
95.79714618622201,2.461786
95.80364619614102,2.461485
95.81014620606001,2.46141
95.816646215979,2.461722
95.82314622589801,2.46089
95.82964623581701,2.460989
95.836146245736,2.461415
95.842646255655,2.461133
95.84914626557402,2.461161
95.85564627549302,2.461727
95.86214628541201,2.460918
95.86864629533102,2.460676
95.87514630525,2.46133
95.88164631516901,2.460767
95.88814632508803,2.460814
95.894646335007,2.460949
95.90114634492602,2.460555
95.907646354845,2.460591
95.91414636476401,2.460709
95.92064637468302,2.460473
95.927146384602,2.46075
95.933646394521,2.460954
95.94014640444,2.460529
95.946646414359,2.460486
95.95314642427802,2.460509
95.95964643419701,2.460105
95.966146444116,2.460149
95.972646454035,2.46045
95.97914646395401,2.459799
95.985646473873,2.459826
95.992146483792,2.460166
95.99864649371102,2.459656
96.00514650363002,2.459466
96.01164651354901,2.459902
96.01814652346802,2.459572
96.024646533387,2.45968
96.03114654330601,2.459838
96.03764655322502,2.459641
96.044146563144,2.459388
96.05064657306302,2.459487
96.05714658298201,2.45915
96.06364659290101,2.459024
96.07014660282002,2.459033
96.07664661273901,2.458714
96.083146622658,2.458489
96.089646632577,2.459042
96.09614664249601,2.458622
96.10264665241502,2.458402
96.10914666233401,2.458812
96.11564667225302,2.458688
96.122146682172,2.458399
96.12864669209101,2.458613
96.13514670201002,2.458419
96.141646711929,2.458492
96.14814672184801,2.458887
96.15464673176699,2.458565
96.16114674168601,2.458463
96.16764675160502,2.4586
96.174146761524,2.458026
96.18064677144301,2.458071
96.18714678136202,2.458258
96.193646791281,2.457643
96.2001468012,2.457638
96.20664681111901,2.45802
96.21314682103801,2.457413
96.21964683095702,2.457322
96.22614684087601,2.457863
96.232646850795,2.45748
96.239146860714,2.457615
96.24564687063301,2.457503
96.252146880552,2.457093
96.258646890471,2.457547
96.26514690039002,2.457534
96.271646910309,2.457338
96.27814692022801,2.457308
96.28464693014702,2.457596
96.291146940066,2.456708
96.29764694998501,2.457023
96.304146959904,2.457349
96.310646969823,2.456438
96.31714697974202,2.45644
96.32364698966101,2.457165
96.33014699958001,2.456729
96.33664700949902,2.456334
96.343147019418,2.456839
96.349647029337,2.456706
96.356147039256,2.45652
96.362647049175,2.456658
96.36914705909402,2.456177
96.37564706901301,2.45592
96.38214707893201,2.456691
96.388647088851,2.456083
96.39514709877001,2.456145
96.401647108689,2.456735
96.408147118608,2.456102
96.41464712852702,2.456196
96.421147138446,2.456381
96.42764714836501,2.456099
96.43414715828402,2.455875
96.440647168203,2.456173
96.44714717812201,2.455792
96.453647188041,2.45577
96.46014719796,2.456497
96.46664720787902,2.456161
96.47314721779802,2.455858
96.47964722771701,2.455859
96.486147237636,2.455615
96.49264724755501,2.45531
96.49914725747401,2.455553
96.505647267393,2.455118
96.51214727731201,2.455458
96.51864728723102,2.455778
96.52514729715001,2.455064
96.53164730706902,2.454853
96.538147316988,2.454982
96.54464732690701,2.454677
96.55114733682602,2.454582
96.557647346745,2.454808
96.56414735666401,2.454695
96.57064736658299,2.454598
96.57714737650201,2.455127
96.58364738642102,2.454721
96.59014739634,2.454648
96.59664740625901,2.455099
96.603147416178,2.45457
96.609647426097,2.454541
96.616147436016,2.45498
96.62264744593502,2.45454
96.62914745585401,2.454857
96.635647465773,2.45494
96.64214747569201,2.454196
96.64864748561101,2.454307
96.65514749553,2.454635
96.66164750544901,2.453924
96.66814751536799,2.453832
96.674647525287,2.454369
96.68114753520602,2.453819
96.687647545125,2.45394
96.69414755504401,2.454192
96.70064756496302,2.453709
96.707147574882,2.453637
96.71364758480101,2.453787
96.72014759472,2.453586
96.726647604639,2.453521
96.73314761455802,2.453759
96.73964762447702,2.453522
96.74614763439601,2.453326
96.752647644315,2.453539
96.75914765423401,2.452959
96.76564766415301,2.452922
96.772147674072,2.453354
96.77864768399103,2.453033
96.78514769391,2.452657
96.79164770382901,2.453042
96.79814771374802,2.452579
96.804647723667,2.452628
96.81114773358601,2.453182
96.81764774350499,2.452483
96.824147753424,2.452604
96.83064776334302,2.45276
96.837147773262,2.452518
96.84364778318101,2.45232
96.8501477931,2.452813
96.856647803019,2.45248
96.86314781293801,2.452079
96.869647822857,2.452565
96.876147832776,2.45211
96.88264784269502,2.451897
96.88914785261402,2.452975
96.89564786253301,2.452335
96.902147872452,2.452207
96.90864788237101,2.452323
96.91514789229001,2.451754
96.921647902209,2.451736
96.92814791212801,2.451807
96.93464792204699,2.451504
96.94114793196601,2.451886
96.94764794188502,2.452146
96.954147951804,2.451234
96.96064796172301,2.451546
96.967147971642,2.451692
96.973647981561,2.451208
96.98014799148001,2.451112
96.98664800139902,2.451502
96.99314801131801,2.450693
96.99964802123701,2.45067
97.00614803115602,2.451643
97.01264804107501,2.45153
97.019148050994,2.45118
97.02564806091301,2.450963
97.03214807083201,2.450522
97.03864808075102,2.450443
97.04514809067003,2.451083
97.051648100589,2.45085
97.05814811050801,2.451014
97.06464812042702,2.450963
97.071148130346,2.450376
97.07764814026501,2.450634
97.08414815018399,2.450767
97.09064816010302,2.450306
97.09714817002202,2.450134
97.103648179941,2.450619
97.11014818986001,2.44987
97.11664819977901,2.449877
97.123148209698,2.450069
97.12964821961701,2.449593
97.136148229536,2.449635
97.142648239455,2.450401
97.14914824937401,2.450077
97.15564825929302,2.450061
97.16214826921201,2.450431
97.168648279131,2.450039
97.17514828905001,2.449904
97.181648298969,2.450304
97.188148308888,2.449536
97.19464831880703,2.449776
97.201148328726,2.450215
97.20764833864501,2.449738
97.21414834856402,2.449793
97.220648358483,2.449878
97.22714836840201,2.449542
97.23364837832099,2.449583
97.24014838824,2.449573
97.24664839815902,2.449018
97.253148408078,2.449113
97.25964841799701,2.449535
97.26614842791601,2.44875
97.272648437835,2.44891
97.27914844775401,2.449274
97.285648457673,2.448991
97.292148467592,2.449239
97.298648477511,2.449397
97.30514848743002,2.449088
97.31164849734901,2.449018
97.318148507268,2.449403
97.32464851718701,2.449076
97.331148527106,2.448649
97.337648537025,2.448762
97.34414854694403,2.448687
97.35064855686299,2.448523
97.35714856678202,2.448633
97.36364857670101,2.448176
97.37014858662,2.448538
97.37664859653901,2.449039
97.38314860645801,2.448596
97.389648616377,2.448367
97.39614862629601,2.448649
97.40264863621502,2.448375
97.40914864613401,2.448308
97.41564865605301,2.448675
97.42214866597202,2.448007
97.42864867589101,2.447896
97.43514868581,2.447904
97.44164869572901,2.447761
97.448148705648,2.447619
97.45464871556702,2.447828
97.46114872548603,2.447743
97.467648735405,2.447731
97.47414874532402,2.448288
97.480648755243,2.447807
97.487148765162,2.447394
97.49364877508101,2.447592
97.500148785,2.447184
97.50664879491902,2.446975
97.51314880483801,2.447243
97.519648814757,2.446916
97.52614882467601,2.447073
97.53264883459501,2.447387
97.539148844514,2.446783
97.545648854433,2.446754
97.552148864352,2.446918
97.55864887427101,2.446504
97.56514888419001,2.446551
97.57164889410902,2.447106
97.57814890402801,2.44683
97.584648913947,2.446676
97.59114892386602,2.447034
97.597648933785,2.446632
97.604148943704,2.446638
97.61064895362303,2.446775
97.61714896354201,2.44612
97.62364897346102,2.445961
97.63014898338001,2.446493
97.636648993299,2.446235
97.64314900321801,2.446381
97.64964901313701,2.446463
97.656149023056,2.445994
97.662649032975,2.445785
97.66914904289402,2.446243
97.67564905281301,2.446009
97.68214906273201,2.445884
97.68864907265102,2.446048
97.69514908257,2.445171
97.701649092489,2.445368
97.70814910240803,2.445894
97.714649112327,2.445442
97.72114912224602,2.445259
97.72764913216503,2.445705
97.73414914208401,2.445289
97.74064915200302,2.445127
97.747149161922,2.445629
97.753649171841,2.445133
97.76014918176003,2.445024
97.766649191679,2.445392
97.77314920159802,2.444566
97.77964921151701,2.444557
97.786149221436,2.444673
97.79264923135501,2.444424
97.79914924127401,2.444688
97.805649251193,2.445097
97.812149261112,2.444852
97.81864927103102,2.44487
97.82514928095001,2.445239
97.83164929086901,2.444557
97.83814930078802,2.444571
97.844649310707,2.444418
97.851149320626,2.444215
97.85764933054502,2.444098
97.864149340464,2.444547
97.87064935038302,2.444475
97.87714936030201,2.444026
97.88364937022101,2.444887
97.89014938014002,2.444499
97.89664939005901,2.44425
97.903149399978,2.444186
97.90964940989701,2.443737
97.916149419816,2.443464
97.92264942973502,2.443991
97.92914943965401,2.44344
97.935649449573,2.443587
97.94214945949201,2.443945
97.94864946941101,2.443689
97.95514947933,2.443596
97.961649489249,2.44335
97.968149499168,2.442817
97.97464950908702,2.442562
97.98114951900601,2.443175
97.98764952892502,2.443222
97.994149538844,2.442901
98.00064954876301,2.443044
98.00714955868202,2.442784
98.013649568601,2.443037
98.02014957852,2.443345
98.02664958843901,2.442852
98.03314959835801,2.443097
98.03964960827702,2.443085
98.04614961819601,2.442463
98.052649628115,2.442518
98.059149638034,2.442825
98.06564964795301,2.442361
98.072149657872,2.442333
98.078649667791,2.442671
98.08514967771002,2.442091
98.09164968762902,2.441994
98.09814969754801,2.442038
98.10464970746702,2.441678
98.111149717386,2.44179
98.11764972730501,2.442294
98.12414973722403,2.442092
98.130649747143,2.441869
98.13714975706202,2.442401
98.143649766981,2.442161
98.15014977690001,2.441749
98.15664978681902,2.442191
98.163149796738,2.441927
98.169649806657,2.441781
98.176149816576,2.442309
98.182649826495,2.441764
98.18914983641402,2.44174
98.19564984633301,2.441968
98.202149856252,2.44153
98.208649866171,2.441583
98.21514987609001,2.441645
98.221649886009,2.441176
98.228149895928,2.441273
98.23464990584702,2.441844
98.241149915766,2.441374
98.24764992568501,2.441233
98.25414993560402,2.441324
98.260649945523,2.44094
98.26714995544201,2.440663
98.27364996536102,2.440874
98.28014997528,2.440476
98.28664998519902,2.440449
98.29314999511801,2.440748
98.29965000503701,2.440524
98.30615001495602,2.440347
98.31265002487501,2.440898
98.319150034794,2.440532
98.325650044713,2.440472
98.33215005463201,2.440766
98.33865006455102,2.440542
98.34515007447001,2.440704
98.35165008438902,2.440545
98.358150094308,2.440373
98.36465010422701,2.440244
98.37115011414602,2.440434
98.377650124065,2.439947
98.38415013398401,2.440107
98.39065014390299,2.44066
98.39715015382201,2.440105
98.40365016374102,2.440156
98.41015017366,2.440228
98.41665018357901,2.439532
98.42315019349802,2.439718
98.429650203417,2.439893
98.436150213336,2.439507
98.44265022325501,2.43935
98.44915023317401,2.439821
98.45565024309302,2.439559
98.46215025301201,2.439495
98.468650262931,2.439802
98.47515027285,2.439415
98.48165028276901,2.439293
98.488150292688,2.439336
98.494650302607,2.439249
98.50115031252602,2.43913
98.507650322445,2.439137
98.51415033236401,2.438418
98.52065034228302,2.438498
98.527150352202,2.438879
98.53365036212101,2.438252
98.54015037204,2.438503
98.546650381959,2.438773
98.55315039187802,2.438291
98.55965040179701,2.438218
98.56615041171601,2.438378
98.572650421635,2.438225
98.57915043155401,2.438196
98.585650441473,2.438653
98.592150451392,2.438025
98.59865046131102,2.438012
98.60515047123002,2.438337
98.61165048114901,2.437668
98.61815049106802,2.437622
98.624650500987,2.438605
98.63115051090601,2.438021
98.63765052082502,2.437801
98.644150530744,2.438109
98.65065054066302,2.437612
98.657150550582,2.437771
98.66365056050101,2.438265
98.67015057042002,2.438241
98.676650580339,2.438152
98.68315059025801,2.438186
98.689650600177,2.437782
98.696150610096,2.437885
98.70265062001502,2.438061
98.70915062993402,2.437458
98.71565063985301,2.4375
98.722150649772,2.437949
98.72865065969101,2.437169
98.73515066961001,2.437092
98.741650679529,2.437527
98.74815068944801,2.436862
98.75465069936699,2.437089
98.76115070928601,2.437445
98.76765071920502,2.436703
98.774150729124,2.437053
98.78065073904301,2.437383
98.78715074896202,2.437037
98.793650758881,2.437015
98.80015076880001,2.437239
98.80665077871899,2.436711
98.81315078863801,2.43697
98.81965079855702,2.43721
98.826150808476,2.436749
98.83265081839501,2.436583
98.839150828314,2.436597
98.845650838233,2.436278
98.85215084815201,2.43646
98.85865085807102,2.436434
98.86515086799001,2.436298
98.871650877909,2.436159
98.87815088782801,2.436546
98.88465089774701,2.436026
98.891150907666,2.435986
98.89765091758501,2.436361
98.90415092750399,2.435915
98.91065093742301,2.435921
98.91715094734202,2.436009
98.923650957261,2.435888
98.93015096718001,2.435589
98.936650977099,2.435836
98.943150987018,2.435499
98.94965099693701,2.435755
98.956151006856,2.435936
98.962651016775,2.435598
98.96915102669402,2.435447
98.97565103661302,2.435754
98.98215104653201,2.435315
98.988651056451,2.435225
98.99515106637001,2.435579
99.00165107628901,2.43507
99.008151086208,2.435221
99.01465109612703,2.435285
99.021151106046,2.435296
99.02765111596501,2.435374
99.03415112588402,2.435601
99.040651135803,2.434913
99.04715114572201,2.434836
99.05365115564099,2.43511
99.06015116556,2.434713
99.06665117547902,2.434528
99.073151185398,2.434685
99.07965119531701,2.434463
99.086151205236,2.434519
99.092651215155,2.434671
99.09915122507401,2.434418
99.105651234993,2.434621
99.112151244912,2.434621
99.11865125483102,2.434223
99.12515126475002,2.434162
99.13165127466901,2.434583
99.138151284588,2.434231
99.14465129450701,2.433979
99.15115130442601,2.434181
99.157651314345,2.43405
99.16415132426403,2.433853
99.17065133418299,2.434025
99.17715134410201,2.433808
99.18365135402102,2.434119
99.19015136394,2.434067
99.19665137385901,2.43377
99.203151383778,2.434043
99.209651393697,2.434
99.21615140361601,2.433724
99.22265141353502,2.433827
99.22915142345401,2.433935
99.23565143337301,2.433609
99.24215144329202,2.433571
99.24865145321101,2.433592
99.25515146313,2.433256
99.26165147304901,2.433239
99.268151482968,2.433226
99.27465149288702,2.432763
99.28115150280603,2.43308
99.287651512725,2.433034
99.29415152264401,2.432768
99.30065153256302,2.432858
99.307151542482,2.432721
99.31365155240101,2.432616
99.32015156231999,2.432761
99.32665157223902,2.432884
99.33315158215802,2.432812
99.339651592077,2.43274
99.34615160199601,2.432578
99.35265161191501,2.432261
99.359151621834,2.432811
99.36565163175301,2.432708
99.372151641672,2.432572
99.37865165159101,2.432412
99.38515166151001,2.432526
99.39165167142902,2.432132
99.39815168134801,2.432272
99.404651691267,2.431986
99.41115170118601,2.431714
99.417651711105,2.432005
99.424151721024,2.431996
99.43065173094303,2.431874
99.437151740862,2.431975
99.44365175078102,2.4321
99.45015176070001,2.431629
99.456651770619,2.431596
99.46315178053801,2.431566
99.46965179045701,2.431253
99.476151800376,2.431368
99.48265181029502,2.431384
99.489151820214,2.431146
99.49565183013301,2.431327
99.50215184005201,2.431518
99.508651849971,2.431294
99.51515185989001,2.431283
99.521651869809,2.431562
99.528151879728,2.431035
99.534651889647,2.431093
99.54115189956602,2.431033
99.54765190948501,2.43068
99.554151919404,2.431181
99.56065192932301,2.430979
99.567151939242,2.43061
99.573651949161,2.430618
99.58015195908003,2.430723
99.58665196899899,2.430419
99.59315197891802,2.430581
99.59965198883701,2.430485
99.606151998756,2.430455
99.61265200867501,2.430746
99.61915201859401,2.430696
99.625652028513,2.430235
99.632152038432,2.43043
99.63865204835102,2.430299
99.64515205827001,2.430159
99.65165206818901,2.430022
99.65815207810802,2.430151
99.66465208802701,2.430209
99.671152097946,2.43036
99.67765210786501,2.430107
99.684152117784,2.429544
99.69065212770302,2.429581
99.69715213762203,2.429615
99.703652147541,2.429684
99.71015215746002,2.429649
99.716652167379,2.429274
99.723152177298,2.428928
99.72965218721701,2.42887
99.736152197136,2.428889
99.74265220705502,2.428731
99.74915221697401,2.428903
99.755652226893,2.428943
99.76215223681201,2.428994
99.76865224673101,2.428809
99.77515225665,2.428709
99.781652266569,2.428584
99.788152276488,2.428635
99.79465228640701,2.428298
99.80115229632601,2.428296
99.80765230624502,2.428744
99.81415231616401,2.42878
99.820652326083,2.428517
99.82715233600202,2.428393
99.833652345921,2.428108
99.84015235584,2.428235
99.84665236575903,2.42856
99.85315237567801,2.428334
99.85965238559702,2.428199
99.86615239551601,2.428519
99.872652405435,2.428266
99.87915241535401,2.428369
99.88565242527301,2.428623
99.892152435192,2.428264
99.898652445111,2.427758
99.90515245503002,2.428082
99.91165246494901,2.427822
99.91815247486801,2.427781
99.92465248478702,2.428244
99.931152494706,2.427773
99.937652504625,2.42772
99.94415251454403,2.427811
99.950652524463,2.427347
99.95715253438202,2.427339
99.963652544301,2.427754
99.97015255422001,2.427508
99.97665256413902,2.427478
99.983152574058,2.427827
99.989652583977,2.427378
99.99615259389603,2.427283
100.002652603815,2.427791
100.00915261373402,2.427037
100.01565262365301,2.426804
100.022152633572,2.427362
100.02865264349101,2.426845
100.03515265341001,2.426623
100.041652663329,2.426979
100.048152673248,2.426898
100.05465268316702,2.426546
100.06115269308602,2.426862
100.06765270300501,2.42661
100.07415271292402,2.426405
100.080652722843,2.426774
100.08715273276201,2.426382
100.09365274268102,2.426003
100.1001527526,2.426457
100.10665276251902,2.426151
100.11315277243801,2.426228
100.11965278235701,2.426409
100.12615279227602,2.426021
100.13265280219501,2.426161
100.139152812114,2.426048
100.145652822033,2.425452
100.15215283195201,2.42548
100.15865284187102,2.425684
100.16515285179001,2.425501
100.17165286170902,2.425207
100.17815287162801,2.425479
100.18465288154701,2.425536
100.19115289146602,2.425421
100.197652901385,2.425783
100.204152911304,2.425386
100.21065292122303,2.425303
100.21715293114201,2.425471
100.22365294106102,2.425041
100.23015295098,2.424794
100.23665296089901,2.425076
100.24315297081802,2.424573
100.249652980737,2.424506
100.256152990656,2.4251
100.26265300057501,2.424887
100.26915301049401,2.425036
100.27565302041302,2.425274
100.28215303033201,2.424689
100.288653040251,2.424318
100.29515305017,2.424601
100.30165306008901,2.424292
100.308153070008,2.424192
100.314653079927,2.424551
100.32115308984602,2.424036
100.327653099765,2.42408
100.33415310968401,2.424133
100.34065311960302,2.42403
100.347153129522,2.424118
100.35365313944101,2.424528
100.36015314936003,2.424017
100.366653159279,2.423859
100.37315316919802,2.423802
100.379653179117,2.423452
100.38615318903601,2.423248
100.39265319895502,2.423714
100.399153208874,2.423289
100.405653218793,2.423224
100.412153228712,2.423727
100.418653238631,2.423397
100.42515324855002,2.423342
100.43165325846901,2.423906
100.438153268388,2.423312
100.444653278307,2.423218
100.45115328822601,2.423379
100.457653298145,2.423117
100.464153308064,2.422959
100.47065331798302,2.423485
100.477153327902,2.423123
100.48365333782101,2.422917
100.49015334774002,2.423442
100.496653357659,2.42296
100.50315336757801,2.422674
100.50965337749702,2.422911
100.516153387416,2.422268
100.52265339733502,2.422113
100.52915340725401,2.422791
100.53565341717301,2.42216
100.54215342709202,2.422047
100.54865343701101,2.422559
100.55515344693,2.421797
100.561653456849,2.421791
100.56815346676801,2.42227
100.57465347668702,2.421787
100.58115348660601,2.421679
100.58765349652502,2.421806
100.594153506444,2.42139
100.60065351636301,2.421612
100.60715352628202,2.421947
100.613653536201,2.421553
100.62015354612001,2.421119
100.62665355603899,2.421068
100.63315356595801,2.421057
100.63965357587702,2.420983
100.646153585796,2.421645
100.65265359571501,2.42099
100.659153605634,2.421058
100.665653615553,2.421339
100.672153625472,2.420466
100.67865363539102,2.421022
100.68515364531001,2.421329
100.69165365522902,2.420678
100.69815366514801,2.420612
100.70465367506701,2.421303
100.711153684986,2.420926
100.71765369490501,2.420534
100.724153704824,2.420759
100.73065371474301,2.420191
100.73715372466202,2.42003
100.743653734581,2.420572
100.75015374450001,2.420197
100.75665375441902,2.420308
100.763153764338,2.420567
100.76965377425701,2.419991
100.776153784176,2.42018
100.782653794095,2.420215
100.78915380401402,2.419787
100.79565381393301,2.41943
100.80215382385201,2.420016
100.808653833771,2.419773
100.81515384369001,2.419884
100.821653853609,2.420159
100.828153863528,2.419667
100.83465387344702,2.419988
100.841153883366,2.419812
100.84765389328501,2.41947
100.85415390320402,2.419297
100.860653913123,2.419727
100.86715392304201,2.419103
100.87365393296102,2.41933
100.88015394288,2.41977
100.88665395279902,2.419021
100.893153962718,2.418972
100.89965397263701,2.419578
100.90615398255602,2.418839
100.912653992475,2.419079
100.91915400239401,2.419457
100.925654012313,2.418979
100.932154022232,2.418955
100.93865403215102,2.419
100.94515404207002,2.418388
100.95165405198901,2.418296
100.958154061908,2.418839
100.96465407182701,2.418499
100.97115408174601,2.418672
100.977654091665,2.418866
100.98415410158401,2.418063
100.99065411150299,2.418264
100.99715412142201,2.418674
101.00365413134102,2.418371
101.01015414126,2.418522
101.01665415117901,2.418719
101.023154161098,2.41806
101.029654171017,2.417687
101.03615418093601,2.417991
101.04265419085502,2.417734
101.04915420077401,2.417533
101.05565421069302,2.417627
101.062154220612,2.417081
101.06865423053101,2.417227
101.07515424045,2.41751
101.081654250369,2.416813
101.08815426028801,2.417085
101.09465427020702,2.417283
101.10115428012601,2.416765
101.107654290045,2.417033
101.11415429996401,2.417154
101.12065430988301,2.41692
101.127154319802,2.416912
101.13365432972101,2.417
101.14015433963999,2.416523
101.14665434955901,2.416947
101.15315435947802,2.417143
101.159654369397,2.416678
101.16615437931601,2.41681
101.172654389235,2.416753
101.179154399154,2.416301
101.18565440907301,2.416503
101.192154418992,2.416848
101.198654428911,2.416281
101.20515443883002,2.416279
101.21165444874902,2.416591
101.21815445866801,2.416236
101.224654468587,2.416274
101.23115447850601,2.416356
101.23765448842501,2.416174
101.244154498344,2.415872
101.25065450826303,2.416131
101.257154518182,2.415824
101.26365452810101,2.416118
101.27015453802002,2.416487
101.276654547939,2.415781
101.28315455785801,2.41555
101.28965456777699,2.415688
101.296154577696,2.415168
101.30265458761502,2.415358
101.309154597534,2.415884
101.31565460745301,2.415292
101.32215461737201,2.415531
101.328654627291,2.415725
101.33515463721001,2.41521
101.341654647129,2.415247
101.348154657048,2.415613
101.354654666967,2.415167
101.36115467688602,2.415349
101.36765468680501,2.415635
101.374154696724,2.414979
101.38065470664301,2.41474
101.38715471656201,2.415033
101.393654726481,2.414271
101.40015473640003,2.414171
101.40665474631899,2.414488
101.41315475623801,2.414195
101.41965476615702,2.414345
101.426154776076,2.414714
101.43265478599501,2.414131
101.439154795914,2.414207
101.445654805833,2.414505
101.45215481575201,2.414159
101.45865482567102,2.414067
101.46515483559001,2.414546
101.47165484550901,2.414119
101.47815485542802,2.414021
101.48465486534701,2.414044
101.491154875266,2.413689
101.49765488518501,2.413378
101.504154895104,2.413706
101.51065490502302,2.413098
101.51715491494203,2.41352
101.523654924861,2.413741
101.53015493478001,2.413122
101.536654944699,2.413138
101.543154954618,2.413626
101.54965496453701,2.412997
101.55615497445599,2.412832
101.56265498437502,2.413363
101.56915499429402,2.412587
101.575655004213,2.412176
101.58215501413201,2.412506
101.58865502405101,2.412714
101.59515503397,2.412518
101.60165504388901,2.412763
101.608155053808,2.412116
101.61465506372701,2.412559
101.62115507364601,2.412853
101.62765508356502,2.412105
101.63415509348401,2.411874
101.640655103403,2.412261
101.64715511332201,2.412027
101.653655123241,2.411952
101.66015513316,2.411869
101.66665514307903,2.411592
101.673155152998,2.411779
101.67965516291702,2.412171
101.68615517283601,2.411619
101.692655182755,2.41192
101.69915519267401,2.412205
101.70565520259301,2.411777
101.712155212512,2.411534
101.71865522243102,2.412115
101.72515523235002,2.411363
101.73165524226901,2.411479
101.73815525218801,2.411753
101.74465526210702,2.411102
101.75115527202601,2.411173
101.757655281945,2.411389
101.76415529186403,2.41069
101.770655301783,2.410529
101.77715531170202,2.410803
101.78365532162103,2.41039
101.79015533154,2.410497
101.79665534145902,2.410753
101.803155351378,2.41065
101.809655361297,2.410491
101.81615537121603,2.410861
101.822655381135,2.410465
101.82915539105402,2.410258
101.83565540097301,2.410624
101.842155410892,2.41042
101.84865542081101,2.410489
101.85515543073001,2.410576
101.861655440649,2.409992
101.868155450568,2.409707
101.87465546048702,2.4102
101.88115547040601,2.409674
101.88765548032501,2.409915
101.89415549024402,2.410109
101.90065550016301,2.409309
101.907155510082,2.409388
101.91365552000102,2.409761
101.92015552992,2.409539
101.92665553983902,2.40942
101.93315554975803,2.409677
101.939655559677,2.409352
101.94615556959602,2.409302
101.952655579515,2.409488
101.959155589434,2.409045
101.96565559935301,2.408897
101.972155609272,2.409168
101.97865561919102,2.408822
101.98515562911001,2.408665
101.991655639029,2.408939
101.99815564894801,2.408253
102.00465565886701,2.408444
102.011155668786,2.408784
102.017655678705,2.408509
102.024155688624,2.408425
102.03065569854301,2.408724
102.03715570846201,2.408237
102.04365571838102,2.407949
102.0501557283,2.408476
102.056655738219,2.408017
102.06315574813802,2.40764
102.069655758057,2.407903
102.076155767976,2.40776
102.08265577789503,2.40792
102.08915578781401,2.408173
102.09565579773302,2.407687
102.10215580765201,2.40757
102.108655817571,2.407498
102.11515582749001,2.407133
102.12165583740901,2.406727
102.128155847328,2.407408
102.134655857247,2.406817
102.14115586716602,2.407108
102.14765587708501,2.407314
102.15415588700401,2.406821
102.16065589692302,2.406789
102.167155906842,2.407092
102.173655916761,2.40661
102.18015592668003,2.406424
102.186655936599,2.406911
102.19315594651802,2.406624
102.199655956437,2.406494
102.20615596635601,2.406807
102.21265597627502,2.406223
102.219155986194,2.406348
102.225655996113,2.406539
102.232156006032,2.406268
102.238656015951,2.405849
102.24515602587002,2.406126
102.25165603578901,2.405679
102.258156045708,2.405582
102.26465605562701,2.405862
102.27115606554601,2.405184
102.277656075465,2.405152
102.284156085384,2.405906
102.29065609530302,2.405264
102.29715610522202,2.405105
102.30365611514101,2.405658
102.31015612506002,2.405107
102.316656134979,2.405274
102.32315614489801,2.405558
102.32965615481702,2.405163
102.336156164736,2.405351
102.34265617465502,2.405406
102.34915618457401,2.404591
102.35565619449301,2.404783
102.36215620441202,2.405267
102.36865621433101,2.404588
102.37515622425,2.40448
102.381656234169,2.404952
102.38815624408801,2.404581
102.39465625400702,2.404574
102.40115626392601,2.404843
102.40765627384502,2.404298
102.41415628376402,2.403853
102.42065629368301,2.403991
102.42715630360202,2.403501
102.433656313521,2.403914
102.44015632344001,2.404076
102.44665633335903,2.403779
102.45315634327801,2.403803
102.45965635319702,2.403962
102.466156363116,2.403682
102.47265637303501,2.404151
102.47915638295402,2.404066
102.485656392873,2.403494
102.492156402792,2.403548
102.49865641271101,2.403914
102.50515642263001,2.403517
102.51165643254902,2.403548
102.51815644246801,2.403381
102.524656452387,2.402945
102.531156462306,2.403032
102.53765647222501,2.403474
102.544156482144,2.402803
102.55065649206301,2.402713
102.55715650198202,2.403091
102.563656511901,2.402659
102.57015652182001,2.402504
102.57665653173902,2.402689
102.583156541658,2.402386
102.58965655157701,2.402632
102.59615656149603,2.403083
102.602656571415,2.40247
102.60915658133402,2.402103
102.61565659125301,2.402374
102.62215660117201,2.401969
102.62865661109102,2.402221
102.63515662101,2.402365
102.641656630929,2.401788
102.648156640848,2.401771
102.654656650767,2.402331
102.66115666068602,2.401787
102.66765667060501,2.401607
102.674156680524,2.401958
102.680656690443,2.401196
102.68715670036201,2.401274
102.693656710281,2.401519
102.7001567202,2.400922
102.70665673011902,2.401133
102.713156740038,2.401616
102.71965674995701,2.401205
102.72615675987602,2.400858
102.732656769795,2.401265
102.73915677971401,2.400656
102.745656789633,2.400649
102.752156799552,2.401012
102.75865680947102,2.400513
102.76515681939001,2.400297
102.77165682930901,2.400709
102.77815683922802,2.40018
102.78465684914701,2.400425
102.791156859066,2.401082
102.797656868985,2.400628
102.80415687890401,2.400488
102.81065688882302,2.400851
102.81715689874201,2.400054
102.82365690866102,2.399991
102.83015691858,2.400187
102.83665692849901,2.39984
102.84315693841802,2.399906
102.849656948337,2.40031
102.85615695825601,2.399541
102.86265696817499,2.399741
102.86915697809401,2.399983
102.87565698801302,2.399344
102.882156997932,2.399187
102.88865700785101,2.399547
102.89515701777,2.399021
102.901657027689,2.398928
102.908157037608,2.399294
102.91465704752702,2.398632
102.92115705744601,2.39846
102.927657067365,2.398879
102.93415707728401,2.398369
102.94065708720301,2.398043
102.947157097122,2.398777
102.95365710704101,2.398278
102.96015711696,2.398122
102.96665712687901,2.398369
102.97315713679802,2.398283
102.979657146717,2.398598
102.98615715663601,2.398606
102.99265716655502,2.39811
102.999157176474,2.398157
103.00565718639301,2.398444
103.012157196312,2.397913
103.018657206231,2.397823
103.02515721615002,2.397979
103.03165722606902,2.397517
103.03815723598801,2.397202
103.044657245907,2.397559
103.05115725582601,2.397235
103.05765726574501,2.397175
103.064157275664,2.397582
103.07065728558302,2.39748
103.077157295502,2.397465
103.08365730542101,2.397676
103.09015731534002,2.397379
103.096657325259,2.397058
103.10315733517801,2.397421
103.10965734509702,2.396801
103.116157355016,2.396877
103.12265736493502,2.397082
103.129157374854,2.396822
103.13565738477301,2.396658
103.14215739469202,2.396977
103.148657404611,2.396664
103.15515741453001,2.396617
103.161657424449,2.397156
103.168157434368,2.396377
103.17465744428702,2.396351
103.18115745420602,2.396978
103.18765746412501,2.396483
103.194157474044,2.396308
103.20065748396301,2.396494
103.20715749388201,2.3961
103.213657503801,2.395858
103.22015751372003,2.39618
103.22665752363899,2.395384
103.23315753355801,2.395777
103.23965754347702,2.395971
103.246157553396,2.395325
103.25265756331501,2.395449
103.259157573234,2.395657
103.265657583153,2.395356
103.27215759307201,2.395404
103.27865760299102,2.395818
103.28515761291001,2.395325
103.29165762282902,2.394797
103.29815763274802,2.394931
103.30465764266701,2.394552
103.311157652586,2.394686
103.31765766250501,2.395108
103.32415767242401,2.394674
103.33065768234302,2.394273
103.33715769226202,2.394745
103.343657702181,2.394366
103.35015771210001,2.39446
103.35665772201902,2.394503
103.363157731938,2.394118
103.36965774185701,2.394007
103.37615775177599,2.394186
103.38265776169501,2.393646
103.38915777161402,2.393717
103.395657781533,2.394181
103.40215779145201,2.393792
103.408657801371,2.393583
103.41515781129,2.393838
103.42165782120901,2.393408
103.428157831128,2.393757
103.43465784104701,2.393717
103.44115785096601,2.393021
103.44765786088502,2.39292
103.45415787080401,2.393425
103.460657880723,2.392807
103.46715789064201,2.392932
103.47365790056101,2.393453
103.48015791048,2.392685
103.48665792039903,2.392667
103.493157930318,2.393107
103.49965794023701,2.392699
103.50615795015602,2.393037
103.512657960075,2.392962
103.51915796999401,2.392666
103.52565797991299,2.392965
103.532157989832,2.393332
103.53865799975102,2.39256
103.54515800967,2.392154
103.55165801958901,2.393045
103.55815802950801,2.392718
103.564658039427,2.392016
103.57115804934601,2.392295
103.577658059265,2.392037
103.584158069184,2.391897
103.590658079103,2.391989
103.59715808902202,2.391583
103.60365809894101,2.39155
103.61015810886,2.391899
103.61665811877901,2.391935
103.623158128698,2.391642
103.629658138617,2.391944
103.63615814853603,2.391185
103.64265815845499,2.391233
103.64915816837402,2.391573
103.65565817829302,2.390937
103.662158188212,2.391073
103.66865819813101,2.391512
103.67515820805001,2.39117
103.681658217969,2.391249
103.68815822788802,2.391159
103.69465823780702,2.3906
103.70115824772601,2.390633
103.70765825764501,2.39083
103.71415826756402,2.390425
103.72065827748301,2.390602
103.727158287402,2.391026
103.73365829732101,2.390651
103.74015830724,2.390468
103.74665831715902,2.390757
103.75315832707803,2.390143
103.759658336997,2.390018
103.76615834691601,2.39059
103.772658356835,2.389875
103.779158366754,2.390137
103.78565837667301,2.390405
103.79215838659199,2.389834
103.79865839651102,2.389773
103.80515840643002,2.389648
103.811658416349,2.389243
103.81815842626801,2.389365
103.82465843618701,2.389307
103.831158446106,2.389154
103.83765845602501,2.389044
103.844158465944,2.389415
103.85065847586301,2.388722
103.85715848578201,2.388915
103.86365849570102,2.389129
103.87015850562001,2.388736
103.876658515539,2.388539
103.88315852545801,2.388446
103.889658535377,2.388121
103.896158545296,2.388287
103.90265855521503,2.388489
103.909158565134,2.38828
103.91565857505302,2.388393
103.92215858497201,2.388456
103.928658594891,2.388233
103.93515860481001,2.388195
103.94165861472901,2.388307
103.948158624648,2.388093
103.954658634567,2.387787
103.96115864448602,2.38838
103.96765865440501,2.387976
103.97415866432401,2.387903
103.98065867424302,2.388104
103.98715868416201,2.387767
103.993658694081,2.38784
104.00015870400003,2.387928
104.006658713919,2.387327
104.01315872383802,2.387526
104.01965873375703,2.387376
104.026158743676,2.387052
104.03265875359502,2.387307
104.039158763514,2.386795
104.045658773433,2.386564
104.05215878335203,2.38633
104.058658793271,2.386746
104.06515880319002,2.386752
104.07165881310901,2.386754
104.078158823028,2.386628
104.08465883294701,2.386355
104.09115884286601,2.386363
104.097658852785,2.386438
104.104158862704,2.385724
104.11065887262302,2.386139
104.11715888254201,2.386435
104.12365889246101,2.386215
104.13015890238002,2.386401
104.136658912299,2.386306
104.143158922218,2.386011
104.14965893213702,2.386068
104.156158942056,2.386145
104.16265895197502,2.385766
104.16915896189403,2.385605
104.17565897181301,2.385756
104.18215898173202,2.385618
104.18865899165101,2.385542
104.19515900157,2.385578
104.20165901148901,2.385314
104.208159021408,2.385528
104.21465903132702,2.385373
104.22115904124601,2.385096
104.227659051165,2.385133
104.23415906108401,2.385202
104.24065907100301,2.384863
104.247159080922,2.384888
104.253659090841,2.385086
104.26015910076,2.384665
104.26665911067902,2.384824
104.27315912059801,2.385
104.27965913051702,2.384435
104.286159140436,2.384327
104.29265915035501,2.384214
104.29915916027402,2.384012
104.305659170193,2.384105
104.312159180112,2.383894
104.31865919003101,2.383651
104.32515919995001,2.383585
104.33165920986902,2.383483
104.33815921978801,2.383377
104.344659229707,2.383368
104.35115923962601,2.383553
104.35765924954501,2.383219
104.364159259464,2.383518
104.370659269383,2.383188
104.37715927930202,2.382991
104.38365928922101,2.383177
104.39015929914001,2.383159
104.39665930905902,2.382711
104.403159318978,2.38271
104.409659328897,2.382699
104.41615933881603,2.382522
104.422659348735,2.382792
104.42915935865402,2.382872
104.435659368573,2.382468
104.44215937849201,2.382445
104.44865938841102,2.382299
104.45515939833,2.382135
104.461659408249,2.382554
104.468159418168,2.382422
104.474659428087,2.381777
104.48115943800602,2.382114
104.48765944792501,2.382214
104.494159457844,2.381858
104.50065946776301,2.382041
104.50715947768201,2.381773
104.513659487601,2.381629
104.52015949752,2.381667
104.52665950743902,2.381408
104.53315951735802,2.381362
104.53965952727701,2.381454
104.54615953719602,2.381556
104.552659547115,2.381254
104.55915955703401,2.381662
104.56565956695302,2.381292
104.572159576872,2.38117
104.57865958679102,2.381489
104.58515959671001,2.380969
104.59165960662901,2.380619
104.59815961654802,2.380744
104.60465962646701,2.380653
104.611159636386,2.380583
104.617659646305,2.381013
104.62415965622401,2.380626
104.63065966614302,2.380443
104.63715967606201,2.380388
104.64365968598102,2.380384
104.6501596959,2.380327
104.65665970581901,2.380232
104.66315971573802,2.379854
104.669659725657,2.379686
104.67615973557601,2.380286
104.68265974549503,2.380069
104.68915975541401,2.380217
104.69565976533302,2.380576
104.702159775252,2.380162
104.70865978517101,2.380287
104.71515979509002,2.380208
104.721659805009,2.379504
104.728159814928,2.379366
104.73465982484701,2.379676
104.74115983476601,2.379491
104.74765984468502,2.379247
104.75415985460401,2.378954
104.760659864523,2.378758
104.767159874442,2.37862
104.77365988436101,2.378781
104.78015989428,2.378731
104.78665990419901,2.378894
104.79315991411802,2.378916
104.799659924037,2.378461
104.80615993395601,2.378345
104.81265994387502,2.378382
104.819159953794,2.377913
104.82565996371301,2.377737
104.832159973632,2.377563
104.838659983551,2.377526
104.84515999347002,2.377646
104.85166000338901,2.378275
104.85816001330801,2.377887
104.86466002322702,2.377525
104.87116003314601,2.377912
104.877660043065,2.377487
104.884160052984,2.377467
104.89066006290302,2.377757
104.89716007282202,2.377501
104.90366008274101,2.377526
104.91016009266002,2.377671
104.916660102579,2.377187
104.92316011249801,2.376853
104.92966012241702,2.37704
104.936160132336,2.376609
104.94266014225502,2.376541
104.949160152174,2.376612
104.95566016209301,2.376754
104.96216017201202,2.376517
104.968660181931,2.376777
104.97516019185001,2.376425
104.981660201769,2.376266
104.988160211688,2.376562
104.99466022160702,2.376247
105.00116023152601,2.376047
105.00766024144501,2.376607
105.014160251364,2.37613
105.02066026128301,2.376221
105.027160271202,2.37624
105.033660281121,2.37595
105.04016029104002,2.376073
105.04666030095902,2.37606
105.05316031087801,2.375732
105.05966032079702,2.375453
105.066160330716,2.375869
105.07266034063501,2.375301
105.07916035055402,2.375196
105.085660360473,2.375655
105.09216037039201,2.375257
105.09866038031099,2.37499
105.10516039023001,2.375441
105.11166040014902,2.374969
105.118160410068,2.374861
105.12466041998701,2.374709
105.131160429906,2.374397
105.137660439825,2.37438
105.144160449744,2.374788
105.15066045966302,2.374563
105.15716046958201,2.374323
105.163660479501,2.374642
105.17016048942001,2.37441
105.17666049933901,2.374452
105.183160509258,2.37463
105.18966051917701,2.373691
105.196160529096,2.373745
105.20266053901501,2.37437
105.20916054893402,2.373797
105.215660558853,2.373743
105.22216056877201,2.37418
105.22866057869102,2.373296
105.23516058861,2.373111
105.24166059852901,2.373727
105.248160608448,2.373474
105.25466061836701,2.372958
105.26116062828602,2.373323
105.26766063820502,2.372439
105.27416064812401,2.372766
105.280660658043,2.373518
105.28716066796201,2.373067
105.29366067788101,2.372849
105.3001606878,2.373057
105.30666069771902,2.372583
105.313160707638,2.372321
105.31966071755701,2.37277
105.32616072747602,2.3724
105.332660737395,2.372174
105.33916074731401,2.372367
105.34566075723299,2.37211
105.352160767152,2.372156
105.35866077707102,2.372527
105.36516078699,2.371778
105.37166079690901,2.371896
105.37816080682802,2.372275
105.384660816747,2.371602
105.39116082666601,2.371659
105.397660836585,2.371894
105.404160846504,2.371065
105.41066085642302,2.371213
105.41716086634202,2.371614
105.42366087626101,2.371251
105.43016088618,2.371153
105.43666089609901,2.371417
105.44316090601801,2.371165
105.449660915937,2.371002
105.45616092585603,2.371349
105.46266093577499,2.370978
105.46916094569401,2.370745
105.47566095561302,2.370924
105.482160965532,2.37024
105.48866097545101,2.370284
105.49516098537,2.37085
105.501660995289,2.370032
105.50816100520801,2.370095
105.51466101512702,2.370433
105.52116102504601,2.370057
105.527661034965,2.369954
105.53416104488402,2.370559
105.54066105480301,2.369953
105.547161064722,2.369753
105.55366107464101,2.370014
105.56016108456001,2.369906
105.56666109447902,2.369699
105.57316110439803,2.369971
105.579661114317,2.369187
105.58616112423601,2.368983
105.59266113415502,2.369432
105.599161144074,2.369078
105.60566115399301,2.368884
105.61216116391199,2.369161
105.61866117383101,2.36861
105.62516118375002,2.368532
105.631661193669,2.369158
105.63816120358801,2.368402
105.644661213507,2.368693
105.651161223426,2.369204
105.65766123334501,2.368147
105.664161243264,2.368222
105.67066125318301,2.368675
105.67716126310201,2.368083
105.68366127302102,2.367903
105.69016128294001,2.368204
105.696661292859,2.367565
105.70316130277801,2.367652
105.709661312697,2.368332
105.716161322616,2.367787
105.72266133253503,2.367472
105.729161342454,2.36762
105.73566135237301,2.367545
105.74216136229202,2.367378
105.748661372211,2.367602
105.75516138213001,2.36729
105.761661392049,2.366983
105.768161401968,2.367233
105.77466141188702,2.366789
105.781161421806,2.366825
105.78766143172501,2.366946
105.79416144164401,2.366471
105.800661451563,2.366327
105.80716146148201,2.36699
105.813661471401,2.366164
105.82016148132,2.366186
105.826661491239,2.366718
105.83316150115802,2.36603
105.83966151107701,2.36585
105.846161520996,2.366262
105.85266153091501,2.366004
105.859161540834,2.365789
105.865661550753,2.366012
105.87216156067203,2.365687
105.87866157059099,2.365507
105.88516158051002,2.365436
105.89166159042902,2.365042
105.898161600348,2.365056
105.90466161026701,2.365487
105.91116162018601,2.365085
105.917661630105,2.364993
105.92416164002402,2.365261
105.93066164994302,2.36457
105.93716165986201,2.364977
105.94366166978101,2.365359
105.95016167970002,2.364936
105.95666168961901,2.365109
105.963161699538,2.365216
105.96966170945701,2.364479
105.976161719376,2.364301
105.98266172929502,2.364522
105.98916173921403,2.364071
105.995661749133,2.363872
106.00216175905202,2.364863
106.008661768971,2.364121
106.01516177889,2.364051
106.02166178880901,2.364445
106.028161798728,2.363794
106.03466180864702,2.363868
106.04116181856601,2.363941
106.047661828485,2.363456
106.05416183840401,2.363367
106.06066184832301,2.363052
106.067161858242,2.362633
106.07366186816101,2.36293
106.08016187808,2.363408
106.08666188799901,2.36314
106.09316189791801,2.363089
106.09966190783702,2.363559
106.10616191775601,2.362589
106.112661927675,2.362505
106.11916193759401,2.363252
106.125661947513,2.362719
106.132161957432,2.362678
106.13866196735103,2.363216
106.14516197727,2.36305
106.15166198718902,2.362403
106.15816199710801,2.362515
106.164662007027,2.362314
106.17116201694601,2.362119
106.17766202686501,2.36242
106.184162036784,2.361883
106.190662046703,2.361873
106.19716205662202,2.362146
106.20366206654101,2.361937
106.21016207646001,2.362079
106.21666208637902,2.362477
106.223162096298,2.361887
106.229662106217,2.361554
106.23616211613603,2.361811
106.242662126055,2.36177
106.24916213597402,2.361873
106.25566214589303,2.362025
106.262162155812,2.361372
106.26866216573102,2.361496
106.27516217565,2.361643
106.281662185569,2.360935
106.28816219548803,2.360321
106.294662205407,2.360766
106.30116221532602,2.360625
106.30766222524501,2.360455
106.314162235164,2.360737
106.32066224508301,2.36033
106.32716225500201,2.360384
106.333662264921,2.360772
106.34016227484,2.360011
106.34666228475902,2.360058
106.35316229467801,2.360065
106.35966230459701,2.359679
106.36616231451602,2.359772
106.372662324435,2.360037
106.379162334354,2.359403
106.38566234427302,2.35924
106.392162354192,2.359643
106.39866236411102,2.35894
106.40516237403001,2.359109
106.41166238394901,2.359737
106.41816239386802,2.359004
106.42466240378701,2.358791
106.431162413706,2.359171
106.43766242362501,2.358878
106.44416243354401,2.358753
106.45066244346302,2.359076
106.45716245338201,2.359038
106.46366246330102,2.358948
106.47016247322001,2.358842
106.47666248313901,2.358292
106.48316249305802,2.358404
106.489662502977,2.359111
106.496162512896,2.358557
106.50266252281503,2.358753
106.50916253273401,2.358882
106.51566254265302,2.358361
106.522162552572,2.358231
106.52866256249101,2.3586
106.53516257241002,2.358275
106.541662582329,2.358053
106.548162592248,2.35842
106.55466260216701,2.358093
106.56116261208601,2.35787
106.56766262200502,2.358134
106.57416263192401,2.358057
106.580662641843,2.357571
106.58716265176201,2.358303
106.59366266168101,2.357535
106.6001626716,2.357419
106.60666268151901,2.35779
106.61316269143802,2.357271
106.61966270135702,2.357434
106.62616271127601,2.357643
106.63266272119502,2.357264
106.639162731114,2.357048
106.64566274103301,2.357279
106.65216275095203,2.356711
106.658662760871,2.357059
106.66516277079002,2.357063
106.671662780709,2.356199
106.67816279062801,2.356107
106.68466280054702,2.356567
106.691162810466,2.356217
106.697662820385,2.356029
106.704162830304,2.356202
106.710662840223,2.356019
106.71716285014202,2.355865
106.72366286006101,2.356353
106.73016286998,2.355916
106.736662879899,2.355531
106.74316288981801,2.356036
106.749662899737,2.355661
106.756162909656,2.355514
106.76266291957502,2.355777
106.76916292949402,2.355355
106.77566293941301,2.355045
106.78216294933202,2.355098
106.788662959251,2.354783
106.79516296917001,2.354736
106.80166297908902,2.354897
106.808162989008,2.354568
106.81466299892702,2.354758
106.82116300884601,2.355071
106.82766301876501,2.354707
106.83416302868402,2.354372
106.84066303860301,2.354992
106.847163048522,2.354607
106.853663058441,2.354478
106.86016306836002,2.354807
106.86666307827902,2.354167
106.87316308819801,2.35442
106.87966309811702,2.354701
106.886163108036,2.354218
106.89266311795501,2.35388
106.89916312787402,2.354026
106.905663137793,2.353564
106.91216314771201,2.353473
106.91866315763099,2.353218
106.92516316755001,2.353015
106.93166317746902,2.353062
106.938163187388,2.35358
106.94466319730701,2.353077
106.95116320722602,2.353066
106.957663217145,2.353066
106.964163227064,2.352987
106.97066323698301,2.352724
106.97716324690201,2.353053
106.98366325682102,2.352457
106.99016326674001,2.352477
106.996663276659,2.35287
107.003163286578,2.352244
107.00966329649701,2.352232
107.016163306416,2.352401
107.02266331633501,2.352026
107.02916332625402,2.351967
107.035663336173,2.352593
107.04216334609201,2.351883
107.04866335601102,2.352039
107.05516336593,2.35239
107.06166337584901,2.351788
107.068163385768,2.351763
107.07466339568701,2.35198
107.08116340560602,2.351715
107.08766341552501,2.351399
107.09416342544401,2.351907
107.100663435363,2.351171
107.10716344528201,2.351301
107.113663455201,2.351917
107.12016346512,2.351386
107.12666347503902,2.350918
107.13316348495802,2.351053
107.13966349487701,2.35093
107.14616350479602,2.351004
107.152663514715,2.351241
107.15916352463401,2.351001
107.16566353455302,2.35084
107.172163544472,2.351202
107.17866355439102,2.350477
107.18516356431,2.350431
107.19166357422901,2.350327
107.19816358414802,2.350105
107.204663594067,2.349949
107.21116360398601,2.350116
107.217663613905,2.349586
107.224163623824,2.349794
107.23066363374302,2.349983
107.23716364366202,2.349353
107.24366365358101,2.349393
107.2501636635,2.350036
107.25666367341901,2.349906
107.263163683338,2.349527
107.269663693257,2.349672
107.27616370317602,2.349222
107.28266371309502,2.349332
107.28916372301401,2.349833
107.29566373293302,2.349264
107.302163742852,2.349354
107.30866375277101,2.34958
107.31516376269002,2.348879
107.321663772609,2.349001
107.32816378252801,2.349271
107.33466379244702,2.348952
107.34116380236601,2.348815
107.34766381228502,2.349088
107.354163822204,2.348292
107.36066383212301,2.348095
107.367163842042,2.348638
107.373663851961,2.348183
107.38016386188,2.348211
107.38666387179902,2.348744
107.39316388171801,2.347934
107.399663891637,2.347613
107.40616390155601,2.347892
107.41266391147501,2.347208
107.419163921394,2.34726
107.42566393131301,2.347851
107.43216394123199,2.347231
107.43866395115101,2.34711
107.44516396107002,2.347633
107.451663970989,2.346887
107.45816398090801,2.346944
107.46466399082702,2.347083
107.471164000746,2.346576
107.47766401066501,2.346676
107.484164020584,2.346808
107.49066403050301,2.346633
107.49716404042202,2.346507
107.50366405034102,2.346709
107.51016406026001,2.346055
107.516664070179,2.345953
107.52316408009801,2.346707
107.52966409001701,2.346183
107.536164099936,2.345775
107.54266410985502,2.346143
107.549164119774,2.345694
107.55566412969301,2.345405
107.56216413961202,2.345733
107.568664149531,2.345243
107.57516415945001,2.34521
107.58166416936899,2.345348
107.588164179288,2.34511
107.59466418920702,2.344554
107.601164199126,2.344976
107.60766420904501,2.344391
107.614164218964,2.344379
107.620664228883,2.344959
107.62716423880201,2.34443
107.633664248721,2.344457
107.64016425864,2.344756
107.64666426855902,2.344372
107.65316427847802,2.34424
107.65966428839701,2.344575
107.666164298316,2.343931
107.67266430823501,2.344367
107.67916431815401,2.344707
107.685664328073,2.343983
107.69216433799203,2.344063
107.69866434791099,2.344114
107.70516435783001,2.344083
107.71166436774902,2.343833
107.718164377668,2.344026
107.72466438758701,2.343833
107.731164397506,2.343576
107.737664407425,2.343326
107.74416441734402,2.342981
107.75066442726302,2.343086
107.75716443718201,2.343272
107.76366444710101,2.342916
107.77016445702002,2.342918
107.77666446693901,2.343086
107.783164476858,2.342458
107.78966448677701,2.342141
107.796164496696,2.342554
107.80266450661502,2.342312
107.80916451653403,2.34246
107.815664526453,2.342715
107.82216453637201,2.342345
107.82866454629102,2.341961
107.83516455621,2.342346
107.84166456612901,2.341549
107.84816457604799,2.341909
107.85466458596702,2.342105
107.86116459588602,2.341483
107.867664605805,2.341491
107.87416461572401,2.341929
107.880664625643,2.341107
107.887164635562,2.341189
107.89366464548101,2.341697
107.9001646554,2.341129
107.90666466531901,2.341177
107.91316467523801,2.341555
107.91966468515702,2.341091
107.92616469507601,2.340925
107.932664704995,2.34104
107.93916471491401,2.340659
107.945664724833,2.340554
107.952164734752,2.340992
107.95866474467103,2.340321
107.96516475459,2.340244
107.97166476450901,2.340537
107.97816477442802,2.34015
107.984664784347,2.339949
107.99116479426601,2.340295
107.997664804185,2.33976
108.004164814104,2.339902
108.01066482402302,2.340688
108.01716483394202,2.339941
108.02366484386101,2.33985
108.03016485378001,2.339957
108.03666486369902,2.339216
108.04316487361801,2.339312
108.049664883537,2.339588
108.05616489345603,2.338902
108.062664903375,2.339078
108.06916491329402,2.339275
108.07566492321303,2.338769
108.082164933132,2.338581
108.08866494305101,2.338915
108.09516495297,2.338546
108.101664962889,2.33866
108.10816497280803,2.339138
108.11466498272699,2.3383
108.12116499264602,2.33838
108.12766500256501,2.338591
108.134165012484,2.338177
108.14066502240301,2.337641
108.14716503232201,2.338224
108.153665042241,2.337685
108.16016505216002,2.337511
108.16666506207902,2.33782
108.17316507199801,2.337054
108.17966508191701,2.337426
108.18616509183602,2.337777
108.19266510175501,2.337425
108.199165111674,2.337513
108.20566512159301,2.337833
108.212165131512,2.337078
108.21866514143102,2.337092
108.22516515135003,2.3371
108.231665161269,2.33678
108.23816517118802,2.336627
108.244665181107,2.336754
108.251165191026,2.33627
108.25766520094501,2.336349
108.264165210864,2.336852
108.27066522078302,2.336193
108.27716523070201,2.336287
108.283665240621,2.336721
108.29016525054001,2.336228
108.29666526045901,2.335855
108.303165270378,2.336172
108.309665280297,2.335916
108.316165290216,2.335751
108.32266530013501,2.336424
108.32916531005401,2.335671
108.33566531997302,2.335774
108.34216532989201,2.336074
108.348665339811,2.335395
108.35516534973002,2.335196
108.361665359649,2.335487
108.368165369568,2.334981
108.37466537948703,2.335146
108.38116538940601,2.335025
108.38766539932502,2.334389
108.39416540924401,2.334338
108.400665419163,2.335056
108.40716542908201,2.334656
108.41366543900101,2.334706
108.42016544892,2.335061
108.42666545883901,2.334518
108.43316546875802,2.334398
108.43966547867701,2.334578
108.44616548859601,2.333993
108.45266549851502,2.33402
108.459165508434,2.334374
108.465665518353,2.333592
108.47216552827203,2.333626
108.478665538191,2.333711
108.48516554811002,2.333441
108.491665558029,2.333597
108.498165567948,2.333977
108.50466557786702,2.332804
108.511165587786,2.33255
108.517665597705,2.333035
108.52416560762403,2.332952
108.530665617543,2.332898
108.53716562746202,2.33298
108.54366563738101,2.3327
108.5501656473,2.333088
108.55666565721901,2.332911
108.56316566713801,2.332368
108.569665677057,2.332349
108.576165686976,2.332854
108.58266569689502,2.332197
108.58916570681401,2.332292
108.59566571673301,2.332493
108.60216572665202,2.332102
108.608665736571,2.331797
108.61516574649,2.332037
108.62166575640902,2.331877
108.628165766328,2.331646
108.63466577624702,2.331676
108.64116578616601,2.331346
108.64766579608501,2.331494
108.65416580600402,2.331796
108.66066581592301,2.331429
108.667165825842,2.331539
108.67366583576101,2.331458
108.68016584568001,2.330948
108.68666585559902,2.331049
108.69316586551801,2.331065
108.69966587543702,2.330922
108.70616588535601,2.33115
108.71266589527501,2.331066
108.71916590519402,2.330528
108.725665915113,2.330904
108.732165925032,2.330701
108.73866593495103,2.33037
108.74516594487001,2.330158
108.75166595478902,2.330326
108.758165964708,2.329993
108.76466597462701,2.329854
108.77116598454602,2.330348
108.777665994465,2.329698
108.784166004384,2.329526
108.79066601430301,2.329599
108.79716602422201,2.329303
108.80366603414102,2.329515
108.81016604406001,2.329318
108.816666053979,2.328777
108.823166063898,2.328959
108.82966607381701,2.329041
108.836166083736,2.328658
108.84266609365501,2.328264
108.84916610357402,2.328509
108.85566611349302,2.327927
108.86216612341201,2.328146
108.86866613333102,2.328363
108.87516614325,2.328131
108.88166615316901,2.327985
108.88816616308803,2.327859
108.894666173007,2.327182
108.90116618292602,2.327541
108.90766619284501,2.327604
108.91416620276401,2.327524
108.92066621268302,2.327522
108.927166222602,2.3279
108.933666232521,2.327352
108.94016624244,2.327533
108.946666252359,2.327275
108.95316626227802,2.326665
108.95966627219701,2.326865
108.966166282116,2.326841
108.972666292035,2.326641
108.97916630195401,2.326772
108.985666311873,2.326802
108.992166321792,2.326671
108.99866633171102,2.32666
109.00516634163,2.326734
109.01166635154901,2.326214
109.01816636146802,2.326199
109.024666371387,2.326259
109.03116638130601,2.325784
109.03766639122502,2.326051
109.044166401144,2.325706
109.05066641106302,2.325511
109.05716642098201,2.325807
109.06366643090101,2.325877
109.07016644082002,2.325463
109.07666645073901,2.325608
109.083166460658,2.325393
109.089666470577,2.325166
109.09616648049602,2.325584
109.10266649041502,2.325323
109.10916650033401,2.325011
109.11566651025302,2.325619
109.122166520172,2.325369
109.12866653009101,2.325061
109.13516654001002,2.325148
109.141666549929,2.325114
109.14816655984801,2.324566
109.15466656976699,2.324647
109.16116657968601,2.324859
109.16766658960502,2.324533
109.174166599524,2.324725
109.18066660944301,2.324564
109.187166619362,2.324121
109.193666629281,2.324087
109.2001666392,2.323938
109.20666664911901,2.323967
109.21316665903801,2.324015
109.21966666895702,2.323863
109.22616667887601,2.323828
109.232666688795,2.324219
109.239166698714,2.323878
109.24566670863301,2.323465
109.252166718552,2.323741
109.25866672847101,2.32312
109.26516673839002,2.322915
109.271666748309,2.323429
109.27816675822801,2.323204
109.28466676814702,2.323088
109.291166778066,2.323323
109.29766678798501,2.322744
109.304166797904,2.322624
109.31066680782301,2.322853
109.31716681774202,2.322997
109.32366682766101,2.322451
109.33016683758001,2.322475
109.336666847499,2.322397
109.34316685741801,2.322176
109.349666867337,2.322595
109.356166877256,2.322315
109.36266688717502,2.322098
109.36916689709402,2.322322
109.37566690701301,2.321895
109.38216691693202,2.321574
109.388666926851,2.321964
109.39516693677001,2.321455
109.40166694668902,2.321499
109.408166956608,2.32163
109.41466696652702,2.321238
109.421166976446,2.321067
109.42766698636501,2.32103
109.43416699628402,2.321009
109.440667006203,2.320827
109.44716701612201,2.321097
109.453667026041,2.320668
109.46016703596,2.320161
109.46666704587902,2.320558
109.47316705579802,2.320688
109.47966706571701,2.320376
109.486167075636,2.320749
109.49266708555501,2.3202
109.49916709547401,2.319928
109.505667105393,2.320141
109.51216711531202,2.319877
109.51866712523099,2.319485
109.52516713515001,2.319778
109.53166714506902,2.319505
109.538167154988,2.319477
109.54466716490701,2.319497
109.55116717482602,2.319055
109.557667184745,2.318804
109.56416719466402,2.319069
109.57066720458302,2.319004
109.57716721450201,2.318515
109.58366722442102,2.318992
109.59016723434002,2.318479
109.59666724425901,2.318392
109.603167254178,2.318906
109.60966726409701,2.318302
109.61616727401601,2.317839
109.62266728393502,2.318229
109.62916729385402,2.317625
109.635667303773,2.317662
109.64216731369201,2.317988
109.64866732361102,2.317439
109.65516733353,2.317448
109.66166734344901,2.317832
109.66816735336799,2.317345
109.67466736328701,2.317046
109.68116737320602,2.317547
109.687667383125,2.316955
109.69416739304401,2.317058
109.700667402963,2.317354
109.707167412882,2.317024
109.71366742280101,2.31689
109.72016743272,2.317277
109.72666744263901,2.31666
109.73316745255802,2.316783
109.73966746247702,2.317163
109.74616747239601,2.316352
109.752667482315,2.316191
109.75916749223401,2.316752
109.76566750215301,2.316147
109.772167512072,2.316263
109.77866752199103,2.31616
109.78516753191,2.315694
109.79166754182901,2.316062
109.79816755174802,2.316657
109.804667561667,2.315549
109.81116757158601,2.315952
109.81766758150499,2.315856
109.824167591424,2.315715
109.83066760134302,2.315667
109.837167611262,2.315721
109.84366762118101,2.315321
109.8501676311,2.315245
109.856667641019,2.315557
109.86316765093801,2.314876
109.869667660857,2.314703
109.876167670776,2.315129
109.882667680695,2.314532
109.88916769061402,2.314524
109.89566770053301,2.315016
109.902167710452,2.314371
109.90866772037101,2.314399
109.91516773029001,2.314421
109.921667740209,2.313765
109.92816775012803,2.313729
109.93466776004699,2.314054
109.94116776996601,2.313519
109.94766777988502,2.313431
109.954167789804,2.313751
109.96066779972301,2.313231
109.967167809642,2.313242
109.973667819561,2.313411
109.98016782948002,2.313038
109.98666783939902,2.31328
109.99316784931801,2.313388
109.99966785923701,2.312722
110.00616786915602,2.312877
110.01266787907501,2.313306
110.019167888994,2.312644
110.02566789891301,2.312939
110.032167908832,2.313283
110.03866791875102,2.312767
110.04516792867003,2.312779
110.051667938589,2.313035
110.05816794850801,2.312449
110.06466795842702,2.31237
110.071167968346,2.312761
110.07766797826501,2.311977
110.08416798818399,2.311868
110.09066799810302,2.312556
110.09716800802202,2.312019
110.103668017941,2.311907
110.11016802786001,2.312057
110.11666803777901,2.311672
110.123168047698,2.311486
110.12966805761701,2.311918
110.136168067536,2.311346
110.14266807745501,2.311272
110.14916808737401,2.311725
110.15566809729302,2.310982
110.16216810721201,2.310788
110.168668117131,2.311035
110.17516812705001,2.310653
110.181668136969,2.310429
110.188168146888,2.310643
110.19466815680703,2.310246
110.201168166726,2.310218
110.20766817664502,2.310776
110.21416818656401,2.310007
110.220668196483,2.310108
110.22716820640201,2.310485
110.233668216321,2.309819
110.24016822624,2.309841
110.24666823615902,2.309975
110.25316824607802,2.30961
110.25966825599701,2.309545
110.26616826591601,2.309676
110.27266827583502,2.309316
110.27916828575401,2.309343
110.285668295673,2.309278
110.29216830559203,2.309093
110.298668315511,2.308883
110.30516832543002,2.308984
110.31166833534903,2.308297
110.318168345268,2.308475
110.32466835518701,2.309138
110.331168365106,2.30837
110.337668375025,2.308429
110.34416838494403,2.308394
110.35066839486299,2.307714
110.35716840478202,2.307802
110.36366841470101,2.307956
110.37016842462,2.307583
110.37666843453901,2.307773
110.38316844445801,2.308095
110.389668454377,2.307846
110.396168464296,2.307436
110.40266847421502,2.307991
110.40916848413401,2.307606
110.41566849405301,2.307535
110.42216850397202,2.307796
110.42866851389101,2.306749
110.43516852381,2.306683
110.44166853372901,2.307254
110.448168543648,2.306792
110.45466855356702,2.306817
110.46116856348603,2.306895
110.467668573405,2.306224
110.47416858332402,2.30621
110.48066859324301,2.306657
110.487168603162,2.306056
110.49366861308101,2.306056
110.500168623,2.306454
110.50666863291902,2.305807
110.51316864283801,2.305613
110.519668652757,2.306056
110.52616866267601,2.305373
110.53266867259501,2.304985
110.539168682514,2.3055
110.545668692433,2.305285
110.552168702352,2.305003
110.55866871227101,2.305401
110.56516872219001,2.304841
110.57166873210902,2.304697
110.578168742028,2.305205
110.584668751947,2.304764
110.59116876186602,2.304552
110.597668771785,2.304582
110.604168781704,2.304079
110.61066879162303,2.304056
110.61716880154201,2.304155
110.62366881146102,2.303701
110.63016882138001,2.303717
110.636668831299,2.304051
110.64316884121801,2.303548
110.64966885113701,2.303674
110.656168861056,2.304163
110.66266887097501,2.30353
110.66916888089402,2.303064
110.67566889081301,2.303484
110.68216890073201,2.303213
110.68866891065102,2.303119
110.69516892057,2.303324
110.701668930489,2.303031
110.70816894040803,2.302989
110.714668950327,2.303678
110.72116896024602,2.302932
110.727668970165,2.302747
110.73416898008401,2.303018
110.74066899000302,2.302325
110.747168999922,2.302365
110.753669009841,2.302636
110.76016901976003,2.301981
110.766669029679,2.30209
110.77316903959802,2.302608
110.77966904951701,2.301993
110.786169059436,2.301939
110.79266906935501,2.302034
110.79916907927401,2.301738
110.805669089193,2.301599
110.812169099112,2.301755
110.81866910903102,2.301162
110.82516911895001,2.301247
110.83166912886901,2.301591
110.83816913878802,2.300796
110.844669148707,2.300724
110.851169158626,2.300973
110.85766916854502,2.300212
110.864169178464,2.300216
110.87066918838302,2.300722
110.87716919830201,2.299939
110.88366920822101,2.299806
110.89016921814002,2.30043
110.89666922805901,2.299732
110.903169237978,2.299678
110.909669247897,2.300315
110.91616925781602,2.300111
110.92266926773502,2.300101
110.92916927765401,2.300701
110.93566928757302,2.300095
110.94216929749201,2.299508
110.94866930741101,2.299873
110.95516931733002,2.298888
110.961669327249,2.299278
110.968169337168,2.299536
110.97466934708703,2.29947
110.98116935700601,2.299183
110.98766936692502,2.299222
110.994169376844,2.298677
111.00066938676301,2.298796
111.00716939668202,2.299239
111.013669406601,2.298726
111.02016941652,2.298699
111.02666942643901,2.299052
111.03316943635801,2.298551
111.03966944627702,2.298535
111.04616945619601,2.298481
111.052669466115,2.298017
111.059169476034,2.298007
111.06566948595301,2.298452
111.072169495872,2.297816
111.07866950579101,2.297786
111.08516951571002,2.298046
111.091669525629,2.297672
111.09816953554801,2.297557
111.10466954546702,2.297789
111.111169555386,2.297363
111.11766956530501,2.296999
111.12416957522403,2.297209
111.13066958514301,2.296569
111.13716959506202,2.296869
111.14366960498101,2.297214
111.15016961490001,2.296665
111.15666962481902,2.296477
111.16316963473801,2.296731
111.169669644657,2.296177
111.176169654576,2.295998
111.18266966449502,2.296334
111.18916967441402,2.29584
111.19566968433301,2.295707
111.20216969425202,2.295844
111.208669704171,2.295452
111.21516971409001,2.295253
111.22166972400902,2.295542
111.228169733928,2.29521
111.23466974384702,2.29515
111.241169753766,2.29534
111.24766976368501,2.294763
111.25416977360402,2.294616
111.260669783523,2.294989
111.26716979344201,2.294423
111.273669803361,2.294252
111.28016981328,2.294515
111.28666982319902,2.293757
111.29316983311801,2.293988
111.29966984303701,2.293925
111.30616985295602,2.293653
111.31266986287501,2.293806
111.319169872794,2.294339
111.325669882713,2.293685
111.33216989263202,2.293559
111.33866990255102,2.293829
111.34516991247001,2.293243
111.35166992238902,2.29299
111.358169932308,2.293429
111.36466994222701,2.292861
111.37116995214602,2.292776
111.377669962065,2.293303
111.38416997198402,2.292634
111.39066998190299,2.292748
111.39716999182201,2.292975
111.40367000174102,2.292558
111.41017001166,2.292742
111.41667002157901,2.292714
111.423170031498,2.292339
111.429670041417,2.292159
111.436170051336,2.292516
111.44267006125501,2.292062
111.44917007117401,2.291983
111.45567008109302,2.292409
111.46217009101201,2.291613
111.468670100931,2.291739
111.47517011085,2.292134
111.48167012076901,2.291384
111.488170130688,2.291183
111.49467014060701,2.291315
111.50117015052602,2.291097
111.507670160445,2.291019
111.51417017036401,2.291368
111.52067018028302,2.291084
111.527170190202,2.290958
111.53367020012101,2.29129
111.54017021004,2.290721
111.54667021995901,2.290482
111.55317022987802,2.290781
111.55967023979701,2.290241
111.56617024971601,2.289876
111.572670259635,2.290171
111.57917026955401,2.289715
111.585670279473,2.289697
111.592170289392,2.290087
111.59867029931102,2.289509
111.60517030923,2.289528
111.61167031914901,2.28973
111.61817032906802,2.289282
111.624670338987,2.289118
111.63117034890601,2.289174
111.63767035882502,2.28837
111.644170368744,2.288445
111.65067037866302,2.288757
111.657170388582,2.287904
111.66367039850101,2.287865
111.67017040842002,2.288598
111.676670418339,2.288183
111.68317042825801,2.288119
111.689670438177,2.288774
111.696170448096,2.287863
111.70267045801502,2.287884
111.70917046793402,2.288353
111.71567047785301,2.287896
111.722170487772,2.287689
111.72867049769101,2.287922
111.73517050761001,2.28712
111.741670517529,2.28701
111.74817052744802,2.287538
111.75467053736699,2.287123
111.76117054728601,2.286984
111.76767055720502,2.287048
111.774170567124,2.286204
111.78067057704301,2.286113
111.787170586962,2.2864
111.793670596881,2.286126
111.80017060680002,2.286116
111.80667061671902,2.286509
111.81317062663801,2.285868
111.81967063655702,2.285598
111.82617064647602,2.28603
111.83267065639501,2.285568
111.839170666314,2.285321
111.84567067623301,2.285684
111.85217068615201,2.285332
111.85867069607102,2.285042
111.86517070599002,2.285344
111.871670715909,2.284635
111.87817072582801,2.285051
111.88467073574702,2.2855
111.891170745666,2.284843
111.89767075558501,2.284906
111.90417076550399,2.284994
111.91067077542301,2.284464
111.91717078534202,2.284685
111.923670795261,2.284741
111.93017080518001,2.284117
111.936670815099,2.283956
111.943170825018,2.284457
111.94967083493701,2.283752
111.956170844856,2.283698
111.96267085477501,2.284209
111.96917086469402,2.283457
111.97567087461302,2.283137
111.98217088453201,2.28336
111.988670894451,2.283073
111.99517090437001,2.283143
112.00167091428901,2.283372
112.008170924208,2.282806
112.01467093412703,2.282729
112.021170944046,2.282534
112.02767095396501,2.28227
112.03417096388402,2.282645
112.040670973803,2.282687
112.04717098372201,2.28218
112.053670993641,2.282023
112.06017100356,2.282315
112.06667101347902,2.28206
112.073171023398,2.281603
112.07967103331701,2.281859
112.086171043236,2.281617
112.092671053155,2.281391
112.09917106307401,2.281713
112.105671072993,2.28083
112.112171082912,2.280703
112.118671092831,2.281039
112.12517110275002,2.280383
112.13167111266901,2.280706
112.138171122588,2.280806
112.14467113250701,2.280464
112.15117114242601,2.280565
112.157671152345,2.280695
112.16417116226403,2.280196
112.17067117218299,2.280286
112.17717118210201,2.280824
112.18367119202102,2.280194
112.19017120194,2.279679
112.19667121185901,2.280278
112.203171221778,2.279388
112.209671231697,2.279021
112.21617124161602,2.279196
112.22267125153502,2.278778
112.22917126145401,2.278702
112.23567127137301,2.278787
112.24217128129202,2.278448
112.24867129121101,2.278217
112.25517130113,2.278798
112.26167131104901,2.278114
112.268171320968,2.278144
112.27467133088702,2.278691
112.28117134080603,2.277804
112.287671350725,2.277716
112.29417136064401,2.277967
112.300671370563,2.277772
112.307171380482,2.277897
112.31367139040101,2.277967
112.32017140031999,2.277282
112.32667141023902,2.27734
112.33317142015802,2.27769
112.339671430077,2.277502
112.34617143999601,2.277007
112.35267144991501,2.27743
112.359171459834,2.276738
112.36567146975301,2.276386
112.372171479672,2.276908
112.37867148959101,2.276309
112.38517149951001,2.276329
112.39167150942902,2.276517
112.39817151934801,2.276145
112.404671529267,2.275994
112.41117153918601,2.276453
112.417671549105,2.275966
112.424171559024,2.276044
112.43067156894303,2.275872
112.437171578862,2.275275
112.44367158878102,2.275022
112.45017159870001,2.275595
112.456671608619,2.274925
112.46317161853801,2.275061
112.46967162845701,2.275126
112.476171638376,2.274642
112.48267164829501,2.274645
112.48917165821402,2.274872
112.49567166813301,2.274289
112.50217167805201,2.27428
112.50867168797102,2.27469
112.51517169789001,2.273963
112.521671707809,2.273782
112.52817171772803,2.273679
112.534671727647,2.273491
112.54117173756602,2.273223
112.54767174748503,2.273594
112.554171757404,2.272974
112.56067176732302,2.273143
112.567171777242,2.273316
112.573671787161,2.272902
112.58017179708003,2.272892
112.586671806999,2.273274
112.59317181691802,2.272433
112.59967182683701,2.272495
112.606171836756,2.272998
112.61267184667501,2.272325
112.61917185659401,2.272491
112.625671866513,2.272724
112.632171876432,2.272168
112.63867188635102,2.27193
112.64517189627001,2.272339
112.65167190618901,2.271776
112.65817191610802,2.271876
112.66467192602701,2.272134
112.671171935946,2.271547
112.67767194586501,2.271406
112.684171955784,2.27185
112.69067196570302,2.270941
112.69717197562203,2.271393
112.703671985541,2.271686
112.71017199546002,2.270638
112.71667200537901,2.270947
112.723172015298,2.271339
112.72967202521701,2.270451
112.73617203513602,2.270433
112.74267204505502,2.270708
112.74917205497401,2.270085
112.75567206489302,2.269852
112.76217207481201,2.269908
112.76867208473101,2.269225
112.77517209465002,2.269092
112.781672104569,2.269331
112.788172114488,2.268876
112.79467212440703,2.268938
112.80117213432601,2.268872
112.80767214424502,2.268414
112.814172154164,2.268117
112.820672164083,2.268479
112.82717217400202,2.268126
112.833672183921,2.267741
112.84017219384,2.268046
112.84667220375903,2.26715
112.85317221367801,2.267372
112.85967222359702,2.267775
112.86617223351601,2.267142
112.872672243435,2.267501
112.87917225335401,2.267446
112.88567226327301,2.266937
112.892172273192,2.266819
112.89867228311101,2.267118
112.90517229303002,2.266683
112.91167230294901,2.266588
112.91817231286801,2.266788
112.92467232278702,2.266385
112.931172332706,2.266422
112.937672342625,2.266755
112.94417235254403,2.266129
112.95067236246301,2.265931
112.95717237238202,2.266337
112.963672382301,2.265676
112.97017239222001,2.265679
112.97667240213902,2.26596
112.983172412058,2.265468
112.989672421977,2.26529
112.996172431896,2.265705
113.002672441815,2.265048
113.00917245173402,2.265069
113.01567246165301,2.265237
113.022172471572,2.264346
113.02867248149101,2.264606
113.03517249141001,2.264805
113.041672501329,2.263953
113.048172511248,2.263599
113.05467252116702,2.264204
113.06117253108602,2.263767
113.06767254100501,2.263841
113.07417255092402,2.264057
113.080672560843,2.263525
113.08717257076201,2.263523
113.09367258068102,2.263678
113.1001725906,2.263254
113.10667260051902,2.263302
113.11317261043801,2.263499
113.11967262035701,2.263055
113.12617263027602,2.263078
113.13267264019501,2.263398
113.139172650114,2.262873
113.145672660033,2.262839
113.15217266995202,2.262839
113.15867267987102,2.262152
113.16517268979001,2.262057
113.17167269970902,2.262466
113.178172709628,2.261979
113.18467271954701,2.262023
113.19117272946602,2.262395
113.197672739385,2.261829
113.204172749304,2.261777
113.21067275922303,2.261886
113.21717276914201,2.261568
113.22367277906102,2.261364
113.23017278898,2.26135
113.23667279889901,2.260893
113.24317280881802,2.260993
113.249672818737,2.261223
113.256172828656,2.260593
113.26267283857501,2.260787
113.26917284849401,2.260637
113.27567285841302,2.260167
113.28217286833201,2.259972
113.288672878251,2.260012
113.29517288817,2.259476
113.30167289808901,2.259887
113.308172908008,2.260183
113.31467291792701,2.2598
113.32117292784602,2.259906
113.327672937765,2.26011
113.33417294768401,2.259207
113.34067295760302,2.258647
113.347172967522,2.258913
113.35367297744101,2.258694
113.36017298736003,2.258812
113.36667299727901,2.258981
113.37317300719802,2.258665
113.37967301711701,2.258782
113.38617302703601,2.258757
113.39267303695502,2.258391
113.39917304687401,2.258392
113.405673056793,2.258281
113.412173066712,2.257381
113.41867307663102,2.257391
113.42517308655002,2.257664
113.43167309646901,2.257437
113.43817310638802,2.257792
113.444673116307,2.257753
113.45117312622601,2.257062
113.45767313614502,2.256922
113.464173146064,2.25682
113.47067315598302,2.256574
113.477173165902,2.256589
113.48367317582101,2.256875
113.49017318574002,2.256424
113.496673195659,2.256906
113.50317320557801,2.25707
113.509673215497,2.256351
113.516173225416,2.256463
113.52267323533502,2.256641
113.52917324525401,2.2561
113.53567325517301,2.256384
113.54217326509202,2.256013
113.54867327501101,2.255617
113.55517328493,2.255498
113.561673294849,2.255805
113.56817330476802,2.255355
113.57467331468702,2.255437
113.58117332460601,2.255307
113.58767333452502,2.255386
113.594173344444,2.255505
113.60067335436301,2.255225
113.60717336428202,2.2549
113.613673374201,2.254904
113.62017338412002,2.254878
113.62667339403902,2.254624
113.63317340395801,2.254323
113.63967341387702,2.254122
113.646173423796,2.253432
113.65267343371501,2.253901
113.659173443634,2.253935
113.665673453553,2.253462
113.672173463472,2.253595
113.67867347339102,2.253461
113.68517348331001,2.253051
113.691673493229,2.252939
113.69817350314801,2.253181
113.70467351306701,2.25275
113.711173522986,2.252788
113.71767353290501,2.252902
113.724173542824,2.252564
113.73067355274301,2.252325
113.73717356266202,2.252214
113.743673572581,2.251754
113.75017358250001,2.251954
113.75667359241902,2.251731
113.763173602338,2.25138
113.76967361225701,2.251467
113.776173622176,2.251563
113.78267363209501,2.250985
113.78917364201402,2.250932
113.79567365193301,2.251019
113.80217366185201,2.250637
113.808673671771,2.25078
113.81517368169001,2.250708
113.821673691609,2.25038
113.828173701528,2.250526
113.83467371144702,2.250175
113.841173721366,2.250052
113.84767373128501,2.25018
113.85417374120402,2.249911
113.860673751123,2.249716
113.86717376104201,2.249679
113.87367377096099,2.249662
113.88017378088,2.249342
113.88667379079902,2.24941
113.893173800718,2.249316
113.89967381063701,2.248783
113.90617382055602,2.248718
113.912673830475,2.248735
113.91917384039401,2.248473
113.925673850313,2.248631
113.932173860232,2.248523
113.93867387015102,2.248437
113.94517388007002,2.248256
113.95167388998901,2.248393
113.958173899908,2.248116
113.96467390982701,2.248024
113.97117391974601,2.247663
113.977673929665,2.247738
113.98417393958402,2.247568
113.99067394950299,2.24725
113.99717395942201,2.24675
114.00367396934102,2.247319
114.01017397926,2.247315
114.01667398917901,2.246618
114.023173999098,2.246598
114.029674009017,2.246497
114.03617401893602,2.246269
114.04267402885502,2.246448
114.04917403877401,2.246107
114.05567404869302,2.245721
114.06217405861202,2.246339
114.06867406853101,2.245825
114.07517407845,2.245381
114.08167408836901,2.245613
114.08817409828802,2.245573
114.09467410820702,2.245315
114.10117411812602,2.245732
114.107674128045,2.24502
114.11417413796401,2.244785
114.12067414788302,2.245056
114.127174157802,2.244684
114.13367416772101,2.244411
114.14017417763999,2.244573
114.14667418755901,2.244297
114.15317419747802,2.243942
114.159674207397,2.244295
114.16617421731601,2.244192
114.172674227235,2.243672
114.179174237154,2.243692
114.18567424707301,2.243588
114.192174256992,2.243468
114.19867426691101,2.243622
114.20517427683001,2.243353
114.21167428674902,2.242942
114.21817429666801,2.243537
114.224674306587,2.243401
114.23117431650601,2.243176
114.23767432642501,2.243374
114.244174336344,2.242956
114.25067434626303,2.242652
114.257174356182,2.24273
114.26367436610101,2.242488
114.27017437602002,2.242485
114.276674385939,2.242686
114.28317439585801,2.242082
114.289674405777,2.241695
114.296174415696,2.24176
114.30267442561502,2.24123
114.30917443553402,2.241245
114.31567444545301,2.241451
114.32217445537201,2.24108
114.32867446529102,2.2408
114.33517447521001,2.241009
114.341674485129,2.240594
114.34817449504803,2.240362
114.354674504967,2.240648
114.36117451488602,2.240002
114.36767452480503,2.24017
114.374174534724,2.2403
114.38067454464301,2.239813
114.387174554562,2.23967
114.393674564481,2.240195
114.40017457440003,2.239673
114.40667458431899,2.23929
114.41317459423801,2.239649
114.41967460415702,2.239024
114.426174614076,2.238712
114.43267462399501,2.238826
114.439174633914,2.238646
114.445674643833,2.238683
114.45217465375202,2.238542
114.45867466367102,2.238001
114.46517467359001,2.23795
114.47167468350901,2.23823
114.47817469342802,2.237703
114.48467470334701,2.237649
114.491174713266,2.238153
114.49767472318501,2.238045
114.504174733104,2.237889
114.51067474302302,2.238226
114.51717475294203,2.237736
114.523674762861,2.237547
114.53017477278001,2.23786
114.536674782699,2.237398
114.543174792618,2.236821
114.54967480253701,2.237171
114.55617481245599,2.236551
114.56267482237502,2.236287
114.56917483229401,2.236681
114.575674842213,2.236377
114.58217485213201,2.236139
114.58867486205101,2.236451
114.59517487197,2.235945
114.60167488188901,2.235622
114.608174891808,2.235829
114.61467490172701,2.235409
114.62117491164601,2.235128
114.62767492156502,2.235633
114.63417493148401,2.235236
114.640674941403,2.234995
114.64717495132201,2.235245
114.653674961241,2.234325
114.66017497116,2.233986
114.66667498107903,2.234298
114.673174990998,2.233655
114.67967500091702,2.233757
114.68617501083601,2.234012
114.692675020755,2.233806
114.69917503067401,2.233655
114.70567504059301,2.233872
114.712175050512,2.23325
114.71867506043101,2.233008
114.72517507035002,2.23356
114.73167508026901,2.23275
114.73817509018801,2.232568
114.74467510010702,2.233096
114.75117511002601,2.232123
114.757675119945,2.23225
114.76417512986403,2.232758
114.77067513978301,2.232171
114.77717514970202,2.23177
114.78367515962103,2.232395
114.79017516954,2.232059
114.79667517945902,2.231607
114.803175189378,2.231788
114.809675199297,2.231128
114.81617520921603,2.231217
114.822675219135,2.231422
114.82917522905402,2.230729
114.83567523897301,2.230489
114.842175248892,2.230871
114.84867525881101,2.229908
114.85517526873001,2.23016
114.861675278649,2.230557
114.868175288568,2.229976
114.87467529848702,2.230087
114.88117530840601,2.230608
114.88767531832501,2.229701
114.89417532824402,2.229275
114.900675338163,2.229908
114.907175348082,2.229286
114.91367535800102,2.228939
114.92017536792,2.229444
114.92667537783902,2.228945
114.93317538775803,2.228764
114.93967539767701,2.229122
114.94617540759602,2.228513
114.95267541751501,2.22854
114.959175427434,2.228915
114.96567543735301,2.227889
114.97217544727202,2.22783
114.97867545719102,2.228139
114.98517546711001,2.227416
114.99167547702902,2.227773
114.99817548694801,2.227973
115.00467549686701,2.227241
115.01117550678602,2.227325
115.017675516705,2.227906
115.024175526624,2.227329
115.03067553654303,2.227168
115.03717554646201,2.22724
115.04367555638102,2.227082
115.0501755663,2.226514
115.056675576219,2.226788
115.06317558613802,2.22601
115.069675596057,2.225692
115.076175605976,2.226103
115.08267561589501,2.225745
115.08917562581401,2.225727
115.09567563573302,2.226213
115.10217564565201,2.22574
115.108675655571,2.225436
115.11517566549001,2.225694
115.12167567540901,2.224578
115.128175685328,2.224754
115.13467569524701,2.225381
115.14117570516602,2.22453
115.14767571508501,2.224559
115.15417572500401,2.224983
115.16067573492302,2.224259
115.167175744842,2.224433
115.173675754761,2.224406
115.18017576468003,2.223804
115.18667577459901,2.223962
115.19317578451802,2.224419
115.19967579443701,2.223732
115.20617580435601,2.22362
115.21267581427502,2.223699
115.219175824194,2.223186
115.225675834113,2.222981
115.232175844032,2.223373
115.238675853951,2.223241
115.24517586387002,2.22312
115.25167587378901,2.223392
115.258175883708,2.222737
115.264675893627,2.222625
115.27117590354601,2.22296
115.277675913465,2.222427
115.284175923384,2.222506
115.29067593330302,2.222792
115.29717594322202,2.222115
115.30367595314101,2.222004
115.31017596306002,2.222342
115.316675972979,2.221407
115.32317598289801,2.221191
115.32967599281702,2.221318
115.336176002736,2.220721
115.34267601265502,2.220458
115.34917602257401,2.220878
115.35567603249301,2.220271
115.36217604241202,2.220048
115.36867605233101,2.220716
115.37517606225,2.220349
115.381676072169,2.220269
115.38817608208802,2.220435
115.39467609200702,2.219703
115.40117610192601,2.219651
115.40767611184502,2.219835
115.414176121764,2.219343
115.42067613168301,2.219003
115.42717614160202,2.219545
115.433676151521,2.218794
115.44017616144002,2.218508
115.44667617135903,2.218552
115.45317618127801,2.217966
115.45967619119702,2.218277
115.466176201116,2.218937
115.47267621103501,2.218082
115.47917622095402,2.218265
115.485676230873,2.218389
115.492176240792,2.217893
115.49867625071101,2.217734
115.50517626063001,2.218097
115.51167627054902,2.217321
115.51817628046801,2.217036
115.524676290387,2.217429
115.531176300306,2.216955
115.53767631022501,2.21667
115.544176320144,2.217343
115.55067633006301,2.216607
115.55717633998202,2.216642
115.563676349901,2.21681
115.57017635982001,2.215955
115.57667636973902,2.215611
115.583176379658,2.216002
115.58967638957701,2.215735
115.596176399496,2.215436
115.60267640941501,2.215884
115.60917641933402,2.214875
115.61567642925301,2.214698
115.62217643917201,2.2153
115.62867644909102,2.214765
115.63517645901001,2.214814
115.641676468929,2.215054
115.648176478848,2.214578
115.65467648876702,2.214539
115.66117649868602,2.214351
115.66767650860501,2.214126
115.67417651852402,2.214207
115.680676528443,2.214519
115.68717653836201,2.213743
115.69367654828103,2.21352
115.7001765582,2.213948
115.70667656811902,2.213516
115.713176578038,2.213323
115.71967658795701,2.213687
115.72617659787602,2.213028
115.732676607795,2.212682
115.73917661771401,2.2131
115.745676627633,2.212428
115.752176637552,2.212657
115.75867664747102,2.212905
115.76517665739001,2.212348
115.77167666730901,2.212349
115.778176677228,2.212671
115.78467668714701,2.212044
115.791176697066,2.212128
115.797676706985,2.212464
115.80417671690402,2.211438
115.81067672682302,2.211039
115.81717673674201,2.211522
115.82367674666102,2.210976
115.83017675658,2.210672
115.83667676649901,2.210855
115.84317677641802,2.210544
115.849676786337,2.210326
115.85617679625602,2.210596
115.86267680617502,2.209865
115.86917681609401,2.20994
115.87567682601302,2.210182
115.88217683593201,2.209528
115.88867684585101,2.209489
115.89517685577,2.209638
115.90167686568901,2.20916
115.90817687560802,2.208847
115.91467688552702,2.208997
115.92117689544602,2.208305
115.927676905365,2.208428
115.93417691528401,2.208514
115.94067692520302,2.208075
115.947176935122,2.207879
115.95367694504101,2.208296
115.96017695495999,2.207095
115.96667696487901,2.207099
115.97317697479802,2.2078
115.979676984717,2.20749
115.98617699463601,2.207186
115.99267700455502,2.207177
115.999177014474,2.20652
116.00567702439301,2.206655
116.012177034312,2.206887
116.01867704423101,2.206375
116.02517705415002,2.206146
116.03167706406902,2.206371
116.03817707398801,2.205838
116.044677083907,2.206059
116.05117709382601,2.206215
116.05767710374501,2.205691
116.064177113664,2.205679
116.07067712358302,2.2061
116.077177133502,2.205533
116.08367714342101,2.205267
116.09017715334002,2.205578
116.096677163259,2.205046
116.10317717317801,2.204602
116.10967718309699,2.204886
116.116177193016,2.204184
116.12267720293502,2.204089
116.129177212854,2.204325
116.13567722277301,2.203533
116.14217723269202,2.203678
116.148677242611,2.204016
116.15517725253001,2.203554
116.161677262449,2.203406
116.168177272368,2.203856
116.17467728228702,2.20339
116.18117729220602,2.203135
116.18767730212501,2.203375
116.194177312044,2.202956
116.20067732196301,2.202708
116.20717733188201,2.202926
116.213677341801,2.202365
116.22017735172003,2.20244
116.22667736163899,2.202623
116.23317737155801,2.201608
116.23967738147702,2.20132
116.246177391396,2.201778
116.25267740131501,2.201382
116.259177411234,2.201054
116.265677421153,2.201262
116.27217743107202,2.200715
116.27867744099102,2.200624
116.28517745091001,2.200638
116.291677460829,2.200134
116.29817747074802,2.199989
116.30467748066701,2.200373
116.311177490586,2.200235
116.31767750050501,2.200049
116.32417751042402,2.200241
116.33067752034302,2.199505
116.33717753026203,2.199578
116.343677540181,2.199883
116.35017755010001,2.199253
116.35667756001902,2.199193
116.363177569938,2.199224
116.36967757985701,2.198291
116.37617758977599,2.198209
116.38267759969501,2.198709
116.38917760961402,2.198216
116.395677619533,2.198093
116.40217762945201,2.198426
116.408677639371,2.1979
116.41517764929,2.197824
116.42167765920901,2.19834
116.428177669128,2.197707
116.43467767904701,2.197619
116.44117768896601,2.198006
116.44767769888502,2.197027
116.45417770880401,2.196803
116.460677718723,2.196838
116.46717772864201,2.196442
116.473677738561,2.196563
116.48017774848,2.196839
116.48667775839903,2.196161
116.493177768318,2.196131
116.49967777823701,2.196306
116.50617778815602,2.195441
116.512677798075,2.195248
116.51917780799401,2.195597
116.525677817913,2.195632
116.532177827832,2.195124
116.53867783775102,2.19565
116.54517784767002,2.194978
116.55167785758901,2.194684
116.55817786750801,2.194979
116.56467787742702,2.194374
116.57117788734601,2.194059
116.577677897265,2.194572
116.58417790718403,2.194166
116.590677917103,2.193547
116.59717792702202,2.19384
116.60367793694103,2.193444
116.61017794686,2.193341
116.61667795677901,2.193785
116.623177966698,2.193023
116.629677976617,2.192892
116.63617798653603,2.193137
116.64267799645499,2.192545
116.64917800637402,2.192469
116.65567801629301,2.192905
116.662178026212,2.192169
116.66867803613101,2.19193
116.67517804605001,2.192278
116.681678055969,2.191773
116.68817806588802,2.191404
116.69467807580702,2.191647
116.70117808572601,2.191321
116.70767809564501,2.191074
116.71417810556402,2.191175
116.72067811548301,2.190582
116.727178125402,2.190403
116.73367813532101,2.190828
116.74017814524,2.190361
116.74667815515902,2.190089
116.75317816507803,2.190342
116.759678174997,2.189511
116.76617818491601,2.189379
116.77267819483501,2.189841
116.779178204754,2.189344
116.78567821467301,2.189112
116.79217822459199,2.189287
116.79867823451102,2.189063
116.80517824443001,2.189236
116.811678254349,2.189573
116.81817826426801,2.189099
116.82467827418701,2.188824
116.831178284106,2.188725
116.83767829402501,2.188552
116.844178303944,2.188446
116.85067831386301,2.188365
116.85717832378201,2.187604
116.86367833370102,2.187721
116.87017834362001,2.187968
116.876678353539,2.187575
116.88317836345801,2.187092
116.889678373377,2.187561
116.896178383296,2.186851
116.90267839321503,2.186649
116.909178403134,2.187173
116.91567841305302,2.18663
116.92217842297201,2.186599
116.928678432891,2.18664
116.93517844281001,2.18591
116.94167845272901,2.185938
116.948178462648,2.185834
116.95467847256701,2.185275
116.96117848248602,2.1853
116.96767849240501,2.185707
116.97417850232401,2.185169
116.98067851224302,2.185276
116.987178522162,2.18545
116.993678532081,2.184906
117.00017854200003,2.184899
117.00667855191901,2.185158
117.01317856183802,2.184547
117.01967857175703,2.184161
117.026178581676,2.184333
117.03267859159502,2.183654
117.039178601514,2.18374
117.045678611433,2.183635
117.05217862135203,2.183056
117.058678631271,2.183039
117.06517864119002,2.183369
117.07167865110901,2.182801
117.078178661028,2.182564
117.08467867094701,2.183035
117.09117868086601,2.182048
117.097678690785,2.181557
117.104178700704,2.182311
117.11067871062302,2.181615
117.11717872054201,2.181636
117.12367873046101,2.182115
117.13017874038002,2.181395
117.136678750299,2.181141
117.143178760218,2.181257
117.14967877013702,2.180933
117.156178780056,2.180978
117.16267878997502,2.181329
117.16917879989401,2.180802
117.17567880981301,2.180602
117.18217881973202,2.180933
117.18867882965101,2.180098
117.19517883957,2.179942
117.20167884948901,2.18021
117.20817885940802,2.179615
117.21467886932702,2.179379
117.22117887924601,2.179701
117.22767888916502,2.179339
117.23417889908401,2.179187
117.24067890900301,2.179285
117.24717891892202,2.178706
117.253678928841,2.178978
117.26017893876002,2.178957
117.26667894867903,2.178182
117.27317895859801,2.177707
117.27967896851702,2.178207
117.286178978436,2.178032
117.29267898835501,2.177871
117.29917899827402,2.178198
117.305679008193,2.177553
117.312179018112,2.177468
117.31867902803101,2.17741
117.32517903795001,2.176775
117.33167904786902,2.176354
117.33817905778801,2.176602
117.344679067707,2.17557
117.351179077626,2.175425
117.35767908754501,2.175781
117.364179097464,2.174711
117.37067910738301,2.174505
117.37717911730202,2.174831
117.38367912722101,2.173916
117.39017913714001,2.174176
117.39667914705902,2.174161
117.403179156978,2.173786
117.409679166897,2.173398
117.41617917681603,2.173339
117.42267918673501,2.172719
117.42917919665402,2.17263
117.43567920657301,2.172794
117.44217921649201,2.172206
117.44867922641102,2.172198
117.45517923633001,2.172311
117.461679246249,2.17181
117.468179256168,2.172018
117.47467926608702,2.172193
117.48117927600602,2.171772
117.48767928592501,2.171385
117.49417929584402,2.17175
117.500679305763,2.171023
117.50717931568201,2.171095
117.51367932560102,2.171348
117.52017933552,2.170492
117.52667934543902,2.170382
117.53317935535803,2.170966
117.53967936527701,2.170227
117.54617937519602,2.170215
117.552679385115,2.17023
117.55917939503401,2.169777
117.56567940495302,2.169515
117.572179414872,2.170094
117.57867942479102,2.169145
117.58517943471001,2.168883
117.59167944462901,2.168566
117.59817945454802,2.166891
117.60467946446701,2.16539
117.611179474386,2.165006
117.617679484305,2.163881
117.62417949422402,2.163312
117.63067950414302,2.16354
117.63717951406201,2.162702
117.64367952398102,2.162548
117.6501795339,2.162894
117.65667954381901,2.162169
117.66317955373802,2.162022
117.669679563657,2.162587
117.67617957357602,2.161973
117.68267958349499,2.161984
117.68917959341401,2.162212
117.69567960333302,2.161677
117.702179613252,2.161613
117.70867962317101,2.162106
117.71517963309002,2.161702
117.721679643009,2.161499
117.728179652928,2.161984
117.73467966284701,2.161366
117.74117967276601,2.161401
117.74767968268502,2.161877
117.75417969260401,2.161386
117.760679702523,2.161516
117.767179712442,2.161852
117.77367972236101,2.161279
117.78017973228,2.16117
117.78667974219901,2.161678
117.79317975211802,2.161077
117.799679762037,2.161082
117.80617977195601,2.161304
117.81267978187502,2.160741
117.819179791794,2.16053
117.82567980171301,2.161048
117.832179811632,2.160577
117.83867982155101,2.160606
117.84517983147002,2.161263
117.85167984138901,2.160641
117.85817985130801,2.160402
117.864679861227,2.160703
117.87117987114601,2.16015
117.877679881065,2.160002
117.884179890984,2.160413
117.89067990090302,2.159559
117.89717991082202,2.159542
117.90367992074101,2.159901
117.91017993066002,2.159412
117.916679940579,2.159218
117.92317995049801,2.159734
117.92967996041703,2.158528
117.936179970336,2.158393
117.94267998025502,2.158764
117.949179990174,2.158347
117.95568000009301,2.157738
117.96218001001202,2.157827
117.968680019931,2.157045
117.97518002985001,2.156923
117.981680039769,2.157268
117.988180049688,2.156567
117.99468005960702,2.156476
118.00118006952601,2.156687
118.00768007944501,2.156176
118.014180089364,2.156217
118.02068009928301,2.156573
118.027180109202,2.156047
118.033680119121,2.155905
118.04018012904002,2.156197
118.04668013895899,2.155583
118.05318014887801,2.155572
118.05968015879702,2.156085
118.066180168716,2.155418
118.07268017863501,2.155443
118.07918018855402,2.155742
118.085680198473,2.155166
118.09218020839202,2.15513
118.09868021831102,2.155547
118.10518022823001,2.155135
118.11168023814902,2.155082
118.11818024806801,2.155432
118.12468025798701,2.15493
118.131180267906,2.154926
118.13768027782501,2.154996
118.14418028774402,2.154586
118.15068029766302,2.154556
118.15718030758202,2.154785
118.163680317501,2.154405
118.17018032742001,2.154404
118.17668033733902,2.15465
118.183180347258,2.154124
118.18968035717701,2.154307
118.19618036709599,2.154605
118.20268037701501,2.15399
118.20918038693402,2.153967
118.215680396853,2.154114
118.22218040677201,2.153746
118.22868041669102,2.153742
118.23518042661,2.153603
118.24168043652901,2.153293
118.248180446448,2.153362
118.25468045636701,2.153512
118.26118046628602,2.153036
118.26768047620502,2.153287
118.27418048612401,2.153133
118.280680496043,2.152752
118.28718050596201,2.152917
118.29368051588101,2.15321
118.3001805258,2.152428
118.30668053571902,2.153247
118.313180545638,2.153129
118.31968055555701,2.152344
118.32618056547602,2.15052
118.332680575395,2.148994
118.33918058531401,2.147589
118.345680595233,2.147704
118.352180605152,2.147758
118.35868061507102,2.147246
118.36518062499,2.147171
118.37168063490901,2.147105
118.378180644828,2.14667
118.384680654747,2.146713
118.39118066466601,2.146782
118.397680674585,2.146194
118.404180684504,2.146344
118.41068069442302,2.146488
118.41718070434202,2.146277
118.42368071426101,2.146269
118.43018072418,2.146193
118.43668073409901,2.145574
118.44318074401801,2.145893
118.449680753937,2.146019
118.45618076385603,2.145142
118.46268077377499,2.144991
118.46918078369401,2.145095
118.47568079361302,2.144495
118.482180803532,2.144614
118.48868081345101,2.144546
118.49518082337,2.143924
118.501680833289,2.143819
118.50818084320802,2.143509
118.51468085312702,2.143153
118.52118086304601,2.142926
118.527680872965,2.143023
118.53418088288402,2.142545
118.54068089280301,2.142553
118.547180902722,2.14222
118.55368091264101,2.141771
118.56018092256,2.141723
118.56668093247902,2.141301
118.57318094239803,2.141159
118.579680952317,2.141015
118.58618096223601,2.140861
118.59268097215502,2.140097
118.599180982074,2.140509
118.60568099199301,2.139997
118.61218100191199,2.13992
118.61868101183101,2.139916
118.62518102175002,2.139983
118.631681031669,2.138993
118.63818104158801,2.139211
118.644681051507,2.139033
118.651181061426,2.138313
118.65768107134501,2.138566
118.664181081264,2.138526
118.67068109118301,2.137991
118.67718110110201,2.138031
118.68368111102102,2.137812
118.69018112094001,2.137363
118.696681130859,2.137436
118.70318114077801,2.137047
118.709681150697,2.136663
118.716181160616,2.136787
118.72268117053503,2.136425
118.729181180454,2.136414
118.73568119037301,2.136235
118.74218120029201,2.135981
118.748681210211,2.135709
118.75518122013001,2.136009
118.761681230049,2.135568
118.768181239968,2.134816
118.77468124988702,2.134635
118.78118125980602,2.134776
118.78768126972501,2.134449
118.79418127964401,2.134675
118.80068128956302,2.133753
118.80718129948201,2.133153
118.813681309401,2.133535
118.82018131932003,2.133421
118.82668132923901,2.13306
118.83318133915802,2.133081
118.83968134907703,2.13243
118.846181358996,2.132303
118.85268136891501,2.132535
118.859181378834,2.132056
118.865681388753,2.132003
118.87218139867203,2.13161
118.87868140859099,2.131453
118.88518141851002,2.131021
118.89168142842901,2.131267
118.898181438348,2.130845
118.90468144826701,2.130573
118.91118145818601,2.130942
118.917681468105,2.130357
118.92418147802402,2.129825
118.93068148794302,2.130184
118.93718149786201,2.129792
118.94368150778101,2.129428
118.95018151770002,2.129599
118.95668152761901,2.129149
118.963181537538,2.128575
118.96968154745701,2.129016
118.976181557376,2.128778
118.98268156729502,2.128465
118.98918157721403,2.128768
118.995681587133,2.128163
119.00218159705202,2.127794
119.00868160697101,2.127861
119.01518161689,2.127402
119.02168162680901,2.127041
119.02818163672802,2.126982
119.03468164664702,2.126516
119.04118165656601,2.126413
119.04768166648502,2.126884
119.05418167640401,2.126494
119.06068168632301,2.126043
119.06718169624202,2.1262
119.073681706161,2.125684
119.08018171608002,2.125443
119.08668172599903,2.12582
119.09318173591801,2.125199
119.09968174583702,2.124562
119.10618175575603,2.124876
119.112681765675,2.124124
119.11918177559401,2.123733
119.125681785513,2.124157
119.132181795432,2.12371
119.13868180535103,2.123695
119.14518181527,2.123954
119.15168182518902,2.12313
119.15818183510801,2.12292
119.164681845027,2.123054
119.17118185494601,2.122787
119.17768186486501,2.122397
119.184181874784,2.122744
119.19068188470301,2.122153
119.19718189462202,2.12207
119.20368190454101,2.122223
119.21018191446001,2.121792
119.21668192437902,2.121259
119.223181934298,2.121572
119.229681944217,2.120881
119.23618195413603,2.120497
119.24268196405501,2.120818
119.24918197397402,2.120213
119.255681983893,2.120256
119.262181993812,2.120293
119.26868200373102,2.119696
119.27518201365,2.119712
119.281682023569,2.119921
119.28818203348803,2.119036
119.29468204340701,2.118665
119.30118205332602,2.11893
119.30768206324501,2.118592
119.314182073164,2.118254
119.32068208308301,2.11839
119.32718209300201,2.117811
119.333682102921,2.117841
119.34018211284,2.118046
119.34668212275902,2.11724
119.35318213267801,2.117013
119.35968214259701,2.117212
119.36618215251602,2.116582
119.372682162435,2.11623
119.379182172354,2.116477
119.38568218227302,2.115782
119.392182192192,2.115657
119.39868220211102,2.115897
119.40518221203001,2.115171
119.41168222194901,2.114786
119.41818223186802,2.115156
119.42468224178701,2.114404
119.431182251706,2.114477
119.437682261625,2.114661
119.44418227154402,2.113958
119.45068228146302,2.113836
119.45718229138201,2.114156
119.46368230130102,2.113284
119.47018231122001,2.113143
119.47668232113901,2.113217
119.48318233105802,2.112814
119.489682340977,2.112859
119.49618235089602,2.113253
119.50268236081503,2.112146
119.50918237073401,2.112143
119.51568238065302,2.112217
119.522182390572,2.111298
119.52868240049101,2.111457
119.53518241041002,2.111662
119.541682420329,2.110767
119.548182430248,2.110563
119.55468244016701,2.111387
119.56118245008601,2.110502
119.56768246000502,2.110386
119.57418246992401,2.110731
119.580682479843,2.109968
119.587182489762,2.109864
119.59368249968101,2.109871
119.6001825096,2.108937
119.60668251951901,2.108405
119.61318252943802,2.108744
119.61968253935702,2.107978
119.62618254927601,2.107587
119.63268255919502,2.10813
119.639182569114,2.107309
119.64568257903301,2.106809
119.65218258895203,2.107388
119.65868259887101,2.106515
119.66518260879002,2.106171
119.67168261870901,2.106498
119.67818262862801,2.105751
119.68468263854702,2.105662
119.69118264846601,2.105682
119.697682658385,2.10493
119.704182668304,2.104667
119.71068267822302,2.104597
119.71718268814202,2.103872
119.72368269806101,2.103891
119.73018270798002,2.104016
119.736682717899,2.103327
119.74318272781801,2.103285
119.74968273773703,2.1036
119.756182747656,2.102616
119.76268275757502,2.102548
119.769182767494,2.102922
119.77568277741301,2.10217
119.78218278733202,2.101766
119.788682797251,2.102118
119.79518280717001,2.101257
119.80168281708902,2.101203
119.808182827008,2.101317
119.81468283692702,2.100504
119.82118284684601,2.10071
119.82768285676501,2.101177
119.83418286668402,2.100204
119.84068287660301,2.100218
119.847182886522,2.100423
119.853682896441,2.099711
119.86018290636002,2.099291
119.86668291627902,2.09976
119.87318292619801,2.099068
119.87968293611702,2.098742
119.886182946036,2.098935
119.89268295595501,2.09801
119.89918296587402,2.097563
119.905682975793,2.097872
119.91218298571202,2.097229
119.91868299563102,2.097118
119.92518300555001,2.097288
119.93168301546902,2.096641
119.938183025388,2.096063
119.94468303530701,2.096623
119.951183045226,2.096104
119.957683055145,2.096461
119.96418306506402,2.096628
119.97068307498301,2.096083
119.97718308490201,2.095701
119.98368309482102,2.095749
119.99018310474001,2.095055
119.996683114659,2.094917
120.003183124578,2.095269
120.00968313449701,2.094429
120.016183144416,2.094083
120.02268315433501,2.094577
120.02918316425402,2.093577
120.035683174173,2.093387
120.04218318409201,2.09362
120.04868319401102,2.092643
120.05518320393,2.092344
120.06168321384901,2.092705
120.068183223768,2.091832
120.07468323368701,2.091523
120.08118324360602,2.091929
120.08768325352501,2.091147
120.09418326344401,2.09096
120.100683273363,2.091191
120.10718328328201,2.090351
120.113683293201,2.090292
120.12018330312,2.09089
120.12668331303902,2.090057
120.133183322958,2.089788
120.13968333287701,2.090598
120.14618334279602,2.089498
120.152683352715,2.089297
120.15918336263401,2.089346
120.16568337255303,2.088441
120.172183382472,2.088241
120.17868339239102,2.088624
120.18518340231,2.087998
120.19168341222901,2.087622
120.19818342214802,2.088201
120.204683432067,2.087428
120.21118344198601,2.086801
120.217683451905,2.087264
120.224183461824,2.086716
120.23068347174302,2.08663
120.23718348166202,2.086618
120.24368349158101,2.086249
120.2501835015,2.085628
120.25668351141901,2.085859
120.26318352133801,2.084998
120.269683531257,2.084906
120.27618354117602,2.085042
120.28268355109499,2.084203
120.28918356101401,2.084181
120.29568357093302,2.084207
120.302183580852,2.083161
120.30868359077101,2.082968
120.31518360069002,2.083564
120.321683610609,2.08269
120.32818362052802,2.082542
120.33468363044702,2.082488
120.34118364036601,2.081767
120.34768365028502,2.081726
120.35418366020401,2.081919
120.36068367012301,2.081205
120.367183680042,2.080786
120.37368368996101,2.081352
120.38018369988002,2.080421
120.38668370979902,2.080321
120.39318371971802,2.080625
120.399683729637,2.079924
120.40618373955601,2.079827
120.41268374947502,2.080056
120.419183759394,2.079342
120.42568376931301,2.078867
120.43218377923199,2.079247
120.43868378915101,2.078724
120.44518379907002,2.078667
120.451683808989,2.078841
120.45818381890801,2.078079
120.464683828827,2.07785
120.471183838746,2.078017
120.47768384866501,2.077015
120.484183858584,2.07686
120.49068386850301,2.077363
120.49718387842202,2.076435
120.50368388834102,2.076375
120.51018389826001,2.076671
120.516683908179,2.076064
120.52318391809801,2.075672
120.52968392801701,2.075879
120.536183937936,2.075173
120.54268394785502,2.074821
120.549183957774,2.075387
120.55568396769301,2.074252
120.56218397761202,2.073935
120.568683987531,2.074113
120.57518399745001,2.073322
120.581684007369,2.073447
120.588184017288,2.073454
120.59468402720702,2.072768
120.60118403712602,2.072215
120.60768404704501,2.072427
120.614184056964,2.071883
120.62068406688302,2.07215
120.62718407680201,2.072372
120.633684086721,2.071143
120.64018409664003,2.070902
120.64668410655901,2.071288
120.65318411647802,2.070749
120.65968412639702,2.070793
120.666184136316,2.070738
120.67268414623501,2.069668
120.67918415615402,2.069749
120.685684166073,2.070068
120.69218417599203,2.069212
120.69868418591099,2.068667
120.70518419583001,2.068996
120.71168420574902,2.068285
120.718184215668,2.068089
120.72468422558701,2.068479
120.731184235506,2.06762
120.737684245425,2.067595
120.74418425534402,2.067642
120.75068426526302,2.066966
120.75718427518201,2.06671
120.76368428510101,2.066827
120.77018429502002,2.065966
120.77668430493901,2.065391
120.783184314858,2.065873
120.78968432477701,2.065093
120.796184334696,2.064811
120.80268434461502,2.065467
120.80918435453403,2.064584
120.815684364453,2.064089
120.82218437437201,2.064342
120.828684384291,2.063631
120.83518439421,2.063596
120.84168440412901,2.063942
120.84818441404799,2.062882
120.85468442396702,2.062853
120.86118443388602,2.063208
120.867684443805,2.062432
120.87418445372401,2.062222
120.88068446364301,2.062497
120.887184473562,2.061715
120.89368448348101,2.06081
120.9001844934,2.061148
120.90668450331901,2.060957
120.91318451323801,2.060406
120.91968452315702,2.060369
120.92618453307601,2.059855
120.932684542995,2.059731
120.93918455291401,2.060076
120.945684562833,2.059235
120.952184572752,2.058641
120.95868458267103,2.059123
120.96518459259,2.058313
120.97168460250901,2.057932
120.97818461242801,2.058632
120.984684622347,2.05747
120.99118463226601,2.057121
120.997684642185,2.057365
121.004184652104,2.056524
121.01068466202302,2.056677
121.01718467194202,2.056673
121.02368468186101,2.055717
121.03018469178001,2.055871
121.03668470169902,2.055902
121.04318471161801,2.055173
121.049684721537,2.05459
121.05618473145603,2.054741
121.06268474137501,2.054273
121.06918475129402,2.054313
121.07568476121303,2.054444
121.082184771132,2.053628
121.08868478105101,2.053326
121.09518479097,2.053377
121.101684800889,2.052239
121.10818481080803,2.052085
121.11468482072699,2.052617
121.12118483064602,2.051992
121.12768484056501,2.051799
121.134184850484,2.051814
121.14068486040301,2.051368
121.14718487032201,2.051093
121.153684880241,2.051564
121.16018489016,2.050563
121.16668490007902,2.050019
121.17318490999801,2.050168
121.17968491991701,2.049503
121.18618492983602,2.049023
121.19268493975501,2.049044
121.199184949674,2.048611
121.20568495959301,2.04869
121.212184969512,2.048562
121.21868497943102,2.048165
121.22518498935003,2.047661
121.231684999269,2.047783
121.23818500918802,2.046721
121.24468501910701,2.046815
121.251185029026,2.046824
121.25768503894501,2.046105
121.26418504886402,2.046053
121.27068505878302,2.046212
121.27718506870201,2.045578
121.28368507862102,2.045307
121.29018508854001,2.045126
121.29668509845901,2.044616
121.30318510837802,2.044632
121.309685118297,2.044722
121.31618512821602,2.044115
121.32268513813503,2.043666
121.32918514805401,2.043964
121.33568515797302,2.043264
121.342185167892,2.042993
121.348685177811,2.043623
121.35518518773002,2.042724
121.361685197649,2.042344
121.368185207568,2.042308
121.37468521748703,2.041459
121.38118522740601,2.041438
121.38768523732502,2.041618
121.39418524724401,2.040763
121.400685257163,2.040459
121.40718526708201,2.040773
121.41368527700101,2.04042
121.42018528692,2.040062
121.42668529683901,2.040291
121.43318530675802,2.039268
121.43968531667701,2.039223
121.44618532659601,2.039517
121.45268533651502,2.038733
121.459185346434,2.038306
121.465685356353,2.038213
121.47218536627203,2.037635
121.47868537619101,2.037344
121.48518538611002,2.037507
121.49168539602901,2.03673
121.498185405948,2.036371
121.50468541586702,2.036259
121.511185425786,2.035659
121.517685435705,2.035704
121.52418544562403,2.0359
121.53068545554301,2.035218
121.53718546546202,2.03506
121.54368547538101,2.03529
121.5501854853,2.034269
121.55668549521901,2.034143
121.56318550513801,2.034614
121.569685515057,2.033595
121.576185524976,2.033341
121.58268553489502,2.033436
121.58918554481401,2.032814
121.59568555473301,2.032475
121.60218556465202,2.032563
121.608685574571,2.031642
121.61518558449,2.031484
121.62168559440902,2.031532
121.628185604328,2.03078
121.63468561424702,2.030293
121.64118562416601,2.030335
121.64768563408501,2.029263
121.65418564400402,2.029236
121.66068565392301,2.029613
121.667185663842,2.029048
121.673685673761,2.028914
121.68018568368002,2.028652
121.68668569359902,2.02793
121.69318570351801,2.0276
121.69968571343702,2.027819
121.70618572335601,2.026713
121.71268573327501,2.026554
121.71918574319402,2.026794
121.725685753113,2.026192
121.73218576303202,2.025875
121.73868577295103,2.025912
121.74518578287001,2.025131
121.75168579278902,2.024845
121.758185802708,2.025085
121.76468581262701,2.024298
121.77118582254602,2.023932
121.777685832465,2.024409
121.78418584238402,2.023758
121.79068585230301,2.023374
121.79718586222201,2.023704
121.80368587214102,2.022906
121.81018588206001,2.022333
121.816685891979,2.022492
121.823185901898,2.021601
121.82968591181701,2.02131
121.836185921736,2.021256
121.84268593165501,2.020079
121.84918594157402,2.020185
121.855685951493,2.020169
121.86218596141201,2.01943
121.86868597133102,2.019091
121.87518598125,2.019406
121.88168599116901,2.018083
121.88818600108803,2.017967
121.89468601100701,2.018508
121.90118602092602,2.017424
121.90768603084501,2.01697
121.91418604076401,2.017026
121.92068605068302,2.016438
121.92718606060201,2.016108
121.933686070521,2.016042
121.94018608044,2.015546
121.94668609035902,2.015352
121.95318610027802,2.015756
121.95968611019701,2.014855
121.96618612011602,2.014584
121.972686130035,2.01459
121.97918613995401,2.013821
121.98568614987303,2.013846
121.992186159792,2.014227
121.99868616971102,2.013161
122.00518617963,2.013066
122.01168618954901,2.013426
122.01818619946802,2.012506
122.024686209387,2.012081
122.03118621930601,2.012042
122.037686229225,2.011085
122.044186239144,2.010631
122.05068624906302,2.011064
122.05718625898201,2.009857
122.06368626890101,2.010025
122.07018627882002,2.010128
122.07668628873901,2.009
122.083186298658,2.008575
122.089686308577,2.009014
122.09618631849602,2.008416
122.10268632841502,2.008285
122.10918633833401,2.008429
122.11568634825302,2.007458
122.122186358172,2.007298
122.12868636809101,2.007099
122.13518637801002,2.006424
122.141686387929,2.006351
122.14818639784802,2.006428
122.15468640776702,2.005753
122.16118641768601,2.005508
122.16768642760502,2.005535
122.17418643752401,2.004605
122.18068644744301,2.004169
122.187186457362,2.003865
122.19368646728101,2.003361
122.20018647720002,2.003253
122.20668648711901,2.003142
122.21318649703802,2.002231
122.21968650695702,2.002179
122.22618651687601,2.002522
122.23268652679502,2.00142
122.239186536714,2.001042
122.24568654663301,2.00117
122.25218655655203,2.000357
122.25868656647101,2.000616
122.26518657639002,2.000498
122.271686586309,1.999622
122.27818659622801,1.999351
122.28468660614702,1.999516
122.291186616066,1.998986
122.29768662598501,1.998396
122.304186635904,1.998535
122.31068664582301,1.99776
122.31718665574202,1.997477
122.32368666566101,1.997549
122.33018667558001,1.996799
122.336686685499,1.996531
122.34318669541801,1.996946
122.349686705337,1.996278
122.356186715256,1.996106
122.36268672517502,1.996445
122.369186735094,1.995292
122.37568674501301,1.994857
122.38218675493202,1.995054
122.388686764851,1.994012
122.39518677477001,1.993916
122.40168678468903,1.993886
122.408186794608,1.992948
122.41468680452702,1.992807
122.421186814446,1.99284
122.42768682436501,1.991807
122.43418683428402,1.991882
122.440686844203,1.991565
122.44718685412201,1.990749
122.453686864041,1.990403
122.46018687396,1.990347
122.46668688387902,1.989744
122.47318689379802,1.989958
122.47968690371701,1.989999
122.486186913636,1.98907
122.49268692355501,1.988857
122.49918693347401,1.988824
122.505686943393,1.987839
122.51218695331202,1.987559
122.51868696323099,1.987858
122.52518697315001,1.987184
122.53168698306902,1.9871
122.538186992988,1.987235
122.54468700290701,1.986333
122.551187012826,1.986199
122.557687022745,1.986114
122.56418703266402,1.98507
122.57068704258302,1.984893
122.57718705250201,1.984913
122.58368706242102,1.984071
122.59018707234002,1.983809
122.59668708225901,1.983876
122.603187092178,1.983183
122.60968710209701,1.982997
122.61618711201602,1.983368
122.62268712193502,1.982696
122.62918713185402,1.982834
122.635687141773,1.982837
122.64218715169201,1.981805
122.64868716161102,1.981489
122.65518717153,1.981631
122.66168718144901,1.980895
122.66818719136799,1.980568
122.67468720128701,1.980262
122.68118721120602,1.979528
122.687687221125,1.979282
122.69418723104401,1.979135
122.700687240963,1.978223
122.707187250882,1.977745
122.71368726080101,1.978291
122.72018727072,1.977806
122.72668728063901,1.977507
122.733187290558,1.977582
122.73968730047702,1.976573
122.74618731039601,1.9762
122.752687320315,1.976348
122.75918733023401,1.975537
122.76568734015301,1.975188
122.772187350072,1.975288
122.77868735999103,1.97446
122.78518736991,1.974321
122.79168737982901,1.974298
122.79818738974802,1.973419
122.804687399667,1.97301
122.81118740958601,1.97316
122.817687419505,1.972582
122.824187429424,1.972076
122.83068743934302,1.972231
122.83718744926202,1.971468
122.84368745918101,1.971111
122.8501874691,1.971161
122.85668747901902,1.970074
122.86318748893801,1.969866
122.869687498857,1.970209
122.87618750877603,1.969494
122.88268751869501,1.969005
122.88918752861402,1.968803
122.89568753853302,1.968144
122.902187548452,1.967645
122.90868755837101,1.967481
122.91518756829002,1.966918
122.921687578209,1.967096
122.92818758812803,1.967031
122.93468759804699,1.965899
122.94118760796601,1.965957
122.94768761788502,1.965542
122.954187627804,1.96497
122.96068763772301,1.964921
122.967187647642,1.964639
122.973687657561,1.963977
122.98018766748002,1.963671
122.98668767739902,1.963722
122.99318768731801,1.963033
122.99968769723701,1.962794
123.00618770715602,1.96267
123.01268771707501,1.962109
123.019187726994,1.962196
123.02568773691301,1.961561
123.032187746832,1.960617
123.03868775675102,1.960844
123.04518776667003,1.96078
123.051687776589,1.959911
123.05818778650801,1.959895
123.06468779642701,1.959644
123.071187806346,1.958702
123.07768781626501,1.958587
123.08418782618399,1.958136
123.09068783610302,1.956829
123.09718784602202,1.956967
123.103687855941,1.956885
123.11018786586001,1.956007
123.11668787577901,1.956231
123.123187885698,1.956032
123.12968789561701,1.955479
123.13618790553602,1.954897
123.14268791545501,1.954866
123.14918792537401,1.954507
123.15568793529302,1.954367
123.16218794521201,1.954223
123.168687955131,1.953482
123.17518796505001,1.953384
123.181687974969,1.953671
123.188187984888,1.952853
123.19468799480703,1.952691
123.201188004726,1.952468
123.20768801464502,1.951456
123.21418802456401,1.951236
123.220688034483,1.95111
123.22718804440201,1.950282
123.23368805432101,1.950159
123.24018806424,1.950008
123.24668807415901,1.949099
123.25318808407802,1.949226
123.25968809399701,1.94885
123.26618810391601,1.948042
123.27268811383502,1.947968
123.27918812375401,1.947703
123.285688133673,1.946738
123.29218814359203,1.946928
123.29868815351101,1.94675
123.30518816343002,1.945928
123.31168817334903,1.945941
123.318188183268,1.945432
123.32468819318701,1.944543
123.331188203106,1.944549
123.337688213025,1.944345
123.34418822294403,1.943524
123.350688232863,1.943399
123.35718824278202,1.943296
123.36368825270101,1.942668
123.37018826262,1.942116
123.37668827253901,1.941873
123.38318828245801,1.941623
123.389688292377,1.941493
123.396188302296,1.941193
123.40268831221502,1.94069
123.40918832213401,1.94075
123.41568833205301,1.940076
123.42218834197202,1.939632
123.428688351891,1.939421
123.43518836181,1.939022
123.44168837172901,1.938145
123.448188381648,1.938198
123.45468839156702,1.93814
123.46118840148603,1.9372
123.467688411405,1.936941
123.47418842132402,1.936573
123.48068843124301,1.935725
123.487188441162,1.935467
123.49368845108101,1.935009
123.50018846100002,1.934519
123.50668847091902,1.934362
123.51318848083801,1.934267
123.51968849075702,1.933525
123.52618850067601,1.933798
123.53268851059501,1.933517
123.53918852051402,1.932942
123.545688530433,1.932765
123.55218854035202,1.932062
123.55868855027103,1.931667
123.56518856019001,1.931749
123.57168857010902,1.931416
123.578188580028,1.930482
123.584688589947,1.930212
123.59118859986602,1.929921
123.597688609785,1.929451
123.60418861970402,1.929759
123.61068862962303,1.929221
123.61718863954201,1.928561
123.62368864946102,1.928272
123.63018865938001,1.927776
123.636688669299,1.9273
123.64318867921801,1.927359
123.64968868913701,1.926301
123.656188699056,1.925679
123.66268870897501,1.926024
123.66918871889402,1.925651
123.67568872881301,1.9249
123.68218873873201,1.924849
123.68868874865102,1.924335
123.69518875857,1.923782
123.701688768489,1.923725
123.70818877840803,1.92289
123.71468878832701,1.922527
123.72118879824602,1.922687
123.72768880816501,1.922008
123.73418881808401,1.921651
123.74068882800302,1.921836
123.74718883792201,1.920849
123.753688847841,1.920448
123.76018885776,1.920624
123.76668886767902,1.919837
123.77318887759802,1.919358
123.77968888751701,1.919136
123.78618889743602,1.918494
123.79268890735501,1.91812
123.79918891727401,1.918029
123.80568892719303,1.917531
123.812188937112,1.916934
123.81868894703102,1.917174
123.82518895695003,1.91631
123.83168896686901,1.91561
123.83818897678802,1.915454
123.844688986707,1.915023
123.85118899662601,1.914441
123.85768900654502,1.914316
123.864189016464,1.9137
123.87068902638302,1.913223
123.87718903630201,1.913247
123.88368904622101,1.912304
123.89018905614002,1.911896
123.89668906605901,1.911855
123.903189075978,1.911291
123.909689085897,1.910981
123.91618909581602,1.910828
123.92268910573502,1.910121
123.92918911565401,1.909448
123.93568912557302,1.910019
123.942189135492,1.908972
123.94868914541101,1.908451
123.95518915533002,1.908627
123.961689165249,1.907737
123.96818917516802,1.907682
123.97468918508703,1.907943
123.98118919500601,1.907137
123.98768920492502,1.90669
123.994189214844,1.906834
124.00068922476301,1.906058
124.00718923468202,1.905512
124.013689244601,1.905789
124.02018925452002,1.904659
124.02668926443901,1.904138
124.03318927435801,1.904414
124.03968928427702,1.9034
124.04618929419601,1.903108
124.052689304115,1.903238
124.059189314034,1.902663
124.06568932395301,1.902475
124.072189333872,1.902462
124.07868934379101,1.901394
124.08518935371002,1.90051
124.091689363629,1.900734
124.09818937354801,1.900244
124.10468938346702,1.899885
124.111189393386,1.900085
124.11768940330501,1.898933
124.124189413224,1.898777
124.13068942314301,1.898914
124.13718943306202,1.898044
124.14368944298101,1.897635
124.15018945290001,1.897453
124.15668946281902,1.896213
124.16318947273801,1.896112
124.169689482657,1.896732
124.176189492576,1.895519
124.18268950249502,1.895145
124.18918951241402,1.89514
124.19568952233301,1.89419
124.20218953225202,1.894057
124.208689542171,1.894146
124.21518955209001,1.893351
124.22168956200903,1.892745
124.228189571928,1.892921
124.23468958184702,1.891815
124.241189591766,1.891716
124.24768960168501,1.89156
124.25418961160402,1.890688
124.260689621523,1.890514
124.26718963144201,1.890627
124.273689641361,1.889497
124.28018965128,1.889093
124.28668966119902,1.889564
124.29318967111801,1.888432
124.29968968103701,1.888118
124.30618969095602,1.888023
124.31268970087501,1.887339
124.319189710794,1.887112
124.325689720713,1.886686
124.33218973063202,1.885472
124.33868974055102,1.885113
124.34518975047001,1.885351
124.35168976038902,1.884661
124.358189770308,1.884056
124.36468978022701,1.884165
124.37118979014602,1.883156
124.377689800065,1.882681
124.38418980998402,1.882638
124.39068981990302,1.881562
124.39718982982201,1.881159
124.40368983974102,1.880996
124.41018984966001,1.88018
124.41668985957901,1.880036
124.423189869498,1.879816
124.42968987941701,1.878946
124.43618988933602,1.878604
124.44268989925502,1.878589
124.44918990917402,1.877909
124.455689919093,1.877331
124.46218992901201,1.877621
124.46868993893102,1.876681
124.47518994885,1.876425
124.48168995876901,1.876385
124.48818996868803,1.87519
124.49468997860701,1.874935
124.50118998852602,1.875005
124.507689998445,1.874066
124.51419000836401,1.873891
124.52069001828302,1.87402
124.527190028202,1.872985
124.53369003812101,1.872577
124.54019004804,1.872388
124.54669005795901,1.871591
124.55319006787802,1.870707
124.55969007779701,1.871072
124.56619008771601,1.869666
124.572690097635,1.869505
124.57919010755401,1.869649
124.585690117473,1.86898
124.592190127392,1.868415
124.59869013731102,1.868423
124.60519014723,1.867625
124.61169015714901,1.867065
124.61819016706802,1.867294
124.624690176987,1.86622
124.63119018690601,1.866023
124.637690196825,1.865952
124.644190206744,1.865196
124.65069021666302,1.86496
124.657190226582,1.864822
124.66369023650101,1.863677
124.67019024642002,1.863363
124.676690256339,1.863556
124.68319026625801,1.862391
124.689690276177,1.861866
124.696190286096,1.861863
124.70269029601502,1.860882
124.70919030593402,1.860716
124.71569031585301,1.860592
124.722190325772,1.859422
124.72869033569101,1.858848
124.73519034561001,1.85913
124.741690355529,1.858043
124.74819036544802,1.857173
124.75469037536699,1.857501
124.76119038528601,1.856326
124.76769039520502,1.856014
124.774190405124,1.856052
124.78069041504301,1.855334
124.787190424962,1.854646
124.793690434881,1.854741
124.80019044480002,1.853814
124.80669045471902,1.853196
124.81319046463801,1.853271
124.819690474557,1.852233
124.82619048447602,1.85199
124.83269049439501,1.851909
124.839190504314,1.851029
124.84569051423301,1.850369
124.85219052415202,1.85016
124.85869053407102,1.849425
124.86519054399002,1.849162
124.871690553909,1.849211
124.87819056382801,1.848086
124.88469057374702,1.847695
124.891190583666,1.847515
124.89769059358501,1.846796
124.90419060350399,1.846332
124.91069061342301,1.846624
124.91719062334202,1.845298
124.923690633261,1.845027
124.93019064318001,1.84541
124.936690653099,1.843861
124.943190663018,1.843393
124.94969067293701,1.843746
124.95619068285602,1.842744
124.96269069277501,1.842595
124.96919070269401,1.842881
124.97569071261302,1.841653
124.98219072253201,1.841055
124.988690732451,1.841026
124.99519074237001,1.839666
125.00169075228901,1.8393
125.008190762208,1.839777
125.01469077212703,1.838613
125.021190782046,1.838182
125.02769079196501,1.837852
125.03419080188402,1.837078
125.040690811803,1.836873
125.04719082172201,1.83696
125.053690831641,1.835872
125.06019084156,1.835494
125.06669085147902,1.835723
125.07319086139802,1.834895
125.07969087131701,1.834281
125.086190881236,1.834216
125.09269089115502,1.833109
125.09919090107401,1.832876
125.105690910993,1.83316
125.11219092091203,1.83207
125.11869093083101,1.831407
125.12519094075002,1.831307
125.13169095066903,1.830712
125.138190960588,1.830063
125.14469097050701,1.830015
125.151190980426,1.829091
125.157690990345,1.828897
125.16419100026403,1.828972
125.170691010183,1.827785
125.17719102010201,1.827299
125.18369103002102,1.827356
125.19019103994,1.826263
125.19669104985901,1.825831
125.203191059778,1.826041
125.209691069697,1.825088
125.21619107961602,1.824252
125.22269108953502,1.824327
125.22919109945401,1.8233
125.23569110937301,1.823016
125.24219111929202,1.823045
125.24869112921101,1.821868
125.25519113913,1.821669
125.26169114904901,1.822021
125.268191158968,1.821169
125.27469116888702,1.820237
125.28119117880603,1.820277
125.287691188725,1.819247
125.29419119864401,1.818769
125.30069120856301,1.81851
125.307191218482,1.817507
125.31369122840101,1.81722
125.32019123832002,1.817474
125.32669124823902,1.816321
125.33319125815801,1.815682
125.33969126807702,1.815869
125.34619127799601,1.81483
125.35269128791501,1.81471
125.35919129783402,1.814628
125.36569130775301,1.813632
125.37219131767202,1.813077
125.37869132759103,1.813301
125.38519133751001,1.811731
125.39169134742902,1.810989
125.39819135734803,1.811098
125.404691367267,1.809808
125.41119137718601,1.80982
125.417691387105,1.80971
125.424191397024,1.808703
125.43069140694303,1.80817
125.437191416862,1.808079
125.44369142678102,1.807093
125.45019143670001,1.806493
125.456691446619,1.806863
125.46319145653801,1.805481
125.46969146645701,1.805112
125.476191476376,1.804944
125.48269148629501,1.804159
125.48919149621402,1.803747
125.49569150613301,1.803743
125.50219151605201,1.802401
125.50869152597102,1.801726
125.51519153589,1.801945
125.521691545809,1.801205
125.52819155572803,1.800678
125.53469156564701,1.801075
125.54119157556602,1.799821
125.54769158548503,1.799174
125.554191595404,1.79919
125.56069160532302,1.797784
125.567191615242,1.797577
125.573691625161,1.797558
125.58019163508003,1.796443
125.58669164499901,1.796195
125.59319165491802,1.796664
125.59969166483701,1.795704
125.606191674756,1.795246
125.61269168467501,1.795212
125.61919169459401,1.793895
125.625691704513,1.793077
125.632191714432,1.793065
125.63869172435102,1.792166
125.64519173427001,1.791509
125.65169174418901,1.791866
125.65819175410802,1.790551
125.664691764027,1.790264
125.671191773946,1.79032
125.67769178386501,1.789178
125.684191793784,1.788861
125.69069180370302,1.788934
125.69719181362203,1.78793
125.703691823541,1.78756
125.71019183346002,1.787397
125.71669184337901,1.786418
125.723191853298,1.785935
125.72969186321701,1.786042
125.73619187313602,1.784872
125.74269188305502,1.784396
125.74919189297401,1.784448
125.75569190289302,1.783267
125.76219191281201,1.782726
125.76869192273101,1.782833
125.77519193265002,1.781638
125.781691942569,1.781147
125.78819195248802,1.781341
125.79469196240703,1.780765
125.80119197232601,1.780194
125.80769198224502,1.78001
125.814191992164,1.778764
125.820692002083,1.778093
125.82719201200202,1.7783
125.833692021921,1.777322
125.84019203184002,1.776934
125.84669204175901,1.777006
125.85319205167801,1.775733
125.85969206159702,1.775038
125.86619207151601,1.775276
125.872692081435,1.7744
125.87919209135401,1.774132
125.88569210127301,1.774306
125.892192111192,1.773232
125.89869212111101,1.772633
125.90519213103002,1.772792
125.91169214094901,1.771539
125.91819215086801,1.771182
125.92469216078702,1.770888
125.931192170706,1.769863
125.937692180625,1.769277
125.94419219054403,1.769048
125.95069220046301,1.767942
125.95719221038202,1.767684
125.96369222030101,1.767653
125.97019223022001,1.766647
125.97669224013902,1.766068
125.98319225005801,1.766203
125.989692259977,1.765248
125.996192269896,1.764705
126.00269227981502,1.765113
126.00919228973402,1.763547
126.01569229965301,1.762969
126.02219230957202,1.762965
126.028692319491,1.761992
126.03519232941001,1.761406
126.04169233932903,1.761357
126.048192349248,1.760682
126.05469235916702,1.760121
126.06119236908603,1.760086
126.06769237900501,1.759104
126.07419238892402,1.758188
126.080692398843,1.758248
126.08719240876201,1.757254
126.09369241868103,1.757244
126.1001924286,1.75713
126.10669243851902,1.755839
126.11319244843801,1.754812
126.11969245835701,1.75454
126.12619246827602,1.75377
126.13269247819501,1.753149
126.139192488114,1.753087
126.145692498033,1.752414
126.15219250795202,1.752086
126.15869251787102,1.751947
126.16519252779001,1.750551
126.17169253770902,1.750082
126.178192547628,1.750293
126.18469255754701,1.749068
126.19119256746602,1.748697
126.197692577385,1.748575
126.20419258730402,1.747294
126.21069259722302,1.747012
126.21719260714201,1.747045
126.22369261706102,1.746202
126.23019262698,1.745136
126.23669263689901,1.745015
126.24319264681802,1.744297
126.249692656737,1.74406
126.25619266665602,1.743917
126.26269267657501,1.742776
126.26919268649401,1.742181
126.27569269641302,1.742364
126.28219270633201,1.741068
126.288692716251,1.740382
126.29519272617,1.740139
126.30169273608901,1.739323
126.30819274600802,1.738902
126.31469275592701,1.738782
126.32119276584602,1.737217
126.327692775765,1.736868
126.33419278568401,1.737057
126.34069279560302,1.735859
126.347192805522,1.735565
126.35369281544101,1.735661
126.36019282536,1.734616
126.36669283527901,1.73403
126.37319284519802,1.733816
126.37969285511701,1.73271
126.38619286503601,1.732357
126.39269287495502,1.73195
126.39919288487401,1.730893
126.405692894793,1.730122
126.412192904712,1.730414
126.41869291463102,1.729602
126.42519292455002,1.728966
126.43169293446901,1.728873
126.43819294438802,1.72767
126.444692954307,1.726996
126.45119296422601,1.727241
126.45769297414503,1.726222
126.464192984064,1.725777
126.47069299398302,1.725915
126.477193003902,1.724745
126.48369301382101,1.724091
126.49019302374002,1.724014
126.496693033659,1.723367
126.50319304357801,1.722846
126.509693053497,1.722779
126.516193063416,1.72141
126.52269307333502,1.720858
126.52919308325401,1.720616
126.53569309317301,1.719808
126.542193103092,1.71917
126.54869311301101,1.718841
126.55519312293,1.717588
126.561693132849,1.716969
126.56819314276802,1.716932
126.57469315268702,1.715941
126.58119316260601,1.715439
126.58769317252502,1.715374
126.594193182444,1.714332
126.60069319236301,1.713915
126.60719320228202,1.714019
126.613693212201,1.713011
126.62019322212002,1.712612
126.62669323203902,1.712683
126.63319324195801,1.711472
126.63969325187702,1.711154
126.64619326179601,1.711053
126.65269327171501,1.709796
126.659193281634,1.708985
126.66569329155301,1.708889
126.67219330147202,1.707859
126.67869331139102,1.707174
126.68519332131002,1.707077
126.691693331229,1.706253
126.69819334114801,1.705428
126.70469335106702,1.705273
126.711193360986,1.704244
126.71769337090501,1.703768
126.72419338082399,1.703942
126.73069339074301,1.702817
126.73719340066202,1.70203
126.743693410581,1.701892
126.75019342050001,1.700863
126.75669343041902,1.700053
126.763193440338,1.700066
126.76969345025701,1.69892
126.77619346017602,1.698138
126.78269347009501,1.697972
126.78919348001402,1.696912
126.79569348993302,1.696517
126.80219349985201,1.69619
126.808693509771,1.695317
126.81519351969001,1.694723
126.821693529609,1.694975
126.828193539528,1.693859
126.83469354944702,1.693222
126.841193559366,1.693245
126.84769356928501,1.692164
126.85419357920402,1.691588
126.860693589123,1.691346
126.86719359904201,1.690244
126.873693608961,1.690027
126.88019361888,1.689941
126.88669362879902,1.688574
126.89319363871802,1.687933
126.89969364863701,1.687543
126.906193658556,1.686634
126.91269366847501,1.686359
126.91919367839401,1.686331
126.925693688313,1.685228
126.93219369823203,1.684767
126.93869370815102,1.684646
126.94519371807002,1.683107
126.95169372798902,1.682841
126.958193737908,1.682579
126.96469374782701,1.681476
126.97119375774602,1.680733
126.977693767665,1.680605
126.98419377758403,1.679578
126.990693787503,1.679165
126.99719379742201,1.679088
127.00369380734102,1.678008
127.01019381726,1.67737
127.01669382717901,1.677281
127.023193837098,1.676057
127.029693847017,1.675254
127.03619385693602,1.675126
127.04269386685502,1.6743
127.04919387677401,1.673774
127.055693886693,1.673657
127.06219389661202,1.672473
127.06869390653101,1.672386
127.07519391645,1.672448
127.08169392636901,1.671149
127.08819393628802,1.670167
127.09469394620702,1.670069
127.10119395612602,1.669036
127.107693966045,1.668532
127.11419397596401,1.668634
127.12069398588302,1.667382
127.127193995802,1.66683
127.13369400572101,1.666871
127.14019401563999,1.66553
127.14669402555901,1.66495
127.15319403547802,1.665063
127.159694045397,1.66374
127.16619405531601,1.663414
127.172694065235,1.663387
127.179194075154,1.662673
127.18569408507301,1.661886
127.19219409499202,1.661328
127.19869410491101,1.660156
127.20519411483001,1.65988
127.21169412474902,1.659745
127.21819413466801,1.658848
127.224694144587,1.658146
127.23119415450601,1.657941
127.237694164425,1.656879
127.244194174344,1.656366
127.25069418426303,1.656195
127.257194194182,1.655084
127.26369420410101,1.654825
127.27019421402002,1.654429
127.276694223939,1.653247
127.28319423385801,1.652803
127.289694243777,1.652299
127.296194253696,1.650935
127.30269426361502,1.650826
127.30919427353402,1.65057
127.31569428345301,1.649536
127.32219429337201,1.649023
127.32869430329102,1.648716
127.33519431321001,1.647625
127.341694323129,1.647377
127.34819433304803,1.647451
127.35469434296701,1.646277
127.36119435288602,1.645789
127.36769436280503,1.64584
127.374194372724,1.644711
127.38069438264301,1.643777
127.387194392562,1.643603
127.393694402481,1.642796
127.40019441240003,1.642348
127.406694422319,1.642303
127.41319443223801,1.641204
127.41969444215701,1.640168
127.426194452076,1.640099
127.43269446199501,1.639239
127.439194471914,1.638665
127.445694481833,1.638448
127.45219449175202,1.63715
127.45869450167102,1.636355
127.46519451159001,1.636133
127.47169452150901,1.635376
127.47819453142802,1.635023
127.48469454134701,1.634616
127.491194551266,1.633447
127.49769456118501,1.633198
127.504194571104,1.632747
127.51069458102302,1.631603
127.51719459094203,1.631016
127.523694600861,1.631135
127.53019461078001,1.629931
127.53669462069901,1.629192
127.543194630618,1.628919
127.54969464053701,1.627874
127.55619465045602,1.62728
127.56269466037502,1.627169
127.56919467029401,1.626122
127.57569468021302,1.625666
127.58219469013201,1.625848
127.58869470005101,1.625
127.59519470997002,1.624457
127.601694719889,1.624087
127.60819472980802,1.622997
127.61469473972703,1.62242
127.62119474964601,1.622332
127.62769475956502,1.621029
127.63419476948403,1.62066
127.640694779403,1.620462
127.64719478932201,1.619393
127.653694799241,1.61885
127.66019480916002,1.618592
127.66669481907903,1.617542
127.673194828998,1.617066
127.67969483891702,1.616786
127.68619484883601,1.615729
127.692694858755,1.615234
127.69919486867401,1.614912
127.70569487859301,1.613817
127.712194888512,1.613428
127.71869489843101,1.613332
127.72519490835002,1.612358
127.73169491826901,1.611924
127.73819492818801,1.611676
127.74469493810702,1.610598
127.751194948026,1.609984
127.757694957945,1.609814
127.76419496786403,1.608571
127.77069497778301,1.608316
127.77719498770202,1.607747
127.78369499762103,1.606603
127.79019500754,1.605877
127.79669501745902,1.60583
127.803195027378,1.604594
127.809695037297,1.604304
127.81619504721603,1.604154
127.82269505713501,1.602907
127.82919506705402,1.602578
127.83569507697301,1.602251
127.842195086892,1.601345
127.84869509681101,1.60073
127.85519510673001,1.600416
127.861695116649,1.599226
127.868195126568,1.598732
127.87469513648702,1.598282
127.88119514640601,1.597503
127.88769515632501,1.597115
127.89419516624402,1.596932
127.900695176163,1.596016
127.907195186082,1.595484
127.91369519600103,1.594817
127.92019520592,1.593924
127.92669521583902,1.593628
127.93319522575801,1.593169
127.93969523567701,1.592339
127.94619524559602,1.591955
127.95269525551501,1.591172
127.959195265434,1.590602
127.96569527535301,1.590236
127.97219528527202,1.589531
127.97869529519102,1.588347
127.98519530511001,1.587818
127.99169531502902,1.587052
127.99819532494801,1.586721
128.00469533486702,1.586893
128.01119534478602,1.586195
128.017695354705,1.585401
128.024195364624,1.584705
128.03069537454303,1.584252
128.037195384462,1.583466
128.04369539438102,1.583078
128.05019540429998,1.582611
128.056695414219,1.581637
128.06319542413803,1.581354
128.069695434057,1.580729
128.07619544397602,1.579912
128.082695453895,1.579674
128.089195463814,1.579242
128.095695473733,1.578268
128.10219548365203,1.577629
128.10869549357102,1.57684
128.11519550349,1.576114
128.121695513409,1.57561
128.128195523328,1.575157
128.134695533247,1.574322
128.14119554316602,1.573997
128.14769555308501,1.57341
128.154195563004,1.572687
128.16069557292303,1.571982
128.167195582842,1.571462
128.17369559276102,1.570709
128.18019560268002,1.570695
128.186695612599,1.56986
128.193195622518,1.569018
128.199695632437,1.568791
128.206195642356,1.568193
128.21269565227502,1.567147
128.219195662194,1.566754
128.225695672113,1.566583
128.232195682032,1.565127
128.23869569195102,1.565161
128.24519570187002,1.564397
128.251695711789,1.563499
128.25819572170803,1.563707
128.264695731627,1.562793
128.27119574154602,1.561572
128.27769575146502,1.561444
128.284195761384,1.560724
128.290695771303,1.560104
128.297195781222,1.560095
128.303695791141,1.559006
128.31019580106002,1.558128
128.316695810979,1.55805
128.323195820898,1.557096
128.32969583081703,1.556566
128.336195840736,1.556648
128.34269585065502,1.555941
128.349195860574,1.555162
128.355695870493,1.55443
128.36219588041203,1.553832
128.36869589033103,1.552944
128.37519590025002,1.552571
128.38169591016901,1.552075
128.388195920088,1.551224
128.394695930007,1.551156
128.401195939926,1.550357
128.40769594984502,1.549694
128.414195959764,1.549455
128.420695969683,1.548796
128.42719597960203,1.54814
128.433695989521,1.548104
128.44019599944002,1.547189
128.44669600935902,1.546347
128.453196019278,1.546139
128.459696029197,1.545235
128.46619603911603,1.544657
128.47269604903502,1.544756
128.47919605895402,1.544002
128.485696068873,1.543019
128.492196078792,1.542355
128.498696088711,1.541534
128.50519609863002,1.541477
128.51169610854902,1.541152
128.518196118468,1.540239
128.52469612838703,1.539477
128.531196138306,1.539586
128.53769614822502,1.538258
128.54419615814402,1.537669
128.550696168063,1.537499
128.557196177982,1.536428
128.563696187901,1.535881
128.57019619782002,1.535456
128.57669620773902,1.534575
128.583196217658,1.533987
128.589696227577,1.533688
128.596196237496,1.532853
128.602696247415,1.532031
128.60919625733402,1.531865
128.615696267253,1.531192
128.622196277172,1.530415
128.628696287091,1.530274
128.63519629701003,1.52938
128.64169630692902,1.528856
128.64819631684801,1.528496
128.654696326767,1.527426
128.661196336686,1.526849
128.667696346605,1.52705
128.67419635652402,1.526164
128.68069636644302,1.525383
128.687196376362,1.52513
128.69369638628103,1.523687
128.7001963962,1.5232
128.70669640611902,1.522853
128.713196416038,1.521972
128.719696425957,1.52147
128.72619643587603,1.521422
128.732696445795,1.520333
128.73919645571402,1.519938
128.74569646563302,1.519852
128.752196475552,1.518715
128.758696485471,1.518005
128.76519649539,1.51794
128.771696505309,1.516688
128.778196515228,1.516027
128.784696525147,1.516022
128.791196535066,1.515024
128.797696544985,1.51464
128.80419655490402,1.514516
128.810696564823,1.513383
128.817196574742,1.512746
128.823696584661,1.512485
128.83019659458,1.511474
128.83669660449902,1.510922
128.84319661441802,1.510916
128.849696624337,1.509952
128.856196634256,1.509074
128.862696644175,1.508912
128.869196654094,1.507675
128.87569666401302,1.507387
128.88219667393201,1.507408
128.888696683851,1.506277
128.89519669377,1.505632
128.90169670368903,1.50535
128.90819671360802,1.503732
128.91469672352702,1.503218
128.921196733446,1.503433
128.927696743365,1.5023
128.93419675328403,1.501898
128.94069676320302,1.502222
128.94719677312202,1.500805
128.953696783041,1.499932
128.96019679296,1.500057
128.966696802879,1.499096
128.97319681279802,1.498313
128.979696822717,1.498589
128.986196832636,1.496995
128.992696842555,1.496623
128.999196852474,1.496539
129.00569686239302,1.49552
129.01219687231202,1.494965
129.018696882231,1.494826
129.02519689215,1.493847
129.031696902069,1.493096
129.03819691198802,1.492818
129.04469692190702,1.491468
129.051196931826,1.490952
129.057696941745,1.491039
129.064196951664,1.490069
129.07069696158302,1.489139
129.077196971502,1.489401
129.083696981421,1.488137
129.09019699134004,1.487641
129.096697001259,1.487468
129.10319701117803,1.486285
129.10969702109702,1.485401
129.11619703101601,1.485395
129.122697040935,1.484498
129.129197050854,1.484124
129.135697060773,1.484101
129.142197070692,1.482654
129.14869708061102,1.481947
129.15519709053,1.481918
129.161697100449,1.480952
129.16819711036803,1.480594
129.17469712028702,1.480427
129.18119713020602,1.479068
129.18769714012504,1.478505
129.194197150044,1.478449
129.20069715996303,1.477441
129.20719716988202,1.477086
129.21369717980102,1.477088
129.22019718972,1.475859
129.226697199639,1.475487
129.233197209558,1.475127
129.23969721947702,1.47406
129.246197229396,1.47358
129.252697239315,1.473509
129.259197249234,1.472299
129.265697259153,1.471641
129.27219726907202,1.471853
129.27869727899102,1.470777
129.28519728891,1.470016
129.291697298829,1.470129
129.29819730874803,1.469194
129.30469731866702,1.468438
129.31119732858602,1.467994
129.317697338505,1.466766
129.324197348424,1.466117
129.330697358343,1.46623
129.33719736826203,1.464932
129.343697378181,1.464409
129.3501973881,1.464714
129.35669739801904,1.463197
129.363197407938,1.462418
129.36969741785703,1.462305
129.376197427776,1.461253
129.38269743769501,1.460676
129.389197447614,1.46123
129.395697457533,1.460139
129.40219746745203,1.459473
129.40869747737102,1.459363
129.41519748729002,1.458443
129.421697497209,1.457823
129.428197507128,1.457798
129.434697517047,1.45677
129.441197526966,1.4561
129.44769753688502,1.455902
129.454197546804,1.454692
129.460697556723,1.454386
129.46719756664203,1.454227
129.473697576561,1.453172
129.48019758648002,1.452559
129.486697596399,1.452587
129.493197606318,1.451484
129.499697616237,1.450711
129.506197626156,1.450476
129.51269763607502,1.44917
129.519197645994,1.448588
129.525697655913,1.449083
129.532197665832,1.447472
129.53869767575102,1.447155
129.54519768567002,1.446999
129.551697695589,1.446039
129.558197705508,1.445454
129.56469771542703,1.445371
129.57119772534602,1.444518
129.57769773526502,1.444039
129.584197745184,1.444276
129.590697755103,1.443013
129.597197765022,1.442403
129.60369777494103,1.442627
129.61019778486,1.44134
129.61669779477901,1.440726
129.623197804698,1.440857
129.629697814617,1.439632
129.63619782453603,1.439287
129.642697834455,1.439044
129.64919784437402,1.437891
129.655697854293,1.437279
129.662197864212,1.437523
129.66869787413103,1.436429
129.67519788405002,1.435538
129.68169789396902,1.435553
129.688197903888,1.434462
129.694697913807,1.433926
129.701197923726,1.433734
129.707697933645,1.432429
129.71419794356402,1.432073
129.720697953483,1.431864
129.727197963402,1.430691
129.73369797332103,1.430369
129.74019798324,1.43059
129.74669799315902,1.429299
129.753198003078,1.428539
129.759698012997,1.428729
129.76619802291603,1.427713
129.77269803283502,1.427288
129.77919804275402,1.427134
129.785698052673,1.426175
129.792198062592,1.425599
129.798698072511,1.425234
129.80519808243,1.424416
129.81169809234902,1.423854
129.818198102268,1.424061
129.824698112187,1.422648
129.83119812210603,1.422177
129.837698132025,1.422118
129.84419814194402,1.420961
129.850698151863,1.420788
129.857198161782,1.420748
129.863698171701,1.419428
129.87019818162003,1.418839
129.87669819153902,1.419117
129.88319820145801,1.417908
129.889698211377,1.417391
129.896198221296,1.417637
129.90269823121503,1.416443
129.909198241134,1.415769
129.91569825105302,1.415912
129.922198260972,1.414712
129.928698270891,1.413948
129.93519828081003,1.414145
129.94169829072902,1.412899
129.94819830064802,1.412134
129.954698310567,1.412097
129.961198320486,1.410594
129.967698330405,1.410171
129.974198340324,1.410056
129.98069835024302,1.409063
129.987198360162,1.408727
129.993698370081,1.408694
130.00019838000003,1.407356
130.006698389919,1.406463
130.01319839983802,1.406617
130.019698409757,1.405284
130.026198419676,1.405222
130.03269842959503,1.404963
130.03919843951402,1.404148
130.04569844943302,1.403778
130.052198459352,1.403609
130.058698469271,1.402033
130.06519847919,1.401671
130.071698489109,1.40165
130.07819849902802,1.40063
130.084698508947,1.400236
130.091198518866,1.400033
130.09769852878503,1.398936
130.104198538704,1.398358
130.11069854862302,1.398149
130.11719855854201,1.397134
130.123698568461,1.396535
130.13019857838003,1.396682
130.136698588299,1.3956
130.14319859821802,1.395222
130.14969860813702,1.395134
130.156198618056,1.393859
130.162698627975,1.3932
130.169198637894,1.393254
130.175698647813,1.391751
130.18219865773202,1.391399
130.188698667651,1.391377
130.19519867757,1.390242
130.201698687489,1.38995
130.20819869740802,1.390126
130.21469870732702,1.389059
130.221198717246,1.388317
130.227698727165,1.388338
130.23419873708403,1.387172
130.24069874700302,1.386525
130.24719875692202,1.386471
130.253698766841,1.385112
130.26019877676,1.384738
130.26669878667903,1.384794
130.273198796598,1.383925
130.27969880651702,1.383356
130.28619881643598,1.383628
130.292698826355,1.38224
130.29919883627403,1.38199
130.305698846193,1.382072
130.31219885611202,1.381072
130.318698866031,1.38048
130.32519887595,1.380494
130.331698885869,1.379386
130.33819889578803,1.378992
130.34469890570702,1.378723
130.35119891562601,1.377932
130.357698925545,1.377056
130.364198935464,1.37713
130.370698945383,1.376228
130.37719895530202,1.375305
130.383698965221,1.375447
130.39019897514,1.373899
130.39669898505903,1.374101
130.403198994978,1.374537
130.40969900489702,1.373106
130.41619901481602,1.372623
130.422699024735,1.37288
130.429199034654,1.371891
130.435699044573,1.370954
130.442199054492,1.371089
130.44869906441102,1.370171
130.45519907433,1.36976
130.461699084249,1.36984
130.468199094168,1.3686
130.47469910408702,1.368231
130.48119911400602,1.368136
130.487699123925,1.367175
130.49419913384403,1.366279
130.500699143763,1.366415
130.50719915368202,1.365296
130.51369916360102,1.364502
130.52019917352,1.364722
130.526699183439,1.363729
130.533199193358,1.36323
130.539699203277,1.363051
130.54619921319602,1.362262
130.552699223115,1.361722
130.559199233034,1.36154
130.56569924295303,1.360219
130.572199252872,1.359932
130.57869926279102,1.360229
130.58519927271,1.359118
130.591699282629,1.358705
130.59819929254803,1.358572
130.60469930246703,1.357442
130.61119931238602,1.357124
130.61769932230501,1.356767
130.624199332224,1.355776
130.630699342143,1.355527
130.637199352062,1.355715
130.64369936198102,1.354719
130.6501993719,1.353889
130.656699381819,1.353503
130.66319939173803,1.352747
130.669699401657,1.352501
130.67619941157602,1.352649
130.68269942149502,1.351613
130.689199431414,1.351074
130.695699441333,1.350884
130.70219945125203,1.349795
130.70869946117102,1.349334
130.71519947109002,1.349443
130.721699481009,1.34834
130.728199490928,1.34771
130.734699500847,1.347893
130.74119951076602,1.346911
130.74769952068502,1.346614
130.754199530604,1.346471
130.76069954052304,1.345188
130.767199550442,1.344509
130.77369956036102,1.344828
130.78019957028002,1.34379
130.786699580199,1.343338
130.793199590118,1.343459
130.799699600037,1.342318
130.80619960995602,1.342235
130.81269961987502,1.342041
130.819199629794,1.340699
130.825699639713,1.340205
130.832199649632,1.3405
130.838699659551,1.339442
130.84519966947002,1.33883
130.85169967938901,1.33871
130.858199689308,1.337785
130.864699699227,1.336993
130.87119970914603,1.33759
130.87769971906502,1.336497
130.88419972898402,1.336038
130.890699738903,1.335934
130.897199748822,1.334393
130.903699758741,1.333829
130.91019976866002,1.33381
130.91669977857902,1.332847
130.923199788498,1.331906
130.92969979841703,1.331962
130.936199808336,1.331027
130.94269981825502,1.330526
130.949199828174,1.330669
130.955699838093,1.329603
130.96219984801203,1.328972
130.968699857931,1.329098
130.97519986785002,1.327712
130.98169987776902,1.327406
130.988199887688,1.327531
130.994699897607,1.326487
131.001199907526,1.326084
131.007699917445,1.326271
131.014199927364,1.325146
131.020699937283,1.324758
131.027199947202,1.324786
131.033699957121,1.323628
131.04019996704002,1.322926
131.046699976959,1.323252
131.053199986878,1.321941
131.05969999679704,1.321466
131.066200006716,1.32192
131.07270001663503,1.320682
131.07920002655402,1.320023
131.085700036473,1.320251
131.092200046392,1.319298
131.098700056311,1.318442
131.10520006623,1.318687
131.11170007614902,1.317334
131.11820008606801,1.317003
131.124700095987,1.317262
131.131200105906,1.316221
131.13770011582503,1.315862
131.14420012574402,1.315804
131.15070013566302,1.314824
131.157200145582,1.314767
131.163700155501,1.31458
131.17020016542003,1.31341
131.17670017533902,1.312804
131.18320018525802,1.312768
131.189700195177,1.311737
131.196200205096,1.311074
131.202700215015,1.311212
131.20920022493402,1.309732
131.215700234853,1.309466
131.222200244772,1.309784
131.228700254691,1.308662
131.23520026461,1.308267
131.24170027452902,1.308307
131.24820028444802,1.307324
131.254700294367,1.307039
131.261200304286,1.306804
131.267700314205,1.305776
131.27420032412402,1.305514
131.28070033404302,1.305555
131.287200343962,1.304435
131.293700353881,1.30417
131.3002003638,1.304147
131.30670037371902,1.302938
131.313200383638,1.302503
131.319700393557,1.302491
131.32620040347604,1.301456
131.332700413395,1.301018
131.33920042331403,1.300917
131.34570043323302,1.299766
131.35220044315201,1.299072
131.358700453071,1.299497
131.36520046299,1.298367
131.371700472909,1.297942
131.378200482828,1.297985
131.38470049274702,1.297374
131.391200502666,1.297224
131.397700512585,1.296992
131.40420052250403,1.295838
131.410700532423,1.295533
131.41720054234202,1.295598
131.42370055226104,1.294542
131.43020056218,1.294328
131.43670057209903,1.294054
131.44320058201802,1.293029
131.44970059193702,1.292361
131.456200601856,1.292361
131.462700611775,1.291299
131.469200621694,1.290956
131.47570063161302,1.290866
131.482200641532,1.289497
131.488700651451,1.289082
131.49520066137,1.289354
131.501700671289,1.288038
131.50820068120802,1.287399
131.51470069112702,1.287283
131.521200701046,1.286417
131.527700710965,1.286265
131.53420072088403,1.286172
131.54070073080302,1.284881
131.54720074072202,1.284591
131.553700750641,1.284265
131.56020076056,1.283479
131.566700770479,1.282735
131.57320078039803,1.282717
131.579700790317,1.281933
131.586200800236,1.281744
131.592700810155,1.281572
131.599200820074,1.280558
131.60570082999303,1.279911
131.61220083991202,1.2801
131.61870084983101,1.278891
131.62520085975,1.278689
131.631700869669,1.278534
131.63820087958803,1.277304
131.64470088950702,1.276604
131.65120089942602,1.276914
131.657700909345,1.276226
131.664200919264,1.275876
131.67070092918303,1.276036
131.677200939102,1.274974
131.68370094902102,1.274149
131.69020095894004,1.274364
131.696700968859,1.273184
131.70320097877803,1.272617
131.709700988697,1.272659
131.71620099861602,1.271317
131.722701008535,1.271182
131.729201018454,1.271392
131.735701028373,1.270362
131.74220103829202,1.26985
131.74870104821102,1.270105
131.75520105813,1.269083
131.761701068049,1.2682
131.768201077968,1.268278
131.77470108788702,1.267201
131.78120109780602,1.26678
131.787701107725,1.266692
131.794201117644,1.265569
131.80070112756303,1.265097
131.80720113748202,1.265385
131.81370114740102,1.264369
131.82020115732,1.263821
131.826701167239,1.264096
131.833201177158,1.262778
131.83970118707703,1.262282
131.846201196996,1.262219
131.85270120691501,1.261084
131.859201216834,1.260513
131.865701226753,1.260559
131.87220123667203,1.259616
131.878701246591,1.259188
131.88520125651002,1.259676
131.891701266429,1.25844
131.898201276348,1.258028
131.90470128626703,1.258118
131.91120129618602,1.257244
131.91770130610502,1.256911
131.924201316024,1.25674
131.930701325943,1.25585
131.937201335862,1.255139
131.943701345781,1.25519
131.95020135570002,1.253737
131.956701365619,1.253262
131.963201375538,1.253435
131.96970138545703,1.252264
131.976201395376,1.251925
131.98270140529502,1.252132
131.989201415214,1.250944
131.995701425133,1.250399
132.00220143505203,1.250118
132.00870144497102,1.249172
132.01520145489002,1.249081
132.021701464809,1.249304
132.028201474728,1.248134
132.034701484647,1.247534
132.041201494566,1.247764
132.04770150448502,1.246571
132.054201514404,1.246156
132.060701524323,1.246449
132.06720153424203,1.245281
132.073701544161,1.244692
132.08020155408002,1.244826
132.08670156399901,1.243746
132.093201573918,1.243462
132.099701583837,1.243221
132.106201593756,1.242648
132.11270160367502,1.242386
132.11920161359402,1.24241
132.125701623513,1.241036
132.132201633432,1.240576
132.13870164335103,1.240606
132.14520165327,1.239815
132.15170166318902,1.2394
132.158201673108,1.239672
132.164701683027,1.238746
132.17120169294603,1.238425
132.17770170286502,1.237966
132.18420171278402,1.236912
132.190701722703,1.236609
132.197201732622,1.236691
132.203701742541,1.235817
132.21020175246002,1.235223
132.21670176237902,1.235044
132.223201772298,1.233965
132.229701782217,1.233661
132.23620179213603,1.233944
132.242701802055,1.232977
132.24920181197402,1.232712
132.255701821893,1.23229
132.262201831812,1.231259
132.26870184173103,1.230928
132.27520185165002,1.230992
132.28170186156902,1.230075
132.288201871488,1.229716
132.294701881407,1.230042
132.301201891326,1.228636
132.307701901245,1.228234
132.31420191116402,1.228393
132.320701921083,1.227246
132.327201931002,1.227037
132.33370194092103,1.227469
132.34020195084,1.226246
132.34670196075902,1.225964
132.35320197067801,1.2258
132.359701980597,1.22473
132.36620199051603,1.224276
132.372702000435,1.224518
132.37920201035402,1.223252
132.38570202027302,1.223417
132.392202030192,1.223655
132.398702040111,1.22297
132.40520205003,1.222458
132.411702059949,1.222349
132.41820206986802,1.221128
132.424702079787,1.220532
132.431202089706,1.220514
132.437702099625,1.220044
132.44420210954402,1.219628
132.45070211946302,1.219436
132.457202129382,1.218539
132.463702139301,1.218062
132.47020214922003,1.218074
132.47670215913902,1.216931
132.48320216905802,1.216884
132.489702178977,1.216715
132.496202188896,1.215723
132.50270219881503,1.215668
132.509202208734,1.215564
132.51570221865302,1.214321
132.52220222857198,1.214067
132.528702238491,1.213978
132.53520224841003,1.212896
132.541702258329,1.212646
132.54820226824802,1.212259
132.554702278167,1.211393
132.561202288086,1.211298
132.567702298005,1.211429
132.57420230792403,1.210297
132.58070231784302,1.209893
132.58720232776201,1.209839
132.593702337681,1.209003
132.6002023476,1.208857
132.606702357519,1.208541
132.61320236743802,1.207326
132.619702377357,1.207067
132.626202387276,1.207102
132.63270239719503,1.206169
132.639202407114,1.205937
132.64570241703302,1.205662
132.65220242695202,1.204902
132.658702436871,1.204711
132.66520244679,1.204419
132.671702456709,1.203076
132.678202466628,1.202999
132.68470247654702,1.203305
132.691202486466,1.202349
132.697702496385,1.202554
132.704202506304,1.202171
132.71070251622302,1.201092
132.71720252614202,1.200863
132.723702536061,1.200639
132.73020254598003,1.199709
132.736702555899,1.199376
132.74320256581802,1.199295
132.74970257573702,1.198223
132.756202585656,1.198076
132.762702595575,1.198156
132.769202605494,1.197411
132.775702615413,1.197117
132.78220262533202,1.196692
132.788702635251,1.196178
132.79520264517,1.195478
132.801702655089,1.195256
132.808202665008,1.194329
132.81470267492702,1.194331
132.821202684846,1.194283
132.827702694765,1.193128
132.83420270468403,1.1933
132.84070271460303,1.192713
132.84720272452202,1.191906
132.85370273444101,1.191963
132.86020274436,1.1915
132.866702754279,1.190763
132.873202764198,1.190797
132.87970277411702,1.19056
132.886202784036,1.189751
132.892702793955,1.189397
132.89920280387403,1.188864
132.905702813793,1.187936
132.91220282371202,1.187867
132.91870283363102,1.187508
132.92520284355,1.186754
132.931702853469,1.186663
132.93820286338803,1.186167
132.94470287330702,1.185603
132.95120288322602,1.185666
132.957702893145,1.185422
132.964202903064,1.184852
132.970702912983,1.184536
132.97720292290202,1.183789
132.983702932821,1.183191
132.99020294274,1.183303
132.99670295265904,1.183082
133.003202962578,1.182127
133.00970297249702,1.181917
133.01620298241602,1.181509
133.022702992335,1.180733
133.029203002254,1.180773
133.035703012173,1.180311
133.04220302209202,1.179874
133.04870303201102,1.17964
133.05520304193,1.179265
133.061703051849,1.178591
133.068203061768,1.178718
133.074703071687,1.178043
133.08120308160602,1.177345
133.08770309152501,1.177418
133.094203101444,1.176692
133.100703111363,1.175753
133.10720312128203,1.176188
133.11370313120102,1.175549
133.12020314112002,1.174975
133.126703151039,1.174699
133.133203160958,1.173982
133.139703170877,1.173568
133.14620318079602,1.173684
133.15270319071502,1.173146
133.159203200634,1.172875
133.16570321055303,1.172754
133.172203220472,1.17227
133.17870323039102,1.17156
133.18520324031002,1.171281
133.191703250229,1.170698
133.19820326014803,1.170011
133.20470327006703,1.170409
133.21120327998602,1.169752
133.21770328990502,1.169101
133.224203299824,1.169173
133.230703309743,1.168276
133.237203319662,1.167835
133.24370332958102,1.167863
133.2502033395,1.16709
133.256703349419,1.166705
133.26320335933804,1.16679
133.269703369257,1.165681
133.27620337917602,1.165059
133.282703389095,1.165349
133.289203399014,1.164762
133.29570340893304,1.164077
133.302203418852,1.164279
133.30870342877103,1.163456
133.31520343869002,1.162828
133.32170344860901,1.162962
133.328203458528,1.162145
133.334703468447,1.161588
133.341203478366,1.16182
133.34770348828502,1.160995
133.35420349820401,1.160701
133.360703508123,1.160453
133.367203518042,1.159662
133.37370352796103,1.159221
133.38020353788002,1.159492
133.38670354779902,1.158758
133.393203557718,1.157975
133.399703567637,1.158111
133.40620357755603,1.157411
133.41270358747502,1.157019
133.41920359739402,1.156771
133.425703607313,1.156315
133.432203617232,1.155837
133.438703627151,1.156139
133.44520363707002,1.154977
133.451703646989,1.154405
133.458203656908,1.154218
133.464703666827,1.153326
133.471203676746,1.152691
133.47770368666502,1.152899
133.48420369658402,1.152127
133.490703706503,1.151773
133.497203716422,1.152025
133.503703726341,1.150879
133.51020373626002,1.150465
133.51670374617902,1.150913
133.523203756098,1.150079
133.529703766017,1.149456
133.536203775936,1.149519
133.54270378585502,1.148529
133.549203795774,1.147989
133.555703805693,1.148072
133.56220381561204,1.146914
133.568703825531,1.146456
133.57520383545003,1.146731
133.58170384536902,1.145724
133.58820385528801,1.145002
133.594703865207,1.145477
133.601203875126,1.144547
133.607703885045,1.144392
133.614203894964,1.14456
133.62070390488302,1.143565
133.627203914802,1.14343
133.633703924721,1.143266
133.64020393464003,1.142442
133.646703944559,1.142042
133.65320395447802,1.142514
133.65970396439704,1.14164
133.666203974316,1.140927
133.67270398423503,1.141236
133.679203994154,1.140359
133.68570400407302,1.139976
133.692204013992,1.140259
133.698704023911,1.139092
133.70520403383,1.138551
133.71170404374902,1.138898
133.718204053668,1.137608
133.724704063587,1.137269
133.731204073506,1.137706
133.737704083425,1.136579
133.74420409334402,1.13605
133.75070410326302,1.136618
133.757204113182,1.135613
133.763704123101,1.135223
133.77020413302003,1.135386
133.77670414293902,1.134313
133.78320415285802,1.1344
133.789704162777,1.134466
133.796204172696,1.133141
133.802704182615,1.133252
133.80920419253403,1.133343
133.815704202453,1.132365
133.82220421237201,1.131949
133.828704222291,1.132276
133.83520423221,1.131186
133.84170424212903,1.130795
133.84820425204802,1.131426
133.85470426196702,1.130224
133.861204271886,1.129738
133.867704281805,1.13003
133.87420429172403,1.12885
133.88070430164302,1.128477
133.88720431156202,1.128516
133.893704321481,1.127421
133.9002043314,1.126796
133.90670434131903,1.127126
133.913204351238,1.125939
133.91970436115702,1.125724
133.92620437107604,1.126214
133.932704380995,1.125099
133.93920439091403,1.124555
133.945704400833,1.124954
133.95220441075202,1.123779
133.958704420671,1.123624
133.96520443059,1.123751
133.971704440509,1.122572
133.97820445042802,1.122658
133.98470446034702,1.122953
133.991204470266,1.121603
133.997704480185,1.121415
134.004204490104,1.121682
134.010704500023,1.120189
134.01720450994202,1.119837
134.023704519861,1.120255
134.03020452978,1.119105
134.03670453969903,1.119153
134.04320454961803,1.119338
134.04970455953702,1.118232
134.056204569456,1.118087
134.062704579375,1.118741
134.069204589294,1.117839
134.07570459921303,1.117326
134.082204609132,1.117374
134.08870461905101,1.116381
134.09520462897,1.116262
134.101704638889,1.11629
134.10820464880803,1.115343
134.114704658727,1.114711
134.12120466864602,1.115023
134.127704678565,1.114062
134.134204688484,1.113746
134.14070469840303,1.113533
134.14720470832202,1.112111
134.15370471824102,1.111808
134.16020472816,1.112106
134.166704738079,1.110953
134.173204747998,1.110793
134.179704757917,1.111111
134.18620476783602,1.110064
134.192704777755,1.110103
134.199204787674,1.110435
134.20570479759303,1.109142
134.212204807512,1.109033
134.21870481743102,1.108795
134.22520482735,1.107488
134.231704837269,1.107268
134.23820484718803,1.107676
134.24470485710702,1.10625
134.25120486702602,1.106296
134.257704876945,1.106343
134.264204886864,1.105845
134.270704896783,1.105235
134.277204906702,1.105232
134.28370491662102,1.104193
134.29020492654,1.103797
134.296704936459,1.104157
134.30320494637803,1.103041
134.309704956297,1.102811
134.31620496621602,1.102686
134.32270497613501,1.101861
134.329204986054,1.101836
134.335704995973,1.10195
134.342205005892,1.101033
134.34870501581102,1.100486
134.35520502573002,1.100793
134.361705035649,1.099587
134.368205045568,1.099167
134.374705055487,1.099729
134.381205065406,1.098617
134.38770507532502,1.097944
134.394205085244,1.098333
134.400705095163,1.097225
134.40720510508203,1.096862
134.41370511500102,1.097146
134.42020512492002,1.096196
134.426705134839,1.095724
134.433205144758,1.095931
134.439705154677,1.095097
134.44620516459602,1.094634
134.45270517451502,1.095163
134.459205184434,1.09365
134.465705194353,1.093556
134.47220520427203,1.093805
134.478705214191,1.092607
134.48520522411002,1.092019
134.491705234029,1.092208
134.498205243948,1.09087
134.50470525386703,1.090516
134.51120526378602,1.090678
134.51770527370502,1.089305
134.524205283624,1.088734
134.530705293543,1.088905
134.537205303462,1.087568
134.543705313381,1.08738
134.55020532330002,1.0876
134.556705333219,1.086454
134.563205343138,1.085997
134.56970535305703,1.086229
134.576205362976,1.085135
134.58270537289502,1.085079
134.58920538281401,1.085001
134.595705392733,1.084208
134.60220540265203,1.083799
134.608705412571,1.083926
134.61520542249002,1.082709
134.62170543240902,1.081685
134.628205442328,1.081957
134.634705452247,1.081051
134.641205462166,1.08058
134.647705472085,1.080753
134.65420548200402,1.07946
134.660705491923,1.079154
134.667205501842,1.079236
134.673705511761,1.077811
134.68020552168002,1.077398
134.68670553159902,1.077487
134.693205541518,1.076529
134.69970555143703,1.076204
134.706205561356,1.076544
134.71270557127502,1.074862
134.71920558119402,1.074633
134.725705591113,1.074794
134.732205601032,1.073834
134.73870561095103,1.072973
134.74520562087,1.07291
134.75170563078902,1.071924
134.758205640708,1.071383
134.764705650627,1.071511
134.77120566054603,1.069552
134.77770567046502,1.068848
134.78420568038402,1.068665
134.790705690303,1.067251
134.797205700222,1.066128
134.803705710141,1.066014
134.81020572006003,1.064138
134.81670572997902,1.063414
134.82320573989801,1.062958
134.829705749817,1.06056
134.83620575973603,1.059301
134.842705769655,1.058802
134.84920577957402,1.056673
134.855705789493,1.055401
134.862205799412,1.055415
134.86870580933103,1.053536
134.87520581925,1.052499
134.88170582916902,1.052474
134.88820583908802,1.050638
134.894705849007,1.049352
134.901205858926,1.04958
134.907705868845,1.047493
134.91420587876402,1.046641
134.92070588868302,1.046656
134.927205898602,1.045056
134.933705908521,1.043842
134.94020591844,1.043739
134.94670592835902,1.042123
134.95320593827802,1.041487
134.959705948197,1.04136
134.96620595811603,1.039852
134.972705968035,1.038884
134.97920597795402,1.039275
134.98570598787302,1.0382
134.992205997792,1.037873
134.998706007711,1.037864
135.00520601763,1.036856
135.011706027549,1.036534
135.01820603746802,1.036861
135.024706047387,1.035374
135.031206057306,1.0353
135.037706067225,1.035895
135.044206077144,1.034475
135.05070608706302,1.034372
135.05720609698201,1.034902
135.063706106901,1.033884
135.07020611682,1.033824
135.07670612673903,1.034316
135.08320613665802,1.03336
135.08970614657702,1.032916
135.096206156496,1.033411
135.102706166415,1.032651
135.109206176334,1.032126
135.11570618625302,1.032877
135.122206196172,1.031818
135.128706206091,1.031539
135.13520621601003,1.032052
135.141706225929,1.031033
135.14820623584802,1.030811
135.15470624576702,1.031277
135.161206255686,1.030321
135.167706265605,1.029754
135.17420627552403,1.030268
135.18070628544302,1.029353
135.18720629536202,1.028824
135.193706305281,1.029658
135.2002063152,1.028822
135.206706325119,1.028796
135.21320633503802,1.029501
135.219706344957,1.02831
135.226206354876,1.028201
135.23270636479504,1.028804
135.239206374714,1.027659
135.24570638463302,1.027796
135.25220639455202,1.028443
135.258706404471,1.027417
135.26520641439,1.027046
135.271706424309,1.027353
135.27820643422803,1.026622
135.28470644414702,1.026328
135.291206454066,1.026979
135.297706463985,1.026002
135.304206473904,1.025513
135.310706483823,1.026435
135.31720649374202,1.025714
135.32370650366101,1.025864
135.33020651358,1.026276
135.336706523499,1.025127
135.34320653341803,1.0251
135.34970654333702,1.025522
135.35620655325602,1.024838
135.362706563175,1.024561
135.369206573094,1.02533
135.375706583013,1.024427
135.38220659293202,1.024383
135.38870660285102,1.025027
135.39520661277,1.024005
135.401706622689,1.024054
135.408206632608,1.024236
135.41470664252702,1.023264
135.42120665244602,1.023144
135.427706662365,1.023476
135.43420667228403,1.022595
135.44070668220303,1.022492
135.44720669212202,1.023286
135.45370670204102,1.022272
135.46020671196,1.022321
135.466706721879,1.02318
135.473206731798,1.022459
135.47970674171702,1.022135
135.486206751636,1.022727
135.492706761555,1.021702
135.49920677147404,1.021289
135.505706781393,1.021806
135.51220679131202,1.020846
135.518706801231,1.020798
135.52520681115,1.021468
135.53170682106904,1.02065
135.538206830988,1.020669
135.54470684090703,1.021078
135.55120685082602,1.020082
135.55770686074501,1.020044
135.564206870664,1.020536
135.570706880583,1.019615
135.577206890502,1.019613
135.583706900421,1.020093
135.59020691034002,1.019245
135.596706920259,1.019007
135.603206930178,1.019694
135.60970694009703,1.018891
135.61620695001602,1.018714
135.62270695993502,1.019107
135.629206969854,1.018227
135.635706979773,1.01804
135.64220698969203,1.018452
135.64870699961102,1.017485
135.65520700953002,1.017203
135.661707019449,1.018054
135.668207029368,1.017703
135.674707039287,1.017332
135.68120704920602,1.017781
135.687707059125,1.0169
135.694207069044,1.016626
135.700707078963,1.01714
135.707207088882,1.016654
135.71370709880102,1.016356
135.72020710872002,1.01705
135.726707118639,1.016247
135.733207128558,1.0162
135.739707138477,1.017028
135.74620714839602,1.016295
135.75270715831502,1.016295
135.759207168234,1.016671
135.765707178153,1.015412
135.772207188072,1.015817
135.77870719799103,1.016808
135.78520720791,1.01573
135.791707217829,1.015897
135.79820722774804,1.016389
135.804707237667,1.015474
135.81120724758603,1.01563
135.81770725750502,1.016094
135.82420726742401,1.015434
135.830707277343,1.015609
135.837207287262,1.016145
135.843707297181,1.015108
135.8502073071,1.014957
135.85670731701902,1.015636
135.863207326938,1.014582
135.869707336857,1.014344
135.87620734677603,1.014943
135.882707356695,1.014094
135.88920736661402,1.014097
135.89570737653304,1.014761
135.902207386452,1.013994
135.90870739637103,1.013672
135.91520740629,1.014411
135.92170741620902,1.013979
135.928207426128,1.013814
135.934707436047,1.014141
135.941207445966,1.013415
135.94770745588502,1.013395
135.954207465804,1.014112
135.960707475723,1.013368
135.967207485642,1.013167
135.973707495561,1.013209
135.98020750548002,1.012578
135.98670751539902,1.012357
135.993207525318,1.013198
135.999707535237,1.012362
136.00620754515603,1.012121
136.01270755507502,1.012829
136.01920756499402,1.012036
136.025707574913,1.012201
136.032207584832,1.012695
136.038707594751,1.011795
136.04520760467003,1.011566
136.051707614589,1.012078
136.05820762450801,1.011397
136.064707634427,1.011456
136.071207644346,1.011983
136.07770765426503,1.010918
136.08420766418402,1.0108
136.09070767410302,1.011283
136.097207684022,1.010664
136.103707693941,1.010899
136.11020770386003,1.011677
136.11670771377902,1.010836
136.12320772369802,1.010445
136.129707733617,1.01058
136.136207743536,1.009796
136.14270775345503,1.009841
136.149207763374,1.010968
136.15570777329302,1.010059
136.16220778321204,1.009875
136.168707793131,1.010532
136.17520780305003,1.009419
136.181707812969,1.009327
136.18820782288802,1.010082
136.194707832807,1.009078
136.201207842726,1.008943
136.207707852645,1.009389
136.21420786256402,1.008891
136.22070787248302,1.008937
136.227207882402,1.009449
136.233707892321,1.008816
136.24020790224,1.008902
136.246707912159,1.009411
136.25320792207802,1.008592
136.259707931997,1.008604
136.266207941916,1.00938
136.27270795183503,1.008207
136.279207961754,1.007993
136.28570797167302,1.008583
136.29220798159201,1.007645
136.298707991511,1.00785
136.30520800143,1.008665
136.31170801134903,1.008221
136.318208021268,1.008219
136.32470803118701,1.008427
136.331208041106,1.00779
136.337708051025,1.007972
136.34420806094403,1.008623
136.35070807086302,1.00775
136.35720808078202,1.007829
136.363708090701,1.008011
136.37020810062003,1.007467
136.37670811053903,1.007562
136.38320812045802,1.007928
136.38970813037702,1.007127
136.396208140296,1.007082
136.402708150215,1.00755
136.40920816013403,1.006913
136.415708170053,1.006737
136.42220817997202,1.007169
136.428708189891,1.006497
136.43520819981,1.006442
136.44170820972903,1.006908
136.448208219648,1.006006
136.45470822956702,1.00598
136.461208239486,1.00654
136.467708249405,1.005715
136.47420825932403,1.00598
136.48070826924302,1.006382
136.48720827916202,1.005751
136.493708289081,1.005431
136.500208299,1.006284
136.506708308919,1.005478
136.513208318838,1.005595
136.51970832875702,1.006447
136.526208338676,1.005368
136.532708348595,1.005204
136.53920835851403,1.005772
136.545708368433,1.005244
136.55220837835202,1.004931
136.55870838827101,1.005156
136.56520839819,1.004316
136.571708408109,1.004542
136.578208418028,1.005005
136.58470842794702,1.004014
136.59120843786602,1.004237
136.597708447785,1.004549
136.604208457704,1.004086
136.610708467623,1.004251
136.617208477542,1.004862
136.62370848746102,1.004206
136.63020849738,1.003797
136.636708507299,1.004342
136.64320851721803,1.003892
136.64970852713702,1.003749
136.65620853705602,1.004615
136.662708546975,1.004027
136.669208556894,1.003873
136.675708566813,1.004608
136.68220857673202,1.003785
136.68870858665102,1.003648
136.69520859657,1.004856
136.701708606489,1.00413
136.70820861640803,1.004044
136.714708626327,1.004614
136.72120863624602,1.00365
136.727708646165,1.003575
136.734208656084,1.004045
136.74070866600303,1.002896
136.74720867592202,1.003222
136.75370868584102,1.003992
136.76020869576,1.003134
136.766708705679,1.002863
136.773208715598,1.003395
136.779708725517,1.00271
136.78620873543602,1.002625
136.79270874535501,1.003423
136.799208755274,1.002774
136.80570876519303,1.002771
136.812208775112,1.003559
136.81870878503102,1.002791
136.82520879495002,1.002722
136.831708804869,1.00343
136.83820881478803,1.00287
136.844708824707,1.002882
136.85120883462602,1.003629
136.85770884454502,1.002553
136.864208854464,1.002367
136.870708864383,1.003052
136.877208874302,1.002083
136.883708884221,1.001837
136.89020889414002,1.002684
136.896708904059,1.001866
136.903208913978,1.00178
136.909708923897,1.002348
136.91620893381602,1.001488
136.92270894373502,1.001431
136.929208953654,1.002239
136.93570896357303,1.001609
136.942208973492,1.001761
136.94870898341102,1.002414
136.95520899333002,1.001532
136.961709003249,1.001513
136.968209013168,1.002083
136.974709023087,1.0016
136.981209033006,1.00166
136.98770904292502,1.002447
136.994209052844,1.001302
137.000709062763,1.001151
137.00720907268203,1.002087
137.01370908260103,1.001756
137.02020909252002,1.001662
137.026709102439,1.001863
137.033209112358,1.001462
137.039709122277,1.002098
137.04620913219603,1.002695
137.05270914211502,1.001748
137.05920915203401,1.001571
137.065709161953,1.002445
137.07220917187203,1.001507
137.078709181791,1.001401
137.08520919171002,1.001725
137.091709201629,1.001075
137.098209211548,1.001411
137.10470922146703,1.00184
137.111209231386,1.001101
137.11770924130502,1.000895
137.12420925122402,1.001678
137.130709261143,1.000713
137.137209271062,1.000793
137.143709280981,1.001125
137.15020929090002,1.000555
137.15670930081902,1.000879
137.163209310738,1.001118
137.169709320657,1.000457
137.176209330576,1.000378
137.18270934049502,1.000634
137.18920935041402,1.000214
137.195709360333,1.000435
137.20220937025204,1.000982
137.208709380171,1.000356
137.21520939009002,1.000578
137.22170940000902,1.000914
137.228209409928,1.000203
137.234709419847,1.000336
137.241209429766,1.00047
137.247709439685,0.999707
137.25420944960402,0.999994
137.260709459523,1.000143
137.267209469442,0.999257
137.273709479361,0.999537
137.28020948928,1.00013
137.28670949919902,0.999365
137.29320950911801,0.999216
137.299709519037,1.00002
137.306209528956,0.999207
137.31270953887503,0.999497
137.31920954879402,1.000011
137.32570955871302,0.999294
137.332209568632,0.999324
137.338709578551,0.999178
137.34520958847,0.998758
137.35170959838902,0.999013
137.358209608308,0.999216
137.364709618227,0.998764
137.37120962814603,0.999063
137.377709638065,0.998973
137.38420964798402,0.998307
137.39070965790302,0.998774
137.397209667822,0.99874
137.40370967774103,0.998483
137.41020968766003,0.998926
137.41670969757902,0.99916
137.42320970749802,0.99892
137.429709717417,0.998918
137.436209727336,0.998922
137.442709737255,0.998158
137.44920974717402,0.998896
137.455709757093,0.998836
137.462209767012,0.998205
137.46870977693104,0.998532
137.47520978685,0.99855
137.48170979676902,0.998086
137.488209806688,0.998381
137.494709816607,0.9987
137.501209826526,0.997985
137.507709836445,0.99839
137.51420984636403,0.998666
137.52070985628302,0.998187
137.527209866202,0.998694
137.533709876121,0.99902
137.54020988604,0.998344
137.546709895959,0.998639
137.55320990587802,0.998549
137.55970991579701,0.997916
137.566209925716,0.998135
137.572709935635,0.998443
137.57920994555403,0.998264
137.58570995547302,0.998515
137.59220996539202,0.998659
137.598709975311,0.998049
137.60520998523,0.99839
137.611709995149,0.998511
137.61821000506802,0.998058
137.62471001498702,0.998294
137.631210024906,0.99865
137.637710034825,0.998042
137.644210044744,0.998302
137.65071005466302,0.998237
137.65721006458202,0.998007
137.663710074501,0.99824
137.67021008442,0.998049
137.67671009433903,0.997524
137.68321010425802,0.997985
137.68971011417702,0.997942
137.696210124096,0.997648
137.702710134015,0.997808
137.709210143934,0.997785
137.71571015385302,0.997741
137.722210163772,0.998173
137.728710173691,0.998149
137.73521018361004,0.997814
137.741710193529,0.998001
137.74821020344802,0.997907
137.754710213367,0.99739
137.761210223286,0.997779
137.76771023320504,0.997636
137.774210243124,0.997137
137.78071025304303,0.997993
137.78721026296202,0.997744
137.79371027288101,0.997609
137.8002102828,0.997829
137.806710292719,0.99792
137.813210302638,0.997524
137.819710312557,0.998102
137.82621032247602,0.997632
137.832710332395,0.997274
137.839210342314,0.997971
137.84571035223303,0.997926
137.852210362152,0.997656
137.85871037207102,0.99828
137.86521038199,0.997972
137.871710391909,0.997595
137.87821040182803,0.997853
137.88471041174702,0.997194
137.89121042166602,0.997212
137.897710431585,0.998219
137.904210441504,0.99764
137.910710451423,0.997071
137.91721046134202,0.997848
137.92371047126102,0.997214
137.93021048118,0.99714
137.936710491099,0.997466
137.94321050101803,0.997542
137.94971051093702,0.997321
137.95621052085602,0.997884
137.962710530775,0.997748
137.969210540694,0.997463
137.975710550613,0.998109
137.98221056053202,0.997883
137.98871057045102,0.997271
137.99521058037,0.99782
138.001710590289,0.997367
138.008210600208,0.997251
138.01471061012703,0.998095
138.021210620046,0.997689
138.02771062996501,0.997392
138.03421063988404,0.998007
138.040710649803,0.997828
138.04721065972203,0.997617
138.05371066964102,0.998022
138.06021067956002,0.997709
138.066710689479,0.997615
138.073210699398,0.998054
138.079710709317,0.997931
138.08621071923602,0.997636
138.09271072915502,0.998167
138.099210739074,0.997348
138.105710748993,0.997352
138.11221075891203,0.998016
138.118710768831,0.997714
138.12521077875002,0.997324
138.13171078866904,0.99803
138.138210798588,0.997903
138.14471080850703,0.997447
138.151210818426,0.998238
138.15771082834502,0.997695
138.164210838264,0.997538
138.170710848183,0.998536
138.177210858102,0.998055
138.183710868021,0.997809
138.19021087794,0.99838
138.196710887859,0.997651
138.203210897778,0.997537
138.209710907697,0.998356
138.21621091761602,0.997943
138.22271092753502,0.997911
138.229210937454,0.998468
138.235710947373,0.997974
138.24221095729203,0.997704
138.24871096721103,0.998453
138.25521097713002,0.998073
138.261710987049,0.997841
138.268210996968,0.998686
138.274711006887,0.998442
138.28121101680603,0.99783
138.287711026725,0.998464
138.29421103664401,0.998197
138.300711046563,0.997922
138.307211056482,0.998413
138.31371106640103,0.99775
138.32021107632002,0.997909
138.32671108623902,0.998547
138.333211096158,0.998125
138.339711106077,0.997967
138.34621111599603,0.998816
138.35271112591502,0.997997
138.35921113583402,0.997873
138.365711145753,0.998645
138.372211155672,0.998123
138.37871116559103,0.998248
138.38521117551,0.998757
138.39171118542902,0.997943
138.39821119534804,0.997985
138.404711205267,0.998408
138.41121121518603,0.997586
138.417711225105,0.997457
138.42421123502402,0.998292
138.430711244943,0.99783
138.437211254862,0.997678
138.443711264781,0.998063
138.45021127470002,0.997532
138.45671128461902,0.99768
138.463211294538,0.998438
138.469711304457,0.997959
138.476211314376,0.997966
138.482711324295,0.998719
138.48921133421402,0.997795
138.495711344133,0.998048
138.502211354052,0.998444
138.50871136397103,0.997654
138.51521137389,0.997813
138.52171138380902,0.998557
138.52821139372801,0.997818
138.534711403647,0.997474
138.541211413566,0.99814
138.547711423485,0.997912
138.554211433404,0.997907
138.56071144332302,0.998373
138.567211453242,0.997397
138.573711463161,0.997396
138.58021147308003,0.998264
138.58671148299902,0.997268
138.59321149291802,0.997414
138.599711502837,0.998294
138.60621151275603,0.997582
138.61271152267503,0.997438
138.61921153259402,0.997984
138.62571154251302,0.997419
138.632211552432,0.997157
138.638711562351,0.998003
138.64521157227003,0.997128
138.651711582189,0.997091
138.65821159210802,0.997796
138.664711602027,0.99728
138.671211611946,0.99778
138.67771162186503,0.998445
138.684211631784,0.997776
138.69071164170302,0.997764
138.697211651622,0.998466
138.703711661541,0.997816
138.71021167146003,0.997639
138.71671168137902,0.998488
138.72321169129802,0.99759
138.729711701217,0.997311
138.736211711136,0.998404
138.742711721055,0.997739
138.749211730974,0.997854
138.75571174089302,0.998594
138.762211750812,0.99767
138.768711760731,0.997458
138.77521177065003,0.998491
138.781711780569,0.997813
138.78821179048802,0.998216
138.79471180040701,0.998708
138.801211810326,0.997729
138.807711820245,0.997766
138.814211830164,0.99872
138.82071184008302,0.997851
138.82721185000202,0.997803
138.833711859921,0.998685
138.84021186984,0.998057
138.846711879759,0.998174
138.853211889678,0.998876
138.85971189959702,0.9978
138.866211909516,0.997773
138.872711919435,0.998765
138.879211929354,0.99785
138.88571193927302,0.997928
138.89221194919202,0.99817
138.898711959111,0.997753
138.90521196903,0.997656
138.911711978949,0.998895
138.91821198886802,0.998045
138.92471199878702,0.998044
138.931212008706,0.99874
138.937712018625,0.998255
138.94421202854403,0.998059
138.950712038463,0.998601
138.95721204838202,0.99779
138.963712058301,0.997821
138.97021206822,0.998678
138.97671207813903,0.998121
138.98321208805802,0.99773
138.98971209797702,0.998602
138.996212107896,0.997843
139.002712117815,0.997697
139.009212127734,0.998567
139.015712137653,0.99812
139.02221214757202,0.998199
139.02871215749101,0.998899
139.03521216741,0.997997
139.04171217732903,0.998
139.048212187248,0.998803
139.05471219716702,0.998121
139.061212207086,0.997988
139.067712217005,0.998931
139.07421222692403,0.998071
139.080712236843,0.99789
139.08721224676202,0.998818
139.09371225668102,0.997839
139.1002122666,0.997924
139.106712276519,0.998871
139.113212286438,0.998126
139.119712296357,0.998311
139.12621230627602,0.998822
139.132712316195,0.998203
139.139212326114,0.998094
139.145712336033,0.999011
139.15221234595202,0.998329
139.15871235587102,0.998234
139.16521236579,0.998637
139.17171237570903,0.997987
139.178212385628,0.998263
139.18471239554702,0.998864
139.19121240546602,0.998254
139.197712415385,0.998198
139.204212425304,0.999139
139.210712435223,0.998617
139.217212445142,0.998507
139.22371245506102,0.999042
139.23021246498,0.998254
139.236712474899,0.998273
139.243212484818,0.998961
139.24971249473703,0.998167
139.25621250465602,0.998017
139.26271251457501,0.998789
139.269212524494,0.997793
139.275712534413,0.998006
139.28221254433203,0.998799
139.28871255425102,0.997667
139.29521256417001,0.997832
139.301712574089,0.998444
139.30821258400803,0.997725
139.314712593927,0.997844
139.32121260384602,0.998645
139.327712613765,0.997854
139.334212623684,0.997989
139.34071263360303,0.998506
139.347212643522,0.997824
139.35371265344102,0.997915
139.36021266336002,0.998704
139.366712673279,0.997922
139.373212683198,0.997779
139.379712693117,0.998455
139.38621270303602,0.998038
139.39271271295502,0.998176
139.399212722874,0.998628
139.405712732793,0.997989
139.412212742712,0.99792
139.41871275263102,0.998543
139.42521276255002,0.997606
139.431712772469,0.997894
139.43821278238804,0.998419
139.444712792307,0.997663
139.45121280222602,0.99786
139.45771281214502,0.998783
139.464212822064,0.99791
139.470712831983,0.997626
139.477212841902,0.998725
139.483712851821,0.997964
139.49021286174002,0.997728
139.496712871659,0.998203
139.503212881578,0.997433
139.509712891497,0.997546
139.51621290141603,0.998375
139.52271291133502,0.997558
139.52921292125401,0.997664
139.53571293117304,0.998411
139.542212941092,0.997754
139.54871295101103,0.99769
139.55521296093002,0.9986
139.56171297084902,0.997715
139.568212980768,0.997443
139.574712990687,0.998046
139.581213000606,0.997406
139.58771301052502,0.99754
139.594213020444,0.998237
139.600713030363,0.997479
139.60721304028203,0.997396
139.613713050201,0.998556
139.62021306012002,0.997995
139.62671307003902,0.99799
139.633213079958,0.998603
139.63971308987703,0.997805
139.64621309979603,0.997906
139.65271310971502,0.998634
139.65921311963402,0.997287
139.665713129553,0.997238
139.672213139472,0.998393
139.678713149391,0.997663
139.68521315931002,0.997907
139.691713169229,0.998068
139.698213179148,0.997682
139.70471318906704,0.997783
139.711213198986,0.998487
139.71771320890502,0.997346
139.724213218824,0.997492
139.730713228743,0.998272
139.737213238662,0.997941
139.743713248581,0.998004
139.75021325850003,0.998756
139.75671326841902,0.997837
139.76321327833801,0.997882
139.769713288257,0.998501
139.776213298176,0.997791
139.782713308095,0.997708
139.78921331801402,0.998315
139.79571332793302,0.997704
139.802213337852,0.997781
139.808713347771,0.998458
139.81521335769003,0.997736
139.82171336760902,0.997848
139.82821337752802,0.998647
139.834713387447,0.99791
139.841213397366,0.997916
139.847713407285,0.998568
139.85421341720402,0.998086
139.86071342712302,0.998141
139.867213437042,0.998857
139.873713446961,0.998046
139.88021345688,0.998397
139.88671346679902,0.999285
139.89321347671802,0.998369
139.899713486637,0.998628
139.906213496556,0.999258
139.91271350647503,0.998474
139.91921351639402,0.998859
139.92571352631302,0.999371
139.932213536232,0.998659
139.938713546151,0.998669
139.94521355607,0.999513
139.95171356598902,0.998771
139.958213575908,0.998729
139.964713585827,0.999634
139.97121359574604,0.998677
139.977713605665,0.998877
139.98421361558403,0.999699
139.990713625503,0.998781
139.997213635422,0.998547
140.00371364534104,0.999582
140.01021365526,0.998706
140.01671366517903,0.998701
140.02321367509802,0.999509
140.02971368501701,0.998949
140.036213694936,0.998999
140.042713704855,0.999747
140.049213714774,0.998853
140.055713724693,0.998758
140.06221373461202,0.999712
140.068713744531,0.998923
140.07521375445,0.998952
140.08171376436903,0.999854
140.088213774288,0.999156
140.09471378420702,0.999162
140.101213794126,0.999692
140.107713804045,0.999025
140.11421381396403,0.998845
140.12071382388302,0.999591
140.12721383380202,0.998852
140.133713843721,0.999134
140.14021385364,0.999919
140.146713863559,0.999119
140.15321387347802,0.999319
140.15971388339702,0.999814
140.166213893316,0.999232
140.172713903235,0.999252
140.17921391315403,1.000137
140.18571392307302,0.999061
140.19221393299202,0.999318
140.198713942911,0.999985
140.20521395283,0.999501
140.211713962749,0.999563
140.21821397266802,1.000329
140.22471398258702,0.999593
140.231213992506,0.999518
140.237714002425,1.000368
140.244214012344,0.999621
140.25071402226303,0.999554
140.257214032182,1.000541
140.26371404210101,0.999549
140.27021405202,0.999593
140.276714061939,1.000515
140.28321407185803,0.999706
140.28971408177702,0.999839
140.29621409169602,1.000769
140.302714101615,0.999867
140.309214111534,0.99966
140.315714121453,1.000575
140.32221413137202,0.999935
140.32871414129102,1.000296
140.33521415121,1.000572
140.341714161129,0.999893
140.34821417104803,0.999743
140.354714180967,1.000234
140.36121419088602,0.99983
140.36771420080504,1.000174
140.374214210724,1.000641
140.38071422064303,1.000073
140.387214230562,0.999777
140.39371424048102,1.000758
140.4002142504,0.999969
140.406714260319,1.000024
140.413214270238,1.000688
140.419714280157,1.000072
140.426214290076,1.000209
140.432714299995,1.000859
140.439214309914,1.000103
140.445714319833,1.000209
140.452214329752,1.001152
140.45871433967102,1.000282
140.46521434959,1.000204
140.471714359509,1.001094
140.47821436942803,1.000386
140.48471437934703,1.000335
140.49121438926602,1.00086
140.497714399185,1.000215
140.504214409104,1.000361
140.510714419023,1.000676
140.51721442894203,0.999997
140.523714438861,0.999761
140.53021444878001,1.000648
140.536714458699,1.000433
140.543214468618,1.000521
140.54971447853703,1.000943
140.55621448845602,1.000407
140.56271449837502,1.000486
140.569214508294,1.001177
140.57571451821303,1.000435
140.58221452813203,1.000076
140.58871453805102,1.000515
140.59521454797002,1.000064
140.601714557889,1.000617
140.608214567808,1.001254
140.61471457772703,0.999995
140.621214587646,1.000205
140.62771459756502,1.00106
140.63421460748404,1.000582
140.640714617403,1.00058
140.64721462732203,1.001343
140.653714637241,1.000688
140.66021464716002,1.000755
140.666714657079,1.001529
140.673214666998,1.000927
140.679714676917,1.001047
140.68621468683602,1.001799
140.69271469675502,1.000979
140.699214706674,1.001127
140.705714716593,1.001771
140.712214726512,1.000961
140.718714736431,1.000796
140.72521474635002,1.001362
140.731714756269,1.000758
140.738214766188,1.000724
140.74471477610703,1.001693
140.751214786026,1.000791
140.75771479594502,1.000804
140.76421480586401,1.001548
140.770714815783,1.000587
140.777214825702,1.000849
140.783714835621,1.001479
140.79021484554002,1.000797
140.79671485545902,1.000791
140.803214865378,1.001888
140.809714875297,1.001102
140.81621488521603,1.001191
140.82271489513502,1.001885
140.82921490505402,1.000954
140.835714914973,1.000762
140.84221492489203,1.001486
140.84871493481103,1.00075
140.85521494473002,1.001143
140.86171495464902,1.002068
140.868214964568,1.000798
140.874714974487,1.001323
140.88121498440603,1.001825
140.887714994325,1.000949
140.89421500424402,1.001064
140.900715014163,1.001866
140.907215024082,1.000988
140.91371503400103,1.001023
140.92021504392,1.001709
140.92671505383902,1.001045
140.933215063758,1.001407
140.939715073677,1.001884
140.94621508359603,1.001159
140.95271509351502,1.001508
140.95921510343402,1.002089
140.965715113353,1.001316
140.972215123272,1.001554
140.978715133191,1.001931
140.98521514311,1.000871
140.99171515302902,1.001305
140.99821516294801,1.002304
141.004715172867,1.001366
141.01121518278603,1.001561
141.017715192705,1.002201
141.02421520262402,1.001679
141.03071521254302,1.001778
141.037215222462,1.00247
141.04371523238103,1.001857
141.05021524230003,1.002051
141.05671525221902,1.002927
141.06321526213802,1.002155
141.069715272057,1.002293
141.076215281976,1.003018
141.082715291895,1.002636
141.08921530181402,1.002496
141.09571531173302,1.00347
141.102215321652,1.002643
141.10871533157103,1.002851
141.11521534149,1.003552
141.12171535140902,1.002656
141.12821536132802,1.0028
141.134715371247,1.00333
141.141215381166,1.002682
141.147715391085,1.002775
141.15421540100402,1.003288
141.16071541092302,1.002815
141.167215420842,1.002822
141.173715430761,1.003531
141.18021544068003,1.002741
141.186715450599,1.002826
141.19321546051802,1.003496
141.199715470437,1.003082
141.206215480356,1.003179
141.21271549027503,1.003915
141.21921550019403,1.003105
141.22571551011302,1.003352
141.232215520032,1.004091
141.238715529951,1.003411
141.24521553987,1.003282
141.251715549789,1.003661
141.25821555970802,1.003506
141.26471556962701,1.003727
141.271215579546,1.004511
141.27771558946503,1.003909
141.284215599384,1.003336
141.29071560930302,1.004261
141.297215619222,1.003682
141.303715629141,1.003747
141.31021563906003,1.004664
141.316715648979,1.003469
141.32321565889802,1.003518
141.32971566881702,1.004139
141.336215678736,1.003269
141.342715688655,1.003232
141.349215698574,1.003545
141.355715708493,1.002915
141.36221571841202,1.003066
141.368715728331,1.003878
141.37521573825,1.003467
141.381715748169,1.003514
141.38821575808802,1.004058
141.39471576800702,1.003155
141.401215777926,1.003147
141.40771578784504,1.003921
141.414215797764,1.003407
141.42071580768302,1.003618
141.42721581760202,1.00429
141.433715827521,1.003322
141.44021583744,1.003589
141.446715847359,1.004493
141.453215857278,1.003806
141.45971586719702,1.003614
141.466215877116,1.004421
141.472715887035,1.003863
141.479215896954,1.003769
141.48571590687303,1.00476
141.49221591679202,1.004011
141.49871592671101,1.003954
141.50521593663,1.004555
141.511715946549,1.003807
141.51821595646803,1.004306
141.52471596638702,1.004757
141.53121597630602,1.004292
141.537715986225,1.004995
141.54421599614403,1.005426
141.550716006063,1.004631
141.55721601598202,1.004612
141.563716025901,1.005167
141.57021603582,1.004497
141.57671604573903,1.004376
141.583216055658,1.005066
141.58971606557702,1.004468
141.59621607549602,1.004387
141.602716085415,1.005208
141.609216095334,1.0046
141.615716105253,1.004269
141.62221611517202,1.005232
141.62871612509102,1.00447
141.63521613501,1.004684
141.641716144929,1.005576
141.648216154848,1.005053
141.65471616476702,1.005207
141.661216174686,1.005959
141.667716184605,1.005374
141.67421619452404,1.005268
141.680716204443,1.005826
141.68721621436202,1.00503
141.69371622428102,1.005333
141.7002162342,1.005849
141.706716244119,1.004925
141.713216254038,1.005306
141.719716263957,1.006121
141.72621627387602,1.005405
141.732716283795,1.005557
141.739216293714,1.006328
141.745716303633,1.00583
141.75221631355203,1.005951
141.75871632347102,1.006415
141.76521633339001,1.005803
141.77171634330904,1.005646
141.778216353228,1.006305
141.78471636314703,1.005845
141.79121637306602,1.006159
141.79771638298502,1.00676
141.804216392904,1.006151
141.810716402823,1.006383
141.817216412742,1.006865
141.82371642266102,1.006339
141.83021643258,1.006336
141.836716442499,1.007116
141.843216452418,1.005926
141.849716462337,1.006619
141.85621647225602,1.007309
141.86271648217502,1.006587
141.869216492094,1.00677
141.87571650201303,1.007216
141.88221651193203,1.006807
141.88871652185102,1.006908
141.89521653177002,1.007445
141.901716541689,1.006833
141.908216551608,1.007163
141.914716561527,1.007945
141.92121657144602,1.006806
141.927716581365,1.007212
141.934216591284,1.007583
141.94071660120304,1.007077
141.947216611122,1.006949
141.95371662104102,1.00799
141.96021663096,1.007233
141.966716640879,1.007282
141.973216650798,1.008062
141.979716660717,1.007793
141.98621667063603,1.007794
141.99271668055502,1.008026
141.99921669047401,1.007769
142.005716700393,1.008099
142.012216710312,1.008721
142.018716720231,1.008002
142.02521673015002,1.008301
142.03171674006902,1.008411
142.038216749988,1.007629
142.044716759907,1.008296
142.05121676982603,1.008695
142.05771677974502,1.008107
142.06421678966402,1.008501
142.070716799583,1.008919
142.077216809502,1.008545
142.083716819421,1.008997
142.09021682934002,1.009371
142.09671683925902,1.008466
142.103216849178,1.0085
142.109716859097,1.008588
142.116216869016,1.008234
142.12271687893502,1.008578
142.12921688885402,1.008608
142.135716898773,1.008105
142.142216908692,1.008461
142.14871691861103,1.008627
142.15521692853002,1.008374
142.16171693844902,1.008684
142.168216948368,1.008986
142.174716958287,1.008551
142.181216968206,1.009044
142.18771697812502,1.009036
142.194216988044,1.008578
142.200716997963,1.009297
142.20721700788204,1.009873
142.213717017801,1.009431
142.22021702772003,1.009576
142.226717037639,1.009857
142.233217047558,1.008908
142.23971705747704,1.009206
142.246217067396,1.009626
142.25271707731503,1.009383
142.25921708723402,1.009755
142.26571709715301,1.00981
142.272217107072,1.009267
142.278717116991,1.00979
142.28521712691,1.009604
142.291717136829,1.009569
142.29821714674802,1.009974
142.304717156667,1.009942
142.311217166586,1.009889
142.31771717650503,1.01036
142.324217186424,1.010551
142.33071719634302,1.010093
142.337217206262,1.010428
142.343717216181,1.010136
142.35021722610003,1.009811
142.35671723601902,1.01009
142.36321724593802,1.010457
142.369717255857,1.00963
142.376217265776,1.0102
142.382717275695,1.010445
142.38921728561402,1.010464
142.39571729553302,1.010738
142.402217305452,1.010576
142.408717315371,1.010393
142.41521732529003,1.010892
142.42171733520902,1.010864
142.42821734512802,1.010634
142.434717355047,1.011009
142.441217364966,1.011209
142.447717374885,1.010961
142.45421738480402,1.011389
142.46071739472302,1.01186
142.467217404642,1.011142
142.473717414561,1.011556
142.48021742448,1.011521
142.48671743439903,1.010979
142.493217444318,1.01146
142.49971745423701,1.011174
142.506217464156,1.011063
142.512717474075,1.011833
142.51921748399403,1.011593
142.52571749391302,1.011299
142.53221750383202,1.011956
142.538717513751,1.01191
142.54521752367,1.011596
142.551717533589,1.011897
142.55821754350802,1.012191
142.56471755342702,1.012164
142.571217563346,1.012648
142.577717573265,1.012418
142.58421758318403,1.012035
142.590717593103,1.012676
142.59721760302202,1.012484
142.60371761294104,1.011967
142.61021762286,1.012912
142.61671763277903,1.012592
142.62321764269802,1.012282
142.62971765261702,1.01316
142.636217662536,1.01303
142.642717672455,1.012781
142.649217682374,1.013016
142.655717692293,1.012569
142.66221770221202,1.012662
142.668717712131,1.012979
142.67521772205,1.012824
142.68171773196903,1.012619
142.688217741888,1.013416
142.69471775180702,1.012966
142.701217761726,1.012592
142.707717771645,1.013278
142.71421778156403,1.012769
142.72071779148303,1.0131
142.72721780140202,1.013907
142.73371781132101,1.013678
142.74021782124,1.013441
142.746717831159,1.013768
142.75321784107803,1.013824
142.759717850997,1.013272
142.76621786091602,1.013859
142.772717870835,1.01382
142.779217880754,1.013284
142.78571789067303,1.013756
142.79221790059202,1.013915
142.79871791051102,1.013743
142.80521792043,1.014072
142.81171793034903,1.013906
142.81821794026803,1.013738
142.82471795018702,1.013938
142.83121796010602,1.013411
142.837717970025,1.013657
142.844217979944,1.014163
142.85071798986303,1.014228
142.857217999782,1.014535
142.86371800970102,1.01511
142.87021801961998,1.014595
142.876718029539,1.014484
142.88321803945803,1.014757
142.889718049377,1.014615
142.89621805929602,1.014474
142.902718069215,1.014923
142.909218079134,1.014546
142.915718089053,1.014419
142.92221809897202,1.015086
142.92871810889102,1.014913
142.93521811881,1.014687
142.941718128729,1.015306
142.948218138648,1.014916
142.954718148567,1.014882
142.96121815848602,1.015465
142.967718168405,1.014714
142.974218178324,1.014537
142.98071818824303,1.015344
142.987218198162,1.01519
142.99371820808102,1.015188
143.00021821800001,1.015788
143.006718227919,1.015076
143.013218237838,1.015182
143.019718247757,1.016102
143.02621825767602,1.015274
143.03271826759502,1.015088
143.039218277514,1.016197
143.045718287433,1.015803
143.052218297352,1.015751
143.05871830727102,1.016375
143.06521831719002,1.015863
143.071718327109,1.015745
143.07821833702803,1.016419
143.08471834694703,1.01605
143.09121835686602,1.015705
143.09771836678502,1.016565
143.104218376704,1.015993
143.110718386623,1.016083
143.11721839654203,1.016959
143.123718406461,1.016469
143.13021841638002,1.016084
143.136718426299,1.017054
143.143218436218,1.016101
143.14971844613703,1.016006
143.156218456056,1.016318
143.16271846597502,1.015434
143.169218475894,1.015486
143.175718485813,1.016635
143.18221849573203,1.015893
143.18871850565102,1.016021
143.19521851557002,1.016598
143.201718525489,1.01625
143.208218535408,1.016181
143.214718545327,1.017078
143.221218555246,1.01619
143.22771856516502,1.016384
143.234218575084,1.016851
143.240718585003,1.016157
143.24721859492203,1.016263
143.253718604841,1.017064
143.26021861476002,1.016482
143.26671862467902,1.016307
143.273218634598,1.016955
143.27971864451703,1.01629
143.28621865443603,1.016411
143.29271866435502,1.017196
143.29921867427402,1.01676
143.305718684193,1.017018
143.312218694112,1.017675
143.318718704031,1.017077
143.32521871395002,1.01683
143.33171872386902,1.017886
143.338218733788,1.01721
143.34471874370703,1.017395
143.351218753626,1.017927
143.35771876354502,1.017383
143.36421877346402,1.017271
143.370718783383,1.017925
143.377218793302,1.017375
143.383718803221,1.017676
143.39021881314002,1.018277
143.39671882305902,1.01708
143.403218832978,1.017298
143.409718842897,1.017983
143.41621885281603,1.017341
143.422718862735,1.017369
143.42921887265402,1.018257
143.435718882573,1.017581
143.442218892492,1.017194
143.44871890241103,1.018203
143.45521891233003,1.017512
143.46171892224902,1.017506
143.468218932168,1.018545
143.474718942087,1.0175
143.481218952006,1.017834
143.487718961925,1.018523
143.49421897184402,1.017562
143.50071898176301,1.017334
143.507218991682,1.018305
143.51371900160103,1.017806
143.52021901152,1.018007
143.52671902143902,1.019003
143.533219031358,1.018208
143.539719041277,1.018385
143.54621905119603,1.019534
143.552719061115,1.018856
143.55921907103402,1.018684
143.56571908095302,1.019598
143.572219090872,1.018637
143.578719100791,1.018764
143.58521911071,1.019478
143.591719120629,1.018951
143.59821913054802,1.018922
143.604719140467,1.020211
143.611219150386,1.019488
143.617719160305,1.019164
143.62421917022402,1.019845
143.63071918014302,1.018954
143.637219190062,1.019154
143.64371919998104,1.019978
143.6502192099,1.019141
143.65671921981902,1.019014
143.66321922973802,1.019796
143.669719239657,1.019347
143.676219249576,1.019351
143.682719259495,1.020215
143.689219269414,1.01927
143.69571927933302,1.019888
143.702219289252,1.020447
143.708719299171,1.019771
143.71521930909,1.019996
143.72171931900903,1.020399
143.72821932892802,1.019979
143.73471933884701,1.019941
143.741219348766,1.020812
143.747719358685,1.019754
143.75421936860403,1.019628
143.76071937852302,1.020761
143.76721938844202,1.019905
143.773719398361,1.020354
143.78021940828003,1.020835
143.786719418199,1.020306
143.79321942811802,1.020352
143.799719438037,1.020998
143.806219447956,1.02013
143.81271945787503,1.020374
143.819219467794,1.021009
143.82571947771302,1.020229
143.83221948763202,1.020317
143.838719497551,1.021262
143.84521950747,1.020565
143.851719517389,1.020544
143.85821952730802,1.021298
143.86471953722702,1.02072
143.871219547146,1.020934
143.877719557065,1.021441
143.884219566984,1.020734
143.89071957690302,1.020823
143.897219586822,1.021744
143.903719596741,1.020821
143.91021960666004,1.021038
143.916719616579,1.021936
143.92321962649802,1.021026
143.92971963641702,1.021104
143.936219646336,1.021864
143.942719656255,1.021283
143.949219666174,1.021298
143.955719676093,1.021918
143.96221968601202,1.021198
143.96871969593101,1.021301
143.97521970585,1.022441
143.981719715769,1.021963
143.98821972568803,1.021819
143.99471973560702,1.022417
144.00121974552602,1.021894
144.00771975544504,1.021846
144.014219765364,1.022733
144.02071977528303,1.021939
144.02721978520202,1.021656
144.03371979512102,1.022577
144.04021980504,1.022061
144.046719814959,1.022019
144.053219824878,1.023078
144.05971983479702,1.022285
144.066219844716,1.022418
144.072719854635,1.022753
144.079219864554,1.022107
144.085719874473,1.022103
144.09221988439202,1.022928
144.09871989431102,1.022082
144.10521990423,1.022031
144.11171991414903,1.023501
144.11821992406803,1.022962
144.12471993398702,1.02323
144.13121994390602,1.023717
144.137719953825,1.022817
144.144219963744,1.02306
144.150719973663,1.023847
144.15721998358202,1.023168
144.163719993501,1.023151
144.17022000342,1.024005
144.17672001333904,1.023466
144.183220023258,1.023326
144.18972003317703,1.02411
144.19622004309602,1.023703
144.202720053015,1.023971
144.209220062934,1.02457
144.215720072853,1.023913
144.22222008277203,1.024409
144.22872009269102,1.024907
144.23522010261001,1.024157
144.241720112529,1.02416
144.248220122448,1.024904
144.25472013236703,1.024318
144.261220142286,1.024227
144.26772015220502,1.024941
144.27422016212404,1.024444
144.280720172043,1.024585
144.28722018196203,1.025494
144.29372019188102,1.024762
144.30022020180002,1.024616
144.306720211719,1.025447
144.313220221638,1.025143
144.319720231557,1.024924
144.32622024147602,1.02539
144.33272025139502,1.024905
144.339220261314,1.025053
144.345720271233,1.025758
144.352220281152,1.025141
144.35872029107102,1.025432
144.36522030099002,1.026273
144.371720310909,1.025397
144.378220320828,1.025108
144.38472033074703,1.025805
144.39122034066602,1.025225
144.39772035058502,1.025391
144.404220360504,1.025979
144.410720370423,1.025544
144.417220380342,1.025535
144.42372039026102,1.026602
144.43022040018002,1.025797
144.436720410099,1.025842
144.443220420018,1.026909
144.449720429937,1.026103
144.45622043985603,1.026296
144.462720449775,1.027359
144.46922045969401,1.026444
144.47572046961304,1.026495
144.482220479532,1.026994
144.48872048945103,1.025989
144.49522049937002,1.026101
144.50172050928902,1.027151
144.508220519208,1.026528
144.514720529127,1.02649
144.521220539046,1.027522
144.527720548965,1.026705
144.53422055888402,1.026827
144.540720568803,1.027903
144.547220578722,1.027247
144.55372058864103,1.027384
144.56022059856,1.028368
144.56672060847902,1.027668
144.573220618398,1.027714
144.579720628317,1.028561
144.58622063823603,1.027434
144.59272064815502,1.027419
144.59922065807402,1.028669
144.605720667993,1.027709
144.612220677912,1.027914
144.618720687831,1.028597
144.62522069775,1.027835
144.63172070766902,1.028103
144.638220717588,1.028656
144.644720727507,1.027943
144.65122073742603,1.028096
144.65772074734502,1.028963
144.66422075726402,1.028278
144.670720767183,1.028646
144.677220777102,1.029285
144.683720787021,1.028503
144.69022079694003,1.02846
144.69672080685902,1.029303
144.703220816778,1.028906
144.709720826697,1.028883
144.716220836616,1.029631
144.72272084653503,1.028711
144.729220856454,1.02897
144.73572086637301,1.029535
144.742220876292,1.028493
144.748720886211,1.028665
144.75522089613003,1.0296
144.76172090604902,1.02895
144.76822091596802,1.02896
144.774720925887,1.029888
144.781220935806,1.029156
144.787720945725,1.029022
144.79422095564402,1.029803
144.80072096556302,1.028969
144.807220975482,1.029078
144.813720985401,1.029971
144.82022099532003,1.029521
144.826721005239,1.029594
144.83322101515802,1.030221
144.83972102507704,1.02963
144.846221034996,1.029672
144.85272104491503,1.030866
144.85922105483402,1.029918
144.86572106475302,1.029817
144.872221074672,1.030719
144.878721084591,1.029894
144.88522109451,1.02969
144.891721104429,1.030592
144.89822111434802,1.030172
144.904721124267,1.030248
144.911221134186,1.031146
144.91772114410503,1.030384
144.924221154024,1.030638
144.93072116394302,1.031629
144.937221173862,1.030401
144.943721183781,1.030626
144.95022119370003,1.031559
144.956721203619,1.030877
144.96322121353802,1.030432
144.96972122345701,1.031288
144.976221233376,1.030465
144.982721243295,1.030562
144.98922125321403,1.031664
144.995721263133,1.031218
145.00222127305202,1.031282
145.008721282971,1.031987
145.01522129289,1.031116
145.02172130280903,1.031125
145.02822131272802,1.031886
145.03472132264702,1.031219
145.041221332566,1.031446
145.04772134248503,1.032158
145.05422135240403,1.031465
145.06072136232302,1.031256
145.06722137224202,1.032249
145.073721382161,1.031827
145.08022139208,1.031891
145.08672140199903,1.03236
145.093221411918,1.031788
145.09972142183702,1.031853
145.10622143175598,1.03268
145.112721441675,1.03199
145.11922145159403,1.032269
145.125721461513,1.032934
145.13222147143202,1.032204
145.138721481351,1.032391
145.14522149127,1.03334
145.151721501189,1.032275
145.15822151110802,1.032313
145.16472152102702,1.033214
145.171221530946,1.032926
145.177721540865,1.033171
145.184221550784,1.033701
145.190721560703,1.033236
145.19722157062202,1.033682
145.203721580541,1.034625
145.21022159046,1.033391
145.21672160037903,1.033364
145.223221610298,1.034212
145.22972162021702,1.033662
145.23622163013601,1.033547
145.242721640055,1.034588
145.249221649974,1.033838
145.255721659893,1.033799
145.26222166981202,1.03486
145.26872167973102,1.034117
145.27522168965,1.034082
145.281721699569,1.034939
145.288221709488,1.033888
145.29472171940702,1.03384
145.30122172932602,1.035023
145.307721739245,1.034432
145.31422174916403,1.034335
145.320721759083,1.034944
145.32722176900202,1.034374
145.33372177892102,1.034485
145.34022178884,1.035198
145.346721798759,1.034414
145.35322180867803,1.034303
145.359721818597,1.035118
145.36622182851602,1.034063
145.372721838435,1.034313
145.379221848354,1.035286
145.38572185827303,1.034608
145.392221868192,1.034718
145.39872187811102,1.035503
145.40522188803,1.034992
145.411721897949,1.035303
145.41822190786803,1.036283
145.42472191778702,1.035678
145.43122192770602,1.035377
145.437721937625,1.036197
145.444221947544,1.035279
145.450721957463,1.035417
145.457221967382,1.036066
145.46372197730102,1.034987
145.47022198722,1.035272
145.476721997139,1.035811
145.48322200705803,1.035166
145.489722016977,1.035505
145.49622202689602,1.036137
145.50272203681502,1.035486
145.509222046734,1.035441
145.51572205665303,1.036514
145.52222206657203,1.035823
145.52872207649102,1.035896
145.53522208641002,1.036474
145.541722096329,1.03585
145.548222106248,1.036097
145.554722116167,1.037051
145.56122212608602,1.036203
145.56772213600502,1.036118
145.574222145924,1.037066
145.58072215584303,1.036507
145.587222165762,1.036628
145.59372217568102,1.037146
145.60022218560002,1.036658
145.606722195519,1.036907
145.613222205438,1.037764
145.619722215357,1.037045
145.62622222527602,1.03718
145.63272223519502,1.0381
145.639222245114,1.03716
145.645722255033,1.036848
145.652222264952,1.037702
145.658722274871,1.037307
145.66522228479002,1.037408
145.671722294709,1.038254
145.678222304628,1.037319
145.68472231454703,1.037354
145.69122232446603,1.038634
145.69772233438502,1.037565
145.70422234430401,1.037915
145.710722354223,1.038781
145.717222364142,1.038107
145.723722374061,1.038231
145.73022238398002,1.039208
145.73672239389902,1.038585
145.743222403818,1.038655
145.74972241373703,1.039391
145.756222423656,1.038554
145.76272243357502,1.038734
145.76922244349402,1.039702
145.775722453413,1.038788
145.78222246333203,1.038911
145.78872247325103,1.039645
145.79522248317002,1.03872
145.80172249308902,1.03865
145.808222503008,1.03945
145.814722512927,1.038836
145.821222522846,1.038528
145.82772253276502,1.039316
145.834222542684,1.0388
145.840722552603,1.038759
145.84722256252203,1.039401
145.853722572441,1.038989
145.86022258236002,1.039209
145.86672259227902,1.040046
145.873222602198,1.039687
145.87972261211704,1.039795
145.886222622036,1.040482
145.89272263195502,1.039663
145.89922264187402,1.039631
145.905722651793,1.040668
145.912222661712,1.039845
145.918722671631,1.040188
145.92522268155,1.040936
145.93172269146902,1.040022
145.938222701388,1.040129
145.944722711307,1.040936
145.951222721226,1.040025
145.95772273114503,1.040173
145.96422274106402,1.040794
145.97072275098301,1.040108
145.977222760902,1.04042
145.983722770821,1.041014
145.99022278074003,1.040054
145.99672279065902,1.040408
146.00322280057802,1.041362
146.009722810497,1.040487
146.016222820416,1.040579
146.022722830335,1.041532
146.02922284025402,1.040764
146.035722850173,1.0408
146.042222860092,1.041671
146.04872287001103,1.040953
146.05522287993,1.041199
146.06172288984902,1.042023
146.06822289976802,1.041354
146.074722909687,1.041427
146.081222919606,1.042121
146.087722929525,1.041613
146.09422293944402,1.041834
146.10072294936302,1.042574
146.107222959282,1.041974
146.113722969201,1.042052
146.12022297912,1.042713
146.12672298903902,1.041902
146.133222998958,1.042315
146.139723008877,1.043092
146.14622301879604,1.042471
146.152723028715,1.042498
146.15922303863402,1.043055
146.16572304855302,1.04216
146.172223058472,1.04218
146.178723068391,1.043283
146.18522307831,1.042652
146.191723088229,1.042623
146.19822309814802,1.043355
146.20472310806701,1.042839
146.211223117986,1.042527
146.217723127905,1.043363
146.22422313782403,1.043034
146.23072314774302,1.043195
146.23722315766202,1.043681
146.24372316758104,1.042987
146.2502231775,1.043075
146.25672318741903,1.0437
146.26322319733802,1.042874
146.26972320725702,1.043036
146.276223217176,1.043916
146.282723227095,1.043102
146.289223237014,1.042999
146.29572324693302,1.043935
146.302223256852,1.043162
146.308723266771,1.043524
146.31522327669,1.044243
146.321723286609,1.04328
146.32822329652802,1.043624
146.33472330644702,1.044514
146.341223316366,1.043955
146.347723326285,1.044002
146.35422333620403,1.044479
146.36072334612302,1.043501
146.36722335604202,1.043955
146.373723365961,1.044708
146.38022337588,1.043861
146.386723385799,1.044245
146.39322339571802,1.045194
146.399723405637,1.044657
146.406223415556,1.04442
146.41272342547504,1.044957
146.419223435394,1.04469
146.42572344531303,1.044628
146.43222345523202,1.045382
146.438723465151,1.044804
146.44522347507,1.04469
146.45172348498903,1.045377
146.45822349490803,1.044998
146.46472350482702,1.044882
146.47122351474601,1.045748
146.477723524665,1.04499
146.484223534584,1.045137
146.49072354450303,1.046146
146.497223554422,1.045414
146.50372356434102,1.045805
146.51022357426004,1.046659
146.516723584179,1.045621
146.52322359409803,1.045612
146.529723604017,1.046434
146.53622361393602,1.045961
146.542723623855,1.046536
146.549223633774,1.047159
146.555723643693,1.04626
146.56222365361202,1.046356
146.56872366353102,1.04708
146.57522367345,1.046381
146.581723683369,1.046686
146.588223693288,1.046879
146.59472370320702,1.046349
146.60122371312602,1.046882
146.607723723045,1.047587
146.614223732964,1.046842
146.62072374288303,1.047107
146.62722375280202,1.047379
146.63372376272102,1.046976
146.64022377264,1.047286
146.646723782559,1.048233
146.653223792478,1.047971
146.65972380239702,1.04778
146.66622381231602,1.048299
146.672723822235,1.047754
146.679223832154,1.047552
146.685723842073,1.04832
146.69222385199203,1.048205
146.698723861911,1.048207
146.70522387183001,1.048627
146.711723881749,1.048348
146.718223891668,1.048761
146.72472390158703,1.049053
146.73122391150602,1.048283
146.73772392142502,1.04858
146.744223931344,1.049171
146.750723941263,1.04888
146.757223951182,1.048672
146.763723961101,1.04906
146.77022397102002,1.048558
146.776723980939,1.048346
146.783223990858,1.048782
146.78972400077703,1.048536
146.796224010696,1.048834
146.80272402061502,1.049139
146.809224030534,1.048956
146.815724040453,1.049037
146.82222405037203,1.049747
146.82872406029102,1.048979
146.83522407021002,1.049286
146.841724080129,1.049474
146.848224090048,1.048835
146.854724099967,1.049242
146.861224109886,1.049812
146.86772411980502,1.049051
146.874224129724,1.049595
146.880724139643,1.04979
146.88722414956203,1.049107
146.89372415948102,1.049642
146.90022416940002,1.050007
146.906724179319,1.049594
146.913224189238,1.049778
146.91972419915703,1.049924
146.92622420907603,1.049563
146.93272421899502,1.049725
146.93922422891401,1.05027
146.945724238833,1.049933
146.952224248752,1.050393
146.95872425867103,1.050685
146.96522426859,1.050265
146.97172427850901,1.050687
146.978224288428,1.05074
146.984724298347,1.049976
146.99122430826603,1.050228
146.99772431818502,1.050452
147.00422432810402,1.050381
147.010724338023,1.050989
147.017224347942,1.051259
147.023724357861,1.051023
147.03022436778002,1.051447
147.03672437769902,1.051317
147.043224387618,1.050898
147.049724397537,1.051565
147.05622440745603,1.051666
147.062724417375,1.051466
147.06922442729402,1.051893
147.07572443721304,1.05189
147.082224447132,1.051358
147.08872445705103,1.051424
147.09522446697002,1.051758
147.10172447688902,1.051549
147.108224486808,1.052074
147.114724496727,1.052232
147.121224506646,1.051749
147.127724516565,1.052247
147.13422452648402,1.052174
147.140724536403,1.05186
147.147224546322,1.052421
147.15372455624103,1.052554
147.16022456616,1.051935
147.16672457607902,1.052845
147.173224585998,1.053069
147.179724595917,1.05268
147.18622460583603,1.052959
147.192724615755,1.0533
147.19922462567402,1.052903
147.20572463559301,1.053165
147.212224645512,1.05368
147.218724655431,1.052965
147.22522466535,1.053469
147.231724675269,1.053713
147.23822468518802,1.053383
147.244724695107,1.05403
147.251224705026,1.053859
147.25772471494503,1.053396
147.26422472486402,1.05397
147.27072473478302,1.054011
147.277224744702,1.053592
147.28372475462103,1.053864
147.29022476454003,1.054229
147.29672477445902,1.054126
147.30322478437802,1.054751
147.309724794297,1.05448
147.316224804216,1.054147
147.32272481413503,1.054656
147.329224824054,1.054418
147.33572483397302,1.054133
147.342224843892,1.054717
147.348724853811,1.054524
147.35522486373003,1.054551
147.36172487364902,1.055009
147.36822488356802,1.054447
147.374724893487,1.05405
147.381224903406,1.055156
147.387724913325,1.055158
147.39422492324402,1.055147
147.40072493316302,1.055554
147.407224943082,1.055247
147.413724953001,1.054749
147.42022496292003,1.055444
147.426724972839,1.055162
147.43322498275802,1.054847
147.43972499267701,1.05575
147.446225002596,1.05538
147.45272501251503,1.055302
147.459225022434,1.055633
147.46572503235302,1.055361
147.47222504227202,1.055256
147.478725052191,1.055673
147.48522506211,1.055551
147.491725072029,1.055647
147.49822508194802,1.056294
147.50472509186702,1.055973
147.511225101786,1.055777
147.517725111705,1.056321
147.524225121624,1.056067
147.53072513154302,1.056249
147.53722514146202,1.056975
147.543725151381,1.056378
147.55022516130003,1.056083
147.556725171219,1.056859
147.56322518113802,1.056269
147.56972519105702,1.056378
147.576225200976,1.057113
147.582725210895,1.056673
147.58922522081403,1.056486
147.595725230733,1.05721
147.60222524065202,1.056721
147.608725250571,1.057
147.61522526049,1.05718
147.62172527040903,1.057069
147.628225280328,1.056848
147.63472529024702,1.057462
147.641225300166,1.057158
147.647725310085,1.056832
147.65422532000403,1.057731
147.66072532992303,1.057085
147.66722533984202,1.057134
147.673725349761,1.057929
147.68022535968,1.05731
147.686725369599,1.057369
147.693225379518,1.058183
147.69972538943702,1.057814
147.706225399356,1.057625
147.712725409275,1.058134
147.71922541919403,1.057911
147.725725429113,1.057903
147.73222543903202,1.058663
147.73872544895102,1.058201
147.74522545887,1.057909
147.75172546878903,1.058364
147.75822547870803,1.058054
147.76472548862702,1.058078
147.77122549854602,1.059219
147.777725508465,1.058863
147.784225518384,1.058667
147.790725528303,1.059392
147.79722553822202,1.058712
147.80372554814102,1.058871
147.81022555806,1.05973
147.81672556797903,1.058792
147.823225577898,1.058761
147.82972558781702,1.05986
147.83622559773602,1.059172
147.842725607655,1.059094
147.849225617574,1.059939
147.855725627493,1.059174
147.86222563741202,1.059042
147.86872564733102,1.059977
147.87522565725,1.05934
147.881725667169,1.059605
147.888225677088,1.060204
147.894725687007,1.059406
147.90122569692602,1.060022
147.907725706845,1.060704
147.914225716764,1.060083
147.920725726683,1.060177
147.92722573660203,1.060954
147.93372574652102,1.060307
147.94022575644001,1.060294
147.946725766359,1.061132
147.953225776278,1.060256
147.959725786197,1.059897
147.96622579611602,1.060717
147.97272580603502,1.060174
147.979225815954,1.060671
147.98572582587303,1.061541
147.992225835792,1.060583
147.99872584571102,1.060575
148.00522585563002,1.061692
148.011725865549,1.060629
148.01822587546803,1.06099
148.02472588538703,1.06237
148.03122589530602,1.061438
148.03772590522502,1.061676
148.044225915144,1.06259
148.050725925063,1.061816
148.057225934982,1.061832
148.06372594490102,1.062786
148.07022595482,1.061798
148.076725964739,1.061808
148.08322597465803,1.062565
148.089725984577,1.061922
148.09622599449602,1.062022
148.102726004415,1.062711
148.109226014334,1.061956
148.11572602425304,1.062006
148.122226034172,1.06313
148.12872604409102,1.062256
148.13522605401002,1.06263
148.141726063929,1.06338
148.148226073848,1.062733
148.154726083767,1.062601
148.161226093686,1.063463
148.16772610360502,1.062585
148.174226113524,1.062382
148.180726123443,1.063327
148.187226133362,1.062494
148.19372614328103,1.062777
148.20022615320002,1.063735
148.20672616311901,1.062982
148.213226173038,1.062986
148.219726182957,1.063969
148.22622619287603,1.063431
148.23272620279502,1.063402
148.23922621271402,1.064291
148.245726222633,1.063253
148.252226232552,1.063236
148.258726242471,1.064076
148.26522625239002,1.063638
148.271726262309,1.063671
148.278226272228,1.064475
148.28472628214703,1.063443
148.291226292066,1.06352
148.29772630198502,1.064587
148.30422631190402,1.063638
148.310726321823,1.063759
148.317226331742,1.064833
148.323726341661,1.064037
148.33022635158002,1.064271
148.33672636149902,1.065052
148.343226371418,1.064467
148.349726381337,1.064345
148.356226391256,1.065094
148.36272640117502,1.064321
148.369226411094,1.064456
148.375726421013,1.065609
148.38222643093204,1.064701
148.388726440851,1.065156
148.39522645077002,1.066034
148.40172646068902,1.06545
148.408226470608,1.065361
148.414726480527,1.066264
148.421226490446,1.065328
148.427726500365,1.065282
148.43422651028402,1.06617
148.44072652020301,1.065852
148.447226530122,1.065657
148.453726540041,1.066565
148.46022654996003,1.065712
148.46672655987902,1.065598
148.47322656979802,1.066593
148.47972657971704,1.066071
148.486226589636,1.066206
148.49272659955503,1.06699
148.49922660947402,1.066281
148.50572661939302,1.066206
148.512226629312,1.066974
148.518726639231,1.066597
148.52522664915,1.066459
148.53172665906902,1.067233
148.538226668988,1.066494
148.544726678907,1.066831
148.551226688826,1.067957
148.557726698745,1.067206
148.56422670866402,1.067496
148.57072671858302,1.06838
148.577226728502,1.067684
148.583726738421,1.067689
148.59022674834003,1.06834
148.59672675825902,1.067888
148.60322676817802,1.067595
148.609726778097,1.068352
148.616226788016,1.067631
148.622726797935,1.067835
148.62922680785402,1.068809
148.635726817773,1.067769
148.642226827692,1.068334
148.64872683761104,1.069357
148.65522684753,1.068393
148.66172685744903,1.068612
148.66822686736802,1.069441
148.67472687728701,1.068481
148.681226887206,1.068497
148.68772689712503,1.06951
148.69422690704403,1.068806
148.70072691696302,1.068712
148.70722692688202,1.069528
148.713726936801,1.068601
148.72022694672,1.068646
148.72672695663903,1.069383
148.733226966558,1.068842
148.73972697647702,1.068813
148.74622698639604,1.069892
148.752726996315,1.06908
148.75922700623403,1.068868
148.765727016153,1.070163
148.77222702607202,1.069558
148.778727035991,1.069474
148.78522704591,1.070698
148.791727055829,1.070006
148.79822706574802,1.069794
148.80472707566702,1.070755
148.811227085586,1.070038
148.817727095505,1.070243
148.824227105424,1.071261
148.83072711534302,1.070344
148.83722712526202,1.07043
148.843727135181,1.071409
148.8502271451,1.070874
148.85672715501903,1.070869
148.86322716493802,1.071682
148.86972717485702,1.070659
148.876227184776,1.070791
148.882727194695,1.071747
148.889227204614,1.07067
148.89572721453303,1.070864
148.90222722445202,1.0719
148.908727234371,1.071093
148.91522724429,1.071283
148.921727254209,1.07249
148.92822726412803,1.071716
148.93472727404702,1.071645
148.94122728396601,1.07251
148.947727293885,1.071816
148.95422730380403,1.072093
148.96072731372303,1.073107
148.96722732364202,1.071869
148.97372733356102,1.072364
148.98022734348,1.072924
148.986727353399,1.072045
148.99322736331803,1.072244
148.999727373237,1.073288
149.00622738315602,1.072243
149.012727393075,1.072744
149.019227402994,1.073787
149.02572741291303,1.072915
149.032227422832,1.072909
149.03872743275102,1.073706
149.04522744267,1.07304
149.051727452589,1.073139
149.05822746250803,1.07354
149.06472747242702,1.073033
149.07122748234602,1.073195
149.077727492265,1.074401
149.084227502184,1.073294
149.090727512103,1.073328
149.097227522022,1.074403
149.10372753194102,1.073663
149.11022754186,1.073851
149.116727551779,1.075182
149.12322756169803,1.0737
149.129727571617,1.073986
149.13622758153602,1.075328
149.142727591455,1.074567
149.149227601374,1.074641
149.15572761129303,1.075542
149.16222762121203,1.074561
149.16872763113102,1.074462
149.17522764105001,1.07554
149.181727650969,1.074837
149.188227660888,1.074946
149.19472767080703,1.076039
149.201227680726,1.074968
149.20772769064502,1.074885
149.214227700564,1.075681
149.220727710483,1.074771
149.22722772040203,1.07495
149.23372773032102,1.075896
149.24022774024002,1.075171
149.246727750159,1.07538
149.253227760078,1.076341
149.259727769997,1.075585
149.26622777991602,1.075584
149.27272778983502,1.076728
149.279227799754,1.0757
149.285727809673,1.075639
149.29222781959203,1.076252
149.298727829511,1.075764
149.30522783943002,1.075688
149.311727849349,1.076699
149.318227859268,1.075929
149.32472786918703,1.076622
149.33122787910602,1.077202
149.33772788902502,1.076456
149.344227898944,1.076123
149.350727908863,1.077049
149.357227918782,1.076257
149.363727928701,1.076621
149.37022793862002,1.077452
149.376727948539,1.076593
149.383227958458,1.076916
149.38972796837703,1.077438
149.396227978296,1.076639
149.40272798821502,1.076832
149.40922799813404,1.077873
149.415728008053,1.076829
149.42222801797203,1.076892
149.428728027891,1.077983
149.43522803781002,1.077094
149.44172804772901,1.077332
149.448228057648,1.07847
149.454728067567,1.077662
149.461228077486,1.077322
149.467728087405,1.078074
149.47422809732402,1.077732
149.480728107243,1.077688
149.487228117162,1.078524
149.493728127081,1.077616
149.50022813700002,1.077872
149.50672814691902,1.078709
149.513228156838,1.077832
149.51972816675703,1.078096
149.52622817667603,1.078732
149.53272818659502,1.078035
149.53922819651402,1.078261
149.545728206433,1.079026
149.552228216352,1.078669
149.55872822627103,1.078766
149.56522823619,1.079975
149.57172824610902,1.07878
149.578228256028,1.078499
149.584728265947,1.079767
149.59122827586603,1.078865
149.59772828578502,1.07914
149.60422829570402,1.080112
149.610728305623,1.079666
149.617228315542,1.079572
149.62372832546103,1.080702
149.63022833538002,1.079699
149.63672834529902,1.079775
149.643228355218,1.080574
149.649728365137,1.079755
149.65622837505603,1.079955
149.662728384975,1.080878
149.66922839489402,1.079963
149.67572840481304,1.080189
149.682228414732,1.081256
149.68872842465103,1.080414
149.69522843457,1.080196
149.70172844448902,1.081076
149.70822845440802,1.080285
149.714728464327,1.080257
149.721228474246,1.081398
149.727728484165,1.080815
149.73422849408402,1.081087
149.74072850400302,1.081806
149.747228513922,1.081196
149.753728523841,1.081131
149.76022853376,1.082117
149.766728543679,1.081132
149.77322855359805,1.081461
149.77972856351698,1.082512
149.78622857343603,1.082025
149.79272858335503,1.081962
149.79922859327402,1.082525
149.80572860319302,1.082194
149.812228613112,1.082205
149.818728623031,1.082811
149.82522863295,1.08214
149.83172864286902,1.082444
149.83822865278802,1.083187
149.844728662707,1.082691
149.851228672626,1.083032
149.857728682545,1.083759
149.864228692464,1.083188
149.87072870238302,1.083484
149.87722871230199,1.083941
149.88372872222104,1.083243
149.89022873214003,1.083173
149.89672874205903,1.084015
149.90322875197802,1.083365
149.90972876189701,1.083363
149.916228771816,1.084403
149.92272878173503,1.083643
149.92922879165403,1.083554
149.93572880157302,1.084226
149.94222881149201,1.083583
149.948728821411,1.083587
149.95522883133,1.08472
149.961728841249,1.084102
149.96822885116802,1.083978
149.974728861087,1.084654
149.981228871006,1.083718
149.98772888092503,1.083998
149.99422889084403,1.084962
150.00072890076302,1.084349
150.00722891068202,1.084355
150.013728920601,1.085565
150.02022893052003,1.084674
150.026728940439,1.084658
150.03322895035802,1.08532
150.03972896027702,1.084604
150.046228970196,1.084917
150.052728980115,1.085763
150.059228990034,1.084943
150.065728999953,1.084654
150.07222900987202,1.085607
150.078729019791,1.084932
150.08522902971,1.084968
150.09172903962903,1.085701
150.09822904954802,1.085212
150.10472905946702,1.085257
150.111229069386,1.086064
150.11772907930504,1.085305
150.124229089224,1.085563
150.13072909914302,1.086293
150.13722910906202,1.085885
150.143729118981,1.085682
150.1502291289,1.086375
150.156729138819,1.085749
150.163229148738,1.086054
150.16972915865702,1.086817
150.17622916857601,1.086235
150.182729178495,1.086474
150.189229188414,1.087076
150.195729198333,1.086073
150.20222920825202,1.086216
150.20872921817102,1.087067
150.21522922809,1.086453
150.22172923800903,1.086629
150.22822924792803,1.087752
150.23472925784702,1.087231
150.24122926776602,1.087045
150.247729277685,1.087841
150.254229287604,1.0871
150.260729297523,1.087236
150.26722930744202,1.088142
150.273729317361,1.087441
150.28022932728,1.08763
150.286729337199,1.088854
150.293229347118,1.087727
150.299729357037,1.087857
150.30622936695602,1.088577
150.312729376875,1.08806
150.31922938679404,1.088383
150.32572939671303,1.089186
150.33222940663202,1.088199
150.33872941655102,1.088426
150.34522942647,1.089145
150.351729436389,1.088417
150.358229446308,1.088643
150.36472945622702,1.089433
150.37122946614602,1.088787
150.377729476065,1.088929
150.384229485984,1.089502
150.390729495903,1.088625
150.397229505822,1.088604
150.40372951574105,1.089627
150.41022952566,1.088716
150.41672953557904,1.088692
150.423229545498,1.090019
150.42972955541703,1.089033
150.43622956533602,1.089372
150.44272957525502,1.090137
150.449229585174,1.089694
150.455729595093,1.089575
150.462229605012,1.090356
150.46872961493102,1.089533
150.47522962485002,1.089575
150.481729634769,1.090211
150.488229644688,1.089417
150.494729654607,1.08968
150.501229664526,1.091057
150.507729674445,1.090451
150.51422968436404,1.090536
150.520729694283,1.091352
150.52722970420203,1.090609
150.53372971412102,1.090417
150.54022972404002,1.091485
150.546729733959,1.090451
150.55322974387803,1.090559
150.559729753797,1.091597
150.56622976371602,1.090885
150.57272977363502,1.090825
150.579229783554,1.091764
150.585729793473,1.091096
150.592229803392,1.091178
150.598729813311,1.092237
150.60522982323,1.091389
150.61172983314904,1.091456
150.61822984306804,1.092526
150.62472985298703,1.091518
150.63122986290603,1.091393
150.63772987282502,1.092496
150.644229882744,1.09171
150.65072989266304,1.091815
150.657229902582,1.092788
150.66372991250103,1.092072
150.67022992242,1.092023
150.67672993233901,1.092861
150.683229942258,1.092046
150.689729952177,1.092229
150.696229962096,1.093509
150.702729972015,1.092648
150.709229981934,1.092899
150.71572999185304,1.093768
150.72223000177203,1.093142
150.72873001169103,1.093164
150.73523002161002,1.093895
150.74173003152902,1.092741
150.748230041448,1.093019
150.754730051367,1.09416
150.76123006128603,1.09357
150.76773007120502,1.09352
150.77423008112402,1.094485
150.780730091043,1.093703
150.787230100962,1.093898
150.793730110881,1.094546
150.80023012080002,1.093797
150.806730130719,1.093851
150.813230140638,1.094607
150.81973015055704,1.094022
150.82623016047603,1.093853
150.83273017039502,1.094704
150.83923018031402,1.094515
150.845730190233,1.094684
150.852230200152,1.095531
150.85873021007103,1.094897
150.86523021999002,1.094728
150.87173022990902,1.095566
150.878230239828,1.095154
150.884730249747,1.095177
150.891230259666,1.096264
150.89773026958503,1.095505
150.904230279504,1.095375
150.91073028942301,1.095943
150.917230299342,1.095314
150.92373030926103,1.09553
150.93023031918003,1.09644
150.93673032909902,1.095658
150.94323033901802,1.095869
150.94973034893704,1.096557
150.956230358856,1.096174
150.96273036877503,1.096551
150.96923037869402,1.097084
150.97573038861302,1.096157
150.982230398532,1.096634
150.988730408451,1.097662
150.99523041837,1.0972
151.001730428289,1.097203
151.00823043820802,1.097771
151.014730448127,1.097219
151.021230458046,1.097222
151.027730467965,1.097786
151.03423047788402,1.096967
151.04073048780302,1.096953
151.04723049772204,1.097988
151.053730507641,1.097443
151.06023051756003,1.097649
151.06673052747902,1.098692
151.07323053739802,1.098069
151.079730547317,1.09801
151.086230557236,1.098784
151.092730567155,1.097835
151.09923057707402,1.097844
151.105730586993,1.098731
151.112230596912,1.098189
151.118730606831,1.098364
151.12523061675,1.098766
151.131730626669,1.098249
151.13823063658802,1.098269
151.144730646507,1.099362
151.151230656426,1.098755
151.15773066634503,1.099059
151.16423067626403,1.09985
151.17073068618302,1.099406
151.17723069610201,1.098794
151.183730706021,1.099982
151.19023071594,1.099096
151.19673072585903,1.099256
151.203230735778,1.099986
151.20973074569702,1.09911
151.216230755616,1.099282
151.222730765535,1.100226
151.229230775454,1.099287
151.235730785373,1.099417
151.242230795292,1.100435
151.24873080521104,1.099653
151.25523081513003,1.099991
151.26173082504903,1.100624
151.26823083496802,1.09963
151.27473084488702,1.099741
151.281230854806,1.100674
151.287730864725,1.099806
151.29423087464403,1.100196
151.300730884563,1.100973
151.30723089448202,1.100158
151.313730904401,1.10002
151.32023091432,1.100987
151.326730924239,1.100543
151.333230934158,1.100514
151.339730944077,1.10154
151.34623095399604,1.100404
151.352730963915,1.100693
151.35923097383403,1.1014
151.36573098375302,1.100533
151.37223099367202,1.100944
151.378731003591,1.101804
151.38523101351,1.101387
151.391731023429,1.101795
151.398231033348,1.102652
151.40473104326702,1.10141
151.41123105318601,1.101915
151.417731063105,1.10257
151.424231073024,1.101993
151.430731082943,1.102077
151.437231092862,1.102526
151.44373110278104,1.102121
151.45023111269998,1.102266
151.45673112261903,1.103003
151.46323113253803,1.10261
151.46973114245702,1.102409
151.47623115237602,1.103193
151.482731162295,1.10274
151.489231172214,1.103227
151.49573118213303,1.10376
151.50223119205202,1.103316
151.50873120197102,1.103409
151.51523121189,1.10395
151.521731221809,1.103477
151.528231231728,1.103741
151.534731241647,1.104217
151.54123125156605,1.103395
151.54773126148498,1.103779
151.55423127140403,1.104378
151.56073128132303,1.103639
151.56723129124202,1.103874
151.57373130116102,1.104243
151.58023131108004,1.103765
151.586731320999,1.104284
151.59323133091803,1.104436
151.599731340837,1.104019
151.60623135075602,1.104321
151.612731360675,1.104895
151.619231370594,1.10435
151.625731380513,1.104667
151.632231390432,1.105227
151.638731400351,1.104555
151.64523141027004,1.104931
151.65173142018904,1.10552
151.65823143010803,1.10514
151.66473144002703,1.105325
151.67123144994602,1.105868
151.67773145986502,1.105255
151.684231469784,1.1053
151.69073147970303,1.10598
151.697231489622,1.105543
151.70373149954102,1.105499
151.71023150946002,1.10599
151.716731519379,1.105722
151.723231529298,1.105884
151.729731539217,1.106194
151.736231549136,1.105707
151.74273155905502,1.106447
151.749231568974,1.106827
151.75573157889303,1.106241
151.76223158881203,1.106172
151.76873159873102,1.106545
151.77523160865002,1.105977
151.781731618569,1.106366
151.788231628488,1.106815
151.79473163840703,1.106542
151.80123164832602,1.106825
151.80773165824502,1.106987
151.814231668164,1.106707
151.820731678083,1.10737
151.827231688002,1.107323
151.833731697921,1.107269
151.84023170784002,1.107771
151.84673171775898,1.107871
151.853231727678,1.1076
151.85973173759703,1.107951
151.86623174751603,1.107754
151.87273175743502,1.107488
151.879231767354,1.107957
151.885731777273,1.108004
151.89223178719203,1.107526
151.89873179711103,1.107999
151.90523180703002,1.108527
151.91173181694901,1.108286
151.918231826868,1.108522
151.924731836787,1.10861
151.931231846706,1.108006
151.93773185662502,1.108823
151.94423186654402,1.108777
151.950731876463,1.108675
151.957231886382,1.109186
151.963731896301,1.109065
151.97023190622002,1.10844
151.97673191613904,1.108934
151.983231926058,1.108888
151.98973193597703,1.108487
151.996231945896,1.108874
152.00273195581502,1.108702
152.00923196573402,1.108282
152.015731975653,1.108746
152.022231985572,1.108783
152.028731995491,1.108305
152.03523200541,1.108776
152.04173201532902,1.108546
152.048232025248,1.108171
152.054732035167,1.108813
152.061232045086,1.108685
152.067732055005,1.108367
152.07423206492402,1.10886
152.080732074843,1.108654
152.08723208476204,1.108612
152.093732094681,1.108919
152.10023210460002,1.108811
152.10673211451902,1.10844
152.113232124438,1.108961
152.119732134357,1.109184
152.12623214427603,1.108614
152.132732154195,1.109084
152.13923216411402,1.108923
152.14573217403301,1.108446
152.152232183952,1.109068
152.158732193871,1.109155
152.16523220379,1.109122
152.171732213709,1.109844
152.178232223628,1.110054
152.18473223354704,1.109627
152.19123224346603,1.110294
152.19773225338503,1.110054
152.20423226330402,1.109763
152.21073227322302,1.110336
152.217232283142,1.109838
152.22373229306103,1.109668
152.23023230298,1.110174
152.23673231289902,1.109807
152.243232322818,1.110029
152.249732332737,1.1106
152.256232342656,1.110271
152.262732352575,1.110089
152.269232362494,1.110633
152.27573237241305,1.110169
152.28223238233198,1.110233
152.28873239225103,1.111382
152.29523240217003,1.110804
152.30173241208902,1.110712
152.30823242200802,1.111609
152.314732431927,1.111358
152.321232441846,1.111062
152.327732451765,1.111602
152.33423246168402,1.11129
152.34073247160302,1.11111
152.347232481522,1.111933
152.353732491441,1.11175
152.36023250136,1.111338
152.366732511279,1.11202
152.37323252119805,1.111538
152.37973253111699,1.111538
152.38623254103604,1.112002
152.39273255095503,1.111767
152.39923256087403,1.111801
152.40573257079302,1.112707
152.41223258071201,1.111768
152.418732590631,1.111785
152.42523260055,1.11231
152.43173261046903,1.112015
152.43823262038802,1.112147
152.44473263030702,1.112967
152.451232640226,1.112259
152.457732650145,1.112216
152.464232660064,1.112978
152.47073266998302,1.112353
152.477232679902,1.11234
152.48373268982104,1.113138
152.49023269974003,1.112666
152.49673270965903,1.112442
152.50323271957802,1.113057
152.50973272949702,1.11246
152.516232739416,1.11224
152.52273274933503,1.11337
152.529232759254,1.112741
152.53573276917302,1.112595
152.54223277909202,1.11319
152.548732789011,1.112616
152.55523279893,1.112712
152.561732808849,1.113641
152.568232818768,1.113199
152.574732828687,1.113317
152.58123283860604,1.113988
152.58773284852504,1.113426
152.59423285844403,1.113589
152.60073286836302,1.114657
152.60723287828202,1.114104
152.613732888201,1.114001
152.62023289812004,1.114784
152.626732908039,1.114062
152.63323291795803,1.114088
152.63973292787702,1.114772
152.64623293779601,1.114377
152.652732947715,1.114248
152.659232957634,1.114856
152.665732967553,1.11419
152.67223297747202,1.114256
152.678732987391,1.115013
152.68523299731,1.11438
152.69173300722903,1.114725
152.69823301714803,1.115572
152.70473302706702,1.11461
152.71123303698602,1.114727
152.717733046905,1.115378
152.724233056824,1.114835
152.73073306674303,1.11516
152.73723307666202,1.115923
152.74373308658102,1.115503
152.7502330965,1.115187
152.756733106419,1.115975
152.763233116338,1.115295
152.76973312625702,1.115192
152.776233136176,1.116108
152.782733146095,1.115455
152.789233156014,1.11559
152.79573316593303,1.116714
152.80223317585202,1.115943
152.80873318577102,1.115602
152.81523319569,1.116827
152.82173320560904,1.115942
152.82823321552803,1.11603
152.83473322544702,1.117039
152.84123323536602,1.116391
152.847733245285,1.116472
152.854233255204,1.117502
152.860733265123,1.116549
152.86723327504203,1.116612
152.873733284961,1.117625
152.88023329488001,1.11691
152.886733304799,1.117049
152.893233314718,1.118077
152.899733324637,1.117277
152.90623333455602,1.117369
152.91273334447501,1.117959
152.91923335439404,1.117016
152.925733364313,1.117295
152.93223337423203,1.118142
152.93873338415102,1.11739
152.94523339407002,1.117594
152.951733403989,1.118581
152.958233413908,1.117807
152.964733423827,1.118083
152.97123343374602,1.119103
152.97773344366502,1.11797
152.984233453584,1.117868
152.990733463503,1.118762
152.997233473422,1.11793
153.003733483341,1.11795
153.01023349326002,1.119106
153.01673350317904,1.118444
153.023233513098,1.118631
153.02973352301703,1.119702
153.03623353293602,1.118625
153.04273354285502,1.118368
153.049233552774,1.119467
153.055733562693,1.118611
153.062233572612,1.118629
153.06873358253102,1.1193
153.07523359245002,1.118417
153.081733602369,1.118597
153.088233612288,1.119873
153.094733622207,1.11926
153.101233632126,1.119211
153.107733642045,1.120358
153.11423365196404,1.119419
153.120733661883,1.119565
153.12723367180203,1.120824
153.13373368172103,1.119842
153.14023369164002,1.120149
153.14673370155901,1.120911
153.15323371147804,1.119904
153.159733721397,1.119724
153.16623373131603,1.12092
153.172733741235,1.120106
153.17923375115402,1.120204
153.185733761073,1.120951
153.192233770992,1.120381
153.198733780911,1.120632
153.20523379083,1.121288
153.211733800749,1.120635
153.21823381066804,1.120406
153.22473382058703,1.121676
153.23123383050603,1.120945
153.23773384042502,1.120994
153.24423385034402,1.121848
153.250733860263,1.120974
153.257233870182,1.121315
153.26373388010103,1.121979
153.27023389002,1.121272
153.27673389993902,1.121144
153.283233909858,1.121928
153.289733919777,1.121449
153.296233929696,1.121703
153.302733939615,1.122928
153.309233949534,1.122256
153.31573395945304,1.12219
153.32223396937204,1.122844
153.32873397929103,1.12193
153.33523398921002,1.122345
153.34173399912902,1.122944
153.348234009048,1.122227
153.354734018967,1.122147
153.361234028886,1.12295
153.36773403880503,1.122467
153.37423404872402,1.122899
153.38073405864301,1.123576
153.387234068562,1.122995
153.393734078481,1.123299
153.4002340884,1.124085
153.406734098319,1.123358
153.41323410823804,1.123384
153.41973411815698,1.124665
153.42623412807603,1.123779
153.43273413799503,1.12389
153.43923414791402,1.124682
153.44573415783302,1.123641
153.452234167752,1.12366
153.458734177671,1.124782
153.46523418759003,1.124038
153.47173419750902,1.123983
153.47823420742802,1.124718
153.484734217347,1.124324
153.491234227266,1.124621
153.497734237185,1.125393
153.504234247104,1.124655
153.51073425702302,1.124865
153.517234266942,1.125942
153.52373427686103,1.124967
153.53023428678003,1.124924
153.53673429669902,1.125884
153.54323430661802,1.125095
153.54973431653704,1.125561
153.556234326456,1.126324
153.56273433637503,1.125515
153.569234346294,1.125663
153.57573435621302,1.126776
153.582234366132,1.125872
153.588734376051,1.125926
153.59523438597,1.126857
153.601734395889,1.126355
153.608234405808,1.126266
153.614734415727,1.1271
153.621234425646,1.126415
153.62773443556503,1.126196
153.63423444548403,1.127018
153.64073445540302,1.12629
153.64723446532201,1.126723
153.653734475241,1.127679
153.66023448516003,1.126875
153.66673449507903,1.127185
153.67323450499802,1.128154
153.67973451491702,1.127022
153.686234524836,1.127279
153.692734534755,1.128351
153.69923454467403,1.127708
153.705734554593,1.127763
153.71223456451202,1.128519
153.718734574431,1.12741
153.72523458435,1.127344
153.731734594269,1.128474
153.73823460418802,1.127757
153.74473461410702,1.128172
153.751234624026,1.129282
153.75773463394503,1.127949
153.76423464386403,1.127979
153.77073465378302,1.128859
153.77723466370202,1.127977
153.783734673621,1.128533
153.79023468354,1.129481
153.79673469345903,1.128471
153.803234703378,1.128949
153.80973471329702,1.129853
153.81623472321598,1.128726
153.822734733135,1.128777
153.829234743054,1.129438
153.835734752973,1.128661
153.84223476289202,1.129032
153.84873477281104,1.130235
153.85523478273,1.12946
153.86173479264903,1.129497
153.86823480256803,1.130375
153.87473481248702,1.129559
153.88123482240601,1.129588
153.887734832325,1.130372
153.894234842244,1.129756
153.900734852163,1.130002
153.90723486208202,1.130771
153.91373487200102,1.129914
153.92023488192,1.129975
153.926734891839,1.131445
153.933234901758,1.130604
153.939734911677,1.130681
153.94623492159604,1.131607
153.952734931515,1.130813
153.95923494143403,1.131015
153.96573495135303,1.132288
153.97223496127202,1.131373
153.97873497119102,1.131546
153.98523498111,1.13238
153.991734991029,1.131532
153.998235000948,1.131549
154.00473501086702,1.132407
154.01123502078602,1.131259
154.017735030705,1.131524
154.024235040624,1.132456
154.030735050543,1.131659
154.037235060462,1.131645
154.04373507038105,1.132723
154.05023508029998,1.131803
154.05673509021904,1.131732
154.06323510013803,1.132767
154.06973511005702,1.132363
154.07623511997602,1.132477
154.082735129895,1.133296
154.089235139814,1.132532
154.09573514973303,1.132202
154.102235159652,1.133469
154.10873516957102,1.132896
154.11523517949,1.133028
154.121735189409,1.133896
154.128235199328,1.133166
154.134735209247,1.133168
154.141235219166,1.134147
154.147735229085,1.133437
154.15423523900404,1.133543
154.16073524892303,1.134509
154.16723525884203,1.133486
154.17373526876102,1.13355
154.18023527868002,1.134599
154.186735288599,1.133788
154.19323529851803,1.134088
154.199735308437,1.135011
154.20623531835602,1.134267
154.21273532827502,1.134241
154.219235338194,1.135429
154.225735348113,1.134787
154.232235358032,1.134761
154.238735367951,1.135755
154.24523537787005,1.134904
154.25173538778898,1.134754
154.25823539770803,1.135612
154.26473540762703,1.135163
154.27123541754602,1.134993
154.27773542746502,1.135858
154.284235437384,1.135079
154.290735447303,1.134978
154.297235457222,1.136203
154.30373546714102,1.135533
154.31023547706002,1.135433
154.316735486979,1.136307
154.323235496898,1.135569
154.329735506817,1.135762
154.336235516736,1.136856
154.34273552665502,1.136064
154.34923553657399,1.135993
154.35573554649304,1.137302
154.36223555641203,1.136079
154.36873556633103,1.13633
154.37523557625002,1.137487
154.38173558616901,1.136898
154.388235596088,1.136839
154.39473560600703,1.137755
154.40123561592603,1.137083
154.40773562584502,1.13704
154.41423563576402,1.137945
154.420735645683,1.137265
154.427235655602,1.137073
154.433735665521,1.137651
154.44023567544002,1.137066
154.446735685359,1.137415
154.453235695278,1.138304
154.45973570519703,1.13761
154.46623571511603,1.137611
154.47273572503502,1.138809
154.47923573495402,1.137774
154.485735744873,1.137816
154.49223575479203,1.138794
154.498735764711,1.137629
154.50523577463002,1.138013
154.51173578454902,1.139123
154.518235794468,1.1381
154.524735804387,1.137985
154.531235814306,1.139105
154.537735824225,1.137939
154.54423583414402,1.138207
154.550735844063,1.139246
154.557235853982,1.138501
154.56373586390103,1.138943
154.57023587382002,1.139769
154.57673588373902,1.138813
154.583235893658,1.138977
154.58973590357704,1.139968
154.596235913496,1.139066
154.60273592341503,1.139296
154.60923593333402,1.140396
154.61573594325301,1.139534
154.622235953172,1.139266
154.628735963091,1.139933
154.63523597301,1.139205
154.64173598292902,1.139387
154.64823599284802,1.140394
154.654736002767,1.139553
154.661236012686,1.139541
154.667736022605,1.140759
154.67423603252402,1.140046
154.68073604244302,1.140052
154.68723605236204,1.141191
154.693736062281,1.140472
154.70023607220003,1.140294
154.70673608211902,1.14123
154.71323609203802,1.140466
154.719736101957,1.140533
154.72623611187603,1.141935
154.732736121795,1.141312
154.73923613171402,1.141263
154.745736141633,1.14165
154.752236151552,1.140799
154.758736161471,1.140924
154.76523617139,1.142142
154.771736181309,1.141437
154.77823619122802,1.141657
154.784736201147,1.142616
154.79123621106604,1.141472
154.79773622098503,1.141504
154.80423623090402,1.14234
154.81073624082302,1.14185
154.817236250742,1.141733
154.823736260661,1.143086
154.83023627058,1.142619
154.83673628049903,1.142466
154.843236290418,1.143443
154.849736300337,1.142685
154.856236310256,1.142825
154.862736320175,1.143889
154.869236330094,1.143144
154.875736340013,1.143417
154.882236349932,1.14428
154.88873635985104,1.143458
154.89523636977003,1.143621
154.90173637968903,1.144504
154.90823638960802,1.143787
154.91473639952702,1.143818
154.921236409446,1.144956
154.927736419365,1.143997
154.934236429284,1.143934
154.94073643920302,1.144756
154.94723644912202,1.143975
154.953736459041,1.144714
154.96023646896,1.145424
154.966736478879,1.144471
154.973236488798,1.144442
154.979736498717,1.145567
154.98623650863604,1.144672
154.992736518555,1.144662
154.99923652847403,1.145975
155.00573653839302,1.144895
155.01223654831202,1.144668
155.018736558231,1.145899
155.02523656815,1.145308
155.031736578069,1.145803
155.03823658798802,1.146589
155.04473659790702,1.145203
155.051236607826,1.145442
155.057736617745,1.146298
155.064236627664,1.145834
155.070736637583,1.145478
155.077236647502,1.146707
155.08373665742104,1.146106
155.09023666734004,1.146292
155.09673667725903,1.147376
155.10323668717803,1.146612
155.10973669709702,1.146662
155.11623670701601,1.147644
155.12273671693504,1.146892
155.129236726854,1.147006
155.13573673677303,1.147555
155.142236746692,1.147104
155.14873675661102,1.147382
155.15523676653,1.148181
155.161736776449,1.147258
155.168236786368,1.147325
155.174736796287,1.14824
155.181236806206,1.147433
155.18773681612504,1.147847
155.19423682604403,1.148661
155.20073683596303,1.147929
155.20723684588202,1.147887
155.21373685580102,1.148867
155.22023686572,1.147881
155.226736875639,1.147926
155.23323688555803,1.149008
155.23973689547702,1.148224
155.24623690539602,1.148399
155.252736915315,1.149336
155.259236925234,1.148551
155.265736935153,1.14886
155.27223694507202,1.149931
155.278736954991,1.149137
155.28523696491004,1.14913
155.29173697482904,1.150225
155.29823698474803,1.149212
155.30473699466702,1.148849
155.31123700458602,1.149833
155.317737014505,1.149117
155.324237024424,1.149506
155.33073703434303,1.150845
155.33723704426203,1.149893
155.34373705418102,1.149873
155.3502370641,1.150952
155.356737074019,1.150177
155.363237083938,1.150637
155.36973709385703,1.151851
155.376237103776,1.150971
155.38273711369501,1.150934
155.38923712361398,1.152001
155.39573713353303,1.151167
155.40223714345203,1.15124
155.40873715337102,1.152246
155.41523716329002,1.151439
155.42173717320904,1.151152
155.428237183128,1.152049
155.43473719304703,1.151518
155.44123720296602,1.151713
155.44773721288502,1.152486
155.454237222804,1.151834
155.460737232723,1.152315
155.467237242642,1.153171
155.473737252561,1.152496
155.48023726248002,1.15224
155.486737272399,1.153059
155.493237282318,1.152003
155.49973729223703,1.15219
155.50623730215602,1.153297
155.51273731207502,1.152531
155.51923732199404,1.152933
155.525737331913,1.154116
155.53223734183203,1.15315
155.53873735175102,1.153153
155.54523736167002,1.153841
155.551737371589,1.153139
155.558237381508,1.153592
155.564737391427,1.15467
155.571237401346,1.153996
155.57773741126502,1.154173
155.584237421184,1.15475
155.590737431103,1.154037
155.597237441022,1.154091
155.603737450941,1.155318
155.61023746086002,1.15406
155.61673747077904,1.154094
155.623237480698,1.154918
155.62973749061703,1.153941
155.63623750053603,1.154328
155.64273751045502,1.155132
155.64923752037402,1.154116
155.655737530293,1.154598
155.662237540212,1.155688
155.66873755013103,1.15508
155.67523756005,1.155016
155.68173756996902,1.156215
155.688237579888,1.155003
155.694737589807,1.154913
155.701237599726,1.155829
155.707737609645,1.155418
155.71423761956402,1.1555
155.720737629483,1.156471
155.72723763940203,1.155695
155.73373764932103,1.155706
155.74023765924002,1.156459
155.74673766915902,1.15586
155.753237679078,1.155699
155.759737688997,1.157042
155.76623769891603,1.156106
155.772737708835,1.156187
155.77923771875402,1.156929
155.785737728673,1.156201
155.792237738592,1.15641
155.798737748511,1.157436
155.80523775843,1.156616
155.811737768349,1.156844
155.81823777826804,1.157858
155.824737788187,1.157199
155.83123779810603,1.157405
155.83773780802503,1.158504
155.84423781794402,1.157456
155.85073782786301,1.157811
155.857237837782,1.158587
155.863737847701,1.157968
155.87023785762,1.157912
155.87673786753902,1.15891
155.88323787745801,1.157993
155.889737887377,1.158295
155.896237897296,1.15927
155.902737907215,1.158302
155.909237917134,1.158846
155.91573792705304,1.159744
155.92223793697198,1.159003
155.92873794689103,1.158474
155.93523795681003,1.159511
155.94173796672902,1.159054
155.94823797664802,1.159238
155.954737986567,1.160271
155.961237996486,1.159016
155.96773800640503,1.15911
155.97423801632402,1.160581
155.98073802624302,1.160043
155.987238036162,1.160126
155.993738046081,1.161007
156.000238056,1.160167
156.006738065919,1.160599
156.01323807583805,1.160897
156.01973808575698,1.160176
156.02623809567604,1.160567
156.03273810559503,1.161107
156.03923811551402,1.16014
156.04573812543302,1.160677
156.052238135352,1.161522
156.058738145271,1.160501
156.06523815519003,1.16044
156.071738165109,1.161546
156.07823817502802,1.161009
156.084738184947,1.16105
156.091238194866,1.16151
156.097738204785,1.161128
156.104238214704,1.161437
156.110738224623,1.161998
156.11723823454204,1.161052
156.12373824446104,1.161799
156.13023825438003,1.162486
156.13673826429903,1.161771
156.14323827421802,1.161832
156.14973828413702,1.162423
156.156238294056,1.162006
156.16273830397503,1.162269
156.169238313894,1.162809
156.17573832381302,1.162154
156.18223833373202,1.162387
156.188738343651,1.163051
156.19523835357,1.162882
156.201738363489,1.162785
156.208238373408,1.163639
156.21473838332702,1.162666
156.221238393246,1.162976
156.22773840316503,1.16364
156.23423841308403,1.163074
156.24073842300302,1.163486
156.24723843292202,1.164085
156.253738442841,1.163568
156.26023845276003,1.163643
156.266738462679,1.163965
156.27323847259802,1.163604
156.27973848251702,1.164192
156.286238492436,1.16488
156.292738502355,1.163907
156.29923851227403,1.164254
156.305738522193,1.164949
156.31223853211202,1.164313
156.31873854203099,1.164516
156.32523855195,1.16531
156.33173856186903,1.164941
156.33823857178803,1.164959
156.34473858170702,1.165502
156.35123859162601,1.164877
156.357738601545,1.165529
156.36423861146403,1.166186
156.37073862138303,1.165632
156.37723863130202,1.165668
156.38373864122102,1.166095
156.39023865114,1.165979
156.396738661059,1.165973
156.403238670978,1.166435
156.40973868089702,1.165946
156.416238690816,1.166715
156.422738700735,1.166837
156.429238710654,1.165843
156.43573872057303,1.166529
156.44223873049202,1.166967
156.44873874041105,1.166648
156.45523875033,1.166931
156.46173876024903,1.1674
156.46823877016803,1.166671
156.47473878008702,1.16664
156.48123879000602,1.167013
156.487738799925,1.16725
156.494238809844,1.1677
156.500738819763,1.167938
156.507238829682,1.167454
156.51373883960102,1.167365
156.52023884952,1.167996
156.526738859439,1.167766
156.533238869358,1.168012
156.539738879277,1.168244
156.54623888919602,1.167959
156.552738899115,1.168526
156.55923890903404,1.168909
156.565738918953,1.168509
156.57223892887203,1.16881
156.57873893879102,1.169121
156.58523894871,1.16868
156.591738958629,1.169267
156.598238968548,1.169537
156.604738978467,1.168793
156.61123898838602,1.169515
156.61773899830501,1.169559
156.624239008224,1.169144
156.630739018143,1.169454
156.637239028062,1.169583
156.643739037981,1.169198
156.65023904790002,1.1696
156.65673905781904,1.170206
156.66323906773803,1.169695
156.66973907765703,1.170148
156.67623908757602,1.169984
156.68273909749502,1.169622
156.689239107414,1.17025
156.69573911733303,1.170428
156.702239127252,1.170128
156.70873913717102,1.170269
156.71523914709,1.170621
156.721739157009,1.170445
156.728239166928,1.170626
156.734739176847,1.170483
156.741239186766,1.170354
156.747739196685,1.171039
156.75423920660398,1.171
156.76073921652304,1.170611
156.76723922644203,1.170966
156.77373923636102,1.171218
156.78023924628002,1.171024
156.786739256199,1.171803
156.793239266118,1.171305
156.799739276037,1.170778
156.80623928595602,1.171811
156.81273929587502,1.17154
156.819239305794,1.171532
156.825739315713,1.171984
156.832239325632,1.172106
156.838739335551,1.171593
156.84523934547005,1.17233
156.851739355389,1.172381
156.85823936530804,1.172096
156.86473937522703,1.172432
156.87123938514603,1.172279
156.87773939506502,1.172556
156.88423940498402,1.173241
156.890739414903,1.173092
156.897239424822,1.172521
156.90373943474103,1.173388
156.91023944466002,1.173142
156.91673945457902,1.173173
156.923239464498,1.173579
156.929739474417,1.173512
156.936239484336,1.173133
156.94273949425502,1.173501
156.949239504174,1.17305
156.95573951409304,1.17304
156.96223952401198,1.173679
156.96873953393103,1.173694
156.97523954385002,1.173877
156.98173955376902,1.174204
156.988239563688,1.173867
156.99473957360703,1.173945
157.001239583526,1.174433
157.00773959344502,1.174006
157.01423960336402,1.174016
157.020739613283,1.17486
157.027239623202,1.174321
157.033739633121,1.174265
157.04023964304,1.175282
157.046739652959,1.174611
157.05323966287804,1.174331
157.05973967279704,1.175063
157.06623968271603,1.175178
157.07273969263503,1.175044
157.07923970255402,1.175847
157.085739712473,1.17544
157.09223972239204,1.175134
157.098739732311,1.176046
157.10523974223003,1.175805
157.11173975214902,1.175719
157.11823976206801,1.176555
157.124739771987,1.176068
157.131239781906,1.175771
157.137739791825,1.176767
157.14423980174402,1.176634
157.15073981166302,1.176094
157.157239821582,1.177055
157.16373983150103,1.176614
157.17023984142003,1.176679
157.17673985133902,1.177604
157.18323986125802,1.17726
157.18973987117704,1.177024
157.196239881096,1.177994
157.20273989101503,1.17727
157.20923990093402,1.177089
157.21573991085302,1.177712
157.222239920772,1.177081
157.228739930691,1.176965
157.23523994061,1.178159
157.24173995052902,1.177499
157.248239960448,1.177301
157.254739970367,1.178069
157.261239980286,1.177688
157.26773999020503,1.177683
157.27424000012402,1.178564
157.28074001004302,1.177496
157.287240019962,1.177752
157.293740029881,1.178464
157.30024003980003,1.177891
157.30674004971902,1.177777
157.31324005963802,1.178975
157.319740069557,1.17853
157.326240079476,1.178682
157.332740089395,1.179492
157.33924009931403,1.178829
157.345740109233,1.17859
157.35224011915201,1.179409
157.358740129071,1.178781
157.36524013899,1.179064
157.371740148909,1.180207
157.37824015882802,1.179484
157.38474016874702,1.179547
157.39124017866604,1.180523
157.397740188585,1.179483
157.40424019850403,1.179543
157.41074020842302,1.18048
157.41724021834202,1.179912
157.423740228261,1.179608
157.43024023818,1.180544
157.436740248099,1.179755
157.443240258018,1.179543
157.44974026793702,1.180731
157.456240277856,1.180371
157.462740287775,1.180442
157.469240297694,1.181393
157.475740307613,1.180512
157.48224031753202,1.180412
157.48874032745104,1.181557
157.49524033737,1.180739
157.50174034728903,1.18107
157.50824035720802,1.182035
157.51474036712702,1.181559
157.521240377046,1.18174
157.527740386965,1.182621
157.534240396884,1.181724
157.54074040680302,1.181627
157.54724041672202,1.182906
157.553740426641,1.181849
157.56024043656,1.18216
157.566740446479,1.183277
157.573240456398,1.182365
157.579740466317,1.182298
157.58624047623604,1.183071
157.592740486155,1.182353
157.59924049607403,1.182919
157.60574050599303,1.184289
157.61224051591202,1.182887
157.61874052583102,1.183131
157.62524053575,1.183929
157.631740545669,1.183157
157.63824055558803,1.183223
157.644740565507,1.184377
157.65124057542602,1.183579
157.657740585345,1.183711
157.664240595264,1.184633
157.670740605183,1.183954
157.677240615102,1.184343
157.683740625021,1.184957
157.69024063494004,1.18406
157.69674064485903,1.184625
157.70324065477803,1.18564
157.70974066469702,1.184829
157.71624067461602,1.184741
157.722740684535,1.185634
157.729240694454,1.185116
157.73574070437303,1.184981
157.742240714292,1.185999
157.74874072421102,1.185043
157.75524073413,1.185295
157.761740744049,1.186288
157.768240753968,1.185458
157.774740763887,1.185512
157.781240773806,1.186509
157.78774078372504,1.185735
157.79424079364404,1.185936
157.80074080356303,1.186805
157.80724081348203,1.185856
157.81374082340102,1.185874
157.82024083332,1.186799
157.826740843239,1.185892
157.83324085315803,1.185867
157.83974086307703,1.187221
157.84624087299602,1.18659
157.85274088291501,1.186584
157.859240892834,1.187466
157.865740902753,1.187046
157.87224091267203,1.187134
157.878740922591,1.187841
157.88524093251004,1.187056
157.89174094242898,1.187233
157.89824095234803,1.188273
157.90474096226703,1.187345
157.91124097218602,1.18756
157.91774098210502,1.18846
157.924240992024,1.187495
157.930741001943,1.187454
157.93724101186203,1.188644
157.94374102178102,1.188006
157.95024103170002,1.188195
157.956741041619,1.188939
157.963241051538,1.188281
157.969741061457,1.188423
157.976241071376,1.18923
157.98274108129502,1.188719
157.98924109121398,1.18883
157.99574110113304,1.189795
158.00224111105203,1.188473
158.00874112097102,1.188465
158.01524113089002,1.189595
158.02174114080904,1.18872
158.028241150728,1.189012
158.03474116064703,1.190024
158.04124117056602,1.189077
158.04774118048502,1.18909
158.054241190404,1.190256
158.060741200323,1.189399
158.067241210242,1.189341
158.073741220161,1.190311
158.08024123008,1.189507
158.08674123999901,1.189906
158.093241249918,1.190967
158.09974125983703,1.18983
158.10624126975603,1.189966
158.11274127967502,1.191151
158.11924128959402,1.190294
158.125741299513,1.190634
158.13224130943203,1.191508
158.138741319351,1.190608
158.14524132927002,1.190641
158.15174133918902,1.19173
158.158241349108,1.190991
158.164741359027,1.191442
158.171241368946,1.192382
158.177741378865,1.191518
158.18424138878402,1.19164
158.190741398703,1.192907
158.197241408622,1.1919
158.20374141854103,1.191923
158.21024142846002,1.192907
158.21674143837902,1.191911
158.223241448298,1.192361
158.22974145821703,1.193285
158.23624146813603,1.192528
158.24274147805502,1.192573
158.24924148797402,1.19405
158.255741497893,1.193179
158.262241507812,1.193017
158.26874151773103,1.194048
158.27524152765,1.193124
158.28174153756902,1.193363
158.28824154748798,1.194317
158.294741557407,1.193757
158.301241567326,1.19339
158.307741577245,1.19444
158.31424158716402,1.194032
158.320741597083,1.194301
158.327241607002,1.195142
158.33374161692103,1.194497
158.34024162684003,1.1947
158.34674163675902,1.195586
158.35324164667801,1.194823
158.359741656597,1.19456
158.366241666516,1.195666
158.372741676435,1.194641
158.37924168635402,1.194683
158.38574169627302,1.195695
158.392241706192,1.194723
158.398741716111,1.194966
158.40524172603,1.196263
158.411741735949,1.195729
158.41824174586804,1.195367
158.424741755787,1.196145
158.43124176570603,1.195439
158.43774177562503,1.195363
158.44424178554402,1.196523
158.45074179546302,1.195644
158.457241805382,1.195841
158.463741815301,1.196833
158.47024182522,1.195962
158.47674183513902,1.195955
158.48324184505802,1.196976
158.489741854977,1.196222
158.496241864896,1.19637
158.502741874815,1.19752
158.509241884734,1.196509
158.51574189465305,1.196634
158.52224190457198,1.197664
158.52874191449104,1.196757
158.53524192441003,1.196648
158.54174193432902,1.197782
158.54824194424802,1.196681
158.554741954167,1.196923
158.561241964086,1.198022
158.56774197400503,1.197243
158.574241983924,1.197196
158.58074199384302,1.198089
158.58724200376201,1.19712
158.593742013681,1.197647
158.6002420236,1.198828
158.606742033519,1.197702
158.613242043438,1.197801
158.619742053357,1.198828
158.62624206327604,1.197959
158.63274207319503,1.197828
158.63924208311403,1.19908
158.64574209303302,1.198298
158.65224210295202,1.198365
158.658742112871,1.199685
158.66524212279003,1.198741
158.671742132709,1.198523
158.67824214262802,1.199708
158.68474215254702,1.199009
158.691242162466,1.199114
158.697742172385,1.200261
158.704242182304,1.199636
158.710742192223,1.199841
158.71724220214205,1.200375
158.72374221206104,1.199405
158.73024222198003,1.199423
158.73674223189903,1.200439
158.74324224181802,1.199506
158.74974225173702,1.199646
158.756242261656,1.201082
158.76274227157504,1.199621
158.769242281494,1.200043
158.77574229141302,1.200988
158.78224230133202,1.200397
158.788742311251,1.200343
158.79524232117,1.201366
158.801742331089,1.200595
158.808242341008,1.20069
158.81474235092702,1.201802
158.82124236084599,1.200762
158.82774237076504,1.200869
158.83424238068403,1.202065
158.84074239060303,1.201357
158.84724240052202,1.201241
158.85374241044101,1.202251
158.86024242036,1.201446
158.866742430279,1.201543
158.87324244019803,1.20271
158.87974245011702,1.201722
158.88624246003602,1.20163
158.892742469955,1.203118
158.899242479874,1.201666
158.905742489793,1.20168
158.91224249971202,1.203056
158.918742509631,1.202276
158.92524251955004,1.202225
158.93174252946903,1.203425
158.93824253938803,1.202549
158.94474254930702,1.20259
158.95124255922602,1.203761
158.957742569145,1.20259
158.96424257906403,1.202884
158.970742588983,1.203973
158.97724259890202,1.203068
158.98374260882102,1.203542
158.99024261874,1.20411
158.996742628659,1.203429
159.003242638578,1.203713
159.009742648497,1.204787
159.016242658416,1.20372
159.022742668335,1.203443
159.029242678254,1.204738
159.03574268817303,1.203873
159.04224269809202,1.204106
159.04874270801102,1.205043
159.05524271793,1.203873
159.06174272784904,1.203996
159.068242737768,1.205202
159.07474274768703,1.204311
159.08124275760602,1.204459
159.08774276752501,1.205346
159.094242777444,1.204394
159.100742787363,1.204514
159.107242797282,1.205533
159.11374280720102,1.204531
159.12024281712002,1.204908
159.126742827039,1.205879
159.133242836958,1.205238
159.13974284687703,1.205105
159.14624285679602,1.206276
159.15274286671502,1.205911
159.15924287663404,1.205599
159.165742886553,1.206635
159.17224289647203,1.205882
159.17874290639102,1.206148
159.18524291631002,1.207
159.191742926229,1.205928
159.198242936148,1.206359
159.204742946067,1.207287
159.21124295598602,1.206114
159.217742965905,1.20651
159.224242975824,1.207623
159.230742985743,1.206464
159.237242995662,1.207042
159.243743005581,1.208069
159.25024301550002,1.207108
159.256743025419,1.207379
159.26324303533804,1.208313
159.26974304525703,1.207659
159.27624305517602,1.207558
159.28274306509502,1.208725
159.289243075014,1.207876
159.295743084933,1.20753
159.302243094852,1.208757
159.30874310477103,1.208093
159.31524311469,1.208432
159.32174312460901,1.209132
159.328243134528,1.208083
159.334743144447,1.208178
159.341243154366,1.209311
159.347743164285,1.20886
159.35424317420402,1.208833
159.36074318412304,1.209768
159.36724319404203,1.208759
159.37374320396103,1.208977
159.38024321388002,1.21028
159.38674322379902,1.209221
159.393243233718,1.209618
159.399743243637,1.21074
159.40624325355603,1.20968
159.41274326347502,1.209419
159.41924327339402,1.210644
159.425743283313,1.210176
159.432243293232,1.210235
159.438743303151,1.21116
159.44524331307005,1.210547
159.451743322989,1.210297
159.45824333290804,1.211379
159.464743342827,1.21015
159.47124335274603,1.210194
159.47774336266502,1.211362
159.48424337258402,1.210654
159.490743382503,1.210933
159.497243392422,1.211807
159.503743402341,1.210847
159.51024341226002,1.210738
159.51674342217902,1.212054
159.523243432098,1.211042
159.529743442017,1.211233
159.536243451936,1.212027
159.542743461855,1.211234
159.549243471774,1.211471
159.55574348169304,1.212441
159.56224349161198,1.211651
159.56874350153103,1.211766
159.57524351145003,1.212787
159.58174352136902,1.212255
159.58824353128801,1.212461
159.59474354120704,1.213674
159.601243551126,1.212442
159.60774356104503,1.212213
159.61424357096402,1.213225
159.62074358088302,1.212158
159.627243590802,1.212379
159.633743600721,1.213205
159.64024361064,1.212254
159.646743620559,1.212571
159.653243630478,1.213851
159.65974364039704,1.213143
159.66624365031603,1.213416
159.67274366023503,1.214241
159.67924367015402,1.213472
159.68574368007302,1.213551
159.692243689992,1.214619
159.698743699911,1.213699
159.70524370983003,1.214397
159.711743719749,1.215211
159.71824372966802,1.21405
159.724743739587,1.214278
159.731243749506,1.215095
159.737743759425,1.214562
159.74424376934402,1.214704
159.750743779263,1.215413
159.75724378918204,1.215066
159.76374379910104,1.215142
159.77024380902003,1.215935
159.77674381893902,1.215162
159.78324382885802,1.215338
159.789743838777,1.215739
159.796243848696,1.214959
159.80274385861503,1.214987
159.80924386853403,1.216086
159.81574387845302,1.215379
159.82224388837201,1.21568
159.828743898291,1.216628
159.83524390821,1.216024
159.84174391812903,1.21604
159.848243928048,1.217053
159.85474393796702,1.216112
159.86124394788598,1.216383
159.86774395780503,1.217212
159.87424396772403,1.216639
159.88074397764302,1.216686
159.88724398756202,1.217874
159.893743997481,1.21697
159.9002440074,1.217025
159.90674401731903,1.217796
159.91324402723802,1.216852
159.91974403715702,1.217345
159.926244047076,1.218351
159.932744056995,1.217627
159.939244066914,1.217373
159.945744076833,1.218274
159.95224408675202,1.217893
159.958744096671,1.218054
159.96524410659,1.218917
159.97174411650903,1.218278
159.97824412642802,1.218293
159.98474413634702,1.219027
159.99124414626604,1.218269
159.997744156185,1.218447
160.00424416610403,1.21961
160.01074417602302,1.218974
160.01724418594202,1.219046
160.023744195861,1.220001
160.03024420578,1.219025
160.036744215699,1.219146
160.043244225618,1.219931
160.04974423553702,1.219013
160.056244245456,1.219219
160.062744255375,1.22071
160.069244265294,1.219605
160.075744275213,1.219501
160.08224428513202,1.220872
160.08874429505104,1.219991
160.09524430497,1.220006
160.10174431488903,1.220719
160.10824432480803,1.219902
160.11474433472702,1.220184
160.12124434464602,1.221228
160.127744354565,1.220141
160.134244364484,1.220061
160.14074437440303,1.221146
160.147244384322,1.220511
160.15374439424102,1.220755
160.16024440416,1.221661
160.166744414079,1.221166
160.173244423998,1.220855
160.179744433917,1.221972
160.18624444383602,1.221202
160.192744453755,1.221377
160.19924446367403,1.222328
160.20574447359303,1.221361
160.21224448351202,1.221394
160.21874449343102,1.222518
160.22524450335,1.221794
160.231744513269,1.221693
160.23824452318803,1.22279
160.244744533107,1.22198
160.25124454302602,1.221893
160.257744552945,1.223124
160.264244562864,1.222571
160.270744572783,1.222501
160.277244582702,1.223309
160.283744592621,1.222559
160.29024460254004,1.222866
160.29674461245904,1.223807
160.30324462237803,1.222813
160.30974463229703,1.223387
160.31624464221602,1.224365
160.32274465213501,1.223151
160.329244662054,1.223401
160.33574467197303,1.224592
160.342244681892,1.223878
160.34874469181102,1.223624
160.35524470173002,1.224945
160.361744711649,1.224224
160.368244721568,1.224191
160.374744731487,1.225404
160.381244741406,1.224243
160.38774475132504,1.224427
160.39424476124398,1.225653
160.40074477116303,1.224613
160.40724478108203,1.225059
160.41374479100102,1.225646
160.42024480092002,1.225019
160.426744810839,1.224766
160.433244820758,1.226014
160.43974483067703,1.225033
160.44624484059602,1.225243
160.45274485051502,1.226354
160.459244860434,1.225331
160.465744870353,1.225097
160.472244880272,1.226335
160.478744890191,1.225456
160.48524490011005,1.226006
160.49174491002898,1.226856
160.49824491994804,1.225977
160.50474492986703,1.226231
160.51124493978602,1.227402
160.51774494970502,1.226568
160.524244959624,1.226591
160.530744969543,1.22722
160.53724497946203,1.226276
160.543744989381,1.226355
160.55024499930002,1.227772
160.55674500921901,1.226896
160.563245019138,1.227264
160.569745029057,1.227933
160.576245038976,1.227243
160.582745048895,1.227736
160.589245058814,1.228715
160.59574506873304,1.227939
160.60224507865203,1.228004
160.60874508857103,1.228808
160.61524509849002,1.228102
160.62174510840902,1.228304
160.628245118328,1.229387
160.63474512824703,1.228346
160.641245138166,1.228399
160.64774514808502,1.229339
160.65424515800402,1.228506
160.660745167923,1.228743
160.667245177842,1.229805
160.673745187761,1.228921
160.68024519768,1.228976
160.68674520759902,1.229642
160.69324521751804,1.229149
160.69974522743703,1.229622
160.70624523735603,1.230578
160.71274524727502,1.229473
160.71924525719402,1.229833
160.725745267113,1.230579
160.73224527703204,1.229888
160.738745286951,1.229986
160.74524529687002,1.230941
160.75174530678902,1.230243
160.758245316708,1.230505
160.764745326627,1.231454
160.771245336546,1.230571
160.777745346465,1.231047
160.78424535638402,1.231836
160.79074536630299,1.230916
160.797245376222,1.230816
160.80374538614103,1.231845
160.81024539606003,1.231251
160.81674540597902,1.231504
160.82324541589801,1.23226
160.829745425817,1.231122
160.83624543573603,1.23123
160.84274544565503,1.232331
160.84924545557402,1.231716
160.85574546549302,1.231969
160.862245475412,1.232529
160.868745485331,1.231686
160.87524549525,1.232158
160.88174550516902,1.232964
160.888245515088,1.232168
160.894745525007,1.232149
160.901245534926,1.232525
160.90774554484503,1.23205
160.91424555476402,1.232536
160.92074556468302,1.233442
160.927245574602,1.232491
160.93374558452103,1.232731
160.94024559444003,1.233371
160.94674560435902,1.232616
160.95324561427802,1.232939
160.959745624197,1.233778
160.966245634116,1.233024
160.972745644035,1.233655
160.97924565395402,1.234458
160.98574566387302,1.233564
160.992245673792,1.233881
160.998745683711,1.23445
161.00524569363,1.233589
161.011745703549,1.234151
161.01824571346805,1.234555
161.024745723387,1.234042
161.03124573330604,1.234522
161.037745743225,1.235394
161.04424575314403,1.234757
161.05074576306302,1.235129
161.05724577298201,1.235626
161.063745782901,1.234839
161.07024579282,1.235226
161.076745802739,1.235738
161.08324581265802,1.235074
161.08974582257702,1.235257
161.096245832496,1.235855
161.102745842415,1.235409
161.109245852334,1.235886
161.115745862253,1.23659
161.12224587217202,1.236174
161.12874588209104,1.235978
161.13524589201003,1.236218
161.14174590192903,1.235883
161.14824591184802,1.236263
161.15474592176702,1.236598
161.161245931686,1.236104
161.16774594160503,1.236562
161.174245951524,1.237152
161.18074596144302,1.236442
161.18724597136202,1.236908
161.193745981281,1.237059
161.2002459912,1.236714
161.206746001119,1.237187
161.213246011038,1.237563
161.219746020957,1.237102
161.22624603087598,1.237723
161.23274604079504,1.237978
161.23924605071403,1.237418
161.24574606063302,1.237713
161.25224607055202,1.238328
161.258746080471,1.238188
161.26524609039,1.238353
161.271746100309,1.238791
161.27824611022803,1.238085
161.284746120147,1.238631
161.291246130066,1.2388
161.297746139985,1.23816
161.304246149904,1.238604
161.310746159823,1.238956
161.31724616974205,1.238525
161.323746179661,1.239237
161.33024618958004,1.239319
161.33674619949903,1.238565
161.34324620941803,1.239455
161.34974621933702,1.239931
161.35624622925602,1.239357
161.362746239175,1.239677
161.369246249094,1.240325
161.37574625901303,1.239553
161.38224626893202,1.239927
161.38874627885102,1.240101
161.39524628877,1.239649
161.401746298689,1.240094
161.408246308608,1.24025
161.41474631852705,1.240088
161.421246328446,1.240602
161.42774633836504,1.240914
161.43424634828398,1.24056
161.44074635820303,1.24089
161.44724636812202,1.24085
161.45374637804102,1.240623
161.46024638796,1.241189
161.466746397879,1.241136
161.473246407798,1.240976
161.47974641771702,1.241685
161.48624642763602,1.241594
161.492746437555,1.241194
161.499246447474,1.241848
161.505746457393,1.241753
161.512246467312,1.241262
161.518746477231,1.242089
161.52524648715004,1.241803
161.53174649706904,1.241648
161.53824650698803,1.242264
161.54474651690703,1.24237
161.55124652682602,1.242268
161.55774653674501,1.242397
161.56424654666404,1.242403
161.570746556583,1.242056
161.57724656650203,1.242762
161.58374657642102,1.242653
161.59024658634002,1.242144
161.596746596259,1.242615
161.603246606178,1.242546
161.609746616097,1.242197
161.616246626016,1.242973
161.62274663593502,1.243165
161.62924664585404,1.242798
161.63574665577303,1.243627
161.64224666569203,1.243793
161.64874667561102,1.24348
161.65524668553002,1.244138
161.66174669544904,1.244094
161.668246705368,1.24332
161.67474671528703,1.244072
161.68124672520602,1.244212
161.68774673512502,1.243758
161.694246745044,1.244365
161.700746754963,1.244404
161.707246764882,1.244364
161.71374677480102,1.245034
161.72024678472,1.244857
161.726746794639,1.244625
161.733246804558,1.245532
161.73974681447703,1.245565
161.74624682439602,1.244832
161.75274683431502,1.245288
161.759246844234,1.244758
161.765746854153,1.244968
161.77224686407203,1.246034
161.77874687399103,1.245423
161.78524688391002,1.245136
161.791746893829,1.246243
161.798246903748,1.246069
161.804746913667,1.245666
161.81124692358603,1.246495
161.817746933505,1.245967
161.82424694342401,1.245891
161.830746953343,1.246738
161.837246963262,1.246286
161.84374697318103,1.246326
161.85024698310002,1.246909
161.85674699301902,1.246493
161.86324700293804,1.246307
161.86974701285703,1.247138
161.87624702277603,1.246823
161.88274703269502,1.246761
161.88924704261402,1.247449
161.895747052533,1.247221
161.902247062452,1.246869
161.90874707237103,1.247632
161.91524708229,1.247316
161.92174709220902,1.247164
161.928247102128,1.247948
161.934747112047,1.247456
161.941247121966,1.24734
161.947747131885,1.24817
161.95424714180402,1.24754
161.96074715172304,1.247664
161.967247161642,1.248606
161.97374717156103,1.248469
161.98024718148002,1.248227
161.98674719139902,1.249443
161.993247201318,1.248715
161.999747211237,1.248334
162.006247221156,1.249708
162.01274723107502,1.249021
162.01924724099402,1.248852
162.025747250913,1.249515
162.032247260832,1.249162
162.038747270751,1.24916
162.04524728067,1.249729
162.051747290589,1.249478
162.05824730050804,1.249141
162.064747310427,1.250283
162.07124732034603,1.249432
162.07774733026503,1.249377
162.08424734018402,1.250476
162.09074735010302,1.24969
162.097247360022,1.24987
162.103747369941,1.250865
162.11024737986003,1.249999
162.116747389779,1.249679
162.12324739969802,1.25084
162.129747409617,1.250239
162.136247419536,1.250392
162.142747429455,1.251006
162.149247439374,1.250491
162.155747449293,1.250753
162.16224745921198,1.251651
162.16874746913103,1.250813
162.17524747905003,1.250886
162.18174748896902,1.251659
162.18824749888802,1.250569
162.194747508807,1.251133
162.201247518726,1.252236
162.20774752864503,1.251999
162.214247538564,1.252017
162.22074754848302,1.253094
162.227247558402,1.252062
162.233747568321,1.251941
162.24024757824,1.253082
162.246747588159,1.252386
162.253247598078,1.252604
162.25974760799704,1.253374
162.26624761791604,1.252377
162.27274762783503,1.252626
162.27924763775403,1.253861
162.28574764767302,1.252914
162.29224765759201,1.252994
162.298747667511,1.25401
162.30524767743003,1.253165
162.311747687349,1.253123
162.31824769726802,1.25438
162.32474770718702,1.253494
162.331247717106,1.253836
162.337747727025,1.254664
162.344247736944,1.253903
162.350747746863,1.253972
162.35724775678204,1.254789
162.36374776670098,1.25368
162.37024777662003,1.254067
162.37674778653903,1.255113
162.38324779645802,1.254185
162.38974780637702,1.254295
162.396247816296,1.255288
162.402747826215,1.254492
162.40924783613403,1.254475
162.41574784605302,1.25535
162.42224785597202,1.25457
162.428747865891,1.254773
162.43524787581,1.256006
162.441747885729,1.254902
162.448247895648,1.255232
162.45474790556702,1.2562
162.46124791548598,1.255232
162.46774792540504,1.255453
162.47424793532403,1.256539
162.48074794524302,1.255314
162.48724795516202,1.255494
162.493747965081,1.256956
162.500247975,1.256016
162.50674798491903,1.255835
162.51324799483803,1.256726
162.51974800475702,1.255958
162.526248014676,1.256034
162.532748024595,1.257165
162.539248034514,1.256491
162.545748044433,1.256155
162.55224805435202,1.257563
162.55874806427101,1.256539
162.56524807419,1.256746
162.57174808410903,1.257828
162.57824809402803,1.256883
162.58474810394702,1.257101
162.59124811386604,1.2581
162.597748123785,1.257152
162.60424813370403,1.257062
162.610748143623,1.258137
162.61724815354202,1.257171
162.62374816346102,1.257362
162.63024817338,1.258606
162.636748183299,1.257873
162.643248193218,1.257788
162.649748203137,1.258852
162.65624821305602,1.25831
162.662748222975,1.25826
162.669248232894,1.259554
162.67574824281303,1.258477
162.68224825273202,1.258743
162.68874826265102,1.259554
162.69524827257,1.258427
162.70174828248904,1.258528
162.70824829240803,1.259123
162.71474830232702,1.258396
162.72124831224602,1.258413
162.727748322165,1.259591
162.734248332084,1.259222
162.74074834200303,1.259464
162.747248351922,1.260747
162.75374836184102,1.259723
162.76024837176,1.259625
162.766748381679,1.260577
162.773248391598,1.259989
162.779748401517,1.260043
162.78624841143602,1.260919
162.79274842135501,1.259925
162.799248431274,1.260037
162.80574844119303,1.261177
162.81224845111203,1.260117
162.81874846103102,1.260397
162.82524847095002,1.261412
162.831748480869,1.260677
162.838248490788,1.260723
162.844748500707,1.261861
162.85124851062602,1.261149
162.857748520545,1.261223
162.864248530464,1.262048
162.870748540383,1.261122
162.877248550302,1.261403
162.883748560221,1.262251
162.89024857014005,1.260999
162.896748580059,1.26111
162.90324858997803,1.262424
162.90974859989703,1.261865
162.91624860981602,1.261706
162.92274861973502,1.26264
162.929248629654,1.261828
162.935748639573,1.261936
162.942248649492,1.263284
162.94874865941102,1.262192
162.95524866933002,1.262339
162.961748679249,1.263384
162.968248689168,1.262725
162.974748699087,1.262626
162.981248709006,1.263627
162.98774871892505,1.262539
162.994248728844,1.262896
163.00074873876304,1.26406
163.007248748682,1.262902
163.01374875860103,1.262902
163.02024876852002,1.264011
163.026748778439,1.263129
163.033248788358,1.263415
163.039748798277,1.264555
163.046248808196,1.263443
163.05274881811502,1.263425
163.05924882803401,1.263901
163.065748837953,1.262892
163.072248847872,1.26315
163.078748857791,1.264521
163.08524886771,1.263974
163.091748877629,1.264195
163.09824888754804,1.265656
163.10474889746703,1.26436
163.11124890738603,1.264259
163.11774891730502,1.265142
163.12424892722402,1.264263
163.130748937143,1.264507
163.13724894706203,1.265441
163.143748956981,1.26448
163.15024896690002,1.26474
163.15674897681902,1.266215
163.163248986738,1.265425
163.169748996657,1.265097
163.176249006576,1.266034
163.182749016495,1.265368
163.189249026414,1.265549
163.19574903633304,1.266445
163.20224904625204,1.265848
163.20874905617103,1.266422
163.21524906609002,1.267424
163.22174907600902,1.266396
163.228249085928,1.266308
163.23474909584704,1.267668
163.241249105766,1.266713
163.24774911568502,1.266748
163.25424912560402,1.267322
163.260749135523,1.266739
163.267249145442,1.2669
163.273749155361,1.268035
163.28024916528,1.26684
163.28674917519902,1.266956
163.293249185118,1.267847
163.29974919503704,1.266907
163.30624920495603,1.267299
163.31274921487503,1.267809
163.31924922479402,1.267093
163.32574923471302,1.267559
163.332249244632,1.26822
163.338749254551,1.267474
163.34524926447003,1.267586
163.35174927438902,1.268573
163.35824928430802,1.267449
163.364749294227,1.267822
163.371249304146,1.269391
163.377749314065,1.268154
163.38424932398402,1.268167
163.390749333903,1.269332
163.39724934382204,1.268419
163.40374935374103,1.268214
163.41024936366003,1.269485
163.41674937357902,1.268353
163.42324938349802,1.26823
163.429749393417,1.269459
163.43624940333603,1.268653
163.44274941325503,1.268419
163.44924942317402,1.26955
163.45574943309302,1.268981
163.462249443012,1.269143
163.468749452931,1.270099
163.47524946285,1.269062
163.48174947276902,1.269083
163.488249482688,1.270081
163.494749492607,1.26929
163.501249502526,1.269207
163.50774951244503,1.270435
163.51424952236403,1.269464
163.52074953228302,1.269518
163.52724954220201,1.270645
163.53374955212104,1.269772
163.54024956204,1.269938
163.54674957195903,1.270921
163.55324958187802,1.270171
163.55974959179702,1.270475
163.566249601716,1.271391
163.572749611635,1.270441
163.579249621554,1.270439
163.58574963147302,1.271844
163.59224964139202,1.270854
163.598749651311,1.270818
163.60524966123,1.271916
163.61174967114903,1.271006
163.61824968106802,1.271001
163.62474969098702,1.272349
163.63124970090604,1.27101
163.637749710825,1.270943
163.64424972074403,1.27233
163.65074973066302,1.271532
163.65724974058202,1.271501
163.663749750501,1.272637
163.67024976042,1.271785
163.676749770339,1.272048
163.68324978025802,1.273083
163.689749790177,1.27217
163.696249800096,1.272169
163.702749810015,1.273097
163.709249819934,1.271639
163.715749829853,1.271946
163.72224983977202,1.273004
163.728749849691,1.272385
163.73524985961,1.272607
163.74174986952903,1.273735
163.74824987944803,1.272771
163.75474988936702,1.272799
163.761249899286,1.273984
163.767749909205,1.272965
163.774249919124,1.273062
163.78074992904303,1.273829
163.787249938962,1.273228
163.79374994888101,1.273353
163.8002499588,1.274593
163.806749968719,1.273769
163.813249978638,1.273829
163.819749988557,1.274615
163.82624999847602,1.273516
163.83275000839504,1.273676
163.83925001831403,1.274866
163.84575002823303,1.274084
163.85225003815202,1.274373
163.85875004807102,1.275517
163.86525005799,1.274502
163.871750067909,1.274541
163.87825007782803,1.275315
163.884750087747,1.274555
163.89125009766602,1.274652
163.897750107585,1.275684
163.904250117504,1.274455
163.910750127423,1.274479
163.91725013734205,1.27542
163.923750147261,1.274719
163.93025015718004,1.275065
163.936750167099,1.275883
163.94325017701803,1.275276
163.94975018693702,1.275377
163.95625019685602,1.276216
163.962750206775,1.275424
163.969250216694,1.275616
163.975750226613,1.276717
163.98225023653202,1.275718
163.98875024645102,1.276431
163.99525025637,1.277453
164.001750266289,1.276268
164.008250276208,1.276384
164.014750286127,1.27698
164.021250296046,1.276388
164.02775030596504,1.276212
164.03425031588398,1.277526
164.04075032580303,1.276618
164.04725033572203,1.27684
164.05375034564102,1.277633
164.06025035556002,1.276441
164.066750365479,1.276872
164.073250375398,1.277867
164.07975038531703,1.277256
164.08625039523602,1.277189
164.09275040515502,1.278228
164.099250415074,1.277583
164.105750424993,1.277609
164.112250434912,1.278794
164.118750444831,1.277923
164.12525045475005,1.278183
164.13175046466904,1.278956
164.13825047458803,1.277941
164.14475048450703,1.278267
164.15125049442602,1.279295
164.15775050434502,1.278403
164.16425051426404,1.278309
164.170750524183,1.279511
164.17725053410203,1.278586
164.183750544021,1.278701
164.19025055394002,1.279871
164.196750563859,1.278647
164.203250573778,1.278817
164.209750583697,1.28014
164.216250593616,1.279116
164.222750603535,1.279106
164.22925061345404,1.280364
164.23575062337304,1.279391
164.24225063329203,1.279492
164.24875064321103,1.280745
164.25525065313002,1.279641
164.261750663049,1.279765
164.268250672968,1.28099
164.27475068288703,1.279781
164.28125069280603,1.279962
164.28775070272502,1.281118
164.29425071264401,1.280262
164.300750722563,1.28043
164.307250732482,1.281221
164.31375074240103,1.280295
164.32025075232,1.280271
164.32675076223902,1.281665
164.33325077215804,1.280505
164.33975078207703,1.280797
164.34625079199603,1.281868
164.35275080191502,1.281178
164.35925081183402,1.281445
164.365750821753,1.282516
164.372250831672,1.281725
164.37875084159103,1.281817
164.38525085151002,1.282683
164.39175086142902,1.281901
164.398250871348,1.282205
164.404750881267,1.282945
164.411250891186,1.281804
164.417750901105,1.281969
164.42425091102402,1.283133
164.43075092094298,1.2823
164.437250930862,1.28212
164.44375094078103,1.283466
164.45025095070002,1.282553
164.45675096061902,1.28256
164.46325097053804,1.2838
164.469750980457,1.282969
164.47625099037603,1.282829
164.48275100029502,1.284054
164.48925101021402,1.283012
164.495751020133,1.282946
164.502251030052,1.284215
164.508751039971,1.283081
164.51525104989,1.283122
164.52175105980902,1.284505
164.52825106972801,1.283677
164.534751079647,1.283849
164.541251089566,1.285173
164.54775109948503,1.284038
164.55425110940402,1.284325
164.56075111932304,1.285131
164.567251129242,1.284183
164.57375113916103,1.283902
164.58025114908,1.285382
164.58675115899902,1.284677
164.59325116891802,1.284423
164.599751178837,1.285234
164.606251188756,1.284368
164.61275119867503,1.28481
164.619251208594,1.285722
164.62575121851302,1.284538
164.632251228432,1.284897
164.638751238351,1.285835
164.64525124827,1.285091
164.651751258189,1.285199
164.65825126810802,1.286259
164.664751278027,1.285432
164.67125128794603,1.285642
164.67775129786503,1.286674
164.68425130778402,1.285774
164.69075131770302,1.285877
164.697251327622,1.286994
164.703751337541,1.285793
164.71025134746003,1.285936
164.716751357379,1.287154
164.72325136729802,1.286381
164.729751377217,1.285947
164.736251387136,1.287126
164.742751397055,1.286208
164.749251406974,1.285758
164.755751416893,1.286797
164.762251426812,1.285797
164.76875143673104,1.28611
164.77525144665003,1.287456
164.78175145656903,1.286357
164.78825146648802,1.286487
164.79475147640701,1.287519
164.801251486326,1.286653
164.80775149624503,1.286918
164.814251506164,1.287882
164.82075151608302,1.28708
164.82725152600202,1.287103
164.833751535921,1.288473
164.84025154584,1.287375
164.846751555759,1.286986
164.853251565678,1.288062
164.85975157559704,1.287118
164.86625158551598,1.287344
164.87275159543503,1.288573
164.87925160535403,1.287386
164.88575161527302,1.28732
164.89225162519202,1.28865
164.898751635111,1.287791
164.90525164503,1.287864
164.911751654949,1.288946
164.91825166486802,1.287889
164.92475167478702,1.288192
164.931251684706,1.289337
164.937751694625,1.288269
164.944251704544,1.288633
164.950751714463,1.28973
164.95725172438205,1.288902
164.96375173430098,1.28879
164.97025174422004,1.290109
164.97675175413903,1.28906
164.98325176405802,1.288938
164.98975177397702,1.289839
164.996251783896,1.288907
165.002751793815,1.289289
165.00925180373403,1.290129
165.01575181365303,1.289422
165.02225182357202,1.289659
165.02875183349101,1.290409
165.03525184341,1.289626
165.041751853329,1.289938
165.048251863248,1.291146
165.05475187316702,1.290125
165.061251883086,1.290162
165.06775189300504,1.291025
165.07425190292403,1.290377
165.08075191284303,1.290069
165.08725192276202,1.291295
165.09375193268102,1.290344
165.1002519426,1.290754
165.10675195251903,1.29187
165.113251962438,1.290768
165.11975197235702,1.290713
165.12625198227602,1.291968
165.132751992195,1.29081
165.139252002114,1.291061
165.145752012033,1.291864
165.152252021952,1.291553
165.15875203187102,1.291718
165.16525204179004,1.292678
165.17175205170903,1.291541
165.17825206162803,1.291644
165.18475207154702,1.292935
165.19125208146602,1.291831
165.197752091385,1.291825
165.20425210130404,1.293261
165.210752111223,1.292394
165.21725212114202,1.292177
165.22375213106102,1.293063
165.23025214098,1.2921
165.236752150899,1.292305
165.243252160818,1.293591
165.249752170737,1.292415
165.25625218065602,1.292688
165.262752190575,1.293939
165.26925220049404,1.293072
165.27575221041303,1.292843
165.28225222033203,1.293877
165.28875223025102,1.293223
165.29525224017002,1.293371
165.301752250089,1.294185
165.30825226000803,1.293455
165.31475226992703,1.293669
165.32125227984602,1.294542
165.32775228976502,1.293613
165.334252299684,1.293851
165.340752309603,1.294668
165.347252319522,1.293634
165.35375232944102,1.29401
165.36025233936,1.29511
165.366752349279,1.294581
165.373252359198,1.294308
165.37975236911703,1.294965
165.38625237903602,1.294094
165.39275238895502,1.294383
165.399252398874,1.295716
165.40575240879303,1.294889
165.41225241871203,1.294786
165.41875242863102,1.29597
165.42525243855002,1.294951
165.431752448469,1.294823
165.438252458388,1.295653
165.444752468307,1.294961
165.45125247822602,1.295339
165.457752488145,1.296102
165.464252498064,1.295151
165.470752507983,1.295427
165.477252517902,1.296184
165.48375252782103,1.295405
165.49025253774005,1.29542
165.496752547659,1.296761
165.50325255757804,1.296193
165.509752567497,1.296431
165.51625257741603,1.297171
165.52275258733502,1.296334
165.52925259725401,1.296505
165.535752607173,1.29772
165.542252617092,1.296605
165.548752627011,1.29665
165.55525263693002,1.297435
165.56175264684902,1.296399
165.568252656768,1.296825
165.574752666687,1.297725
165.581252676606,1.296894
165.587752686525,1.297199
165.59425269644402,1.298135
165.60075270636304,1.297133
165.607252716282,1.297334
165.61375272620103,1.298073
165.62025273612002,1.297365
165.62675274603902,1.297726
165.633252755958,1.298592
165.639752765877,1.297848
165.646252775796,1.29794
165.65275278571502,1.298684
165.65925279563402,1.297988
165.665752805553,1.298093
165.672252815472,1.298842
165.678752825391,1.29822
165.68525283531,1.298777
165.691752845229,1.299398
165.69825285514804,1.298154
165.70475286506704,1.298473
165.71125287498603,1.299045
165.71775288490502,1.298179
165.72425289482402,1.298903
165.730752904743,1.29966
165.73725291466204,1.298996
165.743752924581,1.299558
165.75025293450003,1.30001
165.756752944419,1.299647
165.76325295433801,1.300071
165.769752964257,1.300373
165.776252974176,1.299617
165.782752984095,1.299867
165.789252994014,1.300422
165.795753003933,1.299683
165.80225301385204,1.300006
165.80875302377103,1.300529
165.81525303369003,1.300306
165.82175304360902,1.300881
165.82825305352802,1.3012
165.834753063447,1.300509
165.841253073366,1.301173
165.84775308328503,1.301631
165.85425309320402,1.301171
165.86075310312302,1.301433
165.867253113042,1.302219
165.873753122961,1.301433
165.88025313288,1.301921
165.88675314279905,1.302644
165.893253152718,1.30185
165.89975316263704,1.302189
165.90625317255603,1.302255
165.91275318247503,1.301816
165.91925319239402,1.302181
165.92575320231302,1.303113
165.932253212232,1.302569
165.938753222151,1.30257
165.94525323207,1.303028
165.95175324198902,1.302419
165.95825325190802,1.302668
165.964753261827,1.302977
165.971253271746,1.302139
165.977753281665,1.303057
165.984253291584,1.303685
165.990753301503,1.303194
165.99725331142204,1.303409
166.00375332134104,1.30406
166.01025333126003,1.303235
166.01675334117903,1.303829
166.02325335109802,1.304373
166.02975336101701,1.303499
166.03625337093604,1.303932
166.042753380855,1.3042
166.04925339077403,1.303841
166.05575340069302,1.304111
166.06225341061202,1.304533
166.068753420531,1.304081
166.07525343045,1.304563
166.081753440369,1.304525
166.088253450288,1.303914
166.09475346020702,1.304263
166.10125347012604,1.304422
166.10775348004503,1.304039
166.11425348996403,1.304953
166.12075349988302,1.305105
166.12725350980202,1.304613
166.13375351972104,1.305604
166.14025352964,1.305548
166.14675353955903,1.305381
166.153253549478,1.305701
166.15975355939702,1.305552
166.166253569316,1.305205
166.172753579235,1.305907
166.179253589154,1.306336
166.18575359907302,1.30589
166.192253608992,1.306209
166.198753618911,1.306358
166.20525362883,1.306086
166.21175363874903,1.306846
166.21825364866802,1.306933
166.22475365858702,1.306393
166.231253668506,1.306961
166.237753678425,1.30708
166.24425368834403,1.306733
166.25075369826303,1.307219
166.25725370818202,1.307441
166.26375371810101,1.306966
166.27025372802,1.307266
166.276753737939,1.307646
166.28325374785803,1.307333
166.289753757777,1.308084
166.29625376769602,1.308171
166.302753777615,1.307929
166.309253787534,1.308674
166.31575379745303,1.308499
166.32225380737202,1.308177
166.32875381729102,1.308739
166.33525382721,1.308716
166.34175383712903,1.308695
166.34825384704803,1.309212
166.35475385696702,1.30892
166.36125386688602,1.30895
166.367753876805,1.30984
166.374253886724,1.30926
166.38075389664303,1.308991
166.387253906562,1.309573
166.39375391648102,1.309269
166.4002539264,1.309038
166.406753936319,1.310043
166.413253946238,1.30962
166.419753956157,1.309785
166.42625396607602,1.310153
166.43275397599504,1.310084
166.439253985914,1.309909
166.44575399583303,1.310353
166.45225400575202,1.310155
166.45875401567102,1.309952
166.46525402559,1.311151
166.471754035509,1.311133
166.478254045428,1.310461
166.484754055347,1.311475
166.49125406526602,1.31117
166.49775407518501,1.310639
166.504254085104,1.311646
166.510754095023,1.311076
166.517254104942,1.310977
166.523754114861,1.311872
166.53025412478004,1.311421
166.536754134699,1.311233
166.54325414461803,1.312158
166.54975415453703,1.311528
166.55625416445602,1.311437
166.56275417437502,1.312161
166.569254184294,1.311994
166.575754194213,1.311718
166.58225420413203,1.312476
166.58875421405102,1.312071
166.59525422397002,1.311597
166.601754233889,1.312593
166.608254243808,1.312243
166.614754253727,1.312049
166.621254263646,1.313078
166.62775427356505,1.312506
166.63425428348398,1.312291
166.64075429340303,1.313091
166.64725430332203,1.31268
166.65375431324102,1.312709
166.66025432316002,1.313556
166.666754333079,1.313335
166.673254342998,1.31302
166.67975435291703,1.31385
166.686254362836,1.3131
166.69275437275502,1.312905
166.699254382674,1.3139
166.705754392593,1.313463
166.712254402512,1.313218
166.718754412431,1.314111
166.72525442235,1.313708
166.73175443226904,1.313533
166.73825444218804,1.314391
166.74475445210703,1.313813
166.75125446202603,1.313825
166.75775447194502,1.314569
166.76425448186401,1.313948
166.770754491783,1.313628
166.77725450170203,1.314561
166.783754511621,1.313956
166.79025452154002,1.313918
166.79675453145902,1.315142
166.803254541378,1.314528
166.809754551297,1.314345
166.816254561216,1.315566
166.822754571135,1.315059
166.82925458105404,1.314806
166.83575459097298,1.315723
166.84225460089203,1.314879
166.84875461081103,1.315277
166.85525462073002,1.316464
166.86175463064902,1.315632
166.868254640568,1.315859
166.874754650487,1.316836
166.88125466040603,1.316208
166.88775467032502,1.316109
166.89425468024402,1.316973
166.900754690163,1.316311
166.907254700082,1.316505
166.913754710001,1.317514
166.92025471992,1.316539
166.92675472983902,1.316583
166.93325473975798,1.317509
166.93975474967704,1.316589
166.94625475959603,1.316764
166.95275476951502,1.317968
166.95925477943402,1.317039
166.965754789353,1.316742
166.972254799272,1.317871
166.97875480919103,1.317106
166.98525481911003,1.317273
166.99175482902902,1.318307
166.99825483894801,1.317414
167.004754848867,1.317518
167.011254858786,1.318904
167.017754868705,1.317756
167.02425487862402,1.317974
167.030754888543,1.319129
167.03725489846204,1.317994
167.04375490838103,1.317917
167.05025491830003,1.318975
167.05675492821902,1.318126
167.06325493813804,1.318558
167.069754948057,1.319476
167.07625495797603,1.318259
167.082754967895,1.318753
167.08925497781402,1.31954
167.09575498773302,1.318645
167.102254997652,1.318617
167.108755007571,1.319857
167.11525501749,1.318931
167.121755027409,1.319264
167.12825503732802,1.320163
167.134755047247,1.319058
167.141255057166,1.319324
167.14775506708503,1.320264
167.15425507700402,1.319323
167.16075508692302,1.319579
167.167255096842,1.321058
167.17375510676104,1.320025
167.18025511668,1.320203
167.18675512659902,1.321616
167.19325513651802,1.320744
167.199755146437,1.320569
167.206255156356,1.321828
167.212755166275,1.320834
167.219255176194,1.320787
167.22575518611302,1.321944
167.232255196032,1.321093
167.238755205951,1.321107
167.24525521587,1.322106
167.25175522578903,1.321033
167.25825523570802,1.320964
167.26475524562701,1.322234
167.27125525554604,1.32158
167.27775526546503,1.321616
167.28425527538403,1.322788
167.29075528530302,1.322125
167.29725529522202,1.322139
167.303755305141,1.323159
167.31025531506003,1.322156
167.316755324979,1.322368
167.32325533489802,1.32355
167.329755344817,1.322356
167.336255354736,1.322715
167.342755364655,1.323609
167.349255374574,1.322698
167.355755384493,1.322635
167.36225539441202,1.324085
167.368755404331,1.322995
167.37525541425003,1.323008
167.38175542416903,1.323923
167.38825543408802,1.323067
167.39475544400702,1.323182
167.401255453926,1.324454
167.407755463845,1.323178
167.414255473764,1.323418
167.42075548368302,1.324286
167.42725549360202,1.323369
167.433755503521,1.323679
167.44025551344,1.324934
167.446755523359,1.323756
167.453255533278,1.323858
167.45975554319705,1.324809
167.466255553116,1.324175
167.47275556303504,1.324184
167.47925557295403,1.325372
167.48575558287303,1.32428
167.49225559279202,1.32433
167.49875560271101,1.325626
167.50525561263,1.324405
167.511755622549,1.324549
167.518255632468,1.3255
167.52475564238702,1.324666
167.53125565230602,1.32479
167.537755662225,1.325832
167.544255672144,1.324746
167.550755682063,1.324873
167.557255691982,1.326097
167.563755701901,1.325073
167.57025571182004,1.325008
167.57675572173903,1.326227
167.58325573165803,1.325422
167.58975574157702,1.325234
167.59625575149602,1.326273
167.602755761415,1.325092
167.60925577133403,1.325785
167.615755781253,1.326735
167.62225579117202,1.325688
167.62875580109102,1.325987
167.63525581101,1.326873
167.641755820929,1.325861
167.648255830848,1.325791
167.654755840767,1.327335
167.661255850686,1.326373
167.66775586060504,1.326248
167.67425587052404,1.327238
167.68075588044303,1.32647
167.68725589036202,1.326215
167.69375590028102,1.327261
167.7002559102,1.326266
167.70675592011904,1.32669
167.713255930038,1.327997
167.71975593995703,1.32721
167.726255949876,1.327257
167.732755959795,1.328236
167.739255969714,1.326878
167.745755979633,1.326715
167.752255989552,1.328003
167.75875599947105,1.326944
167.76525600939,1.327265
167.77175601930904,1.328185
167.77825602922803,1.327398
167.78475603914703,1.327107
167.79125604906602,1.32851
167.79775605898502,1.327698
167.804256068904,1.327828
167.810756078823,1.328578
167.81725608874203,1.327818
167.82375609866102,1.327836
167.83025610858002,1.329084
167.836756118499,1.327877
167.843256128418,1.328171
167.849756138337,1.329153
167.85625614825602,1.328502
167.862756158175,1.328352
167.86925616809404,1.329551
167.87575617801303,1.32828
167.88225618793203,1.32843
167.88875619785102,1.329286
167.89525620777002,1.328687
167.901756217689,1.328696
167.908256227608,1.329709
167.91475623752703,1.328715
167.92125624744602,1.329114
167.92775625736502,1.329967
167.934256267284,1.329417
167.940756277203,1.329574
167.947256287122,1.330894
167.95375629704102,1.329616
167.96025630696,1.329718
167.966756316879,1.330688
167.97325632679804,1.329646
167.97975633671703,1.329475
167.98625634663603,1.330803
167.99275635655502,1.330148
167.99925636647401,1.330181
168.00575637639304,1.331263
168.012256386312,1.330284
168.01875639623103,1.330308
168.02525640615002,1.331414
168.03175641606902,1.330481
168.038256425988,1.330809
168.044756435907,1.331901
168.051256445826,1.330725
168.057756455745,1.330781
168.06425646566402,1.33186
168.070756475583,1.330528
168.077256485502,1.330705
168.08375649542103,1.332318
168.09025650534002,1.331553
168.09675651525902,1.331385
168.10325652517804,1.332046
168.109756535097,1.331358
168.11625654501603,1.33161
168.12275655493502,1.333005
168.12925656485402,1.33189
168.135756574773,1.332205
168.142256584692,1.333372
168.148756594611,1.33212
168.15525660453002,1.332185
168.16175661444902,1.333298
168.168256624368,1.332419
168.174756634287,1.332373
168.181256644206,1.333352
168.18775665412502,1.332235
168.19425666404402,1.332545
168.20075667396304,1.333565
168.207256683882,1.332763
168.21375669380103,1.332556
168.22025670372003,1.333958
168.22675671363902,1.332702
168.23325672355801,1.332859
168.239756733477,1.334077
168.246256743396,1.333114
168.25275675331503,1.333345
168.259256763234,1.33423
168.26575677315302,1.333032
168.272256783072,1.3332
168.278756792991,1.334268
168.28525680291,1.33336
168.291756812829,1.333308
168.29825682274802,1.334802
168.30475683266704,1.333804
168.31125684258603,1.334082
168.31775685250503,1.335466
168.32425686242402,1.334678
168.33075687234302,1.334252
168.337256882262,1.335194
168.343756892181,1.334309
168.35025690210003,1.334429
168.356756912019,1.335745
168.36325692193802,1.335029
168.369756931857,1.335021
168.376256941776,1.335999
168.382756951695,1.335088
168.389256961614,1.335196
168.395756971533,1.336483
168.40225698145204,1.335541
168.408756991371,1.335395
168.41525700129003,1.336673
168.42175701120902,1.335571
168.42825702112802,1.335602
168.434757031047,1.336699
168.441257040966,1.33596
168.447757050885,1.336312
168.45425706080403,1.337053
168.46075707072302,1.33562
168.467257080642,1.336027
168.473757090561,1.337035
168.48025710048,1.336454
168.486757110399,1.336391
168.493257120318,1.337645
168.49975713023704,1.336647
168.50625714015598,1.336484
168.51275715007503,1.337843
168.51925715999403,1.336561
168.52575716991302,1.336668
168.53225717983202,1.337806
168.538757189751,1.33694
168.54525719967,1.337304
168.55175720958903,1.338471
168.55825721950802,1.337416
168.56475722942702,1.337441
168.571257239346,1.338441
168.577757249265,1.337864
168.584257259184,1.337979
168.590757269103,1.338922
168.59725727902205,1.337846
168.60375728894098,1.337794
168.61025729886003,1.339057
168.61675730877903,1.33823
168.62325731869802,1.338268
168.62975732861702,1.339468
168.63625733853604,1.33861
168.642757348455,1.338724
168.64925735837403,1.339656
168.655757368293,1.338174
168.66225737821202,1.338253
168.668757388131,1.339593
168.67525739805,1.338882
168.681757407969,1.338785
168.688257417888,1.340069
168.694757427807,1.339035
168.70125743772604,1.339257
168.70775744764504,1.340475
168.71425745756403,1.339694
168.72075746748303,1.339693
168.72725747740202,1.34072
168.73375748732101,1.339728
168.74025749724,1.340194
168.74675750715903,1.341058
168.753257517078,1.340269
168.75975752699702,1.340199
168.76625753691602,1.341029
168.772757546835,1.339936
168.779257556754,1.339987
168.78575756667303,1.341261
168.792257576592,1.340357
168.79875758651102,1.340448
168.80525759643004,1.341237
168.81175760634903,1.340459
168.81825761626803,1.34057
168.82475762618702,1.34197
168.83125763610602,1.341068
168.837757646025,1.341026
168.84425765594403,1.342057
168.85075766586303,1.340755
168.85725767578202,1.341118
168.86375768570102,1.342103
168.87025769562,1.341078
168.876757705539,1.341103
168.88325771545803,1.342165
168.889757725377,1.341708
168.89625773529602,1.341769
168.90275774521498,1.342587
168.909257755134,1.341774
168.91575776505303,1.341781
168.92225777497202,1.343185
168.92875778489102,1.341998
168.93525779481,1.342297
168.941757804729,1.343442
168.94825781464803,1.342519
168.95475782456703,1.34222
168.96125783448602,1.343205
168.967757844405,1.342192
168.974257854324,1.34238
168.980757864243,1.343446
168.987257874162,1.342522
168.99375788408102,1.342788
169.00025789400001,1.343611
169.006757903919,1.342748
169.013257913838,1.342822
169.01975792375703,1.343852
169.02625793367602,1.343235
169.03275794359504,1.343389
169.039257953514,1.34453
169.04575796343303,1.343648
169.05225797335203,1.343831
169.05875798327102,1.344515
169.06525799319002,1.343802
169.071758003109,1.343839
169.078258013028,1.344818
169.084758022947,1.343919
169.091258032866,1.343859
169.09775804278502,1.345067
169.104258052704,1.343983
169.110758062623,1.343538
169.117258072542,1.34438
169.123758082461,1.343583
169.13025809238002,1.343623
169.136758102299,1.344634
169.14325811221804,1.343964
169.14975812213703,1.34403
169.15625813205602,1.344963
169.16275814197502,1.344144
169.169258151894,1.343953
169.175758161813,1.345148
169.18225817173203,1.344359
169.188758181651,1.344545
169.19525819157002,1.345832
169.201758201489,1.344208
169.208258211408,1.344473
169.214758221327,1.345801
169.221258231246,1.345114
169.227758241165,1.344876
169.23425825108401,1.345418
169.24075826100304,1.344565
169.24725827092203,1.344702
169.25375828084103,1.345775
169.26025829076002,1.344847
169.26675830067902,1.345334
169.273258310598,1.346423
169.27975832051703,1.34563
169.286258330436,1.345019
169.29275834035502,1.346174
169.299258350274,1.345598
169.305758360193,1.345563
169.312258370112,1.346641
169.318758380031,1.345682
169.32525838995,1.345806
169.33175839986905,1.346898
169.33825840978798,1.346162
169.34475841970703,1.34642
169.35125842962603,1.347148
169.35775843954502,1.346468
169.36425844946402,1.346282
169.370758459383,1.347574
169.377258469302,1.346523
169.383758479221,1.346398
169.39025848914002,1.347409
169.39675849905902,1.346637
169.403258508978,1.346924
169.409758518897,1.347856
169.416258528816,1.346776
169.422758538735,1.346682
169.42925854865405,1.347888
169.43575855857299,1.346781
169.44225856849204,1.34735
169.44875857841103,1.348221
169.45525858833003,1.347512
169.46175859824902,1.347516
169.46825860816801,1.348511
169.474758618087,1.347448
169.48125862800603,1.347813
169.48775863792503,1.348897
169.49425864784402,1.347706
169.50075865776301,1.347691
169.507258667682,1.348838
169.513758677601,1.347867
169.52025868752,1.348002
169.52675869743905,1.349068
169.533258707358,1.348116
169.53975871727704,1.348131
169.54625872719603,1.349324
169.55275873711503,1.347965
169.55925874703402,1.347978
169.56575875695302,1.349359
169.572258766872,1.348297
169.57875877679103,1.348441
169.58525878671,1.349596
169.59175879662902,1.34842
169.59825880654802,1.348147
169.604758816467,1.350055
169.611258826386,1.34869
169.617758836305,1.348774
169.624258846224,1.349803
169.630758856143,1.34882
169.63725886606204,1.348507
169.64375887598104,1.349624
169.65025888590003,1.348911
169.65675889581902,1.349093
169.66325890573802,1.350252
169.669758915657,1.349724
169.67625892557604,1.349934
169.682758935495,1.350593
169.68925894541402,1.349684
169.69575895533302,1.349519
169.702258965252,1.350923
169.708758975171,1.34991
169.71525898509,1.349815
169.721758995009,1.350846
169.72825900492802,1.349773
169.73475901484701,1.349816
169.74125902476604,1.351089
169.74775903468503,1.350125
169.75425904460403,1.350262
169.76075905452302,1.351265
169.76725906444202,1.350644
169.77375907436104,1.350637
169.78025908428,1.351868
169.78675909419903,1.350608
169.79325910411802,1.350616
169.79975911403702,1.351672
169.806259123956,1.350535
169.812759133875,1.350787
169.819259143794,1.351776
169.82575915371302,1.350977
169.832259163632,1.3511
169.838759173551,1.352433
169.84525918347,1.35146
169.85175919338903,1.351293
169.85825920330802,1.352043
169.86475921322702,1.351329
169.871259223146,1.351153
169.87775923306504,1.352355
169.88425924298403,1.351451
169.89075925290302,1.351873
169.89725926282202,1.352848
169.903759272741,1.351765
169.91025928266,1.351555
169.916759292579,1.352726
169.92325930249802,1.351446
169.929759312417,1.351647
169.936259322336,1.352775
169.942759332255,1.351832
169.949259342174,1.352116
169.95575935209303,1.35314
169.96225936201202,1.352195
169.96875937193101,1.352268
169.97525938185004,1.353508
169.981759391769,1.352545
169.98825940168803,1.352801
169.99475941160702,1.353583
170.00125942152602,1.352549
170.007759431445,1.352788
170.014259441364,1.353832
170.020759451283,1.352837
170.02725946120202,1.352935
170.03375947112102,1.353878
170.04025948104,1.352994
170.046759490959,1.35307
170.053259500878,1.354226
170.059759510797,1.353208
170.06625952071602,1.353317
170.07275953063504,1.354518
170.079259540554,1.353718
170.08575955047303,1.35366
170.09225956039202,1.354631
170.09875957031102,1.353737
170.10525958023,1.353879
170.111759590149,1.354788
170.118259600068,1.353704
170.12475960998702,1.353531
170.13125961990602,1.354655
170.137759629825,1.353857
170.144259639744,1.353874
170.150759649663,1.355035
170.157259659582,1.354307
170.163759669501,1.354364
170.17025967942004,1.355442
170.17675968933904,1.354948
170.18325969925803,1.355179
170.18975970917703,1.35607
170.19625971909602,1.355041
170.202759729015,1.354921
170.20925973893404,1.355765
170.215759748853,1.355171
170.22225975877203,1.355201
170.228759768691,1.35595
170.23525977861001,1.355169
170.241759788529,1.355483
170.248259798448,1.356566
170.254759808367,1.355726
170.261259818286,1.355839
170.267759828205,1.356887
170.27425983812404,1.355961
170.28075984804303,1.355976
170.28725985796203,1.357097
170.29375986788102,1.356352
170.30025987780002,1.356396
170.306759887719,1.356842
170.313259897638,1.356239
170.31975990755703,1.35653
170.326259917476,1.35742
170.33275992739502,1.356344
170.339259937314,1.356668
170.345759947233,1.357392
170.352259957152,1.356485
170.35875996707105,1.356415
170.36525997699,1.357437
170.37175998690904,1.356517
170.37825999682804,1.357103
170.38476000674703,1.358093
170.39126001666602,1.357457
170.39776002658502,1.357927
170.404260036504,1.358448
170.41076004642304,1.357712
170.417260056342,1.35791
170.423760066261,1.358948
170.43026007618002,1.358041
170.436760086099,1.358029
170.443260096018,1.35874
170.44976010593703,1.357901
170.456260115856,1.358153
170.462760125775,1.358964
170.46926013569404,1.358322
170.47576014561304,1.358606
170.48226015553203,1.359325
170.48876016545103,1.358626
170.49526017537002,1.359017
170.50176018528902,1.359374
170.50826019520804,1.358773
170.51476020512703,1.359379
170.521260215046,1.359868
170.52776022496502,1.359016
170.53426023488402,1.359605
170.540760244803,1.359838
170.54726025472203,1.359083
170.553760264641,1.359401
170.56026027456,1.36035
170.56676028447902,1.359257
170.57326029439804,1.359618
170.57976030431703,1.360289
170.58626031423603,1.35942
170.59276032415502,1.36016
170.59926033407402,1.360909
170.60576034399304,1.359638
170.61226035391203,1.36007
170.618760363831,1.360745
170.62526037375002,1.359761
170.63176038366902,1.360581
170.638260393588,1.361106
170.64476040350704,1.360048
170.651260413426,1.360587
170.657760423345,1.360896
170.664260433264,1.360397
170.670760443183,1.360778
170.67726045310204,1.360974
170.68376046302097,1.360315
170.69026047294003,1.360655
170.69676048285902,1.361365
170.703260492778,1.360754
170.70976050269704,1.361323
170.716260512616,1.361455
170.722760522535,1.360696
170.72926053245402,1.361266
170.73576054237301,1.361596
170.742260552292,1.360875
170.748760562211,1.361435
170.75526057213,1.361593
170.761760582049,1.3608
170.76826059196802,1.361068
170.774760601887,1.361576
170.781260611806,1.360986
170.78776062172503,1.361492
170.79426063164402,1.361738
170.80076064156302,1.361259
170.80726065148204,1.361434
170.81376066140103,1.361932
170.82026067132,1.361386
170.82676068123902,1.362317
170.83326069115802,1.36261
170.839760701077,1.361708
170.84626071099603,1.36226
170.852760720915,1.362684
170.859260730834,1.361834
170.86576074075302,1.362118
170.872260750672,1.362005
170.878760760591,1.361383
170.88526077051,1.362036
170.89176078042902,1.362251
170.89826079034802,1.361955
170.90476080026704,1.362292
170.91126081018604,1.362479
170.917760820105,1.362173
170.92426083002402,1.362563
170.93076083994302,1.362883
170.937260849862,1.362315
170.94376085978104,1.36306
170.9502608697,1.363567
170.956760879619,1.3628
170.96326088953802,1.363559
170.96976089945701,1.363622
170.976260909376,1.363371
170.982760919295,1.363797
170.989260929214,1.363907
170.995760939133,1.363366
171.00226094905204,1.363963
171.00876095897104,1.363883
171.01526096889,1.363254
171.02176097880903,1.363698
171.02826098872802,1.363774
171.03476099864702,1.363492
171.04126100856604,1.363925
171.047761018485,1.363879
171.054261028404,1.363645
171.06076103832302,1.364505
171.06726104824202,1.364153
171.073761058161,1.363743
171.08026106807998,1.364584
171.086761077999,1.364788
171.093261087918,1.364415
171.09976109783705,1.364806
171.10626110775604,1.36492
171.112761117675,1.364479
171.119261127594,1.364986
171.12576113751302,1.364945
171.13226114743202,1.364714
171.13876115735104,1.365195
171.14526116727004,1.365049
171.151761177189,1.364281
171.158261187108,1.365385
171.16476119702702,1.365347
171.171261206946,1.364824
171.17776121686504,1.365418
171.184261226784,1.365157
171.190761236703,1.364809
171.197261246622,1.365557
171.20376125654104,1.365317
171.21026126646004,1.365252
171.216761276379,1.36605
171.22326128629803,1.365806
171.22976129621702,1.365478
171.23626130613602,1.36621
171.24276131605504,1.366092
171.249261325974,1.365767
171.255761335893,1.366419
171.26226134581202,1.366167
171.26876135573102,1.365582
171.27526136565,1.36631
171.281761375569,1.365817
171.288261385488,1.365623
171.294761395407,1.366225
171.30126140532604,1.366569
171.30776141524504,1.366152
171.31426142516398,1.366823
171.32076143508303,1.366424
171.32726144500202,1.366485
171.33376145492102,1.367124
171.34026146484004,1.366478
171.346761474759,1.366445
171.353261484678,1.367149
171.35976149459702,1.366669
171.36626150451602,1.366777
171.372761514435,1.36759
171.379261524354,1.367005
171.385761534273,1.366809
171.392261544192,1.367627
171.39876155411102,1.367194
171.40526156403004,1.367232
171.41176157394898,1.368045
171.41826158386803,1.36762
171.42476159378703,1.367633
171.43126160370602,1.368483
171.43776161362504,1.367557
171.444261623544,1.367156
171.450761633463,1.367992
171.45726164338203,1.367507
171.46376165330102,1.367389
171.47026166322001,1.368524
171.47676167313904,1.367851
171.483261683058,1.368057
171.489761692977,1.369081
171.49626170289602,1.368579
171.50276171281502,1.368451
171.50926172273404,1.369457
171.51576173265298,1.368606
171.52226174257203,1.368512
171.52876175249102,1.369489
171.53526176241004,1.368697
171.54176177232904,1.368689
171.548261782248,1.369631
171.554761792167,1.369223
171.56126180208602,1.368996
171.56776181200502,1.369962
171.57426182192404,1.369255
171.580761831843,1.369161
171.587261841762,1.370025
171.593761851681,1.369338
171.60026186160002,1.369336
171.606761871519,1.370254
171.61326188143798,1.369241
171.61976189135703,1.369385
171.62626190127602,1.370324
171.63276191119502,1.369618
171.63926192111404,1.369922
171.645761931033,1.371038
171.652261940952,1.370469
171.65876195087102,1.370438
171.66526196079002,1.371261
171.671761970709,1.370575
171.678261980628,1.370724
171.684761990547,1.371755
171.691262000466,1.370908
171.69776201038502,1.37095
171.70426202030401,1.372152
171.71076203022298,1.371217
171.717262040142,1.371189
171.72376205006103,1.371992
171.73026205998002,1.371121
171.73676206989904,1.370844
171.743262079818,1.372008
171.749762089737,1.371036
171.75626209965603,1.370997
171.76276210957502,1.372203
171.76926211949402,1.371468
171.775762129413,1.371598
171.782262139332,1.372834
171.788762149251,1.371588
171.79526215917002,1.371759
171.80176216908902,1.37306
171.80826217900798,1.371729
171.814762188927,1.371855
171.821262198846,1.372913
171.82776220876502,1.371738
171.83426221868405,1.371593
171.84076222860304,1.372885
171.847262238522,1.372019
171.85376224844103,1.372146
171.86026225836002,1.373175
171.86676226827902,1.371952
171.87326227819804,1.372186
171.879762288117,1.373702
171.886262298036,1.372367
171.89276230795502,1.3728
171.89926231787402,1.373952
171.905762327793,1.373
171.912262337712,1.372938
171.918762347631,1.374337
171.92526235755,1.373163
171.93176236746905,1.373255
171.93826237738804,1.374362
171.944762387307,1.373256
171.95126239722603,1.373429
171.95776240714503,1.374318
171.96426241706402,1.37308
171.97076242698304,1.373219
171.977262436902,1.374415
171.983762446821,1.373316
171.99026245674003,1.373464
171.99676246665902,1.374594
172.00326247657802,1.373209
172.00976248649698,1.373261
172.016262496416,1.374341
172.022762506335,1.373275
172.02926251625405,1.373489
172.03576252617304,1.374788
172.042262536092,1.3736
172.048762546011,1.373446
172.05526255593003,1.374891
172.06176256584902,1.373865
172.06826257576805,1.374249
172.074762585687,1.375355
172.081262595606,1.374157
172.087762605525,1.374242
172.09426261544402,1.375436
172.10076262536302,1.37467
172.10726263528198,1.374777
172.113762645201,1.375823
172.12026265512,1.375053
172.126762665039,1.374695
172.13326267495805,1.375889
172.13976268487698,1.374504
172.14626269479598,1.374596
172.15276270471503,1.375777
172.15926271463402,1.374389
172.16576272455302,1.374658
172.17226273447204,1.376139
172.178762744391,1.375096
172.18526275431,1.374965
172.19176276422903,1.37618
172.19826277414802,1.375039
172.20476278406701,1.375057
172.211262793986,1.376545
172.217762803905,1.375354
172.224262813824,1.375375
172.23076282374305,1.376406
172.23726283366204,1.375257
172.24376284358098,1.375301
172.25026285350003,1.376434
172.25676286341903,1.375494
172.26326287333802,1.375452
172.26976288325704,1.3767
172.276262893176,1.375629
172.282762903095,1.375756
172.28926291301403,1.376889
172.29576292293302,1.375743
172.30226293285202,1.375816
172.308762942771,1.377317
172.31526295269,1.376446
172.321762962609,1.376752
172.32826297252802,1.37783
172.33476298244702,1.376648
172.34126299236598,1.37668
172.34776300228503,1.377452
172.35426301220403,1.376641
172.36076302212302,1.376573
172.36726303204205,1.377887
172.373763041961,1.376606
172.38026305188,1.37688
172.38676306179903,1.37789
172.39326307171802,1.376764
172.39976308163702,1.376769
172.40626309155599,1.377672
172.412763101475,1.376733
172.419263111394,1.377165
172.42576312131303,1.378209
172.43226313123202,1.37714
172.438763141151,1.377421
172.44526315106998,1.378384
172.45176316098903,1.377126
172.45826317090803,1.377092
172.46476318082705,1.378123
172.47126319074601,1.377339
172.477763200665,1.377276
172.484263210584,1.378411
172.49076322050303,1.377443
172.49726323042202,1.377645
172.503763240341,1.378897
172.51026325026,1.377925
172.516763260179,1.377756
172.523263270098,1.378937
172.52976328001702,1.377987
172.53626328993602,1.377844
172.54276329985498,1.378986
172.549263309774,1.377986
172.55576331969303,1.378214
172.56226332961202,1.379541
172.56876333953105,1.378443
172.57526334945,1.378714
172.581763359369,1.37974
172.58826336928803,1.378854
172.59476337920702,1.378947
172.60126338912602,1.379952
172.607763399045,1.379196
172.614263408964,1.379277
172.620763418883,1.380124
172.62726342880202,1.378841
172.63376343872102,1.378975
172.64026344863998,1.380207
172.646763458559,1.379476
172.653263468478,1.379619
172.65976347839702,1.380756
172.66626348831605,1.379416
172.672763498235,1.379507
172.679263508154,1.380642
172.68576351807303,1.379661
172.69226352799203,1.379829
172.69876353791102,1.381051
172.70526354783001,1.380547
172.711763557749,1.380402
172.718263567668,1.381205
172.72476357758703,1.379953
172.73126358750602,1.379934
172.737763597425,1.380849
172.744263607344,1.379968
172.750763617263,1.380018
172.757263627182,1.381489
172.76376363710105,1.380596
172.77026364702002,1.380638
172.776763656939,1.381787
172.78326366685803,1.380874
172.78976367677703,1.381039
172.79626368669602,1.382203
172.80276369661502,1.381364
172.809263706534,1.381262
172.815763716453,1.382409
172.82226372637203,1.381087
172.82876373629102,1.380922
172.83526374621,1.382121
172.841763756129,1.381428
172.848263766048,1.3813
172.854763775967,1.382493
172.86126378588605,1.381634
172.86776379580505,1.381435
172.874263805724,1.382361
172.88076381564304,1.381076
172.88726382556203,1.381457
172.89376383548102,1.382791
172.90026384540005,1.381582
172.906763855319,1.381291
172.913263865238,1.382598
172.91976387515703,1.381651
172.92626388507603,1.381864
172.93276389499502,1.383017
172.939263904914,1.381839
172.945763914833,1.382274
172.952263924752,1.383422
172.95876393467105,1.382184
172.96526394459005,1.38256
172.971763954509,1.383206
172.97826396442798,1.382105
172.98476397434703,1.382117
172.99126398426603,1.383203
172.99776399418502,1.38219
173.00426400410402,1.382099
173.010764014023,1.383425
173.017264023942,1.382693
173.02376403386103,1.383036
173.03026404378002,1.383819
173.036764053699,1.382639
173.043264063618,1.382795
173.049764073537,1.384038
173.056264083456,1.383145
173.06276409337505,1.38305
173.069264103294,1.384736
173.07576411321298,1.383441
173.08226412313203,1.383381
173.08876413305103,1.384616
173.09526414297002,1.383629
173.10176415288902,1.383556
173.108264162808,1.384449
173.114764172727,1.383183
173.12126418264603,1.383174
173.12776419256502,1.384581
173.134264202484,1.383152
173.140764212403,1.38334
173.147264222322,1.384463
173.153764232241,1.383287
173.16026424216003,1.383385
173.166764252079,1.384479
173.17326426199799,1.383267
173.17976427191704,1.383475
173.18626428183603,1.384802
173.19276429175503,1.383504
173.19926430167402,1.383618
173.20576431159301,1.384953
173.212264321512,1.38388
173.21876433143103,1.383952
173.22526434135003,1.385331
173.23176435126902,1.38419
173.23826436118802,1.383913
173.244764371107,1.385092
173.251264381026,1.384435
173.25776439094503,1.384525
173.26426440086402,1.385699
173.270764410783,1.384642
173.27726442070204,1.384375
173.28376443062103,1.385704
173.29026444054003,1.384596
173.29676445045905,1.384803
173.30326446037802,1.385705
173.309764470297,1.384614
173.31626448021603,1.384965
173.32276449013503,1.386387
173.32926450005402,1.385362
173.335764509973,1.385163
173.342264519892,1.386274
173.348764529811,1.385166
173.35526453973003,1.385112
173.36176454964902,1.386595
173.368264559568,1.385671
173.37476456948698,1.385606
173.38126457940604,1.386615
173.38776458932503,1.385499
173.39426459924405,1.385563
173.40076460916302,1.387001
173.407264619082,1.385898
173.413764629001,1.385934
173.42026463892003,1.38718
173.42676464883903,1.386358
173.433264658758,1.386432
173.43976466867701,1.387502
173.446264678596,1.386508
173.452764688515,1.386452
173.45926469843403,1.387633
173.465764708353,1.38668
173.472264718272,1.386557
173.478764728191,1.387414
173.48526473811,1.386317
173.49176474802903,1.386446
173.49826475794802,1.38718
173.50476476786702,1.386227
173.511264777786,1.386436
173.51776478770503,1.38786
173.52426479762403,1.386915
173.530764807543,1.387057
173.53726481746202,1.388295
173.543764827381,1.387376
173.5502648373,1.387355
173.55676484721903,1.388606
173.56326485713802,1.387285
173.569764867057,1.386939
173.576264876976,1.388416
173.582764886895,1.387599
173.589264896814,1.387595
173.59576490673305,1.388538
173.60226491665202,1.387473
173.608764926571,1.387795
173.61526493649004,1.38896
173.62176494640903,1.387694
173.62826495632802,1.387959
173.63476496624702,1.3893
173.641264976166,1.387985
173.647764986085,1.38855
173.65426499600403,1.389795
173.66076500592303,1.388424
173.667265015842,1.388448
173.673765025761,1.389283
173.68026503568,1.388413
173.686765045599,1.388542
173.69326505551805,1.389586
173.699765065437,1.388493
173.70626507535601,1.388729
173.71276508527504,1.389868
173.71926509519403,1.388567
173.72576510511303,1.388706
173.73226511503202,1.389974
173.73876512495102,1.388875
173.74526513487,1.388858
173.75176514478903,1.389691
173.75826515470803,1.389064
173.764765164627,1.38934
173.77126517454602,1.39015
173.777765184465,1.389583
173.784265194384,1.389614
173.79076520430306,1.390314
173.797265214222,1.389035
173.803765224141,1.389303
173.81026523406,1.390495
173.81676524397903,1.389559
173.82326525389803,1.389656
173.829765263817,1.391002
173.83626527373602,1.389688
173.842765283655,1.390066
173.849265293574,1.390978
173.85576530349303,1.390017
173.862265313412,1.39032
173.868765323331,1.391574
173.87526533325,1.390444
173.881765343169,1.390244
173.888265353088,1.391472
173.894765363007,1.390386
173.901265372926,1.390596
173.90776538284499,1.39164
173.91426539276404,1.39075
173.92076540268303,1.390786
173.92726541260203,1.391794
173.93376542252102,1.390656
173.94026543244001,1.390437
173.946765442359,1.391741
173.95326545227803,1.390935
173.95976546219703,1.390658
173.966265472116,1.391983
173.97276548203502,1.391056
173.979265491954,1.391271
173.985765501873,1.392341
173.99226551179203,1.391173
173.998765521711,1.391244
174.00526553163,1.392292
174.01176554154904,1.391472
174.01826555146803,1.391646
174.02476556138703,1.392592
174.03126557130602,1.39167
174.03776558122502,1.391583
174.044265591144,1.393161
174.05076560106303,1.392186
174.05726561098203,1.392343
174.063765620901,1.393691
174.07026563082002,1.392416
174.076765640739,1.39241
174.083265650658,1.393687
174.08976566057703,1.39212
174.096265670496,1.392206
174.102765680415,1.39329
174.10926569033404,1.392532
174.11576570025304,1.392372
174.12226571017203,1.393312
174.12876572009102,1.392345
174.13526573001002,1.391935
174.141765739929,1.393452
174.14826574984804,1.392673
174.15476575976703,1.392404
174.161265769686,1.393517
174.16776577960502,1.392418
174.17426578952401,1.392799
174.180765799443,1.394324
174.18726580936203,1.392601
174.193765819281,1.39316
174.2002658292,1.394043
174.20676583911902,1.392779
174.21326584903804,1.393353
174.21976585895703,1.394467
174.22626586887597,1.393058
174.23276587879502,1.393324
174.23926588871402,1.394259
174.24576589863304,1.393233
174.25226590855203,1.393374
174.25876591847103,1.39449
174.26526592839,1.393495
174.27176593830902,1.393479
174.278265948228,1.394549
174.28476595814703,1.393569
174.29126596806603,1.393885
174.297765977985,1.394897
174.304265987904,1.393586
174.310765997823,1.393684
174.31726600774203,1.394994
174.32376601766106,1.393897
174.33026602758002,1.394179
174.33676603749902,1.395359
174.343266047418,1.393996
174.34976605733704,1.394264
174.35626606725603,1.394991
174.362766077175,1.393788
174.36926608709402,1.393696
174.375766097013,1.395147
174.382266106932,1.393879
174.38876611685103,1.394112
174.39526612677,1.395637
174.401766136689,1.394508
174.408266146608,1.394744
174.414766156527,1.39574
174.421266166446,1.394814
174.42776617636503,1.395082
174.43426618628402,1.39591
174.44076619620301,1.395159
174.44726620612204,1.395006
174.45376621604103,1.396068
174.46026622596,1.3951
174.46676623587902,1.395211
174.47326624579802,1.39629
174.479766255717,1.394964
174.48626626563603,1.395401
174.492766275555,1.396599
174.499266285474,1.395475
174.50576629539302,1.395389
174.512266305312,1.396529
174.518766315231,1.395782
174.52526632515,1.395588
174.53176633506902,1.396646
174.53826634498802,1.395506
174.54476635490704,1.395474
174.55126636482603,1.396526
174.557766374745,1.395667
174.56426638466402,1.395637
174.57076639458302,1.396644
174.577266404502,1.395607
174.58376641442104,1.396002
174.59026642434,1.396871
174.596766434259,1.395685
174.60326644417802,1.395892
174.609766454097,1.396986
174.616266464016,1.396128
174.62276647393506,1.396385
174.629266483854,1.397599
174.635766493773,1.396127
174.64226650369204,1.396148
174.64876651361104,1.397339
174.65526652353003,1.396348
174.661766533449,1.396095
174.66826654336802,1.397139
174.67476655328701,1.39625
174.68126656320604,1.396324
174.68776657312503,1.397697
174.694266583044,1.396385
174.700766592963,1.396488
174.70726660288202,1.397593
174.713766612801,1.396314
174.72026662272006,1.396443
174.726766632639,1.397717
174.733266642558,1.396808
174.739766652477,1.39666
174.74626666239604,1.39807
174.75276667231503,1.396991
174.759266682234,1.397007
174.76576669215302,1.397952
174.77226670207202,1.397009
174.778766711991,1.39731
174.78526672191003,1.398663
174.791766731829,1.397596
174.798266741748,1.397434
174.80476675166702,1.398498
174.811266761586,1.397351
174.817766771505,1.397395
174.824266781424,1.398409
174.830766791343,1.397889
174.837266801262,1.397804
174.84376681118104,1.398937
174.85026682110004,1.397755
174.856766831019,1.398041
174.86326684093802,1.399093
174.86976685085702,1.398109
174.876266860776,1.398088
174.88276687069504,1.398878
174.889266880614,1.398224
174.895766890533,1.398265
174.90226690045202,1.399278
174.908766910371,1.398106
174.91526692029,1.397954
174.921766930209,1.398764
174.928266940128,1.397909
174.934766950047,1.398239
174.94126695996604,1.399166
174.94776696988504,1.3979
174.95426697980403,1.398088
174.96076698972303,1.398973
174.96726699964202,1.398127
174.97376700956102,1.398343
174.98026701948004,1.399426
174.98676702939903,1.398283
174.993267039318,1.398491
174.99976704923702,1.399713
175.00626705915602,1.398909
175.012767069075,1.399147
175.01926707899403,1.400262
175.025767088913,1.399103
175.032267098832,1.399219
175.03876710875102,1.400036
175.04526711867004,1.399143
175.05176712858903,1.399901
175.05826713850803,1.400552
175.06476714842702,1.39959
175.07126715834602,1.399569
175.07776716826504,1.400275
175.08426717818404,1.399257
175.090767188103,1.399576
175.09726719802202,1.400576
175.10376720794102,1.399609
175.11026721786,1.399985
175.11676722777904,1.400634
175.123267237698,1.399577
175.129767247617,1.399704
175.13626725753602,1.400622
175.142767267455,1.399872
175.14926727737404,1.400144
175.15576728729297,1.400753
175.16226729721203,1.399945
175.16876730713102,1.400062
175.17526731705004,1.400916
175.18176732696904,1.400042
175.188267336888,1.399934
175.194767346807,1.400761
175.20126735672602,1.399878
175.20776736664502,1.39994
175.21426737656404,1.400746
175.220767386483,1.39997
175.227267396402,1.40025
175.233767406321,1.401224
175.24026741624002,1.400069
175.246767426159,1.400153
175.25326743607798,1.400676
175.25976744599703,1.399683
175.26626745591602,1.400207
175.27276746583502,1.400737
175.27926747575404,1.400132
175.285767485673,1.400635
175.292267495592,1.401101
175.29876750551102,1.400594
175.30526751543002,1.400808
175.311767525349,1.401218
175.31826753526803,1.400262
175.324767545187,1.400776
175.331267555106,1.401291
175.33776756502502,1.400433
175.344267574944,1.400771
175.350767584863,1.401229
175.357267594782,1.400286
175.36376760470102,1.400583
175.37026761462002,1.401133
175.37676762453904,1.399975
175.38326763445804,1.400733
175.389767644377,1.401668
175.39626765429603,1.400883
175.40276766421502,1.401321
175.40926767413401,1.402109
175.41576768405304,1.401051
175.422267693972,1.401463
175.428767703891,1.402022
175.43526771381002,1.401335
175.44176772372901,1.401686
175.448267733648,1.402366
175.454767743567,1.4015
175.461267753486,1.401939
175.467767763405,1.402457
175.47426777332404,1.401834
175.48076778324304,1.402073
175.487267793162,1.4022
175.49376780308103,1.401746
175.50026781300002,1.402183
175.50676782291902,1.402129
175.51326783283804,1.401721
175.519767842757,1.402678
175.526267852676,1.402657
175.53276786259502,1.401971
175.53926787251402,1.402255
175.545767882433,1.402719
175.55226789235198,1.401939
175.558767902271,1.402423
175.56526791219,1.402589
175.57176792210905,1.402225
175.57826793202804,1.402914
175.584767941947,1.402963
175.591267951866,1.402337
175.59776796178502,1.402837
175.60426797170402,1.403064
175.61076798162304,1.402256
175.617267991542,1.402678
175.623768001461,1.4028
175.63026801138,1.40251
175.63676802129902,1.402876
175.643268031218,1.403121
175.64976804113704,1.402434
175.656268051056,1.403272
175.662768060975,1.403458
175.669268070894,1.403207
175.67576808081304,1.403487
175.68226809073204,1.403543
175.688768100651,1.402756
175.69526811057003,1.403691
175.70176812048902,1.403724
175.70826813040802,1.403003
175.71476814032704,1.403557
175.721268150246,1.403644
175.727768160165,1.403074
175.73426817008402,1.403989
175.74076818000302,1.403766
175.747268189922,1.402989
175.753768199841,1.403512
175.76026820976,1.403861
175.766768219679,1.403474
175.77326822959805,1.403953
175.77976823951704,1.403604
175.78626824943598,1.403218
175.79276825935503,1.403825
175.79926826927402,1.403849
175.80576827919302,1.403388
175.81226828911204,1.404184
175.818768299031,1.40394
175.82526830895,1.403132
175.83176831886902,1.404191
175.83826832878802,1.404086
175.844768338707,1.403506
175.851268348626,1.403822
175.857768358545,1.403814
175.864268368464,1.403417
175.87076837838305,1.404094
175.87726838830204,1.404391
175.88376839822098,1.403764
175.89026840814003,1.40449
175.89676841805903,1.404071
175.90326842797802,1.403557
175.90976843789704,1.404692
175.916268447816,1.404532
175.922768457735,1.404085
175.92926846765403,1.404816
175.93576847757302,1.404926
175.94226848749202,1.40454
175.948768497411,1.405349
175.95526850733,1.405055
175.961768517249,1.404194
175.96826852716802,1.404902
175.97476853708702,1.404594
175.98126854700598,1.404111
175.98776855692503,1.405044
175.99426856684403,1.404329
176.00076857676302,1.403992
176.00726858668204,1.405089
176.01376859660104,1.405026
176.02026860652,1.404886
176.02676861643903,1.405688
176.03326862635802,1.405318
176.03976863627702,1.404842
176.04626864619604,1.405592
176.052768656115,1.405409
176.059268666034,1.405365
176.06576867595302,1.406338
176.07226868587202,1.405666
176.078768695791,1.405224
176.08526870570998,1.406062
176.09176871562903,1.40547
176.09826872554802,1.405256
176.10476873546705,1.406204
176.11126874538604,1.405608
176.117768755305,1.405254
176.124268765224,1.406319
176.13076877514303,1.406008
176.13726878506202,1.405804
176.143768794981,1.406561
176.1502688049,1.405999
176.156768814819,1.405831
176.163268824738,1.406463
176.16976883465702,1.406066
176.17626884457601,1.405717
176.18276885449498,1.407059
176.189268864414,1.406751
176.19576887433303,1.406441
176.20226888425202,1.407211
176.20876889417104,1.40617
176.21526890409,1.40615
176.221768914009,1.407251
176.22826892392803,1.406283
176.23476893384702,1.40616
176.24126894376602,1.407065
176.247768953685,1.406262
176.254268963604,1.406108
176.260768973523,1.407374
176.26726898344202,1.406691
176.27376899336102,1.406429
176.28026900327998,1.407265
176.286769013199,1.406358
176.293269023118,1.406358
176.29976903303702,1.407261
176.30626904295605,1.406451
176.312769052875,1.406503
176.319269062794,1.407596
176.32576907271303,1.406977
176.33226908263202,1.406805
176.33876909255102,1.407889
176.34526910247004,1.406976
176.351769112389,1.40689
176.358269122308,1.407753
176.36476913222702,1.406856
176.37126914214602,1.407049
176.377769152065,1.408159
176.384269161984,1.407144
176.390769171903,1.407348
176.397269181822,1.408262
176.40376919174105,1.407493
176.41026920166004,1.407738
176.416769211579,1.408621
176.42326922149803,1.407618
176.42976923141703,1.407444
176.43626924133602,1.408488
176.44276925125504,1.407786
176.449269261174,1.40726
176.455769271093,1.408881
176.46226928101203,1.407742
176.46876929093102,1.407468
176.47526930085002,1.408808
176.48176931076898,1.407311
176.488269320688,1.407693
176.494769330607,1.40904
176.50126934052605,1.40821
176.50776935044505,1.407985
176.514269360364,1.409184
176.520769370283,1.407931
176.52726938020203,1.408066
176.53376939012102,1.409005
176.54026940004005,1.407931
176.546769409959,1.408066
176.553269419878,1.409247
176.559769429797,1.407937
176.56626943971602,1.408139
176.57276944963502,1.409409
176.57926945955398,1.408124
176.585769469473,1.40807
176.592269479392,1.409529
176.598769489311,1.408255
176.60526949923005,1.408122
176.61176950914898,1.409017
176.61826951906798,1.40783
176.62476952898703,1.408042
176.63126953890603,1.409352
176.63776954882502,1.407985
176.644269558744,1.407973
176.650769568663,1.409149
176.657269578582,1.408145
176.66376958850103,1.408118
176.67026959842002,1.40943
176.676769608339,1.408045
176.683269618258,1.408363
176.689769628177,1.409511
176.696269638096,1.408273
176.70276964801505,1.40847
176.70926965793404,1.409885
176.71576966785298,1.408589
176.72226967777203,1.408745
176.72876968769103,1.409917
176.73526969761002,1.409096
176.74176970752904,1.409009
176.748269717448,1.410079
176.754769727367,1.409061
176.76126973728603,1.408803
176.76776974720502,1.409864
176.77426975712402,1.408829
176.780769767043,1.408478
176.787269776962,1.40971
176.793769786881,1.408686
176.80026979680002,1.409107
176.80676980671905,1.410422
176.81326981663798,1.409154
176.81976982655704,1.409103
176.82626983647603,1.410372
176.83276984639502,1.409242
176.83926985631405,1.409107
176.845769866233,1.410624
176.852269876152,1.409369
176.85876988607103,1.409401
176.86526989599002,1.410612
176.87176990590902,1.409321
176.878269915828,1.409335
176.884769925747,1.410491
176.891269935666,1.409459
176.89776994558503,1.409577
176.90426995550402,1.410645
176.910769965423,1.409485
176.91726997534204,1.409427
176.92376998526103,1.410566
176.93026999518003,1.409874
176.93677000509905,1.409722
176.94327001501802,1.410845
176.949770024937,1.409666
176.956270034856,1.409472
176.96277004477503,1.411004
176.96927005469402,1.409816
176.975770064613,1.409666
176.982270074532,1.411391
176.988770084451,1.410002
176.99527009437,1.41016
177.00177010428902,1.411477
177.008270114208,1.410032
177.01477012412698,1.410021
177.02127013404603,1.411029
177.02777014396503,1.410088
177.03427015388402,1.410106
177.04077016380305,1.411808
177.047270173722,1.410417
177.053770183641,1.410348
177.06027019356003,1.411458
177.06677020347902,1.410421
177.07327021339802,1.410241
177.079770223317,1.411349
177.086270233236,1.410323
177.092770243155,1.410366
177.09927025307402,1.411478
177.10577026299302,1.410663
177.11227027291199,1.410741
177.118770282831,1.411885
177.12527029275,1.410691
177.13177030266903,1.410608
177.13827031258805,1.411704
177.14477032250701,1.41026
177.151270332426,1.410393
177.15777034234503,1.411572
177.16427035226403,1.410239
177.17077036218302,1.410093
177.17727037210202,1.411294
177.183770382021,1.410069
177.19027039194,1.410145
177.19677040185903,1.411502
177.20327041177802,1.410402
177.209770421697,1.410431
177.216270431616,1.411673
177.222770441535,1.410648
177.229270451454,1.410505
177.23577046137305,1.411949
177.24227047129202,1.410939
177.248770481211,1.410883
177.25527049113003,1.412001
177.26177050104903,1.410544
177.26827051096802,1.41075
177.27477052088702,1.412068
177.281270530806,1.410744
177.287770540725,1.410737
177.29427055064403,1.411843
177.30077056056302,1.410883
177.307270570482,1.411153
177.313770580401,1.41205
177.32027059032,1.410752
177.326770600239,1.410662
177.33327061015805,1.412265
177.339770620077,1.411265
177.346270629996,1.410825
177.35277063991504,1.411787
177.35927064983403,1.410876
177.36577065975303,1.411223
177.372270669672,1.412313
177.378770679591,1.41136
177.38527068951,1.411323
177.39177069942903,1.412346
177.39827070934803,1.411232
177.40477071926702,1.410949
177.411270729186,1.412261
177.417770739105,1.41132
177.424270749024,1.411322
177.43077075894305,1.412506
177.43727076886205,1.411254
177.443770778781,1.411415
177.4502707887,1.412881
177.45677079861903,1.411621
177.46327080853803,1.411734
177.46977081845705,1.413263
177.47627082837602,1.411591
177.482770838295,1.411604
177.489270848214,1.412583
177.49577085813303,1.411777
177.50227086805202,1.411999
177.508770877971,1.413395
177.51527088789,1.412131
177.521770897809,1.412232
177.528270907728,1.413227
177.53477091764705,1.41225
177.541270927566,1.412074
177.54777093748498,1.413005
177.55427094740404,1.412076
177.56077095732303,1.411764
177.56727096724202,1.413249
177.57377097716102,1.412457
177.58027098708,1.412143
177.586770996999,1.413806
177.59327100691803,1.412505
177.59977101683702,1.412214
177.606271026756,1.413214
177.612771036675,1.412005
177.619271046594,1.412235
177.625771056513,1.413211
177.63227106643203,1.412139
177.638771076351,1.412235
177.64527108627,1.413522
177.65177109618904,1.41247
177.65827110610803,1.412718
177.66477111602703,1.413901
177.67127112594602,1.412536
177.67777113586502,1.412738
177.684271145784,1.413928
177.69077115570303,1.412831
177.69727116562203,1.412677
177.703771175541,1.413604
177.71027118546002,1.412329
177.716771195379,1.412636
177.723271205298,1.414095
177.72977121521703,1.413157
177.73627122513602,1.41279
177.742771235055,1.413505
177.74927124497404,1.412958
177.75577125489303,1.413031
177.76227126481203,1.414056
177.76877127473105,1.413172
177.77527128465002,1.413104
177.781771294569,1.414203
177.78827130448803,1.41278
177.79477131440703,1.412888
177.80127132432602,1.413894
177.807771334245,1.412433
177.814271344164,1.412418
177.820771354083,1.414049
177.82727136400203,1.412854
177.83377137392102,1.412664
177.84027138384,1.413778
177.84677139375898,1.412836
177.85327140367804,1.412721
177.85977141359703,1.41409
177.86627142351605,1.413233
177.87277143343502,1.412998
177.879271443354,1.414217
177.885771453273,1.413224
177.89227146319203,1.413142
177.89877147311103,1.414339
177.90527148303,1.413482
177.91177149294901,1.413315
177.918271502868,1.414262
177.924771512787,1.413108
177.93127152270603,1.413149
177.937771532625,1.414237
177.944271542544,1.413542
177.950771552463,1.413388
177.957271562382,1.414253
177.96377157230103,1.413276
177.97027158222002,1.413514
177.97677159213902,1.414658
177.983271602058,1.413457
177.98977161197703,1.413531
177.99627162189603,1.414811
178.002771631815,1.413709
178.00927164173402,1.413776
178.015771651653,1.414856
178.022271661572,1.413508
178.02877167149103,1.413382
178.03527168141,1.414796
178.041771691329,1.413623
178.048271701248,1.413531
178.054771711167,1.414751
178.061271721086,1.413635
178.06777173100502,1.41415
178.07427174092402,1.414659
178.080771750843,1.41346
178.08727176076204,1.413544
178.09377177068103,1.41467
178.10027178060002,1.413767
178.10677179051902,1.413901
178.113271800438,1.414798
178.119771810357,1.413801
178.12627182027603,1.413725
178.13277183019503,1.414989
178.139271840114,1.414162
178.14577185003301,1.41425
178.152271859952,1.41517
178.158771869871,1.413848
178.16527187979005,1.413723
178.171771889709,1.41542
178.17827189962802,1.414221
178.18477190954704,1.414501
178.19127191946603,1.415657
178.19777192938503,1.414224
178.20427193930402,1.414273
178.21077194922302,1.41546
178.217271959142,1.41433
178.22377196906103,1.414162
178.23027197898003,1.415597
178.236771988899,1.414387
178.24327199881802,1.41463
178.249772008737,1.415727
178.256272018656,1.414667
178.26277202857506,1.414841
178.269272038494,1.415673
178.275772048413,1.414836
178.28227205833204,1.41446
178.28877206825103,1.415728
178.29527207817003,1.414689
178.301772088089,1.414732
178.30827209800802,1.415561
178.314772107927,1.414477
178.32127211784604,1.414338
178.32777212776503,1.415479
178.334272137684,1.4146
178.340772147603,1.414411
178.347272157522,1.415368
178.353772167441,1.414039
178.36027217736006,1.414113
178.366772187279,1.415654
178.373272197198,1.414628
178.37977220711699,1.414581
178.38627221703604,1.415643
178.39277222695503,1.414736
178.399272236874,1.41476
178.40577224679302,1.416068
178.41227225671201,1.41473
178.418772266631,1.414816
178.42527227655003,1.415908
178.43177228646903,1.414903
178.438272296388,1.414985
178.44477230630702,1.416322
178.451272316226,1.415055
178.457772326145,1.414867
178.46427233606403,1.415755
178.470772345983,1.414651
178.477272355902,1.414956
178.48377236582104,1.415951
178.49027237574003,1.414806
178.49677238565903,1.414813
178.50327239557802,1.415922
178.50977240549702,1.414573
178.516272415416,1.414718
178.52277242533503,1.415744
178.52927243525403,1.414635
178.535772445173,1.414559
178.54227245509202,1.415766
178.548772465011,1.414643
178.55527247493,1.414771
178.56177248484903,1.416077
178.568272494768,1.415373
178.574772504687,1.414991
178.58127251460604,1.416065
178.58777252452504,1.414846
178.59427253444403,1.415129
178.60077254436302,1.416364
178.60727255428202,1.415218
178.613772564201,1.415292
178.62027257412004,1.41628
178.62677258403903,1.415217
178.633272593958,1.415513
178.63977260387702,1.416795
178.64627261379601,1.415604
178.652772623715,1.415504
178.65927263363403,1.416574
178.665772643553,1.415112
178.672272653472,1.415196
178.67877266339102,1.416895
178.68527267331004,1.41586
178.69177268322903,1.415759
178.69827269314797,1.416645
178.70477270306702,1.415311
178.71127271298602,1.415461
178.71777272290504,1.416395
178.72427273282403,1.41573
178.730772742743,1.415738
178.737272752662,1.417072
178.74377276258102,1.415865
178.7502727725,1.415576
178.75677278241903,1.416917
178.763272792338,1.415933
178.769772802257,1.415766
178.776272812176,1.417024
178.782772822095,1.415715
178.78927283201403,1.416047
178.79577284193306,1.417197
178.80227285185202,1.415859
178.80877286177102,1.415998
178.81527287169,1.417141
178.82177288160904,1.416058
178.82827289152803,1.416222
178.834772901447,1.417233
178.84127291136602,1.415727
178.847772921285,1.415994
178.854272931204,1.416977
178.86077294112303,1.416052
178.867272951042,1.415833
178.873772960961,1.417011
178.88027297088001,1.415794
178.886772980799,1.415693
178.893272990718,1.416951
178.89977300063703,1.416016
178.90627301055602,1.415876
178.91277302047502,1.416739
178.91927303039404,1.415398
178.92577304031303,1.415348
178.932273050232,1.41676
178.93877306015102,1.415802
178.94527307007002,1.416014
178.951773079989,1.417085
178.95827308990803,1.415987
178.964773099827,1.415615
178.971273109746,1.416997
178.97777311966502,1.416116
178.984273129584,1.416038
178.990773139503,1.417203
178.997273149422,1.416347
179.00377315934102,1.416485
179.01027316926002,1.417548
179.01677317917904,1.416405
179.02327318909803,1.416242
179.029773199017,1.417454
179.03627320893602,1.417064
179.04277321885502,1.417046
179.049273228774,1.418116
179.05577323869304,1.417115
179.062273248612,1.416815
179.068773258531,1.417755
179.07527326845002,1.416557
179.081773278369,1.416606
179.088273288288,1.417776
179.094773298207,1.416848
179.101273308126,1.41714
179.107773318045,1.418238
179.11427332796404,1.417047
179.12077333788304,1.41687
179.12727334780203,1.418278
179.13377335772103,1.417188
179.14027336764002,1.417146
179.14677337755901,1.418166
179.15327338747804,1.417426
179.15977339739703,1.4174
179.166273407316,1.418194
179.17277341723502,1.417355
179.17927342715402,1.417432
179.185773437073,1.418577
179.19227344699206,1.417671
179.198773456911,1.417942
179.20527346683,1.418768
179.21177347674904,1.4176
179.21827348666804,1.417509
179.22477349658703,1.418732
179.231273506506,1.417447
179.23777351642502,1.417591
179.24427352634402,1.418631
179.25077353626304,1.417666
179.25727354618203,1.417606
179.263773556101,1.418817
179.27027356602,1.417341
179.27677357593902,1.417335
179.283273585858,1.418756
179.289773595777,1.417777
179.296273605696,1.417883
179.302773615615,1.419155
179.309273625534,1.418068
179.31577363545304,1.417636
179.32227364537204,1.418667
179.328773655291,1.417826
179.33527366521002,1.417495
179.34177367512902,1.418452
179.348273685048,1.41715
179.35477369496704,1.417478
179.361273704886,1.418848
179.367773714805,1.417451
179.37427372472402,1.417744
179.38077373464301,1.418928
179.387273744562,1.41772
179.393773754481,1.417616
179.4002737644,1.418455
179.406773774319,1.417214
179.41327378423804,1.41735
179.41977379415704,1.418512
179.42627380407598,1.417296
179.43277381399503,1.417243
179.43927382391402,1.418679
179.44577383383302,1.41728
179.45227384375204,1.417611
179.458773853671,1.418545
179.46527386359,1.417797
179.47177387350902,1.418105
179.47827388342802,1.418939
179.484773893347,1.417718
179.49127390326603,1.417979
179.497773913185,1.418902
179.504273923104,1.41771
179.51077393302305,1.417677
179.51727394294204,1.419086
179.52377395286103,1.417992
179.53027396278003,1.418325
179.53677397269902,1.419225
179.54327398261802,1.418113
179.54977399253704,1.417972
179.55627400245604,1.419289
179.562774012375,1.418418
179.56927402229402,1.41855
179.57577403221302,1.419348
179.582274042132,1.418471
179.58877405205104,1.41826
179.59527406197,1.419608
179.601774071889,1.41856
179.60827408180802,1.418596
179.614774091727,1.419748
179.62127410164604,1.418509
179.62777411156497,1.417863
179.63427412148403,1.419218
179.64077413140302,1.418052
179.64727414132204,1.418188
179.65377415124104,1.419595
179.66027416116,1.418379
179.666774171079,1.418459
179.67327418099802,1.419381
179.67977419091702,1.418434
179.68627420083604,1.418722
179.692774210755,1.419869
179.699274220674,1.418771
179.705774230593,1.418721
179.71227424051202,1.419589
179.718774250431,1.418525
179.72527426034998,1.418478
179.73177427026903,1.419838
179.73827428018802,1.418814
179.74477429010702,1.419041
179.75127430002604,1.420171
179.757774309945,1.419015
179.764274319864,1.419296
179.77077432978302,1.420107
179.77727433970202,1.419063
179.783774349621,1.419396
179.79027435954,1.420309
179.796774369459,1.419125
179.803274379378,1.419225
179.80977438929702,1.420135
179.816274399216,1.419372
179.822774409135,1.419433
179.829274419054,1.420663
179.83577442897302,1.419635
179.84227443889202,1.419447
179.84877444881104,1.420287
179.85527445873004,1.419398
179.861774468649,1.419694
179.86827447856803,1.420375
179.87477448848702,1.419316
179.88127449840601,1.419783
179.88777450832504,1.420557
179.894274518244,1.419354
179.900774528163,1.41969
179.90727453808202,1.420179
179.91377454800102,1.419031
179.92027455792,1.419353
179.926774567839,1.41997
179.933274577758,1.419186
179.93977458767702,1.419361
179.94627459759604,1.419853
179.95277460751504,1.419263
179.959274617434,1.419408
179.96577462735303,1.42012
179.97227463727202,1.41906
179.97877464719102,1.419536
179.98527465711004,1.420299
179.991774667029,1.419447
179.998274676948,1.419527
180.00477468686702,1.420193
180.01127469678602,1.419129
180.017774706705,1.419558
180.024274716624,1.420432
180.030774726543,1.419596
180.037274736462,1.419919
180.04377474638105,1.420753
180.05027475630004,1.419881
180.056774766219,1.419911
180.06327477613803,1.42035
180.06977478605702,1.419557
180.07627479597602,1.419864
180.08277480589504,1.420363
180.089274815814,1.419794
180.095774825733,1.420376
180.102274835652,1.420978
180.10877484557102,1.419926
180.11527485549001,1.420393
180.12177486540898,1.420588
180.128274875328,1.419709
180.134774885247,1.420012
180.141274895166,1.420595
180.14777490508504,1.419924
180.154274915004,1.420535
180.160774924923,1.42088
180.16727493484203,1.420724
180.17377494476102,1.421004
180.18027495468002,1.421572
180.18677496459904,1.420652
180.193274974518,1.421003
180.199774984437,1.421008
180.20627499435602,1.420242
180.21277500427502,1.420763
180.219275014194,1.421044
180.225775024113,1.42077
180.232275034032,1.42086
180.238775043951,1.421366
180.24527505387005,1.420581
180.25177506378904,1.420883
180.25827507370798,1.421227
180.26477508362703,1.420204
180.27127509354602,1.420929
180.27777510346502,1.421243
180.28427511338404,1.420663
180.290775123303,1.420972
180.297275133222,1.421407
180.30377514314102,1.420635
180.31027515306002,1.421293
180.316775162979,1.421437
180.323275172898,1.420494
180.329775182817,1.420874
180.336275192736,1.420938
180.34277520265505,1.420364
180.34927521257404,1.42096
180.35577522249298,1.421212
180.36227523241203,1.420226
180.36877524233103,1.420884
180.37527525225002,1.421343
180.38177526216904,1.420605
180.388275272088,1.421088
180.394775282007,1.421157
180.40127529192603,1.420587
180.40777530184502,1.420857
180.41427531176402,1.421315
180.420775321683,1.420612
180.427275331602,1.42107
180.433775341521,1.420921
180.44027535144002,1.42049
180.44677536135902,1.420621
180.45327537127798,1.420807
180.45977538119703,1.420235
180.46627539111603,1.420995
180.47277540103502,1.420867
180.47927541095405,1.420725
180.485775420873,1.42137
180.492275430792,1.421326
180.49877544071103,1.420966
180.50527545063002,1.421906
180.51177546054902,1.421757
180.51827547046804,1.4211
180.524775480387,1.421683
180.531275490306,1.421798
180.53777550022502,1.42096
180.54427551014402,1.421244
180.550775520063,1.421485
180.55727552998198,1.420874
180.56377553990103,1.42136
180.57027554982002,1.421272
180.57677555973905,1.420735
180.58327556965804,1.42162
180.589775579577,1.421287
180.596275589496,1.420729
180.60277559941503,1.421648
180.60927560933402,1.421861
180.61577561925304,1.421011
180.622275629172,1.421938
180.628775639091,1.42159
180.63527564901,1.420919
180.64177565892902,1.421759
180.64827566884802,1.421674
180.65477567876698,1.42109
180.66127568868603,1.421954
180.66777569860503,1.421376
180.67427570852402,1.420841
180.68077571844304,1.421168
180.687275728362,1.421091
180.693775738281,1.420568
180.70027574820003,1.421419
180.70677575811902,1.421398
180.71327576803802,1.421177
180.719775777957,1.42176
180.726275787876,1.421028
180.732775797795,1.420751
180.73927580771402,1.422101
180.74577581763302,1.421788
180.75227582755198,1.421567
180.758775837471,1.422146
180.76527584739,1.421453
180.77177585730902,1.421252
180.77827586722805,1.422249
180.784775877147,1.42179
180.791275887066,1.421372
180.79777589698503,1.422215
180.80427590690402,1.421579
180.81077591682302,1.421344
180.817275926742,1.421654
180.823775936661,1.421462
180.83027594658,1.421073
180.83677595649903,1.422268
180.84327596641802,1.421517
180.84977597633699,1.421378
180.856275986256,1.422259
180.862775996175,1.421784
180.869276006094,1.421383
180.87577601601305,1.422241
180.88227602593204,1.421687
180.888776035851,1.421562
180.89527604577003,1.422295
180.90177605568903,1.421915
180.90827606560802,1.42173
180.91477607552704,1.422448
180.921276085446,1.421785
180.927776095365,1.421673
180.93427610528403,1.422649
180.94077611520302,1.42211
180.94727612512202,1.422151
180.95377613504098,1.422762
180.96027614496,1.422117
180.966776154879,1.422067
180.97327616479805,1.42277
180.97977617471705,1.42183
180.986276184636,1.421536
180.992776194555,1.422265
180.99927620447403,1.42201
181.00577621439302,1.421795
181.01227622431205,1.422474
181.018776234231,1.421724
181.02527624415,1.4215
181.031776254069,1.422571
181.03827626398802,1.422157
181.04477627390702,1.421909
181.05127628382598,1.422595
181.057776293745,1.421891
181.064276303664,1.421806
181.070776313583,1.423014
181.07727632350205,1.421911
181.08377633342099,1.421715
181.09027634334,1.422715
181.09677635325903,1.421851
181.10327636317803,1.42165
181.10977637309702,1.422373
181.11627638301601,1.421947
181.122776392935,1.421929
181.129276402854,1.422835
181.13577641277303,1.421844
181.14227642269202,1.421791
181.148776432611,1.422622
181.15527644253,1.422225
181.161776452449,1.421976
181.168276462368,1.423102
181.17477647228705,1.422085
181.181276482206,1.421405
181.18777649212498,1.422852
181.19427650204403,1.421984
181.20077651196303,1.421848
181.20727652188202,1.422929
181.21377653180105,1.422054
181.22027654172,1.42192
181.226776551639,1.42312
181.23327656155803,1.422082
181.23977657147702,1.421914
181.24627658139602,1.422978
181.252776591315,1.421612
181.259276601234,1.421813
181.265776611153,1.423161
181.27227662107202,1.422359
181.27877663099105,1.422157
181.28527664090998,1.423076
181.29177665082904,1.421913
181.29827666074803,1.42228
181.30477667066702,1.423558
181.31127668058605,1.422422
181.317776690505,1.422277
181.324276700424,1.423373
181.33077671034303,1.42213
181.33727672026203,1.422182
181.34377673018102,1.423733
181.3502767401,1.422378
181.356776750019,1.422151
181.363276759938,1.423292
181.36977676985703,1.421948
181.37627677977602,1.42208
181.382776789695,1.42299
181.38927679961404,1.421808
181.39577680953303,1.421875
181.40227681945203,1.423036
181.40877682937105,1.422442
181.41527683929002,1.422552
181.421776849209,1.423615
181.42827685912803,1.422205
181.43477686904703,1.42231
181.44127687896602,1.423486
181.447776888885,1.422181
181.454276898804,1.421962
181.460776908723,1.422923
181.46727691864203,1.421913
181.47377692856102,1.42246
181.48027693848,1.423281
181.48677694839898,1.422129
181.49327695831803,1.422487
181.49977696823703,1.423534
181.50627697815605,1.421825
181.51277698807502,1.421857
181.519276997994,1.423036
181.525777007913,1.422011
181.53227701783203,1.422045
181.53877702775102,1.423819
181.54527703767,1.422853
181.551777047589,1.42257
181.558277057508,1.423782
181.564777067427,1.422922
181.57127707734602,1.422983
181.57777708726502,1.423894
181.58427709718399,1.422694
181.590777107103,1.422443
181.597277117022,1.423828
181.60377712694103,1.422742
181.61027713686005,1.422557
181.61677714677901,1.423662
181.623277156698,1.422885
181.62977716661703,1.422941
181.63627717653603,1.423894
181.64277718645502,1.422713
181.64927719637402,1.422925
181.655777206293,1.423996
181.662277216212,1.422469
181.66877722613103,1.422538
181.67527723605002,1.423557
181.681777245969,1.422546
181.688277255888,1.422725
181.694777265807,1.423781
181.701277275726,1.422543
181.70777728564505,1.42244
181.71427729556402,1.423576
181.720777305483,1.422837
181.72727731540203,1.422847
181.73377732532103,1.423904
181.74027733524002,1.422673
181.74677734515902,1.422812
181.753277355078,1.424038
181.759777364997,1.423062
181.76627737491603,1.422774
181.77277738483502,1.424102
181.779277394754,1.422892
181.785777404673,1.422925
181.792277414592,1.423964
181.798777424511,1.422431
181.80527743443005,1.422267
181.811777444349,1.423504
181.818277454268,1.422622
181.82477746418704,1.422899
181.83127747410603,1.423896
181.83777748402503,1.422833
181.844277493944,1.422587
181.85077750386301,1.423941
181.857277513782,1.42296
181.86377752370103,1.422839
181.87027753362003,1.423974
181.876777543539,1.423076
181.883277553458,1.423005
181.889777563377,1.424081
181.896277573296,1.423051
181.90277758321506,1.422995
181.90927759313405,1.424231
181.915777603053,1.42272
181.922277612972,1.422647
181.92877762289103,1.423961
181.93527763281003,1.42287
181.94177764272905,1.422587
181.94827765264802,1.423631
181.954777662567,1.422197
181.961277672486,1.422245
181.96777768240503,1.423694
181.97427769232402,1.4225
181.980777702243,1.422339
181.987277712162,1.42348
181.993777722081,1.422279
182.000277732,1.42265
182.00677774191905,1.423731
182.013277751838,1.422555
182.01977776175698,1.422346
182.02627777167604,1.423745
182.03277778159503,1.422375
182.03927779151402,1.422338
182.04577780143302,1.423515
182.052277811352,1.422383
182.058777821271,1.422489
182.06527783119003,1.423667
182.07177784110903,1.422637
182.078277851028,1.422777
182.084777860947,1.423868
182.091277870866,1.422775
182.097777880785,1.422713
182.10427789070403,1.423501
182.110777900623,1.422669
182.117277910542,1.422621
182.12377792046104,1.423618
182.13027793038003,1.422609
182.13677794029903,1.422822
182.14327795021802,1.423875
182.14977796013702,1.422548
182.156277970056,1.422625
182.16277797997503,1.424088
182.16927798989403,1.422656
182.175777999813,1.42285
182.18227800973202,1.424213
182.188778019651,1.422749
182.19527802957,1.422607
182.20177803948903,1.423858
182.208278049408,1.42283
182.214778059327,1.423006
182.22127806924604,1.42396
182.22777807916503,1.422866
182.23427808908403,1.422576
182.24077809900302,1.423462
182.24727810892202,1.42241
182.253778118841,1.42257
182.26027812876004,1.423744
182.26677813867903,1.42247
182.27327814859802,1.422287
182.27977815851702,1.423514
182.286278168436,1.42245
182.292778178355,1.422458
182.29927818827403,1.423791
182.30577819819302,1.422508
182.312278208112,1.422503
182.318778218031,1.423704
182.32527822795004,1.422437
182.33177823786903,1.422349
182.33827824778805,1.423161
182.34477825770702,1.422314
182.35127826762601,1.422321
182.35777827754504,1.423701
182.36427828746403,1.423
182.37077829738303,1.422566
182.377278307302,1.42352
182.38377831722102,1.422366
182.39027832714,1.422351
182.39677833705903,1.423215
182.40327834697803,1.422331
182.409778356897,1.422036
182.416278366816,1.423132
182.422778376735,1.422133
182.42927838665403,1.42222
182.43577839657303,1.423063
182.44227840649202,1.421888
182.44877841641102,1.422199
182.45527842633,1.423282
182.46177843624903,1.422124
182.46827844616803,1.422242
182.474778456087,1.423853
182.48127846600602,1.422572
182.487778475925,1.422575
182.494278485844,1.423696
182.50077849576303,1.422566
182.507278505682,1.422714
182.513778515601,1.423921
182.52027852552,1.42275
182.526778535439,1.422747
182.533278545358,1.423971
182.53977855527702,1.422688
182.54627856519602,1.422412
182.552778575115,1.423608
182.55927858503404,1.422086
182.56577859495303,1.422502
182.572278604872,1.423705
182.57877861479102,1.422314
182.58527862471,1.422573
182.591778634629,1.423508
182.59827864454803,1.422064
182.60477865446703,1.422152
182.611278664386,1.423209
182.61777867430501,1.422206
182.624278684224,1.422121
182.630778694143,1.423477
182.63727870406206,1.422521
182.64377871398102,1.422218
182.65027872390002,1.423348
182.65677873381904,1.422191
182.66327874373803,1.422396
182.66977875365703,1.423518
182.67627876357602,1.422243
182.68277877349502,1.42241
182.689278783414,1.423114
182.69577879333303,1.421959
182.70227880325203,1.421746
182.708778813171,1.42279
182.71527882309002,1.4218
182.721778833009,1.421886
182.728278842928,1.423243
182.73477885284706,1.42213
182.741278862766,1.422472
182.747778872685,1.423655
182.75427888260404,1.422348
182.76077889252304,1.422152
182.76727890244203,1.423095
182.773778912361,1.422059
182.78027892228002,1.422034
182.786778932199,1.423248
182.79327894211804,1.421976
182.79977895203703,1.421993
182.806278961956,1.423444
182.812778971875,1.42209
182.819278981794,1.422543
182.825778991713,1.423758
182.83227900163206,1.422454
182.838779011551,1.422327
182.84527902147,1.423549
182.851779031389,1.4221
182.85827904130804,1.421963
182.86477905122703,1.423366
182.871279061146,1.422443
182.87777907106502,1.422083
182.88427908098402,1.423384
182.890779090903,1.422192
182.89727910082203,1.421864
182.903779110741,1.423211
182.91027912066,1.421995
182.91677913057902,1.421696
182.923279140498,1.422702
182.929779150417,1.422065
182.936279160336,1.421925
182.942779170255,1.422929
182.949279180174,1.421773
182.95577919009304,1.421965
182.96227920001203,1.423069
182.96877920993103,1.422181
182.97527921985002,1.422037
182.98177922976902,1.423144
182.988279239688,1.421949
182.99477924960703,1.421767
183.00127925952603,1.423382
183.007779269445,1.422072
183.01427927936402,1.422207
183.020779289283,1.423154
183.027279299202,1.422177
183.03377930912103,1.422136
183.04027931904,1.423316
183.046779328959,1.422128
183.05327933887804,1.421878
183.05977934879704,1.423486
183.06627935871603,1.422351
183.07277936863503,1.422113
183.07927937855402,1.423121
183.08577938847301,1.421927
183.09227939839204,1.422012
183.09877940831103,1.423162
183.10527941823,1.422478
183.11177942814902,1.422239
183.11827943806801,1.423281
183.124779447987,1.421936
183.13127945790603,1.421775
183.137779467825,1.423181
183.144279477744,1.421812
183.15077948766304,1.421657
183.15727949758204,1.422861
183.16377950750103,1.421869
183.17027951742003,1.421813
183.17677952733902,1.422882
183.18327953725802,1.42166
183.18977954717704,1.422027
183.19627955709603,1.423343
183.202779567015,1.422216
183.20927957693402,1.421962
183.21577958685302,1.423111
183.222279596772,1.422011
183.22877960669103,1.422193
183.23527961661,1.423353
183.241779626529,1.422146
183.248279636448,1.42233
183.254779646367,1.422753
183.26127965628604,1.421685
183.26777966620497,1.422116
183.27427967612402,1.423177
183.28077968604302,1.422142
183.287279695962,1.422192
183.29377970588104,1.423349
183.30027971580003,1.422023
183.306779725719,1.421819
183.31327973563802,1.423303
183.319779745557,1.422343
183.326279755476,1.422253
183.33277976539503,1.42345
183.339279775314,1.422118
183.345779785233,1.422298
183.35227979515201,1.423097
183.358779805071,1.42199
183.36527981499003,1.42213
183.37177982490903,1.423662
183.37827983482802,1.422374
183.38477984474702,1.421894
183.39127985466604,1.423338
183.39777986458503,1.422171
183.404279874504,1.422619
183.41077988442302,1.423839
183.41727989434202,1.422587
183.423779904261,1.422662
183.43027991418003,1.423528
183.436779924099,1.422043
183.443279934018,1.422072
183.44977994393702,1.422901
183.456279953856,1.422004
183.462779963775,1.422155
183.469279973694,1.423252
183.47577998361302,1.422197
183.48227999353202,1.422437
183.48878000345104,1.4232
183.49528001337004,1.422168
183.501780023289,1.421683
183.50828003320802,1.422825
183.51478004312702,1.421699
183.521280053046,1.421621
183.52778006296504,1.42295
183.534280072884,1.422068
183.540780082803,1.422268
183.54728009272202,1.423434
183.553780102641,1.422319
183.56028011256,1.422402
183.566780122479,1.423257
183.573280132398,1.422314
183.57978014231702,1.422395
183.58628015223604,1.423299
183.59278016215504,1.422276
183.599280172074,1.422345
183.60578018199303,1.423309
183.61228019191202,1.421813
183.61878020183102,1.421864
183.62528021175004,1.423109
183.631780221669,1.421975
183.638280231588,1.422186
183.64478024150702,1.423236
183.65128025142602,1.422118
183.657780261345,1.422009
183.66428027126406,1.423075
183.670780281183,1.422204
183.677280291102,1.422336
183.68378030102105,1.423359
183.69028031094004,1.422139
183.69678032085903,1.42196
183.703280330778,1.423172
183.70978034069702,1.422047
183.71628035061602,1.422096
183.72278036053504,1.42336
183.72928037045403,1.42216
183.735780380373,1.421927
183.742280390292,1.422719
183.74878040021102,1.421749
183.75528041013,1.422083
183.76178042004904,1.423086
183.768280429968,1.421992
183.774780439887,1.422246
183.781280449806,1.423228
183.78778045972504,1.421951
183.79428046964404,1.421898
183.800780479563,1.42329
183.80728048948203,1.422051
183.81378049940102,1.421825
183.82028050932,1.423284
183.82678051923904,1.422459
183.833280529158,1.422351
183.839780539077,1.423317
183.84628054899602,1.422025
183.85278055891501,1.421931
183.859280568834,1.423097
183.865780578753,1.421576
183.872280588672,1.421468
183.878780598591,1.422649
183.88528060851004,1.421279
183.89178061842904,1.421509
183.89828062834798,1.422851
183.90478063826703,1.421793
183.91128064818602,1.421799
183.91778065810502,1.423081
183.92428066802404,1.421664
183.930780677943,1.421538
183.937280687862,1.423044
183.94378069778102,1.421828
183.95028070770002,1.421723
183.956780717619,1.422791
183.963280727538,1.421719
183.969780737457,1.421522
183.976280747376,1.422822
183.98278075729505,1.421587
183.98928076721404,1.421825
183.99578077713304,1.423019
184.00228078705203,1.421534
184.00878079697102,1.421359
184.01528080689002,1.422487
184.02178081680904,1.421431
184.02828082672804,1.42153
184.034780836647,1.422835
184.04128084656602,1.421585
184.04778085648502,1.421788
184.054280866404,1.422792
184.06078087632304,1.421617
184.067280886242,1.421802
184.073780896161,1.422701
184.08028090608002,1.421838
184.08678091599901,1.421814
184.09328092591804,1.42295
184.09978093583698,1.421609
184.10628094575603,1.421407
184.11278095567502,1.422762
184.11928096559404,1.420977
184.12578097551304,1.42066
184.132280985432,1.422188
184.138780995351,1.421161
184.14528100527002,1.421132
184.15178101518902,1.422098
184.15828102510804,1.420784
184.164781035027,1.42115
184.171281044946,1.422017
184.177781054865,1.421024
184.18428106478402,1.421021
184.190781074703,1.42216
184.19728108462198,1.421253
184.20378109454103,1.421533
184.21028110446002,1.422408
184.21678111437902,1.421314
184.22328112429804,1.421412
184.229781134217,1.422181
184.236281144136,1.421023
184.24278115405502,1.421324
184.24928116397402,1.422634
184.255781173893,1.421547
184.262281183812,1.421071
184.268781193731,1.42236
184.27528120365,1.420934
184.28178121356902,1.421258
184.288281223488,1.422302
184.29478123340698,1.421391
184.301281243326,1.420946
184.30778125324503,1.422208
184.31428126316402,1.421286
184.32078127308304,1.421477
184.32728128300204,1.422839
184.333781292921,1.421657
184.34028130284003,1.421612
184.34678131275902,1.422765
184.35328132267801,1.421543
184.35978133259704,1.421604
184.366281342516,1.422771
184.372781352435,1.42156
184.37928136235402,1.421615
184.38578137227302,1.422172
184.392281382192,1.421063
184.398781392111,1.42171
184.40528140203,1.422807
184.41178141194902,1.421695
184.41828142186804,1.421607
184.42478143178704,1.422548
184.431281441706,1.421544
184.43778145162503,1.421544
184.44428146154402,1.422555
184.45078147146302,1.421283
184.45728148138204,1.420658
184.463781491301,1.421674
184.47028150122,1.420662
184.47678151113902,1.421065
184.48328152105802,1.422356
184.489781530977,1.421161
184.496281540896,1.421035
184.502781550815,1.421733
184.509281560734,1.420648
184.51578157065305,1.420891
184.52228158057204,1.421843
184.528781590491,1.421089
184.53528160041003,1.421215
184.54178161032902,1.422351
184.54828162024802,1.421226
184.55478163016704,1.421435
184.561281640086,1.422462
184.567781650005,1.421417
184.57428165992403,1.42161
184.58078166984302,1.42246
184.58728167976201,1.421146
184.59378168968098,1.420978
184.6002816996,1.421928
184.606781709519,1.421144
184.61328171943805,1.42112
184.61978172935704,1.421709
184.626281739276,1.420725
184.632781749195,1.421051
184.63928175911403,1.42195
184.64578176903302,1.420878
184.65228177895204,1.421409
184.658781788871,1.422074
184.66528179879,1.421014
184.671781808709,1.421227
184.67828181862802,1.421938
184.68478182854702,1.421099
184.69128183846604,1.42133
184.697781848385,1.421794
184.704281858304,1.420867
184.710781868223,1.421042
184.71728187814205,1.422088
184.72378188806104,1.420837
184.73028189797998,1.421187
184.73678190789903,1.42187
184.74328191781802,1.420651
184.74978192773702,1.421028
184.75628193765604,1.421935
184.762781947575,1.420902
184.769281957494,1.421347
184.77578196741302,1.422327
184.78228197733202,1.421156
184.788781987251,1.421548
184.79528199717,1.422402
184.801782007089,1.421499
184.808282017008,1.421699
184.81478202692705,1.422008
184.82128203684604,1.420888
184.82778204676498,1.421313
184.83428205668403,1.421835
184.84078206660303,1.421284
184.84728207652202,1.421323
184.85378208644104,1.421882
184.86028209636,1.42128
184.866782106279,1.421582
184.87328211619803,1.422046
184.87978212611702,1.421103
184.88628213603602,1.421521
184.892782145955,1.421706
184.899282155874,1.420684
184.905782165793,1.4214
184.91228217571202,1.421449
184.91878218563104,1.420557
184.92528219554998,1.42089
184.93178220546903,1.421259
184.93828221538803,1.420395
184.94478222530702,1.420669
184.95128223522605,1.421077
184.957782245145,1.419989
184.964282255064,1.420473
184.97078226498303,1.420836
184.97728227490202,1.420492
184.98378228482102,1.420843
184.99028229473998,1.420828
184.996782304659,1.419967
185.003282314578,1.420524
185.00978232449702,1.421173
185.01628233441602,1.420115
185.022782344335,1.420428
185.02928235425398,1.420919
185.03578236417303,1.42022
185.04228237409203,1.420878
185.04878238401105,1.421256
185.05528239393004,1.420475
185.061782403849,1.420723
185.068282413768,1.420981
185.07478242368703,1.420059
185.08128243360602,1.420833
185.08778244352504,1.421354
185.094282453444,1.420432
185.100782463363,1.420694
185.107282473282,1.420919
185.11378248320102,1.420035
185.12028249312002,1.420849
185.12678250303898,1.420781
185.13328251295803,1.420533
185.13978252287703,1.421001
185.14628253279602,1.421203
185.15278254271504,1.420259
185.159282552634,1.420501
185.165782562553,1.420537
185.17228257247203,1.420374
185.17878258239102,1.42093
185.18528259231002,1.420982
185.191782602229,1.420373
185.198282612148,1.420876
185.204782622067,1.420928
185.21128263198602,1.420314
185.21778264190502,1.420688
185.22428265182398,1.420547
185.230782661743,1.420103
185.237282671662,1.420677
185.24378268158102,1.420775
185.25028269150005,1.420164
185.256782701419,1.420573
185.263282711338,1.420689
185.26978272125703,1.420003
185.27628273117602,1.420581
185.28278274109502,1.420594
185.289282751014,1.4199
185.295782760933,1.420434
185.302282770852,1.420144
185.30878278077103,1.419885
185.31528279069002,1.420605
185.321782800609,1.420475
185.328282810528,1.419637
185.334782820447,1.419963
185.341282830366,1.419903
185.34778284028505,1.419666
185.35428285020402,1.420764
185.360782860123,1.420505
185.36728287004203,1.419959
185.37378287996103,1.420536
185.38028288988002,1.420038
185.38678289979904,1.419471
185.393282909718,1.420239
185.399782919637,1.419907
185.40628292955603,1.419436
185.41278293947502,1.420002
185.41928294939402,1.419433
185.425782959313,1.419023
185.432282969232,1.420232
185.438782979151,1.419596
185.44528298907005,1.419498
185.45178299898905,1.420233
185.458283008908,1.419448
185.46478301882703,1.419319
185.47128302874603,1.420035
185.47778303866502,1.419719
185.48428304858405,1.419154
185.490783058503,1.419634
185.497283068422,1.419026
185.50378307834103,1.41853
185.51028308826002,1.419233
185.51678309817902,1.418871
185.52328310809798,1.41844
185.529783118017,1.41951
185.536283127936,1.41923
185.54278313785505,1.418804
185.54928314777405,1.419184
185.55578315769299,1.419122
185.562283167612,1.418859
185.56878317753103,1.419737
185.57528318745003,1.419522
185.58178319736902,1.418969
185.58828320728801,1.419437
185.594783217207,1.419241
185.601283227126,1.419128
185.60778323704503,1.420179
185.61428324696402,1.419747
185.620783256883,1.418898
185.627283266802,1.419359
185.633783276721,1.41866
185.64028328664,1.418449
185.64678329655905,1.419372
185.653283306478,1.418993
185.65978331639698,1.418463
185.66628332631603,1.419612
185.67278333623503,1.419054
185.67928334615402,1.418863
185.68578335607302,1.419341
185.692283365992,1.418754
185.698783375911,1.418657
185.70528338583003,1.419765
185.71178339574902,1.418926
185.71828340566802,1.418415
185.724783415587,1.41965
185.731283425506,1.418809
185.737783435425,1.419017
185.74428344534402,1.419602
185.75078345526305,1.418923
185.75728346518198,1.41855
185.76378347510104,1.419805
185.77028348502003,1.418861
185.77678349493902,1.418846
185.78328350485805,1.419714
185.789783514777,1.419045
185.796283524696,1.418809
185.80278353461503,1.419506
185.80928354453403,1.419046
185.81578355445302,1.418436
185.82228356437201,1.419655
185.828783574291,1.419078
185.83528358421,1.418774
185.84178359412903,1.419752
185.84828360404802,1.418587
185.854783613967,1.418384
185.86128362388604,1.41952
185.86778363380503,1.41852
185.87428364372403,1.41862
185.88078365364305,1.419475
185.88728366356202,1.418338
185.893783673481,1.41835
185.90028368340003,1.419696
185.90678369331903,1.418691
185.91328370323802,1.418569
185.919783713157,1.419887
185.926283723076,1.418946
185.932783732995,1.418636
185.93928374291403,1.419713
185.94578375283302,1.419059
185.952283762752,1.418829
185.95878377267098,1.420159
185.96528378259003,1.419061
185.97178379250903,1.419084
185.97828380242805,1.420102
185.98478381234702,1.418777
185.991283822266,1.418832
185.997783832185,1.419962
186.00428384210403,1.418628
186.01078385202302,1.418677
186.017283861942,1.419781
186.023783871861,1.418971
186.03028388178,1.41907
186.036783891699,1.41991
186.04328390161803,1.418849
186.049783911537,1.418436
186.056283921456,1.419808
186.062783931375,1.418617
186.06928394129403,1.418472
186.07578395121303,1.419613
186.08228396113205,1.418504
186.08878397105101,1.418279
186.09528398097,1.419335
186.10178399088903,1.418705
186.10828400080803,1.4186
186.11478401072702,1.419403
186.12128402064602,1.418358
186.127784030565,1.418728
186.134284040484,1.420012
186.14078405040303,1.418472
186.14728406032202,1.41809
186.153784070241,1.41942
186.16028408016,1.418375
186.166784090079,1.418329
186.173284099998,1.419377
186.17978410991705,1.418175
186.18628411983602,1.418128
186.192784129755,1.419496
186.19928413967403,1.418166
186.20578414959303,1.418188
186.21228415951202,1.419664
186.21878416943102,1.418646
186.22528417935,1.419083
186.231784189269,1.419925
186.23828419918803,1.418742
186.24478420910702,1.41852
186.251284219026,1.419866
186.257784228945,1.418528
186.264284238864,1.418325
186.270784248783,1.419499
186.27728425870205,1.418409
186.28378426862102,1.418577
186.29028427854,1.419538
186.29678428845904,1.418696
186.30328429837803,1.418675
186.30978430829703,1.419586
186.31628431821602,1.418761
186.32278432813501,1.418315
186.329284338054,1.419336
186.33578434797303,1.418049
186.34228435789203,1.417887
186.348784367811,1.419153
186.35528437773002,1.418225
186.361784387649,1.418102
186.368284397568,1.419021
186.37478440748706,1.418198
186.381284417406,1.41816
186.387784427325,1.419189
186.394284437244,1.418087
186.40078444716303,1.41845
186.40728445708203,1.419437
186.41378446700105,1.417902
186.42028447692002,1.417837
186.426784486839,1.419582
186.433284496758,1.418184
186.43978450667703,1.418133
186.44628451659602,1.419137
186.452784526515,1.417872
186.459284536434,1.418069
186.465784546353,1.41882
186.472284556272,1.417463
186.47878456619105,1.417932
186.48528457611,1.419054
186.49178458602898,1.417764
186.49828459594804,1.417626
186.50478460586703,1.419264
186.51128461578602,1.418094
186.51778462570502,1.418112
186.524284635624,1.419241
186.530784645543,1.418063
186.53728465546203,1.417891
186.54378466538103,1.418735
186.5502846753,1.417487
186.55678468521901,1.417637
186.563284695138,1.418767
186.569784705057,1.417662
186.57628471497603,1.417226
186.582784724895,1.418535
186.589284734814,1.417199
186.59578474473304,1.417475
186.60228475465203,1.418667
186.60878476457103,1.417614
186.61528477449002,1.417367
186.62178478440902,1.418598
186.628284794328,1.417674
186.63478480424703,1.417425
186.64128481416603,1.418804
186.647784824085,1.417462
186.65428483400402,1.417498
186.660784843923,1.418539
186.667284853842,1.417389
186.67378486376103,1.417427
186.68028487368,1.41837
186.686784883599,1.416579
186.69328489351804,1.416542
186.69978490343703,1.417738
186.70628491335603,1.416581
186.71278492327502,1.417055
186.71928493319402,1.418053
186.725784943113,1.416818
186.73228495303204,1.416727
186.73878496295103,1.418254
186.74528497287,1.417133
186.75178498278902,1.416726
186.758284992708,1.418157
186.764785002627,1.417126
186.77128501254603,1.417426
186.77778502246503,1.41802
186.784285032384,1.417093
186.790785042303,1.416871
186.79728505222204,1.418081
186.80378506214103,1.417115
186.81028507206005,1.417266
186.81678508197902,1.418622
186.82328509189801,1.416991
186.82978510181704,1.41685
186.83628511173603,1.418266
186.84278512165503,1.41698
186.849285131574,1.416661
186.85578514149302,1.418046
186.862285151412,1.41685
186.86878516133103,1.416981
186.87528517125003,1.418027
186.881785181169,1.416881
186.888285191088,1.416661
186.894785201007,1.417746
186.90128521092603,1.416743
186.90778522084506,1.417038
186.91428523076402,1.417933
186.92078524068302,1.416642
186.927285250602,1.416509
186.93378526052103,1.417752
186.94028527044003,1.416529
186.946785280359,1.41658
186.95328529027802,1.417507
186.959785300197,1.416381
186.966285310116,1.416232
186.97278532003503,1.41724
186.979285329954,1.41603
186.985785339873,1.416155
186.992285349792,1.417298
186.998785359711,1.416155
187.00528536963,1.416012
187.01178537954902,1.417202
187.01828538946802,1.416029
187.024785399387,1.416193
187.03128540930604,1.41749
187.03778541922503,1.416128
187.044285429144,1.416054
187.05078543906302,1.417291
187.05728544898201,1.416413
187.063785458901,1.416595
187.07028546882003,1.417538
187.076785478739,1.416117
187.083285488658,1.416013
187.08978549857702,1.417084
187.096285508496,1.416191
187.102785518415,1.41611
187.10928552833406,1.417112
187.11578553825302,1.416339
187.12228554817202,1.416544
187.12878555809104,1.41766
187.13528556801003,1.416127
187.14178557792903,1.416077
187.14828558784802,1.417203
187.15478559776702,1.41617
187.161285607686,1.416023
187.16778561760503,1.417159
187.17428562752403,1.416072
187.180785637443,1.416015
187.18728564736202,1.417069
187.193785657281,1.416199
187.2002856672,1.416208
187.20678567711906,1.417417
187.213285687038,1.415926
187.21978569695702,1.415817
187.22628570687604,1.416924
187.23278571679504,1.415639
187.23928572671403,1.415654
187.245785736633,1.41671
187.25228574655202,1.415456
187.258785756471,1.415246
187.26528576639004,1.416463
187.27178577630903,1.415431
187.278285786228,1.415858
187.284785796147,1.417024
187.291285806066,1.415707
187.297785815985,1.415417
187.30428582590406,1.416787
187.310785835823,1.415402
187.317285845742,1.415493
187.323785855661,1.416561
187.33028586558004,1.415079
187.33678587549903,1.415014
187.343285885418,1.416214
187.34978589533702,1.414746
187.35628590525602,1.414924
187.362785915175,1.41607
187.36928592509403,1.414823
187.375785935013,1.4151
187.382285944932,1.416176
187.38878595485102,1.415342
187.39528596477,1.41509
187.401785974689,1.41636
187.408285984608,1.414909
187.414785994527,1.41484
187.421286004446,1.416048
187.42778601436504,1.414978
187.43428602428403,1.414829
187.440786034203,1.415708
187.44728604412202,1.414904
187.45378605404102,1.415076
187.46028606396,1.416268
187.46678607387904,1.414937
187.47328608379803,1.415133
187.479786093717,1.415954
187.48628610363602,1.415022
187.492786113555,1.415123
187.499286123474,1.416028
187.50578613339303,1.414476
187.512286143312,1.414219
187.518786153231,1.415475
187.52528616315004,1.414577
187.53178617306904,1.414354
187.53828618298803,1.415499
187.54478619290703,1.414353
187.55128620282602,1.414661
187.55778621274501,1.415668
187.56428622266404,1.414312
187.57078623258303,1.414488
187.577286242502,1.415683
187.58378625242102,1.414464
187.59028626234002,1.414389
187.596786272259,1.415729
187.60328628217803,1.415011
187.609786292097,1.414721
187.616286302016,1.41562
187.62278631193504,1.414962
187.62928632185404,1.41457
187.63578633177303,1.415653
187.64228634169203,1.414438
187.64878635161102,1.414763
187.65528636153002,1.415506
187.66178637144904,1.41421
187.66828638136803,1.41403
187.674786391287,1.415251
187.68128640120602,1.413898
187.68778641112502,1.413898
187.694286421044,1.415044
187.70078643096303,1.413803
187.707286440882,1.413822
187.713786450801,1.415138
187.72028646072002,1.413741
187.726786470639,1.413729
187.73328648055804,1.41476
187.73978649047697,1.413836
187.74628650039602,1.413706
187.75278651031502,1.414937
187.75928652023404,1.413478
187.76578653015304,1.413493
187.772286540072,1.414614
187.778786549991,1.413318
187.78528655991002,1.413492
187.79178656982901,1.414564
187.79828657974804,1.413509
187.80478658966703,1.413435
187.811286599586,1.414578
187.817786609505,1.413176
187.82428661942402,1.41309
187.830786629343,1.414232
187.83728663926206,1.413112
187.84378664918103,1.413226
187.85028665910002,1.414035
187.85678666901902,1.412861
187.86328667893804,1.413031
187.86978668885703,1.414572
187.876286698776,1.413461
187.88278670869502,1.41324
187.88928671861402,1.414255
187.895786728533,1.413165
187.90228673845203,1.413236
187.908786748371,1.414265
187.91528675829,1.413237
187.92178676820902,1.413519
187.928286778128,1.414484
187.934786788047,1.41368
187.941286797966,1.413205
187.94778680788502,1.414373
187.95428681780402,1.413002
187.96078682772304,1.413144
187.96728683764204,1.414285
187.973786847561,1.412975
187.98028685748002,1.412954
187.98678686739902,1.413646
187.993286877318,1.412591
187.99978688723704,1.412846
188.006286897156,1.413891
188.012786907075,1.412578
188.01928691699402,1.412659
188.025786926913,1.414018
188.032286936832,1.413079
188.038786946751,1.412671
188.04528695667,1.413614
188.05178696658902,1.412605
188.05828697650804,1.412605
188.06478698642704,1.413626
188.071286996346,1.411971
188.07778700626503,1.412062
188.08428701618402,1.413259
188.09078702610302,1.412514
188.09728703602204,1.412709
188.103787045941,1.413227
188.11028705586,1.412026
188.11678706577902,1.412245
188.12328707569802,1.413148
188.129787085617,1.411983
188.13628709553598,1.41213
188.142787105455,1.413566
188.149287115374,1.412132
188.15578712529305,1.412212
188.16228713521204,1.413214
188.16878714513103,1.411837
188.17528715505,1.411816
188.18178716496902,1.413126
188.18828717488802,1.411796
188.19478718480704,1.412071
188.20128719472604,1.413449
188.207787204645,1.412134
188.214287214564,1.412084
188.22078722448302,1.41311
188.227287234402,1.411604
188.23378724432104,1.411745
188.24028725424,1.412804
188.246787264159,1.411861
188.253287274078,1.411617
188.25978728399704,1.412931
188.26628729391604,1.411831
188.272787303835,1.412067
188.27928731375403,1.413034
188.28578732367302,1.411769
188.29228733359201,1.411626
188.29878734351104,1.41258
188.30528735343,1.411126
188.311787363349,1.411445
188.31828737326802,1.412516
188.32478738318702,1.410918
188.331287393106,1.410858
188.337787403025,1.411818
188.344287412944,1.410673
188.350787422863,1.410932
188.35728743278204,1.41222
188.36378744270104,1.411133
188.37028745261998,1.411052
188.37678746253903,1.412242
188.38328747245802,1.411049
188.38978748237702,1.41093
188.39628749229604,1.412031
188.402787502215,1.410896
188.409287512134,1.411082
188.41578752205302,1.411772
188.42228753197202,1.410685
188.428787541891,1.410725
188.43528755181,1.411929
188.441787561729,1.410527
188.448287571648,1.410399
188.45478758156705,1.411402
188.46128759148604,1.410358
188.46778760140498,1.410339
188.47428761132403,1.411508
188.48078762124302,1.410385
188.48728763116202,1.410231
188.49378764108104,1.41163
188.50028765100004,1.410516
188.506787660919,1.41035
188.51328767083803,1.411412
188.51978768075702,1.410002
188.526287690676,1.409759
188.53278770059504,1.411218
188.539287710514,1.40977
188.545787720433,1.409632
188.55228773035202,1.411386
188.55878774027104,1.409883
188.56528775019004,1.409895
188.57178776010903,1.411087
188.57828777002803,1.410012
188.58478777994702,1.409822
188.59128778986604,1.410685
188.59778779978504,1.409499
188.604287809704,1.409868
188.61078781962303,1.411107
188.61728782954202,1.410178
188.62378783946102,1.410093
188.63028784938004,1.411082
188.636787859299,1.410011
188.643287869218,1.409772
188.64978787913702,1.411169
188.65628788905602,1.410007
188.662787898975,1.41001
188.66928790889398,1.411215
188.67578791881303,1.410123
188.68228792873202,1.409864
188.68878793865105,1.411191
188.69528794857004,1.40972
188.701787958489,1.410032
188.708287968408,1.411161
188.71478797832702,1.409866
188.72128798824602,1.409532
188.727787998165,1.410486
188.734288008084,1.409488
188.740788018003,1.409336
188.747288027922,1.410596
188.75378803784102,1.409624
188.76028804776,1.409247
188.76678805767898,1.41079
188.77328806759803,1.409613
188.77978807751703,1.409674
188.78628808743602,1.410462
188.79278809735504,1.409194
188.799288107274,1.409274
188.805788117193,1.410312
188.81228812711203,1.40937
188.81878813703102,1.409096
188.82528814695002,1.410406
188.831788156869,1.409008
188.838288166788,1.408886
188.844788176707,1.409883
188.85128818662602,1.408908
188.85778819654502,1.408872
188.864288206464,1.409902
188.870788216383,1.408673
188.877288226302,1.408907
188.88378823622102,1.410169
188.89028824614005,1.408808
188.89678825605904,1.408967
188.903288265978,1.409912
188.90978827589703,1.408381
188.91628828581602,1.408669
188.92278829573502,1.40986
188.92928830565404,1.408838
188.935788315573,1.409007
188.942288325492,1.409987
188.94878833541102,1.408838
188.95528834533002,1.408957
188.961788355249,1.409802
188.968288365168,1.408635
188.974788375087,1.408731
188.981288385006,1.410139
188.98778839492505,1.40886
188.99428840484404,1.408471
189.000788414763,1.409698
189.00728842468203,1.408559
189.01378843460103,1.40862
189.02028844452002,1.40985
189.02678845443904,1.408728
189.033288464358,1.408554
189.039788474277,1.410004
189.04628848419603,1.408459
189.05278849411502,1.408355
189.05928850403401,1.409669
189.06578851395298,1.408471
189.072288523872,1.408492
189.078788533791,1.409829
189.08528854371005,1.408499
189.09178855362904,1.408831
189.098288563548,1.409942
189.104788573467,1.40865
189.11128858338603,1.408583
189.11778859330502,1.409604
189.12428860322404,1.40869
189.130788613143,1.408925
189.137288623062,1.40976
189.143788632981,1.408372
189.15028864290002,1.408304
189.15678865281902,1.409329
189.16328866273798,1.408108
189.169788672657,1.408414
189.176288682576,1.409487
189.182788692495,1.408437
189.18928870241405,1.408304
189.19578871233304,1.409056
189.202288722252,1.408004
189.20878873217103,1.408502
189.21528874209002,1.409384
189.22178875200902,1.408381
189.22828876192804,1.408506
189.234788771847,1.409378
189.241288781766,1.40804
189.24778879168502,1.408355
189.25428880160402,1.409121
189.260788811523,1.407734
189.267288821442,1.407782
189.273788831361,1.408598
189.28028884128,1.407482
189.28678885119905,1.407803
189.29328886111804,1.409092
189.29978887103698,1.407848
189.30628888095603,1.407926
189.31278889087503,1.409053
189.31928890079402,1.407536
189.32578891071304,1.407701
189.332288920632,1.408688
189.338788930551,1.407363
189.34528894047003,1.407112
189.35178895038902,1.407894
189.35828896030802,1.407031
189.364788970227,1.407228
189.371288980146,1.408518
189.377788990065,1.407518
189.38428899998402,1.407797
189.39078900990305,1.408563
189.39728901982198,1.407277
189.40378902974103,1.407376
189.41028903966003,1.407885
189.41678904957902,1.406724
189.42328905949805,1.407172
189.429789069417,1.40818
189.436289079336,1.407164
189.44278908925503,1.40728
189.44928909917402,1.40805
189.45578910909302,1.406796
189.462289119012,1.40698
189.468789128931,1.408038
189.47528913885,1.406939
189.48178914876902,1.40714
189.48828915868802,1.407861
189.49478916860699,1.407003
189.50128917852604,1.407089
189.50778918844503,1.407754
189.51428919836403,1.406977
189.52078920828305,1.407111
189.52728921820201,1.407493
189.533789228121,1.407025
189.54028923804,1.407095
189.54678924795903,1.407274
189.55328925787802,1.406387
189.55978926779704,1.406513
189.566289277716,1.407123
189.572789287635,1.406468
189.579289297554,1.406933
189.58578930747302,1.40759
189.59228931739202,1.406972
189.59878932731098,1.407604
189.60528933723003,1.407553
189.61178934714903,1.406633
189.61828935706802,1.406803
189.62478936698705,1.407482
189.631289376906,1.407061
189.637789386825,1.407334
189.64428939674403,1.407766
189.65078940666302,1.40705
189.65728941658202,1.406847
189.663789426501,1.407275
189.67028943642,1.406599
189.676789446339,1.406682
189.68328945625802,1.406977
189.68978946617702,1.406251
189.69628947609598,1.406352
189.702789486015,1.406888
189.70928949593403,1.405767
189.71578950585302,1.406169
189.72228951577205,1.406845
189.728789525691,1.406028
189.73528953561,1.406461
189.74178954552903,1.406825
189.74828955544803,1.406221
189.75478956536702,1.406731
189.761289575286,1.40711
189.767789585205,1.405971
189.774289595124,1.406194
189.78078960504303,1.406561
189.78728961496202,1.405518
189.793789624881,1.406183
189.8002896348,1.406135
189.806789644719,1.405698
189.813289654638,1.405927
189.81978966455705,1.406243
189.82628967447602,1.405783
189.832789684395,1.406241
189.83928969431403,1.406198
189.84578970423303,1.40528
189.85228971415202,1.405877
189.85878972407102,1.40601
189.86528973399,1.405221
189.871789743909,1.405421
189.87828975382803,1.406109
189.88478976374702,1.405412
189.89128977366602,1.405903
189.897789783585,1.406282
189.904289793504,1.405204
189.910789803423,1.406012
189.91728981334205,1.405906
189.92378982326105,1.405197
189.93028983318,1.405607
189.93678984309904,1.405598
189.94328985301803,1.404931
189.94978986293702,1.405728
189.95628987285605,1.405677
189.962789882775,1.405154
189.969289892694,1.405782
189.97578990261303,1.405684
189.98228991253202,1.404998
189.98878992245102,1.405533
189.99528993236999,1.405416
190.001789942289,1.404688
190.008289952208,1.40552
190.01478996212705,1.405537
190.02128997204605,1.405418
190.027789981965,1.405968
190.034289991884,1.405535
190.04079000180303,1.405245
190.04729001172203,1.405612
190.05379002164105,1.405397
190.06029003156002,1.405032
190.066790041479,1.405473
190.073290051398,1.405323
190.07979006131703,1.404617
190.08629007123602,1.405326
190.092790081155,1.405284
190.099290091074,1.40448
190.105790100993,1.405354
190.112290110912,1.405284
190.11879012083105,1.404563
190.12529013075,1.404976
190.13179014066898,1.404596
190.13829015058803,1.403974
190.14479016050703,1.404639
190.15129017042602,1.404287
190.15779018034502,1.403948
190.164290190264,1.404882
190.170790200183,1.404673
190.17729021010203,1.404672
190.18379022002102,1.405259
190.19029022994,1.404897
190.196790239859,1.404381
190.203290249778,1.404497
190.209790259697,1.404616
190.21629026961602,1.40424
190.222790279535,1.404876
190.22929028945398,1.404575
190.23579029937304,1.404412
190.24229030929203,1.404907
190.24879031921103,1.404594
190.25529032913005,1.404022
190.261790339049,1.40459
190.268290348968,1.404217
190.27479035888703,1.404021
190.28129036880603,1.404396
190.28779037872502,1.404175
190.29429038864401,1.403671
190.300790398563,1.40466
190.307290408482,1.403896
190.31379041840103,1.403318
190.32029042832002,1.404227
190.326790438239,1.403991
190.33329044815804,1.403557
190.33979045807703,1.404263
190.34629046799603,1.403931
190.35279047791505,1.403381
190.35929048783402,1.404559
190.365790497753,1.403713
190.37229050767203,1.403484
190.37879051759103,1.404035
190.38529052751002,1.403324
190.391790537429,1.403323
190.398290547348,1.403888
190.404790557267,1.40337
190.41129056718603,1.403249
190.41779057710502,1.404207
190.424290587024,1.404063
190.43079059694298,1.403751
190.43729060686204,1.404492
190.44379061678103,1.403658
190.45029062670005,1.403431
190.45679063661902,1.404382
190.463290646538,1.403574
190.469790656457,1.403142
190.47629066637603,1.403982
190.48279067629502,1.403064
190.489290686214,1.402917
190.495790696133,1.40379
190.502290706052,1.40319
190.508790715971,1.403002
190.51529072589003,1.403834
190.521790735809,1.403001
190.528290745728,1.402811
190.534790755647,1.403724
190.54129076556603,1.403022
190.54779077548503,1.402613
190.55429078540402,1.403868
190.56079079532302,1.403134
190.567290805242,1.402911
190.57379081516103,1.403524
190.58029082508003,1.402533
190.58679083499902,1.402652
190.59329084491802,1.403607
190.599790854837,1.402606
190.606290864756,1.402559
190.61279087467503,1.403384
190.61929088459402,1.402672
190.625790894513,1.402266
190.632290904432,1.403541
190.638790914351,1.402743
190.64529092427,1.402713
190.65179093418905,1.403481
190.65829094410802,1.402259
190.664790954027,1.401856
190.67129096394603,1.402851
190.67779097386503,1.402106
190.68429098378402,1.401888
190.69079099370302,1.40285
190.697291003622,1.401897
190.703791013541,1.401512
190.71029102346003,1.402614
190.71679103337902,1.401746
190.723291043298,1.401479
190.729791053217,1.402782
190.736291063136,1.401676
190.742791073055,1.401554
190.74929108297405,1.402775
190.75579109289302,1.401212
190.76229110281201,1.401435
190.76879111273104,1.402799
190.77529112265003,1.401532
190.78179113256903,1.401505
190.78829114248802,1.402552
190.79479115240702,1.401631
190.801291162326,1.401439
190.80779117224503,1.402471
190.81429118216403,1.401203
190.820791192083,1.401083
190.82729120200202,1.402263
190.833791211921,1.401345
190.84029122184,1.401422
190.84679123175906,1.402555
190.853291241678,1.401492
190.859791251597,1.401311
190.86629126151604,1.402545
190.87279127143503,1.40152
190.87929128135403,1.401263
190.885791291273,1.402225
190.89229130119202,1.401151
190.898791311111,1.400917
190.90529132103003,1.402102
190.91179133094903,1.400878
190.918291340868,1.401142
190.924791350787,1.402235
190.931291360706,1.401149
190.937791370625,1.400987
190.94429138054406,1.402312
190.95079139046305,1.401101
190.957291400382,1.401073
190.96379141030098,1.402091
190.97029142022004,1.400319
190.97679143013903,1.400533
190.98329144005805,1.401885
190.98979144997702,1.400817
190.996291459896,1.40071
191.002791469815,1.401886
191.00929147973403,1.40076
191.01579148965303,1.400596
191.022291499572,1.401609
191.02879150949101,1.400612
191.03529151941,1.400749
191.041791529329,1.401919
191.04829153924805,1.40087
191.054791549167,1.400764
191.061291559086,1.401793
191.06779156900504,1.400418
191.07429157892403,1.400776
191.08079158884303,1.401477
191.08729159876202,1.400388
191.09379160868102,1.400329
191.1002916186,1.401826
191.10679162851903,1.400493
191.11329163843803,1.400544
191.119791648357,1.401546
191.12629165827602,1.400031
191.132791668195,1.39996
191.139291678114,1.401063
191.14579168803303,1.400197
191.152291697952,1.400026
191.158791707871,1.401302
191.16529171779004,1.399874
191.17179172770904,1.399642
191.17829173762803,1.400725
191.18479174754702,1.399626
191.19129175746602,1.399852
191.197791767385,1.400895
191.20429177730404,1.399689
191.21079178722303,1.399974
191.217291797142,1.401058
191.22379180706102,1.399856
191.23029181698,1.399752
191.236791826899,1.400596
191.24329183681803,1.399377
191.249791846737,1.399276
191.256291856656,1.400308
191.26279186657504,1.399096
191.26929187649404,1.399355
191.27579188641303,1.400421
191.28229189633205,1.399447
191.28879190625102,1.399345
191.29529191617002,1.400316
191.30179192608904,1.399189
191.30829193600803,1.399642
191.31479194592703,1.401007
191.321291955846,1.399522
191.32779196576502,1.399553
191.334291975684,1.400721
191.34079198560303,1.399459
191.34729199552203,1.399599
191.353792005441,1.400929
191.36029201536,1.399524
191.366792025279,1.399191
191.37329203519803,1.400627
191.37979204511706,1.399369
191.38629205503602,1.399539
191.39279206495502,1.400582
191.399292074874,1.399599
191.40579208479303,1.399596
191.41229209471203,1.400871
191.418792104631,1.399363
191.42529211455002,1.399595
191.431792124469,1.400675
191.438292134388,1.399318
191.44479214430703,1.399369
191.451292154226,1.400766
191.457792164145,1.399449
191.464292174064,1.399102
191.470792183983,1.400313
191.47729219390203,1.398882
191.48379220382103,1.398936
191.49029221374002,1.399981
191.496792223659,1.398575
191.50329223357804,1.398907
191.50979224349703,1.400249
191.516292253416,1.398967
191.52279226333502,1.398909
191.52929227325401,1.399847
191.535792283173,1.398903
191.54229229309203,1.3994
191.548792303011,1.400569
191.55529231293,1.399089
191.56179232284902,1.399172
191.568292332768,1.400677
191.574792342687,1.399042
191.581292352606,1.398813
191.58779236252502,1.400087
191.59429237244402,1.398915
191.60079238236304,1.399095
191.60729239228203,1.400057
191.613792402201,1.398711
191.62029241212002,1.398738
191.62679242203902,1.399921
191.633292431958,1.398942
191.63979244187703,1.39894
191.64629245179603,1.400252
191.652792461715,1.398804
191.65929247163402,1.399062
191.665792481553,1.399971
191.672292491472,1.399022
191.67879250139106,1.398878
191.68529251131,1.400221
191.69179252122902,1.39877
191.69829253114804,1.398779
191.70479254106704,1.399984
191.71129255098603,1.398368
191.71779256090502,1.398452
191.72429257082402,1.399727
191.730792580743,1.398384
191.73729259066204,1.39805
191.74379260058103,1.399282
191.7502926105,1.398115
191.75679262041902,1.397772
191.76329263033801,1.39917
191.769792640257,1.397843
191.77629265017606,1.397928
191.782792660095,1.398981
191.789292670014,1.397898
191.79579267993304,1.397869
191.80229268985204,1.399191
191.80879269977103,1.397915
191.81529270969,1.397693
191.82179271960902,1.398661
191.82829272952802,1.39773
191.83479273944704,1.39743
191.84129274936603,1.398459
191.847792759285,1.397422
191.854292769204,1.397424
191.86079277912302,1.398888
191.867292789042,1.397833
191.873792798961,1.397707
191.88029280888,1.398528
191.886792818799,1.397274
191.893292828718,1.397598
191.89979283863704,1.398505
191.90629284855603,1.397421
191.912792858475,1.397432
191.91929286839402,1.398227
191.92579287831302,1.397344
191.932292888232,1.397611
191.93879289815104,1.398354
191.94529290807,1.397113
191.951792917989,1.39706
191.95829292790802,1.398058
191.964792937827,1.396878
191.971292947746,1.396626
191.97779295766503,1.39783
191.984292967584,1.396657
191.990792977503,1.397062
191.99729298742204,1.398213
192.00379299734104,1.39702
192.01029300726003,1.396991
192.01679301717903,1.398079
192.02329302709802,1.396847
192.02979303701701,1.396708
192.03629304693604,1.397815
192.04279305685503,1.396542
192.049293066774,1.396563
192.05579307669302,1.397692
192.06229308661202,1.396051
192.068793096531,1.396332
192.07529310645003,1.397681
192.081793116369,1.396615
192.088293126288,1.396302
192.09479313620704,1.39731
192.10129314612604,1.396039
192.10779315604503,1.395794
192.11429316596403,1.396966
192.12079317588302,1.395875
192.12729318580202,1.395914
192.13379319572104,1.397113
192.14029320564003,1.395842
192.146793215559,1.395645
192.15329322547802,1.396686
192.15979323539702,1.395483
192.166293245316,1.395758
192.17279325523504,1.396653
192.179293265154,1.395605
192.185793275073,1.395435
192.19229328499202,1.396201
192.19879329491104,1.394857
192.20529330483004,1.395157
192.21179331474897,1.396376
192.21829332466802,1.395198
192.22479333458702,1.395071
192.23129334450604,1.396116
192.23779335442504,1.395225
192.244293364344,1.395176
192.250793374263,1.396489
192.25729338418202,1.395071
192.26379339410101,1.395153
192.27029340402004,1.396182
192.276793413939,1.394933
192.283293423858,1.395159
192.289793433777,1.39603
192.29629344369602,1.394977
192.302793453615,1.395015
192.30929346353398,1.396029
192.31579347345303,1.394976
192.32229348337202,1.395055
192.32879349329102,1.396003
192.33529350321004,1.394971
192.34179351312903,1.394964
192.348293523048,1.395964
192.35479353296702,1.394893
192.36129354288602,1.394633
192.367793552805,1.395956
192.37429356272403,1.394973
192.380793572643,1.394863
192.387293582562,1.396018
192.39379359248102,1.394802
192.4002936024,1.394724
192.406793612319,1.39573
192.41329362223803,1.394538
192.41979363215702,1.394464
192.42629364207602,1.395705
192.43279365199504,1.394619
192.43929366191404,1.394357
192.445793671833,1.395589
192.45229368175202,1.394807
192.45879369167102,1.39456
192.46529370159,1.395639
192.47179371150904,1.3943
192.478293721428,1.394561
192.484793731347,1.395826
192.49129374126602,1.394572
192.49779375118501,1.394733
192.504293761104,1.395936
192.510793771023,1.394918
192.517293780942,1.394603
192.52379379086102,1.395544
192.53029380078004,1.394183
192.53679381069904,1.394092
192.543293820618,1.395507
192.54979383053703,1.39434
192.55629384045602,1.394501
192.56279385037502,1.395648
192.56929386029404,1.394085
192.575793870213,1.394136
192.582293880132,1.395243
192.58879389005102,1.394039
192.59529389997002,1.394095
192.601793909889,1.394865
192.608293919808,1.393412
192.614793929727,1.393832
192.621293939646,1.394901
192.62779394956505,1.393704
192.63429395948404,1.39354
192.640793969403,1.394762
192.64729397932203,1.393631
192.65379398924102,1.393435
192.66029399916002,1.394591
192.66679400907904,1.393133
192.67329401899804,1.393065
192.679794028917,1.394103
192.686294038836,1.393203
192.69279404875502,1.393198
192.699294058674,1.393964
192.70579406859304,1.392941
192.712294078512,1.392797
192.718794088431,1.394213
192.72529409835,1.393037
192.73179410826904,1.393038
192.73829411818804,1.394491
192.744794128107,1.393249
192.75129413802603,1.393117
192.75779414794502,1.394366
192.76429415786401,1.393146
192.77079416778304,1.393262
192.777294177702,1.394428
192.783794187621,1.392985
192.79029419754002,1.392856
192.79679420745902,1.393792
192.803294217378,1.39266
192.809794227297,1.392828
192.816294237216,1.39389
192.822794247135,1.39291
192.82929425705404,1.393003
192.83579426697304,1.394258
192.842294276892,1.392649
192.84879428681103,1.392499
192.85529429673002,1.393773
192.86179430664902,1.39216
192.86829431656804,1.392645
192.874794326487,1.393852
192.881294336406,1.392437
192.88779434632502,1.392614
192.89429435624402,1.393353
192.900794366163,1.392422
192.907294376082,1.392132
192.913794386001,1.393485
192.92029439592,1.392119
192.92679440583905,1.392113
192.93329441575804,1.393373
192.93979442567698,1.392209
192.94629443559603,1.392068
192.95279444551502,1.393265
192.95929445543402,1.391975
192.96579446535304,1.39219
192.972294475272,1.393204
192.978794485191,1.392102
192.98529449511003,1.391824
192.99179450502902,1.392941
192.99829451494801,1.391634
193.004794524867,1.391908
193.011294534786,1.392974
193.017794544705,1.391716
193.02429455462402,1.391208
193.03079456454304,1.392569
193.03729457446204,1.391319
193.04379458438103,1.3917
193.05029459430003,1.392567
193.05679460421902,1.391265
193.06329461413804,1.391466
193.06979462405704,1.392448
193.076294633976,1.391365
193.08279464389503,1.391242
193.08929465381402,1.392605
193.09579466373302,1.391436
193.10229467365204,1.391266
193.108794683571,1.392564
193.11529469349,1.391513
193.12179470340902,1.391419
193.12829471332802,1.392321
193.134794723247,1.391165
193.14129473316598,1.390893
193.14779474308503,1.392058
193.15429475300402,1.391185
193.16079476292305,1.391603
193.16729477284204,1.39251
193.173794782761,1.391031
193.18029479268,1.391446
193.18679480259902,1.392102
193.19329481251802,1.391201
193.19979482243704,1.391438
193.206294832356,1.392228
193.212794842275,1.391108
193.219294852194,1.390995
193.22579486211302,1.39227
193.232294872032,1.390778
193.23879488195098,1.390913
193.24529489187003,1.392101
193.25179490178903,1.390991
193.25829491170802,1.390596
193.26479492162704,1.391573
193.271294931546,1.390248
193.277794941465,1.390083
193.28429495138403,1.391245
193.29079496130302,1.390094
193.29729497122202,1.390015
193.303794981141,1.391294
193.31029499106,1.390035
193.316795000979,1.390054
193.32329501089802,1.391314
193.32979502081702,1.389924
193.33629503073598,1.390139
193.342795040655,1.391209
193.349295050574,1.390341
193.35579506049302,1.390211
193.36229507041205,1.391622
193.36879508033104,1.390144
193.37529509025,1.390177
193.38179510016903,1.391264
193.38829511008802,1.390608
193.39479512000702,1.390304
193.40129512992604,1.391359
193.407795139845,1.389772
193.414295149764,1.389898
193.42079515968302,1.391187
193.42729516960202,1.390116
193.433795179521,1.390252
193.44029518944,1.391355
193.446795199359,1.390273
193.453295209278,1.38993
193.45979521919705,1.391154
193.46629522911604,1.389979
193.472795239035,1.389849
193.47929524895403,1.390667
193.48579525887303,1.389477
193.49229526879202,1.389747
193.49879527871104,1.390617
193.50529528863,1.389698
193.511795298549,1.389533
193.51829530846803,1.390442
193.52479531838702,1.389366
193.53129532830602,1.389402
193.53779533822498,1.390251
193.544295348144,1.388997
193.550795358063,1.388848
193.55729536798205,1.390172
193.56379537790104,1.389475
193.57029538782,1.389344
193.576795397739,1.39026
193.58329540765803,1.389044
193.58979541757702,1.389231
193.59629542749605,1.390604
193.602795437415,1.389321
193.609295447334,1.389467
193.615795457253,1.390321
193.62229546717202,1.388941
193.62879547709102,1.389183
193.63529548700998,1.390067
193.641795496929,1.389344
193.648295506848,1.389218
193.654795516767,1.390116
193.66129552668605,1.388885
193.66779553660498,1.388896
193.674295546524,1.390317
193.68079555644303,1.389247
193.68729556636202,1.389577
193.69379557628102,1.390429
193.7002955862,1.389064
193.706795596119,1.38937
193.713295606038,1.390521
193.71979561595703,1.388823
193.72629562587602,1.388703
193.73279563579501,1.389831
193.739295645714,1.389107
193.745795655633,1.389119
193.752295665552,1.389952
193.75879567547105,1.388721
193.76529568539004,1.38853
193.77179569530898,1.389803
193.77829570522803,1.38864
193.78479571514703,1.388343
193.79129572506602,1.389578
193.79779573498504,1.388659
193.804295744904,1.388231
193.810795754823,1.389107
193.81729576474203,1.388005
193.82379577466102,1.388059
193.83029578458002,1.38908
193.836795794499,1.38796
193.843295804418,1.387571
193.849795814337,1.388655
193.85629582425602,1.387478
193.86279583417505,1.387384
193.86929584409398,1.388725
193.87579585401303,1.387794
193.88229586393203,1.388117
193.88879587385102,1.388907
193.89529588377005,1.388066
193.901795893689,1.387855
193.908295903608,1.388969
193.91479591352703,1.387786
193.92129592344602,1.387862
193.92779593336502,1.388722
193.934295943284,1.387272
193.940795953203,1.387278
193.947295963122,1.388298
193.95379597304103,1.387103
193.96029598296002,1.387288
193.96679599287899,1.388508
193.97329600279804,1.387389
193.97979601271703,1.387292
193.98629602263603,1.388306
193.99279603255505,1.386836
193.99929604247401,1.386842
194.005796052393,1.387803
194.01229606231203,1.386555
194.01879607223103,1.386731
194.02529608215002,1.387704
194.031796092069,1.386598
194.038296101988,1.386661
194.044796111907,1.3876
194.05129612182603,1.386839
194.05779613174502,1.386863
194.06429614166402,1.38789
194.07079615158298,1.386579
194.07729616150203,1.386666
194.08379617142103,1.387335
194.09029618134005,1.386338
194.09679619125905,1.386326
194.103296201178,1.387303
194.109796211097,1.386459
194.11629622101603,1.386675
194.12279623093502,1.387518
194.12929624085405,1.386347
194.135796250773,1.386358
194.142296260692,1.387121
194.148796270611,1.385794
194.15529628053002,1.385926
194.16179629044902,1.386871
194.16829630036798,1.385738
194.174796310287,1.385782
194.18129632020603,1.38641
194.18779633012502,1.385805
194.19429634004405,1.386007
194.200796349963,1.386935
194.207296359882,1.38609
194.21379636980103,1.386272
194.22029637972003,1.38695
194.22679638963902,1.386176
194.23329639955801,1.3864
194.239796409477,1.38724
194.246296419396,1.386397
194.25279642931503,1.386166
194.25929643923402,1.386471
194.265796449153,1.385751
194.272296459072,1.386111
194.278796468991,1.386421
194.28529647891,1.38584
194.29179648882905,1.386074
194.29829649874802,1.386427
194.304796508667,1.386
194.31129651858603,1.3862
194.31779652850503,1.386755
194.32429653842402,1.385626
194.33079654834302,1.385786
194.337296558262,1.386326
194.343796568181,1.385427
194.35029657810003,1.385945
194.35679658801902,1.386167
194.363296597938,1.385184
194.369796607857,1.385208
194.376296617776,1.385674
194.382796627695,1.385172
194.38929663761405,1.385534
194.39579664753302,1.385832
194.402296657452,1.3852
194.40879666737104,1.385709
194.41529667729003,1.38578
194.42179668720902,1.385125
194.42829669712805,1.385224
194.434796707047,1.385778
194.441296716966,1.384991
194.44779672688503,1.385343
194.45429673680403,1.38593
194.46079674672302,1.384663
194.46729675664199,1.385047
194.473796766561,1.385559
194.48029677648,1.384738
194.48679678639905,1.384938
194.49329679631805,1.385045
194.499796806237,1.384037
194.506296816156,1.384413
194.51279682607503,1.385121
194.51929683599403,1.38443
194.52579684591305,1.384949
194.53229685583202,1.385386
194.538796865751,1.38418
194.54529687567,1.384956
194.55179688558903,1.385256
194.55829689550802,1.384312
194.564796905427,1.384668
194.571296915346,1.385112
194.577796925265,1.384146
194.584296935184,1.38464
194.59079694510305,1.384609
194.597296955022,1.383688
194.60379696494098,1.384467
194.61029697486003,1.384426
194.61679698477903,1.383726
194.62329699469802,1.383987
194.62979700461702,1.384188
194.636297014536,1.38373
194.642797024455,1.384251
194.64929703437403,1.384346
194.65579704429302,1.383616
194.662297054212,1.383923
194.668797064131,1.384132
194.67529707405,1.38312
194.681797083969,1.383406
194.68829709388805,1.383378
194.694797103807,1.382982
194.70129711372599,1.383372
194.70779712364504,1.383649
194.71429713356403,1.382812
194.72079714348303,1.383433
194.72729715340202,1.383597
194.73379716332101,1.382667
194.74029717324,1.383435
194.74679718315903,1.383446
194.75329719307803,1.382868
194.75979720299702,1.382986
194.76629721291602,1.383201
194.772797222835,1.382903
194.779297232754,1.383251
194.78579724267303,1.383231
194.79229725259202,1.382681
194.798797262511,1.383293
194.80529727243004,1.382879
194.81179728234903,1.382512
194.81829729226803,1.382968
194.82479730218705,1.38286
194.83129731210602,1.38234
194.837797322025,1.383193
194.84429733194403,1.383247
194.85079734186303,1.382624
194.85729735178202,1.383083
194.86379736170102,1.382748
194.87029737162,1.382691
194.876797381539,1.383232
194.88329739145803,1.382982
194.88979740137702,1.382588
194.896297411296,1.383337
194.90279742121504,1.38272
194.90929743113404,1.382075
194.91579744105303,1.38283
194.92229745097205,1.382841
194.92879746089102,1.38207
194.93529747081,1.382892
194.94179748072904,1.382198
194.94829749064803,1.382083
194.95479750056703,1.382779
194.961297510486,1.382676
194.96779752040501,1.382113
194.974297530324,1.382724
194.98079754024303,1.382257
194.98729755016203,1.381539
194.993797560081,1.382519
195.00029757,1.38251
195.006797579919,1.382217
195.01329758983803,1.38268
195.01979759975703,1.382123
195.02629760967602,1.381997
195.03279761959502,1.382512
195.039297629514,1.382102
195.04579763943303,1.382059
195.05229764935203,1.382852
195.058797659271,1.382163
195.06529766919002,1.381697
195.071797679109,1.382757
195.078297689028,1.381797
195.08479769894703,1.381092
195.091297708866,1.382004
195.097797718785,1.381637
195.104297728704,1.381389
195.110797738623,1.382376
195.11729774854203,1.381768
195.12379775846105,1.381377
195.13029776838002,1.38229
195.136797778299,1.381514
195.14329778821804,1.381159
195.14979779813703,1.382158
195.15629780805602,1.381313
195.16279781797502,1.380859
195.169297827894,1.382052
195.175797837813,1.381279
195.18229784773203,1.380919
195.18879785765102,1.381648
195.19529786757,1.381267
195.201797877489,1.380942
195.208297887408,1.381874
195.214797897327,1.381135
195.22129790724605,1.380806
195.22779791716502,1.381878
195.23429792708401,1.381231
195.24079793700304,1.380744
195.24729794692203,1.381418
195.25379795684103,1.38101
195.26029796676002,1.380565
195.26679797667902,1.38191
195.273297986598,1.381097
195.27979799651703,1.380654
195.28629800643603,1.381292
195.292798016355,1.380514
195.29929802627402,1.380525
195.305798036193,1.381829
195.312298046112,1.380834
195.31879805603106,1.380745
195.32529806595,1.381612
195.33179807586902,1.380442
195.33829808578804,1.380134
195.34479809570703,1.381438
195.35129810562603,1.38053
195.357798115545,1.380044
195.36429812546402,1.381109
195.370798135383,1.380124
195.37729814530203,1.380113
195.38379815522103,1.381189
195.39029816514,1.379884
195.396798175059,1.379757
195.403298184978,1.380499
195.409798194897,1.379488
195.41629820481606,1.379643
195.422798214735,1.380506
195.429298224654,1.379535
195.43579823457299,1.379677
195.44229824449204,1.380445
195.44879825441103,1.379273
195.45529826433005,1.379002
195.46179827424902,1.38013
195.46829828416801,1.378805
195.474798294087,1.378773
195.48129830400603,1.379801
195.48779831392503,1.379245
195.494298323844,1.379238
195.50079833376302,1.379964
195.507298343682,1.378958
195.513798353601,1.379126
195.52029836352006,1.380157
195.526798373439,1.379094
195.533298383358,1.378776
195.53979839327704,1.379974
195.54629840319603,1.379082
195.55279841311503,1.3792
195.55929842303402,1.379794
195.56579843295302,1.378775
195.572298442872,1.378775
195.57879845279103,1.379614
195.58529846271003,1.378526
195.591798472629,1.378556
195.59829848254802,1.379606
195.604798492467,1.378687
195.611298502386,1.378777
195.61779851230503,1.379862
195.624298522224,1.378463
195.630798532143,1.378462
195.63729854206204,1.379638
195.64379855198104,1.378276
195.65029856190003,1.378416
195.65679857181902,1.37988
195.66329858173802,1.378668
195.669798591657,1.37856
195.67629860157604,1.379443
195.68279861149503,1.378355
195.689298621414,1.378324
195.69579863133302,1.379236
195.702298641252,1.378346
195.708798651171,1.378121
195.71529866109003,1.379352
195.721798671009,1.378502
195.728298680928,1.378516
195.73479869084704,1.379316
195.74129870076604,1.378143
195.74779871068503,1.377808
195.75429872060403,1.379044
195.76079873052302,1.378039
195.76729874044202,1.37769
195.77379875036104,1.37905
195.78029876028003,1.377844
195.786798770199,1.377637
195.79329878011802,1.378434
195.79979879003702,1.377447
195.806298799956,1.377359
195.81279880987503,1.378547
195.81929881979403,1.37745
195.825798829713,1.377912
195.832298839632,1.378752
195.838798849551,1.377442
195.84529885947003,1.377292
195.85179886938906,1.378628
195.85829887930802,1.377405
195.86479888922702,1.377046
195.871298899146,1.378196
195.87779890906504,1.377521
195.88429891898403,1.377279
195.890798928903,1.378277
195.89729893882202,1.376838
195.903798948741,1.376812
195.91029895866,1.378159
195.91679896857903,1.376604
195.923298978498,1.376595
195.929798988417,1.377754
195.936298998336,1.376652
195.942799008255,1.376575
195.94929901817403,1.377931
195.95579902809303,1.376809
195.96229903801202,1.376963
195.96879904793101,1.377901
195.97529905785004,1.376448
195.98179906776903,1.376421
195.988299077688,1.377232
195.99479908760702,1.376231
196.00129909752602,1.376269
196.007799107445,1.377038
196.01429911736403,1.37567
196.020799127283,1.376044
196.027299137202,1.377397
196.03379914712102,1.37601
196.04029915704,1.375867
196.046799166959,1.376763
196.05329917687803,1.375893
196.05979918679702,1.375614
196.06629919671602,1.376532
196.07279920663504,1.375321
196.07929921655403,1.375135
196.085799226473,1.376349
196.09229923639202,1.375287
196.09879924631102,1.37555
196.10529925623,1.376707
196.11179926614903,1.375641
196.118299276068,1.375576
196.124799285987,1.376459
196.13129929590602,1.375222
196.137799305825,1.375408
196.144299315744,1.376713
196.15079932566306,1.375682
196.157299335582,1.375418
196.16379934550102,1.376704
196.17029935542004,1.375362
196.17679936533904,1.375675
196.18329937525803,1.376873
196.18979938517703,1.375601
196.19629939509602,1.375863
196.202799405015,1.376955
196.20929941493404,1.375805
196.21579942485303,1.375795
196.222299434772,1.376774
196.22879944469102,1.374715
196.23529945461001,1.375202
196.241799464529,1.376514
196.24829947444806,1.374837
196.254799484367,1.374975
196.261299494286,1.375853
196.26779950420504,1.374957
196.27429951412404,1.374933
196.28079952404303,1.376232
196.287299533962,1.374832
196.29379954388102,1.374745
196.30029955380002,1.375703
196.30679956371904,1.374229
196.31329957363803,1.374176
196.319799583557,1.375745
196.326299593476,1.374316
196.33279960339502,1.374264
196.339299613314,1.375711
196.34579962323303,1.374388
196.352299633152,1.374279
196.358799643071,1.375437
196.36529965299,1.374364
196.37179966290904,1.374055
196.37829967282804,1.37548
196.384799682747,1.374235
196.39129969266602,1.374145
196.39779970258502,1.375381
196.404299712504,1.374183
196.41079972242304,1.374225
196.417299732342,1.375402
196.423799742261,1.374354
196.43029975218002,1.374183
196.436799762099,1.375049
196.443299772018,1.373775
196.449799781937,1.373728
196.456299791856,1.374844
196.462799801775,1.37381
196.46929981169404,1.3736
196.47579982161304,1.375106
196.482299831532,1.373945
196.48879984145103,1.373728
196.49529985137002,1.375259
196.50179986128902,1.373955
196.50829987120804,1.373791
196.51479988112703,1.374768
196.521299891046,1.373771
196.52779990096502,1.373614
196.53429991088402,1.37475
196.540799920803,1.373824
196.54729993072203,1.373531
196.553799940641,1.374971
196.56029995056,1.373755
196.56679996047905,1.373865
196.57329997039804,1.375121
196.57979998031703,1.373748
196.58629999023603,1.373655
196.59280000015502,1.374332
196.59930001007402,1.373495
196.60580001999304,1.373794
196.61230002991203,1.374825
196.618800039831,1.373808
196.62530004975002,1.373811
196.63180005966902,1.374623
196.638300069588,1.373458
196.64480007950704,1.373481
196.651300089426,1.374275
196.657800099345,1.372765
196.66430010926402,1.372923
196.67080011918304,1.373892
196.67730012910204,1.372691
196.68380013902097,1.37265
196.69030014894003,1.373805
196.69680015885902,1.372233
196.70330016877804,1.372203
196.70980017869704,1.373412
196.716300188616,1.372463
196.722800198535,1.372375
196.72930020845402,1.373131
196.73580021837302,1.37235
196.74230022829204,1.372304
196.748800238211,1.37352
196.75530024813,1.372205
196.761800258049,1.37221
196.76830026796802,1.373211
196.774800277887,1.372474
196.78130028780598,1.372241
196.78780029772503,1.373348
196.79430030764402,1.371993
196.80080031756302,1.372135
196.80730032748204,1.373438
196.813800337401,1.37211
196.82030034732,1.371748
196.82680035723902,1.372803
196.83330036715802,1.371692
196.839800377077,1.371797
196.84630038699603,1.372772
196.852800396915,1.371618
196.859300406834,1.371484
196.86580041675302,1.372884
196.872300426672,1.371832
196.878800436591,1.371431
196.88530044651003,1.372744
196.89180045642902,1.371693
196.89830046634802,1.371153
196.90480047626704,1.37215
196.91130048618604,1.370949
196.917800496105,1.371109
196.92430050602403,1.372094
196.93080051594302,1.370729
196.937300525862,1.370821
196.94380053578104,1.371953
196.9503005457,1.371016
196.956800555619,1.371029
196.96330056553802,1.371799
196.96980057545701,1.370522
196.976300585376,1.370595
196.982800595295,1.371474
196.989300605214,1.370705
196.99580061513302,1.370631
197.00230062505204,1.371666
197.00880063497104,1.370574
197.01530064489,1.370654
197.02180065480903,1.371693
197.02830066472802,1.370877
197.03480067464702,1.37059
197.04130068456604,1.371495
197.047800694485,1.370185
197.054300704404,1.370419
197.06080071432302,1.371583
197.06730072424202,1.370759
197.073800734161,1.370891
197.08030074408,1.371996
197.086800753999,1.370659
197.093300763918,1.370399
197.09980077383705,1.37159
197.10630078375604,1.370192
197.112800793675,1.370238
197.11930080359403,1.371525
197.12580081351302,1.370474
197.13230082343202,1.370596
197.13880083335104,1.371404
197.14530084327,1.370425
197.151800853189,1.370405
197.15830086310802,1.371544
197.16480087302702,1.370494
197.171300882946,1.37044
197.17780089286498,1.371199
197.184300902784,1.370062
197.190800912703,1.369684
197.19730092262205,1.371039
197.20380093254104,1.369888
197.21030094246004,1.369824
197.216800952379,1.370963
197.22330096229803,1.369983
197.22980097221702,1.370074
197.23630098213604,1.370958
197.24280099205504,1.369761
197.249301001974,1.369874
197.255801011893,1.370797
197.26230102181202,1.369695
197.26880103173102,1.369803
197.27530104165004,1.370989
197.281801051569,1.369929
197.288301061488,1.369627
197.294801071407,1.370768
197.30130108132605,1.369719
197.30780109124504,1.369421
197.314301101164,1.37039
197.32080111108303,1.369394
197.32730112100202,1.369533
197.33380113092102,1.370403
197.34030114084004,1.36923
197.346801150759,1.36897
197.353301160678,1.370198
197.35980117059702,1.369106
197.36630118051602,1.369021
197.372801190435,1.370215
197.379301200354,1.368999
197.385801210273,1.369011
197.392301220192,1.370423
197.39880123011105,1.369152
197.40530124003004,1.368938
197.41180124994898,1.369757
197.41830125986803,1.368908
197.42480126978703,1.3689
197.43130127970602,1.369805
197.43780128962504,1.368445
197.444301299544,1.368474
197.450801309463,1.369635
197.45730131938203,1.368393
197.46380132930102,1.368114
197.47030133922001,1.369294
197.476801349139,1.368449
197.483301359058,1.368477
197.489801368977,1.369621
197.49630137889602,1.368345
197.50280138881504,1.368449
197.50930139873398,1.369486
197.51580140865303,1.3684
197.52230141857203,1.368506
197.52880142849102,1.36947
197.53530143841004,1.368495
197.54180144832904,1.36834
197.548301458248,1.369516
197.55480146816703,1.368289
197.56130147808602,1.368237
197.56780148800502,1.369303
197.57430149792404,1.367813
197.580801507843,1.368063
197.587301517762,1.369295
197.59380152768102,1.368134
197.60030153760002,1.367617
197.60680154751904,1.368886
197.61330155743798,1.367466
197.61980156735703,1.367469
197.62630157727602,1.368736
197.63280158719505,1.367613
197.63930159711404,1.367228
197.645801607033,1.368138
197.652301616952,1.367076
197.65880162687102,1.367141
197.66530163679002,1.368473
197.67180164670904,1.367405
197.678301656628,1.367252
197.684801666547,1.368334
197.691301676466,1.367466
197.69780168638502,1.367142
197.70430169630401,1.368476
197.71080170622298,1.367129
197.71730171614203,1.36685
197.72380172606103,1.368356
197.73030173598002,1.367384
197.73680174589904,1.367147
197.743301755818,1.368413
197.749801765737,1.36702
197.75630177565603,1.36697
197.76280178557502,1.367978
197.76930179549402,1.366717
197.775801805413,1.366755
197.782301815332,1.367603
197.788801825251,1.366424
197.79530183517002,1.366286
197.80180184508902,1.367391
197.80830185500798,1.366232
197.814801864927,1.365972
197.82130187484603,1.367357
197.82780188476502,1.36626
197.83430189468405,1.366123
197.840801904603,1.367326
197.847301914522,1.366017
197.85380192444103,1.366319
197.86030193436002,1.367777
197.86680194427902,1.366477
197.873301954198,1.366287
197.879801964117,1.367498
197.886301974036,1.366511
197.89280198395502,1.366246
197.89930199387402,1.367332
197.905802003793,1.366224
197.912302013712,1.36579
197.918802023631,1.367232
197.92530203355,1.366213
197.93180204346905,1.365955
197.93830205338804,1.366953
197.944802063307,1.365825
197.95130207322603,1.365908
197.95780208314503,1.366995
197.96430209306402,1.365639
197.97080210298304,1.365756
197.977302112902,1.366821
197.983802122821,1.365729
197.99030213274003,1.365589
197.99680214265902,1.366797
198.00330215257802,1.365816
198.009802162497,1.365706
198.016302172416,1.366718
198.022802182335,1.365986
198.02930219225405,1.3658
198.03580220217304,1.366464
198.042302212092,1.365211
198.04880222201103,1.365055
198.05530223193003,1.366145
198.06180224184902,1.36488
198.06830225176805,1.364862
198.074802261687,1.366371
198.081302271606,1.365018
198.08780228152503,1.364641
198.09430229144402,1.365694
198.10080230136302,1.364592
198.10730231128198,1.3649
198.113802321201,1.365886
198.12030233112,1.364633
198.12680234103905,1.364534
198.13330235095805,1.365739
198.13980236087698,1.364146
198.146302370796,1.364635
198.15280238071503,1.365831
198.15930239063402,1.364203
198.16580240055302,1.364416
198.172302410472,1.365418
198.178802420391,1.364378
198.18530243031,1.363979
198.19180244022903,1.365218
198.19830245014802,1.363539
198.204802460067,1.363864
198.211302469986,1.364908
198.217802479905,1.363347
198.224302489824,1.363567
198.23080249974305,1.364691
198.23730250966204,1.36325
198.24380251958098,1.3637
198.25030252950003,1.364644
198.25680253941903,1.363291
198.26330254933802,1.363045
198.26980255925704,1.364071
198.276302569176,1.363164
198.282802579095,1.363059
198.28930258901403,1.363951
198.29580259893302,1.362864
198.30230260885202,1.362758
198.308802618771,1.363634
198.31530262869,1.362649
198.321802638609,1.362523
198.32830264852805,1.363581
198.33480265844705,1.362557
198.34130266836598,1.362774
198.34780267828503,1.364001
198.35430268820403,1.362909
198.36080269812302,1.363051
198.36730270804205,1.363635
198.373802717961,1.362818
198.38030272788,1.36265
198.38680273779903,1.363698
198.39330274771802,1.362165
198.39980275763702,1.362056
198.406302767556,1.363201
198.412802777475,1.362169
198.419302787394,1.362365
198.42580279731303,1.363163
198.43230280723202,1.361979
198.438802817151,1.361845
198.44530282707004,1.363077
198.45180283698903,1.362138
198.45830284690803,1.362011
198.46480285682705,1.36314
198.47130286674602,1.361855
198.477802876665,1.361828
198.48430288658403,1.363094
198.49080289650303,1.361737
198.49730290642202,1.361514
198.503802916341,1.362648
198.51030292626,1.361323
198.516802936179,1.361523
198.52330294609803,1.362229
198.52980295601702,1.361345
198.536302965936,1.36158
198.54280297585498,1.362619
198.54930298577403,1.361567
198.55580299569303,1.361525
198.56230300561205,1.362435
198.56880301553102,1.361389
198.57530302545,1.361108
198.581803035369,1.362026
198.58830304528803,1.361226
198.59480305520702,1.361264
198.60130306512605,1.3624
198.607803075045,1.361252
198.614303084964,1.361411
198.620803094883,1.362298
198.62730310480202,1.361203
198.63380311472102,1.361445
198.64030312463998,1.36193
198.646803134559,1.360727
198.65330314447803,1.360569
198.65980315439703,1.36183
198.66630316431605,1.360686
198.672803174235,1.360808
198.679303184154,1.361784
198.68580319407303,1.360597
198.69230320399203,1.360524
198.69880321391102,1.36174
198.70530322383001,1.360662
198.711803233749,1.360641
198.718303243668,1.361616
198.72480325358703,1.360411
198.73130326350602,1.360271
198.737803273425,1.36141
198.744303283344,1.360464
198.750803293263,1.360282
198.75730330318203,1.361199
198.76380331310105,1.360353
198.77030332302002,1.360263
198.776803332939,1.361001
198.78330334285803,1.360467
198.78980335277703,1.360033
198.79630336269602,1.360777
198.80280337261502,1.35984
198.809303382534,1.360187
198.815803392453,1.360863
198.82230340237203,1.359507
198.82880341229102,1.359593
198.83530342221,1.360715
198.841803432129,1.359462
198.848303442048,1.359798
198.854803451967,1.360703
198.86130346188605,1.359521
198.86780347180502,1.359665
198.874303481724,1.360551
198.88080349164304,1.359269
198.88730350156203,1.359474
198.89380351148102,1.359786
198.90030352140002,1.358769
198.906803531319,1.358867
198.913303541238,1.359972
198.91980355115703,1.359417
198.92630356107603,1.359671
198.93280357099502,1.360296
198.93930358091401,1.358867
198.945803590833,1.359035
198.952303600752,1.359731
198.95880361067105,1.358879
198.96530362059005,1.359135
198.97180363050902,1.359836
198.978303640428,1.358564
198.98480365034703,1.358943
198.99130366026603,1.359621
198.99780367018505,1.358409
199.00430368010402,1.358735
199.010803690023,1.359875
199.017303699942,1.35883
199.02380370986103,1.358966
199.03030371978002,1.359513
199.036803729699,1.358629
199.043303739618,1.359262
199.049803749537,1.359969
199.056303759456,1.35879
199.06280376937505,1.358807
199.069303779294,1.359467
199.07580378921298,1.358605
199.08230379913203,1.358595
199.08880380905103,1.358955
199.09530381897002,1.357927
199.10180382888902,1.358729
199.108303838808,1.359376
199.114803848727,1.358676
199.12130385864603,1.359082
199.12780386856502,1.359327
199.134303878484,1.358479
199.140803888403,1.358362
199.147303898322,1.358902
199.153803908241,1.358008
199.16030391816005,1.357957
199.166803928079,1.358732
199.17330393799799,1.35809
199.17980394791704,1.358325
199.18630395783603,1.358604
199.19280396775503,1.357818
199.19930397767402,1.358221
199.20580398759301,1.358472
199.212303997512,1.3575
199.21880400743103,1.35784
199.22530401735003,1.358109
199.231804027269,1.357303
199.23830403718802,1.357907
199.244804047107,1.358024
199.251304057026,1.357347
199.25780406694503,1.358148
199.264304076864,1.358213
199.270804086783,1.357247
199.27730409670204,1.357757
199.28380410662103,1.357978
199.29030411654003,1.356987
199.29680412645905,1.35761
199.30330413637802,1.357757
199.309804146297,1.356913
199.31630415621603,1.357391
199.32280416613503,1.357894
199.32930417605402,1.356858
199.33580418597302,1.35729
199.342304195892,1.357712
199.348804205811,1.356642
199.35530421573003,1.357319
199.36180422564902,1.357325
199.368304235568,1.356504
199.37480424548704,1.357147
199.38130425540604,1.357103
199.38780426532503,1.356042
199.39430427524405,1.356834
199.40080428516302,1.356727
199.407304295082,1.356132
199.41380430500104,1.356619
199.42030431492003,1.356666
199.42680432483903,1.356226
199.433304334758,1.356385
199.43980434467701,1.356759
199.446304354596,1.35592
199.45280436451503,1.356342
199.45930437443403,1.356076
199.465804384353,1.355444
199.472304394272,1.356126
199.478804404191,1.356222
199.48530441411003,1.355557
199.49180442402906,1.356224
199.49830443394802,1.356007
199.50480444386702,1.355376
199.511304453786,1.355961
199.51780446370503,1.355981
199.52430447362403,1.355395
199.530804483543,1.355753
199.53730449346202,1.355808
199.543804503381,1.35518
199.5503045133,1.356095
199.55680452321903,1.35587
199.563304533138,1.35523
199.569804543057,1.355723
199.576304552976,1.355573
199.582804562895,1.354806
199.58930457281403,1.355863
199.59580458273302,1.355833
199.60230459265202,1.35518
199.608804602571,1.355843
199.61530461249004,1.355695
199.62180462240903,1.355222
199.62830463232802,1.35594
199.63480464224702,1.35552
199.641304652166,1.354947
199.647804662085,1.355592
199.65430467200403,1.355167
199.66080468192303,1.354855
199.667304691842,1.3554
199.67380470176101,1.354993
199.68030471168,1.354534
199.686804721599,1.355621
199.69330473151805,1.355192
199.69980474143702,1.354632
199.70630475135602,1.355135
199.71280476127504,1.354844
199.71930477119403,1.354772
199.72580478111303,1.355382
199.73230479103202,1.354844
199.73880480095102,1.354316
199.74530481087,1.355171
199.75180482078903,1.354762
199.75830483070803,1.354281
199.764804840627,1.35521
199.77130485054602,1.355118
199.777804860465,1.354128
199.784304870384,1.354845
199.79080488030306,1.354374
199.797304890222,1.353863
199.80380490014102,1.354994
199.81030491006004,1.354494
199.81680491997903,1.354149
199.82330492989803,1.355014
199.829804939817,1.354263
199.83630494973602,1.354118
199.842804959655,1.35491
199.84930496957404,1.354419
199.85580497949303,1.354031
199.862304989412,1.354758
199.868804999331,1.354383
199.87530500925,1.353739
199.881805019169,1.354807
199.88830502908806,1.354284
199.894805039007,1.354089
199.901305048926,1.35455
199.90780505884499,1.353667
199.91430506876404,1.353519
199.92080507868303,1.354446
199.927305088602,1.353765
199.93380509852102,1.353269
199.94030510844001,1.354276
199.946805118359,1.353689
199.95330512827803,1.353431
199.959805138197,1.354175
199.966305148116,1.35353
199.97280515803502,1.353071
199.979305167954,1.353946
199.985805177873,1.353502
199.99230518779206,1.353215
199.998805197711,1.354033
200.00530520763,1.353454
200.01180521754904,1.353512
200.01830522746803,1.354012
200.02480523738703,1.35313
200.03130524730602,1.352772
200.03780525722502,1.353949
200.044305267144,1.353343
200.05080527706303,1.352814
200.05730528698203,1.353812
200.063805296901,1.352724
200.07030530682002,1.352664
200.076805316739,1.353787
200.083305326658,1.352546
200.08980533657703,1.352096
200.096305346496,1.35341
200.102805356415,1.352748
200.10930536633404,1.352668
200.11580537625304,1.3536
200.12230538617203,1.352746
200.12880539609102,1.352571
200.13530540601002,1.353366
200.141805415929,1.352475
200.14830542584804,1.351939
200.15480543576703,1.353055
200.161305445686,1.352304
200.16780545560502,1.352179
200.17430546552401,1.352973
200.180805475443,1.351973
200.18730548536203,1.352107
200.193805495281,1.353285
200.2003055052,1.35274
200.20680551511904,1.352197
200.21330552503804,1.35292
200.21980553495703,1.35216
200.22630554487603,1.351872
200.23280555479502,1.352623
200.23930556471402,1.351678
200.24580557463304,1.351595
200.25230558455203,1.35267
200.258805594471,1.352006
200.26530560439002,1.351676
200.27180561430902,1.352668
200.278305624228,1.35173
200.28480563414703,1.351623
200.291305644066,1.352333
200.297805653985,1.350945
200.30430566390402,1.350878
200.31080567382304,1.352184
200.31730568374203,1.351516
200.32380569366106,1.351588
200.33030570358002,1.352678
200.33680571349902,1.351828
200.34330572341804,1.351281
200.34980573333704,1.352195
200.35630574325603,1.35106
200.362805753175,1.351326
200.36930576309402,1.351762
200.375805773013,1.35109
200.38230578293204,1.351114
200.38880579285103,1.352196
200.39530580277,1.350703
200.401805812689,1.350365
200.408305822608,1.351595
200.414805832527,1.350781
200.42130584244606,1.350984
200.42780585236503,1.352006
200.43430586228402,1.350715
200.44080587220301,1.350861
200.44730588212204,1.351876
200.45380589204103,1.350947
200.46030590196,1.350566
200.46680591187902,1.351475
200.47330592179802,1.350255
200.479805931717,1.350155
200.48630594163603,1.351306
200.492805951555,1.350118
200.499305961474,1.350241
200.50580597139302,1.351566
200.512305981312,1.350455
200.518805991231,1.350433
200.52530600115003,1.351275
200.53180601106902,1.350234
200.53830602098802,1.350167
200.54480603090704,1.351101
200.55130604082603,1.350136
200.557806050745,1.350031
200.56430606066402,1.351034
200.57080607058302,1.349806
200.577306080502,1.350069
200.58380609042104,1.351234
200.59030610034,1.350065
200.596806110259,1.350262
200.60330612017802,1.350954
200.609806130097,1.349855
200.616306140016,1.350001
200.622806149935,1.351169
200.629306159854,1.35012
200.63580616977302,1.350052
200.64230617969204,1.35116
200.64880618961104,1.350069
200.65530619953,1.350157
200.66180620944903,1.351147
200.66830621936802,1.349689
200.67480622928701,1.349529
200.68130623920604,1.350914
200.68780624912503,1.349596
200.694306259044,1.349424
200.70080626896302,1.350705
200.70730627888202,1.349221
200.713806288801,1.349547
200.72030629872006,1.35032
200.726806308639,1.349183
200.733306318558,1.34934
200.73980632847704,1.350559
200.74630633839604,1.349099
200.75280634831503,1.349122
200.759306358234,1.350232
200.76580636815302,1.349042
200.77230637807202,1.349032
200.77880638799104,1.349865
200.78530639791003,1.348752
200.791806407829,1.349011
200.798306417748,1.350029
200.80480642766702,1.348642
200.811306437586,1.348645
200.81780644750506,1.349434
200.824306457424,1.34871
200.830806467343,1.34887
200.837306477262,1.349692
200.84380648718104,1.348733
200.85030649710004,1.348592
200.856806507019,1.349921
200.86330651693802,1.348449
200.86980652685702,1.349032
200.876306536776,1.350031
200.88280654669504,1.348712
200.889306556614,1.348889
200.895806566533,1.349897
200.90230657645202,1.348445
200.908806586371,1.348536
200.91530659629,1.349481
200.921806606209,1.348429
200.928306616128,1.348046
200.934806626047,1.349399
200.94130663596604,1.348416
200.94780664588504,1.348453
200.954306655804,1.349339
200.96080666572303,1.348418
200.96730667564202,1.348104
200.97380668556102,1.349191
200.98030669548004,1.34808
200.986806705399,1.347973
200.993306715318,1.349199
200.99980672523702,1.347863
201.00630673515602,1.347899
201.012806745075,1.348974
201.01930675499403,1.348248
201.025806764913,1.347911
201.032306774832,1.348835
201.03880678475105,1.347474
201.04530679467004,1.347677
201.05180680458903,1.348951
201.05830681450803,1.347846
201.06480682442702,1.347651
201.07130683434602,1.348776
201.07780684426504,1.34777
201.08430685418404,1.34747
201.090806864103,1.348576
201.09730687402202,1.347323
201.10380688394102,1.347173
201.11030689386,1.348418
201.11680690377904,1.347384
201.123306913698,1.347283
201.129806923617,1.348284
201.13630693353602,1.346873
201.14280694345504,1.346974
201.14930695337404,1.347912
201.15580696329303,1.34691
201.16230697321203,1.346818
201.16880698313102,1.348097
201.17530699305004,1.346812
201.18180700296904,1.34681
201.188307012888,1.347806
201.19480702280703,1.346465
201.20130703272602,1.346335
201.20780704264502,1.347793
201.21430705256404,1.346341
201.220807062483,1.346251
201.227307072402,1.347619
201.23380708232102,1.346501
201.24030709224002,1.346532
201.24680710215904,1.347819
201.25330711207798,1.346356
201.25980712199703,1.346827
201.26630713191602,1.347969
201.27280714183505,1.346539
201.27930715175404,1.346218
201.285807161673,1.347166
201.292307171592,1.345998
201.29880718151102,1.345953
201.30530719143002,1.346936
201.311807201349,1.345756
201.318307211268,1.345801
201.324807221187,1.346854
201.331307231106,1.345616
201.33780724102502,1.345996
201.344307250944,1.347087
201.35080726086298,1.345924
201.35730727078203,1.346098
201.36380728070102,1.346827
201.37030729062002,1.345402
201.37680730053904,1.345309
201.38330731045804,1.34646
201.389807320377,1.345417
201.39630733029603,1.345411
201.40280734021502,1.346427
201.40930735013401,1.345058
201.41580736005304,1.345061
201.422307369972,1.345998
201.428807379891,1.345105
201.43530738981002,1.344969
201.44180739972902,1.346046
201.448307409648,1.344905
201.454807419567,1.344815
201.46130742948603,1.346485
201.46780743940502,1.344859
201.47430744932404,1.344296
201.48080745924304,1.345608
201.487307469162,1.344175
201.49380747908103,1.344613
201.50030748900002,1.345829
201.50680749891902,1.344578
201.51330750883804,1.344193
201.519807518757,1.345069
201.526307528676,1.343711
201.53280753859502,1.343835
201.53930754851402,1.344817
201.545807558433,1.343524
201.552307568352,1.343567
201.558807578271,1.344891
201.56530758819,1.343742
201.57180759810905,1.343958
201.57830760802804,1.345019
201.584807617947,1.343827
201.59130762786603,1.344002
201.59780763778502,1.345206
201.60430764770402,1.344071
201.61080765762304,1.343954
201.617307667542,1.345271
201.623807677461,1.343818
201.63030768738003,1.343907
201.63680769729902,1.345078
201.643307707218,1.344186
201.64980771713698,1.344284
201.656307727056,1.345399
201.662807736975,1.344004
201.66930774689405,1.344001
201.67580775681304,1.345204
201.682307766732,1.344094
201.688807776651,1.344358
201.69530778657003,1.345247
201.70180779648902,1.343885
201.70830780640804,1.343832
201.71480781632704,1.34477
201.721307826246,1.343685
201.727807836165,1.343543
201.73430784608402,1.344513
201.74080785600302,1.34385
201.74730786592204,1.343754
201.753807875841,1.344598
201.76030788576,1.343502
201.766807895679,1.343861
201.77330790559805,1.344581
201.77980791551704,1.34305
201.786307925436,1.343173
201.79280793535503,1.344292
201.79930794527402,1.34289
201.80580795519302,1.342972
201.81230796511204,1.344059
201.818807975031,1.342879
201.82530798495,1.342906
201.83180799486902,1.343675
201.83830800478802,1.342517
201.844808014707,1.342586
201.851308024626,1.34375
201.857808034545,1.342484
201.864308044464,1.342445
201.87080805438305,1.343591
201.87730806430204,1.342584
201.88380807422098,1.342893
201.89030808414003,1.343731
201.89680809405903,1.342582
201.90330810397802,1.34258
201.90980811389704,1.343547
201.916308123816,1.342426
201.922808133735,1.341995
201.92930814365403,1.343098
201.93580815357302,1.342005
201.94230816349202,1.341953
201.948808173411,1.343007
201.95530818333,1.342029
201.961808193249,1.342124
201.96830820316802,1.343557
201.97480821308704,1.341904
201.98130822300598,1.342236
201.98780823292503,1.343358
201.99430824284403,1.342011
202.00080825276302,1.34183
202.00730826268205,1.34276
202.013808272601,1.34167
202.02030828252,1.341534
202.02680829243903,1.342993
202.03330830235802,1.341234
202.03980831227702,1.34083
202.046308322196,1.34235
202.052808332115,1.341414
202.059308342034,1.341561
202.06580835195302,1.342571
202.07230836187202,1.341328
202.07880837179104,1.341407
202.08530838171004,1.342547
202.09180839162903,1.341391
202.09830840154802,1.341308
202.10480841146705,1.342487
202.11130842138604,1.34116
202.117808431305,1.340862
202.124308441224,1.341834
202.13080845114303,1.340734
202.13730846106202,1.340836
202.14380847098104,1.341789
202.1503084809,1.340922
202.156808490819,1.340918
202.163308500738,1.341812
202.16980851065702,1.340607
202.17630852057601,1.340712
202.18280853049498,1.341669
202.18930854041403,1.340487
202.19580855033303,1.34037
202.20230856025202,1.341807
202.20880857017104,1.340824
202.21530858009,1.340684
202.221808590009,1.341813
202.22830859992803,1.340634
202.23480860984702,1.340683
202.24130861976602,1.34175
202.247808629685,1.340729
202.254308639604,1.340317
202.260808649523,1.341529
202.26730865944202,1.340368
202.27380866936102,1.340138
202.28030867927998,1.341273
202.286808689199,1.340008
202.29330869911803,1.339815
202.29980870903702,1.340903
202.30630871895605,1.339851
202.312808728875,1.339697
202.319308738794,1.340906
202.32580874871303,1.33978
202.33230875863202,1.339798
202.33880876855102,1.340848
202.34530877847,1.339717
202.351808788389,1.339965
202.358308798308,1.341225
202.36480880822702,1.340101
202.37130881814602,1.340424
202.37780882806499,1.341513
202.384308837984,1.340001
202.390808847903,1.339834
202.397308857822,1.34114
202.40380886774105,1.339406
202.41030887766004,1.339485
202.416808887579,1.340784
202.42330889749803,1.339465
202.42980890741703,1.33926
202.43630891733602,1.340058
202.44280892725504,1.338815
202.449308937174,1.339002
202.455808947093,1.340204
202.46230895701203,1.339191
202.46880896693102,1.33939
202.47530897685002,1.34015
202.481808986769,1.339019
202.488308996688,1.339321
202.494809006607,1.340316
202.50130901652605,1.339054
202.50780902644505,1.338856
202.514309036364,1.340176
202.52080904628303,1.339047
202.52730905620203,1.338934
202.53380906612102,1.339571
202.54030907604005,1.338307
202.546809085959,1.338799
202.553309095878,1.33989
202.55980910579703,1.338504
202.56630911571602,1.338357
202.57280912563502,1.339252
202.57930913555398,1.33813
202.585809145473,1.33824
202.592309155392,1.339188
202.59880916531105,1.338287
202.60530917523005,1.338068
202.61180918514899,1.338985
202.618309195068,1.338013
202.62480920498703,1.33812
202.63130921490603,1.339175
202.63780922482505,1.337986
202.64430923474401,1.338095
202.650809244663,1.339145
202.657309254582,1.338062
202.66380926450103,1.338161
202.67030927442002,1.33906
202.676809284339,1.337732
202.683309294258,1.337708
202.689809304177,1.338711
202.696309314096,1.337716
202.70280932401505,1.337507
202.709309333934,1.339037
202.71580934385298,1.337573
202.72230935377203,1.337586
202.72880936369103,1.338695
202.73530937361002,1.33752
202.74180938352902,1.337555
202.748309393448,1.338445
202.754809403367,1.337299
202.76130941328603,1.33727
202.76780942320502,1.338358
202.77430943312402,1.336671
202.780809443043,1.336808
202.787309452962,1.337693
202.793809462881,1.336684
202.80030947280005,1.336757
202.80680948271905,1.338012
202.81330949263798,1.336993
202.81980950255704,1.336523
202.82630951247603,1.337333
202.83280952239502,1.336331
202.83930953231405,1.336681
202.845809542233,1.338111
202.852309552152,1.336734
202.85880956207103,1.336693
202.86530957199003,1.337801
202.87180958190902,1.336658
202.878309591828,1.336326
202.884809601747,1.337657
202.891309611666,1.336121
202.89780962158503,1.336042
202.90430963150402,1.3367
202.910809641423,1.335808
202.91730965134204,1.3362
202.92380966126103,1.337447
202.93030967118003,1.336361
202.93680968109905,1.336082
202.94330969101802,1.337081
202.949809700937,1.336112
202.95630971085603,1.335752
202.96280972077503,1.336951
202.96930973069402,1.335769
202.975809740613,1.335476
202.982309750532,1.336714
202.988809760451,1.335624
202.99530977037003,1.335698
203.00180978028902,1.336731
203.008309790208,1.335771
203.01480980012698,1.335749
203.02130981004603,1.336686
203.02780981996503,1.335953
203.03430982988405,1.335565
203.04080983980302,1.336676
203.047309849722,1.335572
203.053809859641,1.335642
203.06030986956003,1.336489
203.06680987947902,1.33531
203.073309889398,1.335064
203.079809899317,1.336045
203.086309909236,1.335224
203.092809919155,1.33523
203.09930992907402,1.336078
203.10580993899302,1.334821
203.11230994891199,1.334835
203.118809958831,1.335925
203.12530996875003,1.334594
203.13180997866903,1.33487
203.13830998858805,1.336097
203.14480999850701,1.334654
203.151310008426,1.334435
203.15781001834503,1.335677
203.16431002826403,1.334398
203.17081003818302,1.334638
203.17731004810202,1.335463
203.183810058021,1.334468
203.19031006794,1.334411
203.19681007785903,1.3353
203.20331008777802,1.334204
203.209810097697,1.334198
203.216310107616,1.335254
203.222810117535,1.333903
203.22931012745403,1.334229
203.23581013737305,1.335502
203.24231014729202,1.334112
203.248810157211,1.334078
203.25531016713003,1.335336
203.26181017704903,1.334426
203.26831018696802,1.334321
203.27481019688702,1.335172
203.281310206806,1.333986
203.287810216725,1.333867
203.29431022664403,1.334698
203.30081023656302,1.334006
203.307310246482,1.334017
203.313810256401,1.334859
203.32031026632,1.333884
203.326810276239,1.333908
203.33331028615805,1.334816
203.33981029607702,1.333768
203.346310305996,1.333747
203.35281031591504,1.335009
203.35931032583403,1.333812
203.36581033575303,1.333319
203.37231034567202,1.334463
203.378810355591,1.333408
203.38531036551,1.333122
203.39181037542903,1.334224
203.39831038534803,1.333067
203.404810395267,1.333159
203.41131040518601,1.33399
203.417810415105,1.332851
203.424310425024,1.33302
203.43081043494306,1.334143
203.43731044486205,1.333197
203.44381045478102,1.333139
203.45031046470004,1.334374
203.45681047461903,1.332894
203.46331048453803,1.332735
203.46981049445705,1.33405
203.47631050437602,1.333139
203.482810514295,1.333491
203.48931052421403,1.334117
203.49581053413303,1.333158
203.50231054405202,1.333438
203.508810553971,1.334213
203.51531056389,1.332616
203.521810573809,1.333007
203.52831058372806,1.334135
203.53481059364705,1.332977
203.541310603566,1.332952
203.54781061348498,1.333803
203.55431062340404,1.332527
203.56081063332303,1.332474
203.56731064324205,1.333292
203.57381065316102,1.332466
203.58031066308,1.332662
203.586810672999,1.333541
203.59331068291803,1.332569
203.59981069283702,1.332595
203.606310702756,1.333502
203.612810712675,1.332348
203.619310722594,1.332363
203.625810732513,1.333377
203.63231074243205,1.332585
203.638810752351,1.332634
203.64531076227,1.333441
203.65181077218904,1.332271
203.65831078210803,1.332605
203.66481079202703,1.333248
203.67131080194602,1.332301
203.67781081186502,1.332337
203.684310821784,1.332861
203.69081083170303,1.332124
203.69731084162203,1.332202
203.703810851541,1.33287
203.71031086146002,1.331846
203.716810871379,1.33164
203.723310881298,1.332235
203.72981089121703,1.331314
203.736310901136,1.331667
203.742810911055,1.33239
203.74931092097404,1.331447
203.75581093089303,1.331378
203.76231094081203,1.331881
203.76881095073102,1.330988
203.77531096065002,1.331477
203.781810970569,1.331797
203.78831098048803,1.331136
203.79481099040703,1.331303
203.80131100032602,1.331642
203.80781101024502,1.33097
203.814311020164,1.331248
203.820811030083,1.331704
203.82731104000203,1.33096
203.83381104992102,1.331213
203.84031105984,1.331482
203.84681106975904,1.330771
203.85331107967804,1.330787
203.85981108959703,1.331167
203.86631109951605,1.330515
203.87281110943502,1.330802
203.879311119354,1.331247
203.88581112927304,1.330364
203.89231113919203,1.330563
203.89881114911103,1.330958
203.90531115903,1.330026
203.91181116894901,1.330263
203.918311178868,1.33083
203.92481118878703,1.329964
203.93131119870603,1.329983
203.937811208625,1.330263
203.944311218544,1.329642
203.95081122846304,1.330094
203.95731123838203,1.330723
203.96381124830106,1.329721
203.97031125822002,1.329996
203.97681126813902,1.330398
203.983311278058,1.329844
203.98981128797703,1.330172
203.99631129789603,1.33044
204.002811307815,1.329312
204.00931131773402,1.329914
204.015811327653,1.330183
204.022311337572,1.329173
204.02881134749103,1.32959
204.03531135741,1.330204
204.041811367329,1.329256
204.048311377248,1.329466
204.054811387167,1.329573
204.06131139708603,1.329108
204.06781140700502,1.32952
204.07431141692402,1.330125
204.080811426843,1.328998
204.08731143676204,1.329019
204.09381144668103,1.329132
204.1003114566,1.328525
204.10681146651902,1.328502
204.113311476438,1.329001
204.119811486357,1.328191
204.12631149627603,1.328738
204.13281150619503,1.328606
204.139311516114,1.32838
204.14581152603301,1.328784
204.152311535952,1.328469
204.158811545871,1.327717
204.16531155579005,1.32843
204.17181156570902,1.328478
204.17831157562802,1.327897
204.18481158554704,1.328674
204.19131159546603,1.328629
204.19781160538503,1.327931
204.20431161530402,1.328321
204.21081162522302,1.328246
204.217311635142,1.327496
204.22381164506103,1.328228
204.23031165498003,1.328457
204.236811664899,1.327923
204.24331167481802,1.328533
204.249811684737,1.328136
204.256311694656,1.327678
204.26281170457506,1.32824
204.269311714494,1.327904
204.27581172441302,1.327507
204.28231173433204,1.328058
204.28881174425103,1.327944
204.29531175417003,1.32725
204.30181176408902,1.327802
204.30831177400802,1.327935
204.314811783927,1.327293
204.32131179384604,1.327875
204.32781180376503,1.327677
204.334311813684,1.327231
204.34081182360302,1.327949
204.347311833522,1.32778
204.353811843441,1.327292
204.36031185336006,1.327766
204.366811863279,1.3276
204.373311873198,1.326959
204.37981188311704,1.327248
204.38631189303604,1.326923
204.39281190295503,1.326575
204.399311912874,1.327277
204.40581192279302,1.327018
204.41231193271202,1.326295
204.41881194263104,1.326909
204.42531195255003,1.326505
204.431811962469,1.326028
204.438311972388,1.326682
204.44481198230702,1.326946
204.451311992226,1.326427
204.457812002145,1.326855
204.464312012064,1.32693
204.470812021983,1.326431
204.477312031902,1.326948
204.48381204182104,1.326646
204.49031205174003,1.326472
204.49681206165903,1.327232
204.50331207157802,1.326765
204.50981208149702,1.326486
204.516312091416,1.32732
204.52281210133503,1.326718
204.52931211125403,1.326404
204.535812121173,1.327144
204.54231213109202,1.326564
204.548812141011,1.325982
204.55531215093,1.326999
204.56181216084903,1.326476
204.568312170768,1.325983
204.574812180687,1.32717
204.58131219060604,1.326407
204.58781220052504,1.325795
204.59431221044403,1.326841
204.60081222036303,1.326253
204.60731223028202,1.326307
204.613812240201,1.326977
204.62031225012004,1.326254
204.62681226003903,1.326151
204.633312269958,1.326472
204.63981227987702,1.325769
204.64631228979601,1.325266
204.652812299715,1.326151
204.65931230963403,1.325849
204.665812319553,1.325579
204.672312329472,1.326079
204.67881233939104,1.324914
204.68531234931004,1.324957
204.69181235922903,1.326043
204.69831236914803,1.325745
204.70481237906702,1.325485
204.71131238898602,1.32663
204.71781239890504,1.325545
204.72431240882403,1.32546
204.730812418743,1.325958
204.73731242866202,1.325306
204.74381243858102,1.325098
204.7503124485,1.326228
204.75681245841903,1.325773
204.763312468338,1.32521
204.769812478257,1.325869
204.77631248817602,1.325061
204.78281249809504,1.324807
204.78931250801404,1.325708
204.79581251793297,1.324927
204.80231252785202,1.324422
204.80881253777102,1.32567
204.81531254769004,1.32484
204.82181255760904,1.324254
204.82831256752803,1.325112
204.834812577447,1.324506
204.84131258736602,1.324565
204.847812597285,1.325353
204.85431260720404,1.324662
204.86081261712303,1.324656
204.867312627042,1.325485
204.873812636961,1.324079
204.88031264688001,1.323879
204.88681265679904,1.32486
204.89331266671806,1.323979
204.89981267663703,1.324004
204.90631268655602,1.324708
204.91281269647502,1.32429
204.91931270639404,1.324151
204.92581271631303,1.325198
204.932312726232,1.324287
204.93881273615102,1.324112
204.94531274607002,1.325533
204.951812755989,1.324505
204.95831276590803,1.324062
204.964812775827,1.324782
204.971312785746,1.323874
204.97781279566502,1.324021
204.984312805584,1.325312
204.990812815503,1.324444
204.99731282542203,1.324206
205.00381283534102,1.325149
205.01031284526002,1.324088
205.01681285517904,1.323969
205.02331286509803,1.324607
205.029812875017,1.323397
205.03631288493602,1.32352
205.04281289485502,1.324336
205.049312904774,1.323487
205.05581291469304,1.323353
205.062312924612,1.324796
205.068812934531,1.323398
205.07531294445002,1.323261
205.081812954369,1.324426
205.088312964288,1.323242
205.094812974207,1.323252
205.10131298412603,1.324364
205.10781299404502,1.323327
205.11431300396404,1.323292
205.12081301388304,1.32423
205.127313023802,1.322994
205.13381303372103,1.323065
205.14031304364002,1.324348
205.14681305355901,1.323033
205.15331306347804,1.322555
205.159813073397,1.323607
205.166313083316,1.32234
205.17281309323502,1.322474
205.17931310315402,1.323606
205.185813113073,1.322433
205.19231312299206,1.322172
205.198813132911,1.323564
205.20531314283,1.322285
205.21181315274904,1.322144
205.21831316266804,1.323081
205.22481317258703,1.322114
205.23131318250603,1.321612
205.23781319242502,1.322751
205.24431320234402,1.321578
205.25081321226304,1.321673
205.25731322218203,1.323021
205.263813232101,1.321496
205.27031324202,1.321604
205.27681325193902,1.322677
205.283313261858,1.32153
205.28981327177706,1.321489
205.296313281696,1.322613
205.302813291615,1.321107
205.309313301534,1.321075
205.31581331145304,1.322307
205.32231332137204,1.320852
205.328813331291,1.320751
205.33531334121002,1.322325
205.34181335112902,1.321369
205.348313361048,1.321436
205.35481337096704,1.322437
205.361313380886,1.321563
205.367813390805,1.321671
205.37431340072402,1.322381
205.38081341064301,1.32118
205.387313420562,1.321153
205.393813430481,1.322312
205.4003134404,1.321426
205.406813450319,1.321387
205.41331346023804,1.322041
205.41981347015704,1.320946
205.426313480076,1.321029
205.43281348999503,1.321649
205.43931349991402,1.320389
205.44581350983302,1.320528
205.45231351975204,1.322003
205.458813529671,1.320765
205.46531353959,1.320634
205.47181354950902,1.321285
205.47831355942802,1.32036
205.484813569347,1.320221
205.491313579266,1.321479
205.497813589185,1.320287
205.504313599104,1.320501
205.51081360902305,1.321419
205.51731361894204,1.320143
205.52381362886103,1.320295
205.53031363878003,1.321468
205.53681364869902,1.319882
205.54331365861802,1.319929
205.54981366853704,1.321468
205.55631367845604,1.320491
205.562813688375,1.320179
205.56931369829402,1.320851
205.57581370821302,1.319714
205.582313718132,1.320025
205.58881372805104,1.321062
205.59531373797,1.319724
205.601813747889,1.319716
205.60831375780802,1.320539
205.61481376772704,1.319886
205.62131377764604,1.319576
205.62781378756503,1.320741
205.63431379748403,1.319384
205.64081380740302,1.319231
205.64731381732204,1.32045
205.65381382724104,1.319248
205.66031383716,1.319349
205.66681384707903,1.320484
205.67331385699802,1.319024
205.67981386691702,1.318887
205.68631387683604,1.319998
205.692813886755,1.318974
205.699313896674,1.318833
205.70581390659302,1.320481
205.71231391651202,1.319186
205.71881392643104,1.319453
205.72531393634998,1.320457
205.73181394626903,1.31905
205.73831395618802,1.319008
205.74481396610705,1.32006
205.75131397602604,1.319093
205.757813985945,1.318757
205.764313995864,1.319823
205.77081400578302,1.318757
205.77731401570202,1.318667
205.78381402562104,1.320008
205.79031403554,1.318921
205.796814045459,1.318619
205.803314055378,1.319686
205.80981406529702,1.318521
205.816314075216,1.318439
205.82281408513498,1.319527
205.82931409505403,1.318282
205.83581410497302,1.318361
205.84231411489202,1.318984
205.84881412481104,1.317768
205.85531413473,1.318079
205.861814144649,1.318901
205.86831415456803,1.317779
205.87481416448702,1.318007
205.88131417440601,1.31927
205.88781418432504,1.318251
205.894314194244,1.318194
205.900814204163,1.319259
205.90731421408202,1.318003
205.91381422400102,1.318323
205.92031423392,1.319275
205.926814243839,1.318125
205.93331425375803,1.318435
205.93981426367702,1.319167
205.94631427359604,1.318067
205.95281428351504,1.318022
205.959314293434,1.318898
205.96581430335303,1.317242
205.97231431327202,1.317576
205.97881432319102,1.318509
205.98531433311004,1.317415
205.991814343029,1.317356
205.998314352948,1.318427
206.00481436286702,1.31767
206.01131437278602,1.317457
206.017814382705,1.318492
206.024314392624,1.317299
206.030814402543,1.317586
206.037314412462,1.318725
206.04381442238105,1.317031
206.05031443230004,1.317186
206.056814442219,1.318532
206.06331445213803,1.31742
206.06981446205702,1.317169
206.07631447197602,1.318408
206.08281448189504,1.317309
206.089314491814,1.317399
206.095814501733,1.318262
206.10231451165203,1.317107
206.10881452157102,1.317287
206.11531453149001,1.318351
206.12181454140898,1.317305
206.128314551328,1.317069
206.134814561247,1.318062
206.14131457116605,1.316887
206.14781458108504,1.316545
206.154314591004,1.317387
206.160814600923,1.316716
206.16731461084203,1.316827
206.17381462076102,1.317819
206.18031463068004,1.316545
206.186814640599,1.316345
206.193314650518,1.317544
206.199814660437,1.316368
206.20631467035602,1.316163
206.21281468027502,1.317456
206.21931469019404,1.316499
206.225814700113,1.316634
206.232314710032,1.317687
206.238814719951,1.316866
206.24531472987005,1.316028
206.25181473978904,1.316609
206.258314749708,1.31574
206.26481475962703,1.315557
206.27131476954602,1.316716
206.27781477946502,1.315884
206.28431478938404,1.316051
206.290814799303,1.316804
206.297314809222,1.315691
206.30381481914102,1.315882
206.31031482906002,1.317113
206.316814838979,1.315811
206.323314848898,1.315854
206.329814858817,1.316642
206.336314868736,1.315771
206.34281487865505,1.315359
206.34931488857404,1.316386
206.35581489849298,1.315494
206.36231490841203,1.315301
206.36881491833103,1.316527
206.37531492825002,1.315238
206.38181493816904,1.314816
206.388314948088,1.315488
206.394814958007,1.314447
206.40131496792603,1.314618
206.40781497784502,1.316207
206.41431498776402,1.314958
206.420814997683,1.314818
206.427315007602,1.315928
206.433815017521,1.314752
206.44031502744005,1.3142
206.44681503735904,1.315421
206.45331504727798,1.314824
206.45981505719703,1.315095
206.46631506711603,1.315841
206.47281507703502,1.314736
206.47931508695405,1.314989
206.485815096873,1.315944
206.492315106792,1.31479
206.49881511671103,1.314825
206.50531512663002,1.315842
206.51181513654902,1.314558
206.518315146468,1.313983
206.524815156387,1.315191
206.531315166306,1.314502
206.53781517622502,1.314247
206.54431518614402,1.315327
206.55081519606298,1.314438
206.55731520598204,1.315014
206.56381521590103,1.316151
206.57031522582002,1.314766
206.57681523573905,1.314571
206.58331524565804,1.315678
206.589815255577,1.31438
206.59631526549603,1.314607
206.60281527541503,1.315601
206.60931528533402,1.314507
206.61581529525304,1.31413
206.622315305172,1.314991
206.628815315091,1.313834
206.63531532501003,1.314268
206.64181533492902,1.315406
206.64831534484802,1.314389
206.65481535476698,1.314236
206.66131536468603,1.314792
206.66781537460503,1.313634
206.67431538452405,1.313628
206.68081539444304,1.314854
206.687315404362,1.313826
206.693815414281,1.314117
206.70031542420003,1.315038
206.70681543411902,1.313909
206.71331544403805,1.313794
206.719815453957,1.315002
206.726315463876,1.314001
206.732815473795,1.313756
206.73931548371402,1.314932
206.74581549363302,1.313719
206.75231550355198,1.313731
206.758815513471,1.314611
206.76531552339003,1.313007
206.77181553330902,1.313398
206.77831554322805,1.314155
206.784815553147,1.313191
206.791315563066,1.31273
206.79781557298503,1.31427
206.80431558290402,1.313165
206.81081559282302,1.313354
206.817315602742,1.314284
206.823815612661,1.312894
206.83031562258,1.3129
206.83681563249903,1.314054
206.84331564241802,1.313175
206.84981565233699,1.313026
206.856315662256,1.314667
206.862815672175,1.31335
206.86931568209403,1.313141
206.87581569201305,1.314285
206.88231570193201,1.313157
206.888815711851,1.313035
206.89531572177003,1.313952
206.90181573168903,1.312376
206.90831574160802,1.311981
206.91481575152704,1.313342
206.921315761446,1.312563
206.927815771365,1.312306
206.93431578128403,1.313372
206.94081579120302,1.311858
206.94731580112202,1.31204
206.953815811041,1.313381
206.96031582096,1.312436
206.966815830879,1.312237
206.97331584079805,1.31361
206.97981585071705,1.312414
206.986315860636,1.312366
206.99281587055503,1.313231
206.99931588047403,1.312294
207.00581589039302,1.312209
207.01231590031205,1.313308
207.018815910231,1.31205
207.02531592015,1.312073
207.03181593006903,1.3133
207.03831593998802,1.311972
207.04481594990702,1.311791
207.05131595982598,1.31288
207.057815969745,1.311886
207.064315979664,1.311719
207.07081598958305,1.312842
207.07731599950205,1.311524
207.083816009421,1.31151
207.09031601934,1.312716
207.09681602925903,1.310987
207.10331603917803,1.311103
207.10981604909705,1.312323
207.11631605901601,1.311209
207.122816068935,1.311459
207.129316078854,1.312494
207.13581608877303,1.31139
207.14231609869202,1.311545
207.148816108611,1.31272
207.15531611853,1.31152
207.161816128449,1.311396
207.168316138368,1.312454
207.17481614828705,1.311339
207.181316158206,1.31123
207.18781616812498,1.312028
207.19431617804403,1.311101
207.20081618796303,1.311053
207.20731619788202,1.311948
207.21381620780102,1.310939
207.22031621772,1.310705
207.226816227639,1.311626
207.23331623755803,1.310638
207.23981624747702,1.310512
207.246316257396,1.311708
207.252816267315,1.310665
207.259316277234,1.310675
207.265816287153,1.311788
207.27231629707205,1.310714
207.27881630699105,1.310405
207.28531631690998,1.311515
207.29181632682904,1.310512
207.29831633674803,1.310492
207.30481634666702,1.311397
207.31131635658605,1.310451
207.317816366505,1.31041
207.324316376424,1.311519
207.33081638634303,1.310481
207.33731639626203,1.310544
207.34381640618102,1.311636
207.35031641610001,1.310533
207.356816426019,1.310136
207.363316435938,1.311589
207.36981644585703,1.310452
207.37631645577605,1.310505
207.382816465695,1.311009
207.38931647561404,1.310084
207.39581648553303,1.310153
207.40231649545203,1.311266
207.40881650537105,1.310398
207.41531651529002,1.310472
207.421816525209,1.311336
207.42831653512803,1.310262
207.43481654504703,1.310142
207.44131655496602,1.311026
207.44781656488502,1.310161
207.454316574804,1.310013
207.460816584723,1.311204
207.46731659464203,1.309883
207.47381660456102,1.309505
207.48031661448,1.310516
207.48681662439904,1.309707
207.49331663431803,1.310206
207.49981664423703,1.311248
207.50631665415605,1.309344
207.51281666407502,1.309362
207.519316673994,1.310651
207.52581668391304,1.309725
207.53231669383203,1.309274
207.53881670375102,1.310182
207.54531671367,1.309133
207.551816723589,1.309259
207.558316733508,1.30998
207.56481674342703,1.308919
207.57131675334603,1.309067
207.577816763265,1.310068
207.58431677318399,1.308902
207.59081678310304,1.309238
207.59731679302203,1.310259
207.60381680294103,1.309199
207.61031681286005,1.309151
207.61681682277901,1.310093
207.623316832698,1.308977
207.62981684261703,1.30869
207.63631685253603,1.30997
207.64281686245502,1.308977
207.64931687237402,1.309035
207.655816882293,1.30964
207.662316892212,1.308441
207.66881690213103,1.308548
207.67531691205002,1.309532
207.681816921969,1.308414
207.688316931888,1.308299
207.694816941807,1.30936
207.70131695172603,1.308443
207.70781696164505,1.307981
207.71431697156402,1.30931
207.720816981483,1.307912
207.72731699140203,1.307817
207.73381700132103,1.309036
207.74031701124002,1.308128
207.74681702115902,1.308108
207.753317031078,1.30925
207.759817040997,1.308039
207.76631705091603,1.308113
207.77281706083502,1.309243
207.779317070754,1.30816
207.785817080673,1.30827
207.792317090592,1.309108
207.798817100511,1.307921
207.80531711043005,1.308043
207.81181712034902,1.308944
207.818317130268,1.308066
207.82481714018704,1.308051
207.83131715010603,1.309089
207.83781716002503,1.307894
207.84431716994402,1.307739
207.85081717986301,1.308949
207.857317189782,1.307784
207.86381719970103,1.307753
207.87031720962003,1.309139
207.876817219539,1.308008
207.88331722945802,1.307957
207.889817239377,1.308616
207.896317249296,1.307787
207.90281725921506,1.307643
207.909317269134,1.308461
207.91581727905302,1.307503
207.92231728897204,1.307492
207.92881729889103,1.308579
207.93531730881003,1.307416
207.941817318729,1.307346
207.94831732864802,1.308395
207.954817338567,1.307494
207.96131734848603,1.307415
207.96781735840503,1.30845
207.97431736832402,1.307244
207.980817378243,1.307185
207.987317388162,1.308449
207.993817398081,1.307383
208.00031740800006,1.307553
208.00681741791905,1.308489
208.013317427838,1.30722
208.019817437757,1.307137
208.02631744767604,1.30823
208.03281745759503,1.306988
208.03931746751405,1.30684
208.04581747743302,1.307806
208.052317487352,1.306892
208.058817497271,1.307143
208.06531750719003,1.308251
208.07181751710903,1.306936
208.078317527028,1.306932
208.084817536947,1.307729
208.091317546866,1.306717
208.097817556785,1.306863
208.10431756670405,1.307888
208.110817576623,1.306891
208.117317586542,1.30691
208.12381759646104,1.307863
208.13031760638003,1.306834
208.13681761629903,1.306744
208.14331762621802,1.307894
208.14981763613702,1.306551
208.156317646056,1.306394
208.16281765597503,1.307506
208.16931766589403,1.30659
208.175817675813,1.306533
208.18231768573202,1.30764
208.188817695651,1.306614
208.19531770557,1.306415
208.20181771548903,1.307986
208.208317725408,1.306452
208.214817735327,1.306285
208.22131774524604,1.307181
208.22781775516503,1.305931
208.23431776508403,1.306462
208.24081777500302,1.307342
208.24731778492202,1.306468
208.253817794841,1.306631
208.26031780476004,1.307096
208.26681781467903,1.306414
208.273317824598,1.305965
208.27981783451702,1.30688
208.286317844436,1.305782
208.292817854355,1.305842
208.29931786427403,1.306892
208.30581787419302,1.305587
208.312317884112,1.305709
208.31881789403104,1.30675
208.32531790395004,1.305326
208.33181791386903,1.305318
208.33831792378805,1.30606
208.34481793370702,1.305255
208.35131794362601,1.305359
208.35781795354504,1.305945
208.36431796346403,1.305098
208.37081797338303,1.304923
208.37731798330202,1.305873
208.38381799322102,1.30492
208.39031800314,1.305418
208.39681801305903,1.306163
208.40331802297803,1.304797
208.409818032897,1.305173
208.416318042816,1.305993
208.42281805273504,1.304957
208.42931806265403,1.305243
208.43581807257306,1.306394
208.44231808249202,1.305524
208.44881809241102,1.305484
208.45531810233,1.30596
208.46181811224903,1.305192
208.46831812216803,1.305361
208.474818132087,1.306089
208.48131814200602,1.305091
208.487818151925,1.30525
208.494318161844,1.305863
208.50081817176303,1.304821
208.507318181682,1.304945
208.513818191601,1.30512
208.52031820152,1.304365
208.526818211439,1.304624
208.53331822135803,1.305312
208.53981823127702,1.304365
208.54631824119602,1.304523
208.552818251115,1.305277
208.55931826103404,1.3046
208.56581827095303,1.304737
208.572318280872,1.305553
208.57881829079102,1.304433
208.58531830071001,1.304498
208.591818310629,1.304984
208.59831832054803,1.304203
208.604818330467,1.304399
208.611318340386,1.304492
208.61781835030501,1.303974
208.624318360224,1.304665
208.630818370143,1.304885
208.63731838006203,1.30384
208.64381838998102,1.304152
208.65031839990002,1.304439
208.65681840981904,1.303869
208.66331841973803,1.304223
208.66981842965703,1.304382
208.67631843957602,1.303692
208.68281844949502,1.303928
208.689318459414,1.304388
208.69581846933303,1.303344
208.70231847925203,1.303758
208.708818489171,1.30406
208.71531849909002,1.302987
208.721818509009,1.303432
208.728318518928,1.303803
208.73481852884706,1.303036
208.741318538766,1.303585
208.74781854868502,1.304078
208.75431855860404,1.302941
208.76081856852304,1.303579
208.76731857844203,1.304268
208.77381858836102,1.303475
208.78031859828002,1.303811
208.786818608199,1.303859
208.79331861811804,1.303017
208.79981862803703,1.303364
208.806318637956,1.303584
208.81281864787502,1.302541
208.819318657794,1.303013
208.825818667713,1.303208
208.83231867763206,1.302466
208.838818687551,1.30313
208.84531869747,1.303236
208.85181870738904,1.302423
208.85831871730804,1.302723
208.86481872722703,1.302931
208.871318737146,1.302228
208.87781874706502,1.302418
208.88431875698402,1.302601
208.89081876690304,1.302084
208.89731877682203,1.302613
208.903818786741,1.302691
208.91031879666,1.30216
208.91681880657902,1.302746
208.923318816498,1.302685
208.92981882641706,1.302002
208.936318836336,1.302443
208.942818846255,1.302578
208.949318856174,1.301925
208.95581886609304,1.302308
208.96231887601203,1.302366
208.968818885931,1.302131
208.97531889585002,1.302514
208.98181890576902,1.30288
208.988318915688,1.301975
208.99481892560703,1.302599
209.00131893552603,1.303166
209.007818945445,1.302347
209.01431895536402,1.302465
209.020818965283,1.302688
209.027318975202,1.302043
209.03381898512103,1.302664
209.04031899504,1.302538
209.046819004959,1.302052
209.05331901487804,1.302712
209.05981902479704,1.302448
209.06631903471603,1.301605
209.07281904463503,1.302512
209.07931905455402,1.302445
209.08581906447301,1.30144
209.09231907439204,1.302225
209.09881908431103,1.302009
209.10531909423,1.301588
209.11181910414902,1.301818
209.11831911406802,1.301857
209.124819123987,1.301431
209.13131913390603,1.301793
209.137819143825,1.3018
209.144319153744,1.301063
209.15081916366304,1.30181
209.15731917358204,1.30171
209.16381918350103,1.301153
209.17031919342003,1.301799
209.17681920333902,1.301623
209.18331921325802,1.30112
209.18981922317704,1.301917
209.19631923309603,1.301657
209.202819243015,1.301296
209.20931925293402,1.302212
209.21581926285302,1.30191
209.222319272772,1.301393
209.22881928269103,1.301581
209.23531929261,1.301435
209.241819302529,1.301001
209.24831931244802,1.301655
209.25481932236704,1.301221
209.26131933228604,1.30119
209.26781934220497,1.301646
209.27431935212402,1.301349
209.28081936204302,1.300953
209.28731937196204,1.301904
209.29381938188104,1.301252
209.3003193918,1.300908
209.306819401719,1.301744
209.31331941163802,1.301343
209.319819421557,1.300992
209.32631943147604,1.301794
209.332819441395,1.301121
209.339319451314,1.300372
209.345819461233,1.30083
209.35231947115201,1.300551
209.35881948107104,1.300245
209.36531949099006,1.30112
209.37181950090903,1.300459
209.37831951082802,1.300249
209.38481952074702,1.301358
209.39131953066604,1.300626
209.39781954058503,1.300607
209.404319550504,1.301092
209.41081956042302,1.300314
209.41731957034202,1.299962
209.423819580261,1.300419
209.43031959018003,1.299702
209.436819600099,1.299828
209.443319610018,1.300725
209.44981961993702,1.299925
209.456319629856,1.299608
209.462819639775,1.300508
209.46931964969403,1.299911
209.47581965961302,1.299552
209.48231966953202,1.30028
209.48881967945104,1.299591
209.49531968937004,1.299217
209.501819699289,1.300532
209.50831970920802,1.299954
209.51481971912702,1.299672
209.521319729046,1.300464
209.52781973896504,1.299796
209.534319748884,1.299309
209.540819758803,1.299822
209.54731976872202,1.299059
209.553819778641,1.298858
209.56031978856,1.299829
209.566819798479,1.299025
209.57331980839803,1.298761
209.57981981831702,1.299466
209.58631982823604,1.298718
209.59281983815504,1.298483
209.599319848074,1.299565
209.60581985799303,1.298674
209.61231986791202,1.298228
209.61881987783102,1.299251
209.62531988775004,1.298841
209.631819897669,1.298445
209.638319907588,1.299363
209.64481991750702,1.298501
209.65131992742602,1.298279
209.657819937345,1.299187
209.664319947264,1.298381
209.670819957183,1.298424
209.677319967102,1.299456
209.68381997702105,1.2986
209.69031998694004,1.298384
209.69681999685903,1.299583
209.70332000677803,1.298499
209.70982001669702,1.29833
209.71632002661602,1.299341
209.72282003653504,1.298524
209.72932004645403,1.298231
209.735820056373,1.299494
209.74232006629202,1.298172
209.74882007621102,1.298398
209.75532008613,1.299141
209.76182009604906,1.297962
209.768320105968,1.298095
209.774820115887,1.299252
209.78132012580605,1.298243
209.78782013572504,1.297977
209.79432014564404,1.298904
209.800820155563,1.297793
209.80732016548203,1.297843
209.81382017540102,1.298884
209.82032018532004,1.297908
209.82682019523904,1.298106
209.833320205158,1.299171
209.839820215077,1.29785
209.84632022499602,1.29781
209.85282023491501,1.298938
209.85932024483404,1.298226
209.865820254753,1.298278
209.872320264672,1.299049
209.878820274591,1.297889
209.88532028451004,1.297691
209.89182029442904,1.298651
209.898320304348,1.297386
209.90482031426703,1.297319
209.91132032418602,1.298683
209.91782033410502,1.297265
209.92432034402404,1.297155
209.930820353943,1.298227
209.937320363862,1.297449
209.94382037378102,1.297202
209.95032038370002,1.298237
209.956820393619,1.297127
209.963320403538,1.297144
209.969820413457,1.298616
209.976320423376,1.297328
209.98282043329505,1.297375
209.98932044321404,1.298166
209.99582045313298,1.296901
210.00232046305203,1.296988
210.00882047297102,1.298239
210.01532048289002,1.297325
210.02182049280904,1.297048
210.028320502728,1.29803
210.034820512647,1.296852
210.04132052256602,1.296639
210.04782053248502,1.297578
210.054320542404,1.296063
210.06082055232304,1.29593
210.067320562242,1.297074
210.073820572161,1.296121
210.08032058208005,1.296422
210.08682059199904,1.297442
210.09332060191804,1.296036
210.09982061183703,1.296162
210.10632062175603,1.29717
210.11282063167502,1.295812
210.11932064159404,1.296015
210.12582065151304,1.297176
210.132320661432,1.295896
210.13882067135103,1.295913
210.14532068127002,1.296611
210.15182069118902,1.295622
210.15832070110804,1.295656
210.164820711027,1.296792
210.171320720946,1.295873
210.17782073086502,1.295867
210.18432074078402,1.296788
210.19082075070304,1.295306
210.19732076062198,1.295318
210.20382077054103,1.296926
210.21032078046002,1.295585
210.21682079037905,1.295814
210.22332080029804,1.296951
210.229820810217,1.295921
210.236320820136,1.29604
210.24282083005502,1.296874
210.24932083997402,1.295718
210.25582084989304,1.295843
210.262320859812,1.296867
210.268820869731,1.295615
210.27532087965,1.295515
210.28182088956902,1.296782
210.288320899488,1.295689
210.29482090940698,1.295566
210.30132091932603,1.296452
210.30782092924503,1.295317
210.31432093916402,1.295452
210.32082094908304,1.296393
210.327320959002,1.295543
210.333820968921,1.295355
210.34032097884003,1.296422
210.34682098875902,1.295148
210.35332099867802,1.294928
210.359821008597,1.296199
210.366321018516,1.295109
210.372821028435,1.295097
210.37932103835402,1.296399
210.38582104827302,1.29538
210.392321058192,1.295062
210.398821068111,1.296153
210.40532107803003,1.29497
210.41182108794902,1.294924
210.41832109786804,1.295906
210.42482110778704,1.295135
210.431321117706,1.295068
210.43782112762503,1.295886
210.44432113754402,1.294518
210.45082114746302,1.294718
210.45732115738204,1.295646
210.463821167301,1.294408
210.47032117722,1.294342
210.47682118713902,1.295764
210.48332119705802,1.294801
210.489821206977,1.294665
210.496321216896,1.295166
210.502821226815,1.293951
210.50932123673402,1.294089
210.51582124665305,1.295271
210.52232125657204,1.29416
210.528821266491,1.294273
210.53532127641003,1.295308
210.54182128632903,1.294411
210.54832129624802,1.294475
210.55482130616704,1.29528
210.561321316086,1.294033
210.567821326005,1.294347
210.57432133592403,1.29524
210.58082134584302,1.293922
210.58732135576201,1.293783
210.593821365681,1.294796
210.6003213756,1.293659
210.606821385519,1.294174
210.61332139543805,1.295171
210.61982140535704,1.294007
210.626321415276,1.294072
210.63282142519503,1.295076
210.63932143511403,1.293587
210.64582144503302,1.293417
210.65232145495204,1.29456
210.658821464871,1.293274
210.66532147479,1.293329
210.67182148470903,1.294523
210.67832149462802,1.29369
210.68482150454702,1.293578
210.69132151446598,1.294802
210.697821524385,1.293549
210.704321534304,1.29353
210.71082154422305,1.294363
210.71732155414205,1.29303
210.723821564061,1.292844
210.73032157398,1.294229
210.73682158389903,1.29297
210.74332159381802,1.292808
210.74982160373702,1.29404
210.75632161365604,1.292882
210.762821623575,1.292341
210.769321633494,1.293324
210.77582164341302,1.292063
210.78232165333202,1.292447
210.788821663251,1.293662
210.79532167317,1.292363
210.801821683089,1.292511
210.808321693008,1.293387
210.81482170292705,1.292207
210.82132171284604,1.292298
210.82782172276498,1.293345
210.83432173268403,1.292121
210.84082174260303,1.291922
210.84732175252202,1.293362
210.85382176244104,1.292204
210.86032177236,1.292154
210.866821782279,1.293145
210.87332179219803,1.29204
210.87982180211702,1.2922
210.88632181203602,1.293629
210.892821821955,1.292154
210.899321831874,1.291977
210.905821841793,1.292998
210.91232185171205,1.292086
210.91882186163105,1.291811
210.92532187154998,1.292907
210.93182188146903,1.292081
210.93832189138803,1.292228
210.94482190130702,1.293308
210.95132191122605,1.292264
210.957821921145,1.292601
210.964321931064,1.293643
210.97082194098303,1.292266
210.97732195090202,1.291943
210.98382196082102,1.293117
210.99032197074,1.291633
210.996821980659,1.291378
211.003321990578,1.292522
211.00982200049702,1.291403
211.01632201041602,1.291412
211.02282202033498,1.292356
211.02932203025404,1.291203
211.03582204017303,1.2911
211.04232205009203,1.292164
211.04882206001105,1.291176
211.05532206993,1.29099
211.061822079849,1.292327
211.06832208976803,1.291054
211.07482209968703,1.291278
211.08132210960602,1.292694
211.08782211952504,1.291389
211.094322129444,1.291221
211.100822139363,1.292275
211.10732214928203,1.290659
211.11382215920102,1.290676
211.12032216912002,1.291769
211.12682217903898,1.290784
211.13332218895803,1.290867
211.13982219887703,1.291738
211.14632220879605,1.291034
211.15282221871504,1.290851
211.159322228634,1.291651
211.165822238553,1.290402
211.17232224847203,1.290058
211.17882225839102,1.291049
211.18532226831005,1.290203
211.191822278229,1.290254
211.198322288148,1.291308
211.204822298067,1.290277
211.21132230798602,1.290308
211.21782231790502,1.291269
211.22432232782398,1.290057
211.230822337743,1.290084
211.23732234766203,1.291358
211.24382235758102,1.290166
211.25032236750005,1.289845
211.256822377419,1.290962
211.263322387338,1.28986
211.26982239725703,1.289891
211.27632240717602,1.291062
211.28282241709502,1.289919
211.289322427014,1.290192
211.295822436933,1.290721
211.302322446852,1.290042
211.30882245677103,1.290084
211.31532246669002,1.291027
211.321822476609,1.289627
211.328322486528,1.289192
211.334822496447,1.290193
211.34132250636603,1.289223
211.34782251628505,1.289151
211.35432252620402,1.290099
211.360822536123,1.288975
211.36732254604203,1.289041
211.37382255596103,1.290201
211.38032256588002,1.289175
211.38682257579902,1.289189
211.393322585718,1.290391
211.399822595637,1.289023
211.40632260555603,1.28898
211.41282261547502,1.290478
211.419322625394,1.289376
211.425822635313,1.289358
211.432322645232,1.290399
211.438822655151,1.289145
211.44532266507005,1.289006
211.45182267498905,1.290053
211.458322684908,1.288933
211.46482269482703,1.288965
211.47132270474603,1.290276
211.47782271466502,1.289176
211.48432272458405,1.289407
211.490822734503,1.290498
211.497322744422,1.288932
211.50382275434103,1.288928
211.51032276426002,1.290097
211.51682277417902,1.28857
211.523322784098,1.288363
211.529822794017,1.289552
211.536322803936,1.288274
211.54282281385505,1.288412
211.54932282377405,1.289417
211.55582283369301,1.288334
211.562322843612,1.288329
211.56882285353103,1.28937
211.57532286345003,1.288236
211.58182287336905,1.288233
211.58832288328801,1.289269
211.594822893207,1.288464
211.601322903126,1.288595
211.60782291304503,1.289249
211.61432292296402,1.288048
211.620822932883,1.288327
211.627322942802,1.289495
211.633822952721,1.288292
211.64032296264,1.288097
211.64682297255905,1.289277
211.653322982478,1.288127
211.659822992397,1.288171
211.66632300231603,1.289016
211.67282301223503,1.287982
211.67932302215402,1.287838
211.68582303207302,1.288996
211.692323041992,1.287334
211.698823051911,1.28765
211.70532306183003,1.288642
211.71182307174902,1.287404
211.718323081668,1.287088
211.724823091587,1.288581
211.731323101506,1.287371
211.737823111425,1.287224
211.74432312134405,1.288754
211.750823131263,1.28753
211.75732314118198,1.287185
211.76382315110104,1.288397
211.77032316102003,1.28714
211.77682317093902,1.286883
211.78332318085805,1.288146
211.789823190777,1.286966
211.796323200696,1.286847
211.80282321061503,1.288198
211.80932322053403,1.286806
211.81582323045302,1.286661
211.82232324037201,1.288008
211.828823250291,1.286732
211.83532326021,1.286725
211.84182327012903,1.287586
211.84832328004805,1.28648
211.854823289967,1.286483
211.86132329988604,1.28757
211.86782330980503,1.286354
211.87432331972403,1.286344
211.88082332964305,1.287629
211.88732333956202,1.286223
211.893823349481,1.286223
211.90032335940003,1.287225
211.90682336931903,1.286049
211.91332337923802,1.285916
211.91982338915702,1.287109
211.926323399076,1.286032
211.932823408995,1.286172
211.93932341891403,1.287284
211.94582342883302,1.285907
211.952323438752,1.285887
211.95882344867104,1.28727
211.96532345859003,1.286145
211.97182346850903,1.286058
211.97832347842805,1.286874
211.98482348834702,1.285669
211.991323498266,1.285931
211.99782350818504,1.286964
212.00432351810403,1.285472
212.01082352802302,1.28541
212.017323537942,1.286714
212.023823547861,1.285507
212.03032355778,1.285435
212.03682356769903,1.286567
212.04332357761803,1.285464
212.049823587537,1.285464
212.056323597456,1.286385
212.06282360737504,1.285043
212.06932361729403,1.285097
212.07582362721305,1.286481
212.08232363713202,1.285379
212.08882364705102,1.285389
212.09532365697,1.286317
212.10182366688903,1.284908
212.10832367680803,1.285343
212.114823686727,1.28618
212.12132369664602,1.285355
212.127823706565,1.28557
212.134323716484,1.286642
212.14082372640303,1.285259
212.14732373632202,1.285322
212.153823746241,1.286374
212.16032375616,1.285151
212.166823766079,1.285238
212.17332377599803,1.28641
212.17982378591705,1.285071
212.18632379583602,1.285153
212.192823805755,1.285863
212.19932381567403,1.284504
212.20582382559303,1.284817
212.21232383551202,1.285912
212.21882384543102,1.284831
212.22532385535,1.284713
212.231823865269,1.285557
212.23832387518803,1.28433
212.24482388510702,1.284434
212.251323895026,1.285504
212.257823904945,1.284237
212.264323914864,1.284033
212.270823924783,1.285443
212.27732393470205,1.284316
212.28382394462102,1.284
212.29032395454,1.2853
212.29682396445904,1.284086
212.30332397437803,1.28426
212.30982398429703,1.285336
212.31632399421602,1.28431
212.32282400413501,1.284251
212.329324014054,1.285119
212.33582402397303,1.284059
212.34232403389203,1.283852
212.348824043811,1.285336
212.35532405373002,1.284075
212.361824063649,1.284147
212.368324073568,1.285064
212.37482408348706,1.283897
212.381324093406,1.283937
212.38782410332502,1.284606
212.39432411324404,1.283555
212.40082412316303,1.283462
212.40732413308203,1.28457
212.413824143001,1.283057
212.42032415292002,1.283314
212.426824162839,1.284298
212.43332417275803,1.28341
212.43982418267703,1.283172
212.446324192596,1.283998
212.452824202515,1.28305
212.459324212434,1.283213
212.465824222353,1.283918
212.47232423227206,1.283002
212.47882424219105,1.283008
212.48532425211,1.283795
212.491824262029,1.282709
212.49832427194804,1.282798
212.50482428186703,1.283659
212.51132429178605,1.282793
212.51782430170502,1.282664
212.524324311624,1.283784
212.530824321543,1.2825
212.53732433146203,1.282816
212.54382434138103,1.283718
212.5503243513,1.282723
212.55682436121901,1.282781
212.563324371138,1.28373
212.569824381057,1.28264
212.57632439097605,1.282447
212.582824400895,1.283664
212.589324410814,1.282505
212.59582442073304,1.282626
212.60232443065203,1.283575
212.60882444057103,1.282496
212.61532445049002,1.282435
212.62182446040902,1.283176
212.628324470328,1.282052
212.63482448024703,1.282104
212.64132449016603,1.282967
212.647824500085,1.28188
212.65432451000402,1.281813
212.660824519923,1.282986
212.667324529842,1.281843
212.67382453976103,1.282238
212.68032454968,1.282967
212.686824559599,1.282111
212.69332456951804,1.282103
212.69982457943703,1.28276
212.70632458935603,1.282053
212.71282459927502,1.282183
212.71932460919402,1.283331
212.725824619113,1.282004
212.73232462903204,1.281512
212.73882463895103,1.282551
212.74532464887,1.281356
212.75182465878902,1.281009
212.758324668708,1.282042
212.764824678627,1.281195
212.77132468854603,1.281503
212.777824698465,1.282159
212.784324708384,1.281411
212.79082471830304,1.281559
212.79732472822204,1.2822
212.80382473814103,1.280813
212.81032474806003,1.280846
212.81682475797902,1.281623
212.82332476789801,1.280323
212.82982477781704,1.280388
212.83632478773603,1.281612
212.84282479765503,1.280292
212.84932480757402,1.280505
212.85582481749302,1.281551
212.862324827412,1.28036
212.86882483733103,1.28066
212.87532484725003,1.281531
212.881824857169,1.280468
212.88832486708802,1.28073
212.89482487700704,1.28171
212.90132488692603,1.280396
212.90782489684506,1.28049
212.91432490676402,1.281507
212.92082491668302,1.280698
212.92732492660204,1.280479
212.93382493652103,1.281412
212.94032494644003,1.280273
212.946824956359,1.280356
212.95332496627802,1.281417
212.959824976197,1.280371
212.96632498611604,1.280253
212.97282499603503,1.281306
212.979325005954,1.280328
212.985825015873,1.280522
212.992325025792,1.28166
212.99882503571104,1.280155
213.00532504563006,1.280138
213.01182505554902,1.28123
213.01832506546802,1.280066
213.024825075387,1.280101
213.03132508530604,1.280828
213.03782509522503,1.279988
213.044325105144,1.27994
213.05082511506302,1.280856
213.05732512498201,1.279997
213.063825134901,1.280099
213.07032514482003,1.280918
213.076825154739,1.279821
213.083325164658,1.27966
213.08982517457702,1.280477
213.096325184496,1.279617
213.102825194415,1.279679
213.10932520433403,1.280732
213.11582521425302,1.279842
213.12232522417202,1.279687
213.12882523409104,1.280393
213.13532524401003,1.279217
213.141825253929,1.27965
213.14832526384802,1.280492
213.15482527376702,1.279655
213.161325283686,1.279773
213.16782529360503,1.280348
213.17432530352403,1.279645
213.180825313443,1.279683
213.18732532336202,1.280587
213.193825333281,1.279642
213.2003253432,1.279657
213.20682535311906,1.280651
213.21332536303802,1.279707
213.21982537295702,1.279792
213.22632538287604,1.28033
213.23282539279504,1.27964
213.23932540271403,1.279456
213.24582541263302,1.280202
213.25232542255202,1.279259
213.258825432471,1.279527
213.26532544239004,1.280266
213.27182545230903,1.279442
213.278325462228,1.279544
213.28482547214702,1.280094
213.29132548206601,1.279671
213.297825491985,1.279552
213.30432550190406,1.280452
213.310825511823,1.279517
213.317325521742,1.279757
213.32382553166104,1.280689
213.33032554158004,1.279708
213.33682555149903,1.279947
213.343325561418,1.28054
213.34982557133702,1.279427
213.35632558125602,1.279505
213.36282559117504,1.279786
213.36932560109403,1.279023
213.375825611013,1.279399
213.382325620932,1.279533
213.38882563085102,1.278578
213.39532564077,1.279103
213.40182565068906,1.279749
213.408325660608,1.279076
213.414825670527,1.279857
213.421325680446,1.279681
213.42782569036504,1.2789
213.43432570028403,1.27867
213.440825710203,1.279257
213.44732572012202,1.278765
213.45382573004102,1.2789
213.46032573996,1.279468
213.46682574987904,1.278904
213.473325759798,1.279161
213.479825769717,1.279567
213.48632577963602,1.278574
213.492825789555,1.279092
213.499325799474,1.279419
213.505825809393,1.27861
213.512325819312,1.278692
213.518825829231,1.278862
213.52532583915004,1.27836
213.53182584906904,1.278921
213.53832585898803,1.27902
213.54482586890703,1.27834
213.55132587882602,1.278531
213.55782588874501,1.27856
213.56432589866404,1.27805
213.57082590858303,1.278691
213.577325918502,1.278841
213.58382592842102,1.278281
213.59032593834002,1.278802
213.596825948259,1.278842
213.60332595817803,1.278452
213.609825968097,1.278499
213.616325978016,1.278482
213.62282598793504,1.277846
213.62932599785404,1.278355
213.63582600777303,1.278282
213.64232601769203,1.277818
213.64882602761102,1.278255
213.65532603753002,1.278593
213.66182604744904,1.277865
213.66832605736803,1.278226
213.674826067287,1.278405
213.68132607720602,1.277925
213.68782608712502,1.278227
213.694326097044,1.27821
213.70082610696304,1.27746
213.707326116882,1.27766
213.713826126801,1.277648
213.72032613672005,1.277223
213.72682614663904,1.27773
213.73332615655804,1.277686
213.73982616647703,1.277225
213.74632617639602,1.277406
213.75282618631502,1.277862
213.75932619623404,1.277076
213.76582620615304,1.277754
213.772326216072,1.277661
213.77882622599103,1.277031
213.78532623591002,1.277575
213.79182624582901,1.277562
213.79832625574804,1.276813
213.804826265667,1.277173
213.811326275586,1.277316
213.81782628550502,1.277001
213.82432629542402,1.277554
213.83082630534304,1.277395
213.83732631526198,1.276932
213.84382632518103,1.277515
213.85032633510002,1.277521
213.85682634501904,1.276924
213.86332635493804,1.27735
213.86982636485703,1.277058
213.876326374776,1.276377
213.88282638469502,1.276701
213.88932639461402,1.276959
213.895826404533,1.276773
213.90232641445203,1.277144
213.908826424371,1.277326
213.91532643429,1.276922
213.92182644420902,1.276898
213.928326454128,1.276725
213.93482646404703,1.276172
213.94132647396603,1.276949
213.94782648388502,1.276914
213.95432649380402,1.276296
213.96082650372304,1.276817
213.96732651364204,1.276597
213.973826523561,1.27601
213.98032653348002,1.276741
213.98682654339902,1.276407
213.993326553318,1.276042
213.99982656323704,1.276804
214.006326573156,1.276659
214.012826583075,1.276118
214.01932659299402,1.276687
214.025826602913,1.276258
214.032326612832,1.275826
214.038826622751,1.276223
214.04532663267003,1.276192
214.05182664258902,1.275852
214.05832665250804,1.276355
214.06482666242704,1.275723
214.071326672346,1.275388
214.07782668226503,1.276279
214.08432669218402,1.275815
214.09082670210302,1.275631
214.09732671202204,1.27629
214.103826721941,1.275736
214.11032673186,1.275469
214.11682674177902,1.276134
214.12332675169802,1.275662
214.129826761617,1.275175
214.136326771536,1.276388
214.142826781455,1.275725
214.14932679137402,1.275395
214.15582680129305,1.276039
214.16232681121204,1.275405
214.168826821131,1.275037
214.17532683105003,1.275723
214.18182684096902,1.275101
214.18832685088802,1.275054
214.19482686080704,1.275739
214.201326870726,1.27478
214.207826880645,1.274264
214.21432689056402,1.275192
214.22082690048302,1.275047
214.227326910402,1.274619
214.23382692032106,1.275391
214.24032693024,1.274711
214.246826940159,1.274167
214.25332695007805,1.274835
214.25982695999704,1.274384
214.26632696991604,1.274448
214.272826979835,1.275151
214.27932698975403,1.274577
214.28582699967302,1.274396
214.29232700959204,1.275205
214.29882701951104,1.27473
214.30532702943,1.274108
214.311827039349,1.275195
214.31832704926802,1.274269
214.32482705918702,1.273916
214.33132706910604,1.274856
214.337827079025,1.274031
214.344327088944,1.273796
214.350827098863,1.274388
214.35732710878204,1.273885
214.36382711870104,1.27361
214.37032712862,1.274785
214.37682713853903,1.273987
214.38332714845802,1.273657
214.38982715837702,1.274741
214.39632716829604,1.273773
214.402827178215,1.273752
214.409327188134,1.274544
214.41582719805302,1.273581
214.42232720797202,1.273409
214.428827217891,1.274177
214.43532722781,1.273731
214.441827237729,1.273529
214.448327247648,1.274567
214.45482725756705,1.273696
214.46132726748604,1.273487
214.46782727740498,1.274565
214.47432728732403,1.273835
214.48082729724302,1.273285
214.48732730716202,1.274039
214.49382731708104,1.2734
214.500327327,1.273206
214.506827336919,1.274132
214.51332734683803,1.273434
214.51982735675702,1.273578
214.526327366676,1.274325
214.532827376595,1.273296
214.539327386514,1.273295
214.545827396433,1.274312
214.55232740635205,1.273378
214.55882741627104,1.273228
214.56532742619004,1.273916
214.57182743610903,1.272926
214.57832744602803,1.272978
214.58482745594702,1.273776
214.59132746586604,1.273098
214.59782747578504,1.272967
214.604327485704,1.27404
214.61082749562303,1.273151
214.61732750554202,1.272654
214.62382751546102,1.273757
214.63032752538004,1.272467
214.636827535299,1.272613
214.643327545218,1.27329
214.64982755513702,1.27244
214.65632756505602,1.272207
214.66282757497504,1.27348
214.66932758489403,1.272583
214.67582759481303,1.272494
214.68232760473202,1.273451
214.68882761465105,1.272338
214.69532762457004,1.27207
214.701827634489,1.273044
214.708327644408,1.27187
214.71482765432702,1.271923
214.72132766424602,1.273209
214.72782767416504,1.272036
214.734327684084,1.272127
214.740827694003,1.273208
214.747327703922,1.271991
214.75382771384102,1.271798
214.76032772376,1.272998
214.76682773367898,1.271801
214.77332774359803,1.271746
214.77982775351703,1.272994
214.78632776343602,1.271877
214.79282777335504,1.271592
214.799327783274,1.272606
214.805827793193,1.271416
214.81232780311203,1.271458
214.81882781303102,1.272687
214.82532782295002,1.27139
214.831827832869,1.27148
214.838327842788,1.272613
214.844827852707,1.271608
214.85132786262602,1.27162
214.85782787254502,1.272541
214.86432788246398,1.271813
214.870827892383,1.271891
214.87732790230203,1.272739
214.88382791222102,1.271664
214.89032792214005,1.271459
214.896827932059,1.272358
214.903327941978,1.271191
214.90982795189703,1.271417
214.91632796181602,1.272168
214.92282797173502,1.270944
214.92932798165404,1.270528
214.935827991573,1.271619
214.942328001492,1.270648
214.94882801141102,1.270958
214.95532802133002,1.272088
214.961828031249,1.270866
214.968328041168,1.271036
214.974828051087,1.272191
214.98132806100602,1.270473
214.98782807092505,1.27082
214.99432808084404,1.271717
215.000828090763,1.270566
215.00732810068203,1.270533
215.01382811060103,1.271435
215.02032812052002,1.270599
215.02682813043904,1.270919
215.033328140358,1.271446
215.039828150277,1.270104
215.04632816019603,1.270376
215.05282817011502,1.271327
215.05932818003402,1.269984
215.065828189953,1.269821
215.072328199872,1.270988
215.078828209791,1.26995
215.08532821971005,1.270051
215.09182822962904,1.270712
215.098328239548,1.269584
215.10482824946703,1.26943
215.11132825938603,1.27075
215.11782826930502,1.269584
215.12432827922404,1.269772
215.130828289143,1.271158
215.137328299062,1.269642
215.14382830898103,1.269686
215.15032831890002,1.27083
215.15682832881902,1.269541
215.16332833873798,1.269778
215.169828348657,1.270842
215.176328358576,1.269778
215.18282836849505,1.269362
215.18932837841405,1.270633
215.195828388333,1.26922
215.202328398252,1.269103
215.20882840817103,1.270478
215.21532841809002,1.269303
215.22182842800905,1.269238
215.228328437928,1.270246
215.234828447847,1.269456
215.241328457766,1.26946
215.24782846768503,1.270411
215.25432847760402,1.268941
215.26082848752304,1.269292
215.267328497442,1.270456
215.273828507361,1.269324
215.28032851728,1.269028
215.28682852719905,1.269999
215.29332853711804,1.269238
215.29982854703698,1.269145
215.30632855695603,1.270065
215.31282856687503,1.269006
215.31932857679402,1.268887
215.32582858671304,1.270411
215.332328596632,1.269084
215.338828606551,1.268684
215.34532861647003,1.269935
215.35182862638902,1.269011
215.35832863630802,1.268806
215.364828646227,1.269876
215.371328656146,1.268746
215.377828666065,1.269053
215.38432867598405,1.269966
215.39082868590305,1.268767
215.39732869582198,1.268586
215.40382870574103,1.269642
215.41032871566003,1.268586
215.41682872557902,1.268489
215.42332873549805,1.269662
215.429828745417,1.26822
215.436328755336,1.268207
215.44282876525503,1.269299
215.44932877517402,1.267896
215.45582878509302,1.268098
215.462328795012,1.26945
215.468828804931,1.267938
215.47532881485,1.267812
215.48182882476902,1.26889
215.48832883468805,1.268034
215.49482884460699,1.268374
215.50132885452604,1.269358
215.50782886444503,1.268112
215.51432887436403,1.268197
215.52082888428305,1.269199
215.52732889420201,1.26789
215.533828904121,1.267661
215.54032891404003,1.26881
215.54682892395903,1.268035
215.55332893387802,1.26773
215.559828943797,1.268609
215.566328953716,1.267151
215.572828963635,1.267452
215.57932897355403,1.268434
215.58582898347302,1.267458
215.592328993392,1.267393
215.59882900331098,1.268394
215.60532901323003,1.267223
215.61182902314903,1.267084
215.61832903306805,1.268162
215.62482904298705,1.267206
215.631329052906,1.267137
215.637829062825,1.26802
215.64432907274403,1.266894
215.65082908266302,1.266726
215.65732909258205,1.267835
215.663829102501,1.26663
215.67032911242,1.266627
215.676829122339,1.267816
215.68332913225802,1.266886
215.68982914217702,1.266434
215.69632915209598,1.267565
215.70282916201504,1.267041
215.70932917193403,1.266705
215.71582918185302,1.268093
215.72232919177205,1.266946
215.728829201691,1.267029
215.73532921161,1.267755
215.74182922152903,1.266068
215.74832923144803,1.26622
215.75482924136702,1.267522
215.761329251286,1.266309
215.767829261205,1.26618
215.774329271124,1.267371
215.78082928104303,1.266309
215.78732929096202,1.266474
215.793829300881,1.267585
215.8003293108,1.266413
215.806829320719,1.266331
215.81332933063803,1.267154
215.81982934055705,1.265985
215.82632935047602,1.265917
215.832829360395,1.267077
215.83932937031403,1.266181
215.84582938023303,1.266167
215.85232939015202,1.267067
215.85882940007102,1.26598
215.86532940999,1.266078
215.871829419909,1.267135
215.87832942982803,1.266211
215.88482943974702,1.265956
215.891329449666,1.267123
215.897829459585,1.266186
215.904329469504,1.266365
215.910829479423,1.267491
215.91732948934205,1.266059
215.92382949926102,1.266104
215.93032950918,1.267239
215.93682951909904,1.265944
215.94332952901803,1.265703
215.94982953893702,1.266878
215.95632954885605,1.26551
215.962829558775,1.265576
215.969329568694,1.26663
215.97582957861303,1.265752
215.98232958853202,1.265749
215.98882959845102,1.266795
215.99532960837,1.265687
216.001829618289,1.265565
216.008329628208,1.266712
216.01482963812705,1.265799
216.02132964804605,1.265631
216.02782965796501,1.266918
216.03432966788404,1.265569
216.04082967780303,1.265282
216.04732968772203,1.266577
216.05382969764105,1.265124
216.06032970756002,1.265363
216.066829717479,1.266837
216.07332972739803,1.265816
216.07982973731703,1.265368
216.08632974723602,1.266715
216.092829757155,1.265448
216.099329767074,1.265552
216.105829776993,1.266413
216.11232978691206,1.26531
216.11882979683105,1.265103
216.12532980675,1.266422
216.131829816669,1.265514
216.13832982658803,1.265195
216.14482983650703,1.266225
216.15132984642605,1.265247
216.15782985634502,1.265066
216.164329866264,1.266276
216.170829876183,1.265062
216.17732988610203,1.265188
216.18382989602102,1.266144
216.19032990594,1.265206
216.196829915859,1.265115
216.203329925778,1.266075
216.209829935697,1.265001
216.21632994561605,1.265414
216.222829955535,1.266196
216.22932996545399,1.26517
216.23582997537304,1.264732
216.24232998529203,1.265738
216.24882999521103,1.264427
216.25533000513002,1.264526
216.26183001504901,1.265843
216.268330024968,1.264769
216.27483003488703,1.265025
216.28133004480603,1.266133
216.287830054725,1.264717
216.29433006464402,1.264726
216.300830074563,1.265247
216.307330084482,1.263728
216.31383009440103,1.263646
216.32033010432005,1.264866
216.326830114239,1.264143
216.33333012415804,1.264025
216.33983013407703,1.265093
216.34633014399603,1.263956
216.35283015391505,1.264144
216.35933016383402,1.265009
216.365830173753,1.263956
216.37233018367203,1.263872
216.37883019359103,1.264779
216.38533020351002,1.263946
216.39183021342902,1.263707
216.398330223348,1.264958
216.404830233267,1.263561
216.41133024318603,1.26378
216.41783025310502,1.264784
216.424330263024,1.26361
216.43083027294304,1.263515
216.43733028286204,1.264542
216.44383029278103,1.263724
216.45033030270005,1.263405
216.45683031261902,1.264883
216.463330322538,1.263631
216.46983033245704,1.26351
216.47633034237603,1.264705
216.48283035229503,1.263699
216.489330362214,1.263527
216.495830372133,1.264478
216.502330382052,1.263224
216.50883039197103,1.263149
216.51533040189003,1.264176
216.521830411809,1.263037
216.528330421728,1.26308
216.53483043164704,1.264272
216.54133044156603,1.263265
216.54783045148505,1.263144
216.55433046140402,1.264336
216.56083047132302,1.263023
216.567330481242,1.262935
216.57383049116103,1.26399
216.58033050108003,1.26272
216.586830510999,1.262864
216.59333052091802,1.263919
216.599830530837,1.262714
216.606330540756,1.262693
216.61283055067503,1.263723
216.619330560594,1.262697
216.625830570513,1.262502
216.632330580432,1.263638
216.63883059035103,1.262188
216.64533060027003,1.262187
216.65183061018905,1.263143
216.65833062010802,1.262047
216.664830630027,1.262024
216.67133063994604,1.263561
216.67783064986503,1.262159
216.68433065978402,1.262325
216.69083066970302,1.26332
216.697330679622,1.262243
216.703830689541,1.262106
216.71033069946003,1.263109
216.71683070937902,1.261908
216.723330719298,1.261881
216.729830729217,1.263045
216.736330739136,1.261867
216.742830749055,1.262127
216.74933075897405,1.263198
216.75583076889302,1.262061
216.76233077881201,1.262064
216.76883078873104,1.263339
216.77533079865003,1.262259
216.78183080856903,1.261891
216.78833081848802,1.262796
216.79483082840702,1.2616
216.801330838326,1.261839
216.80783084824503,1.262944
216.81433085816403,1.261708
216.820830868083,1.261671
216.82733087800202,1.26264
216.833830887921,1.261522
216.84033089784,1.261284
216.84683090775906,1.262293
216.85333091767802,1.261255
216.85983092759702,1.261382
216.86633093751604,1.262396
216.87283094743503,1.261203
216.87933095735403,1.261112
216.88583096727302,1.262239
216.89233097719202,1.261051
216.898830987111,1.260894
216.90533099703003,1.262082
216.91183100694903,1.260975
216.918331016868,1.260952
216.92483102678702,1.26218
216.931331036706,1.260742
216.937831046625,1.260331
216.94433105654406,1.261505
216.950831066463,1.260755
216.957331076382,1.260865
216.96383108630104,1.261664
216.97033109622004,1.260763
216.97683110613903,1.26056
216.983331116058,1.261094
216.98983112597702,1.260127
216.996331135896,1.260024
217.00283114581504,1.261368
217.00933115573403,1.260388
217.01583116565303,1.260499
217.022331175572,1.261227
217.02883118549101,1.26008
217.03533119541,1.260194
217.041831205329,1.261086
217.04833121524806,1.259884
217.054831225167,1.259879
217.061331235086,1.260751
217.06783124500504,1.259537
217.07433125492403,1.259801
217.08083126484303,1.261019
217.08733127476202,1.259574
217.09383128468102,1.259594
217.1003312946,1.260874
217.10683130451903,1.259769
217.11333131443803,1.259461
217.119831324357,1.26024
217.12633133427602,1.259054
217.132831344195,1.259121
217.139331354114,1.260086
217.14583136403303,1.259029
217.152331373952,1.259358
217.158831383871,1.260318
217.16533139379004,1.259
217.17183140370904,1.259309
217.17833141362803,1.260102
217.18483142354702,1.258853
217.19133143346602,1.259144
217.197831443385,1.260082
217.20433145330404,1.25858
217.21083146322303,1.258674
217.217331473142,1.259825
217.22383148306102,1.258801
217.23033149298,1.259019
217.236831502899,1.259784
217.24333151281803,1.258812
217.249831522737,1.258667
217.256331532656,1.259899
217.26283154257504,1.258791
217.26933155249404,1.258465
217.27583156241303,1.259514
217.28233157233203,1.258429
217.28883158225102,1.258057
217.29533159217002,1.259302
217.30183160208904,1.258369
217.30833161200803,1.258333
217.314831621927,1.259548
217.32133163184602,1.258516
217.32783164176502,1.258309
217.334331651684,1.25937
217.34083166160303,1.258474
217.34733167152203,1.258574
217.353831681441,1.259568
217.36033169136002,1.25845
217.36683170127904,1.258147
217.37333171119803,1.259439
217.37983172111706,1.25805
217.38633173103602,1.257598
217.39283174095502,1.258703
217.39933175087404,1.258035
217.40583176079303,1.258209
217.41233177071203,1.259181
217.418831780631,1.257708
217.42533179055002,1.257759
217.431831800469,1.258647
217.43833181038804,1.257667
217.44483182030703,1.257464
217.451331830226,1.258545
217.457831840145,1.257714
217.464331850064,1.257582
217.47083185998304,1.258432
217.47733186990206,1.25731
217.48383187982103,1.257241
217.49033188974002,1.258306
217.496831899659,1.25692
217.50333190957804,1.257045
217.50983191949703,1.258382
217.516331929416,1.257447
217.52283193933502,1.257152
217.52933194925401,1.258469
217.535831959173,1.257358
217.54233196909203,1.257151
217.548831979011,1.258092
217.55533198893,1.256673
217.56183199884902,1.257058
217.568332008768,1.258017
217.574832018687,1.256881
217.58133202860603,1.256791
217.58783203852502,1.258295
217.59433204844402,1.25702
217.60083205836304,1.257172
217.60733206828203,1.258091
217.613832078201,1.257041
217.62033208812002,1.256817
217.62683209803902,1.257829
217.633332107958,1.256789
217.63983211787703,1.25709
217.646332127796,1.257821
217.652832137715,1.256828
217.65933214763402,1.256503
217.665832157553,1.257525
217.672332167472,1.256863
217.678832177391,1.256896
217.68533218731002,1.257732
217.69183219722902,1.256609
217.69833220714804,1.256731
217.70483221706704,1.257789
217.71133222698603,1.257188
217.71783223690502,1.257316
217.72433224682402,1.257932
217.730832256743,1.256704
217.73733226666204,1.257041
217.74383227658103,1.257499
217.7503322865,1.256883
217.75683229641902,1.256667
217.76333230633801,1.257486
217.769832316257,1.256425
217.77633232617606,1.256987
217.782832336095,1.257914
217.789332346014,1.25662
217.79583235593304,1.256552
217.80233236585204,1.257357
217.80883237577103,1.256719
217.81533238569003,1.256887
217.82183239560902,1.25757
217.82833240552802,1.256115
217.83483241544704,1.256259
217.84133242536603,1.257256
217.847832435285,1.25641
217.854332445204,1.256438
217.86083245512302,1.257495
217.867332465042,1.256619
217.87383247496106,1.256803
217.88033248488,1.257384
217.886832494799,1.256477
217.893332504718,1.256454
217.89983251463704,1.257054
217.90633252455603,1.25617
217.912832534475,1.256269
217.91933254439402,1.257426
217.92583255431302,1.256381
217.932332564232,1.256658
217.93883257415104,1.257462
217.94533258407,1.256205
217.951832593989,1.256309
217.95833260390802,1.257583
217.964832613827,1.256467
217.971332623746,1.256474
217.977832633665,1.256926
217.984332643584,1.256042
217.990832653503,1.256011
217.99733266342204,1.256612
218.00383267334104,1.255821
218.01033268326,1.25585
218.01683269317903,1.256278
218.02333270309802,1.255466
218.02983271301702,1.255811
218.03633272293604,1.256624
218.04283273285503,1.255919
218.049332742774,1.255913
218.05583275269302,1.256269
218.06233276261202,1.25569
218.068832772531,1.25596
218.07533278245003,1.256291
218.081832792369,1.255669
218.088332802288,1.256163
218.09483281220704,1.256782
218.10133282212604,1.255651
218.10783283204503,1.25577
218.11433284196403,1.256306
218.12083285188302,1.255363
218.12733286180202,1.255734
218.13383287172104,1.256518
218.14033288164003,1.255642
218.146832891559,1.25584
218.15333290147802,1.25569
218.15983291139702,1.254725
218.166332921316,1.255545
218.17283293123504,1.2557
218.179332941154,1.254938
218.185832951073,1.25525
218.19233296099205,1.255546
218.19883297091104,1.254964
218.20533298083004,1.255276
218.21183299074903,1.255805
218.21833300066803,1.255036
218.22483301058702,1.255138
218.23133302050604,1.255478
218.23783303042504,1.254835
218.244333040344,1.255289
218.25083305026303,1.255831
218.25733306018202,1.255356
218.26383307010101,1.255584
218.27033308002004,1.255635
218.276833089939,1.254872
218.283333099858,1.254966
218.28983310977702,1.255526
218.29633311969602,1.25462
218.30283312961504,1.254803
218.30933313953398,1.255002
218.31583314945303,1.25428
218.32233315937202,1.254778
218.32883316929104,1.255239
218.33533317921004,1.253935
218.341833189129,1.254674
218.348333199048,1.254896
218.35483320896702,1.254391
218.36133321888602,1.254858
218.36783322880504,1.254878
218.374333238724,1.254157
218.380833248643,1.254456
218.387333258562,1.254706
218.39383326848102,1.253931
218.4003332784,1.254548
218.40683328831906,1.254616
218.41333329823803,1.254049
218.41983330815702,1.254508
218.42633331807602,1.254566
218.43283332799504,1.253943
218.43933333791404,1.254116
218.445833347833,1.254301
218.45233335775202,1.253878
218.45883336767102,1.254201
218.46533337759,1.254026
218.47183338750904,1.253656
218.478333397428,1.25454
218.484833407347,1.254138
218.49133341726602,1.253556
218.49783342718501,1.253891
218.504333437104,1.253415
218.510833447023,1.253163
218.51733345694203,1.254108
218.52383346686102,1.254335
218.53033347678004,1.253557
218.53683348669904,1.25385
218.543333496618,1.253833
218.54983350653703,1.253029
218.55633351645602,1.253675
218.56283352637502,1.253837
218.56933353629404,1.253325
218.575833546213,1.253908
218.582333556132,1.253842
218.58883356605102,1.252805
218.59533357597002,1.253543
218.601833585889,1.253431
218.608333595808,1.252739
218.614833605727,1.253565
218.62133361564602,1.253305
218.62783362556505,1.252767
218.63433363548404,1.253172
218.640833645403,1.253091
218.64733365532203,1.252936
218.65383366524102,1.253757
218.66033367516002,1.253393
218.66683368507904,1.252496
218.673333694998,1.253557
218.679833704917,1.253666
218.68633371483602,1.252863
218.69283372475502,1.253546
218.699333734674,1.2531
218.70583374459298,1.252479
218.712333754512,1.253094
218.718833764431,1.253034
218.72533377435005,1.252572
218.73183378426904,1.253069
218.73833379418804,1.252845
218.744833804107,1.252633
218.75133381402603,1.2529
218.75783382394502,1.252778
218.76433383386404,1.252257
218.77083384378304,1.252833
218.777333853702,1.252748
218.783833863621,1.252151
218.79033387354002,1.252595
218.79683388345902,1.252718
218.80333389337804,1.252528
218.809833903297,1.252958
218.816333913216,1.25227
218.822833923135,1.25211
218.82933393305404,1.252658
218.83583394297304,1.252513
218.842333952892,1.251923
218.84883396281103,1.25272
218.85533397273002,1.252119
218.86183398264902,1.251554
218.86833399256804,1.25242
218.874834002487,1.252122
218.881334012406,1.251886
218.88783402232502,1.252891
218.89433403224402,1.252514
218.900834042163,1.252146
218.907334052082,1.2529
218.913834062001,1.25249
218.92033407192,1.252131
218.92683408183905,1.252701
218.93333409175804,1.252231
218.93983410167698,1.251976
218.94633411159603,1.252621
218.95283412151502,1.252153
218.95933413143402,1.251594
218.96583414135304,1.252094
218.972334151272,1.25159
218.978834161191,1.251569
218.98533417111003,1.252355
218.99183418102902,1.251692
218.99833419094801,1.251435
219.004834200867,1.251907
219.011334210786,1.251453
219.017834220705,1.25131
219.02433423062405,1.252028
219.03083424054304,1.25162
219.03733425046198,1.251233
219.04383426038103,1.252062
219.05033427030003,1.25155
219.05683428021902,1.251333
219.06333429013804,1.252255
219.069834300057,1.251275
219.076334309976,1.251207
219.08283431989503,1.251933
219.08933432981402,1.250855
219.09583433973302,1.250805
219.10233434965204,1.251561
219.108834359571,1.25105
219.11533436949,1.250877
219.12183437940902,1.252135
219.12833438932805,1.251266
219.13483439924704,1.250866
219.14133440916603,1.251848
219.14783441908503,1.251224
219.15433442900402,1.250822
219.16083443892305,1.251565
219.16733444884204,1.250725
219.173834458761,1.250335
219.18033446868003,1.251183
219.18683447859902,1.250652
219.19333448851802,1.250525
219.19983449843704,1.251703
219.206334508356,1.250909
219.212834518275,1.250504
219.21933452819403,1.251305
219.22583453811302,1.250462
219.23233454803201,1.250254
219.23883455795098,1.251687
219.24533456787003,1.250509
219.25183457778903,1.250272
219.25833458770805,1.251528
219.26483459762704,1.250653
219.271334607546,1.250603
219.277834617465,1.251339
219.28433462738403,1.250211
219.29083463730302,1.250452
219.29733464722204,1.251337
219.303834657141,1.250353
219.31033466706,1.250146
219.316834676979,1.251189
219.32333468689802,1.249995
219.32983469681702,1.250075
219.33633470673598,1.251152
219.34283471665503,1.249992
219.34933472657403,1.249618
219.35583473649302,1.250732
219.36233474641205,1.25005
219.368834756331,1.25001
219.37533476625,1.250766
219.38183477616903,1.249969
219.38833478608802,1.250013
219.39483479600702,1.250659
219.401334805926,1.249382
219.407834815845,1.24945
219.414334825764,1.2506
219.42083483568302,1.249381
219.42733484560202,1.249398
219.433834855521,1.250524
219.44033486544,1.249396
219.446834875359,1.249487
219.45333488527803,1.250746
219.45983489519705,1.249389
219.46633490511604,1.249117
219.472834915035,1.24998
219.47933492495403,1.249372
219.48583493487303,1.249451
219.49233494479202,1.250464
219.49883495471104,1.249476
219.50533496463,1.249496
219.511834974549,1.250181
219.51833498446803,1.249117
219.52483499438702,1.249144
219.53133500430602,1.250061
219.537835014225,1.248845
219.544335024144,1.248688
219.550835034063,1.24986
219.55733504398205,1.248467
219.56383505390104,1.248783
219.57033506382,1.250448
219.57683507373903,1.249308
219.58333508365803,1.249204
219.58983509357702,1.250174
219.59633510349605,1.248724
219.602835113415,1.248775
219.609335123334,1.249858
219.61583513325303,1.248749
219.62233514317202,1.248446
219.62883515309102,1.249709
219.63533516300998,1.248473
219.641835172929,1.248565
219.648335182848,1.249108
219.65483519276705,1.248287
219.66133520268605,1.248259
219.667835212605,1.249282
219.674335222524,1.248188
219.68083523244303,1.248303
219.68733524236202,1.248938
219.69383525228105,1.247538
219.7003352622,1.247618
219.706835272119,1.248479
219.713335282038,1.247649
219.71983529195703,1.247834
219.72633530187602,1.249055
219.732835311795,1.247758
219.739335321714,1.247697
219.745835331633,1.248542
219.752335341552,1.247496
219.75883535147105,1.247495
219.76533536139,1.248775
219.771835371309,1.247528
219.77833538122803,1.247461
219.78483539114703,1.248335
219.79133540106602,1.247291
219.79783541098504,1.247449
219.804335420904,1.248286
219.810835430823,1.247348
219.81733544074203,1.247216
219.82383545066102,1.248134
219.83033546058002,1.247159
219.836835470499,1.247319
219.843335480418,1.248175
219.849835490337,1.247158
219.85633550025605,1.247402
219.86283551017505,1.248738
219.86933552009398,1.247228
219.87583553001303,1.247558
219.88233553993203,1.248376
219.88883554985102,1.247362
219.89533555977005,1.247144
219.901835569689,1.247999
219.908335579608,1.246899
219.91483558952703,1.247091
219.92133559944602,1.248375
219.92783560936502,1.247465
219.934335619284,1.247166
219.940835629203,1.248143
219.947335639122,1.246354
219.95383564904103,1.246807
219.96033565896005,1.248213
219.96683566887899,1.246989
219.97333567879804,1.247329
219.97983568871703,1.248185
219.98633569863603,1.246952
219.99283570855505,1.247103
219.99933571847401,1.248309
220.005835728393,1.247233
220.01233573831203,1.247017
220.01883574823103,1.248096
220.02533575815002,1.24689
220.03183576806902,1.246627
220.038335777988,1.247754
220.044835787907,1.24662
220.05133579782603,1.246573
220.05783580774502,1.247697
220.064335817664,1.246593
220.07083582758304,1.246309
220.07733583750203,1.247388
220.08383584742103,1.246388
220.09033585734005,1.246135
220.09683586725902,1.247235
220.103335877178,1.246261
220.10983588709703,1.246603
220.11633589701603,1.247456
220.12283590693502,1.246021
220.12933591685405,1.246438
220.135835926773,1.247696
220.142335936692,1.246625
220.14883594661103,1.246204
220.15533595653002,1.247332
220.16183596644902,1.246387
220.16833597636798,1.246345
220.17483598628704,1.247501
220.18133599620603,1.246588
220.18783600612502,1.246459
220.19433601604405,1.247389
220.200836025963,1.246307
220.207336035882,1.246198
220.21383604580103,1.247365
220.22033605572003,1.246241
220.22683606563902,1.24638
220.23333607555801,1.247564
220.239836085477,1.246539
220.246336095396,1.246254
220.25283610531503,1.247118
220.25933611523402,1.246169
220.265836125153,1.246188
220.272336135072,1.247383
220.27883614499103,1.246106
220.28533615491003,1.245669
220.29183616482905,1.246694
220.29833617474802,1.245932
220.304836184667,1.24554
220.31133619458603,1.246801
220.31783620450503,1.2459
220.32433621442402,1.245773
220.33083622434302,1.246845
220.337336234262,1.245757
220.343836244181,1.245481
220.35033625410003,1.246853
220.35683626401902,1.24571
220.363336273938,1.245605
220.369836283857,1.246707
220.376336293776,1.245607
220.382836303695,1.245715
220.38933631361405,1.246597
220.39583632353302,1.245085
220.402336333452,1.245156
220.40883634337104,1.246508
220.41533635329003,1.245403
220.42183636320902,1.245263
220.42833637312802,1.246097
220.434836383047,1.245299
220.441336392966,1.245041
220.44783640288503,1.246232
220.45433641280403,1.244802
220.460836422723,1.245189
220.467336432642,1.246194
220.473836442561,1.24554
220.48033645248,1.245343
220.48683646239905,1.246155
220.49333647231805,1.245181
220.49983648223701,1.245314
220.50633649215604,1.24614
220.51283650207503,1.245203
220.51933651199403,1.245208
220.52583652191305,1.246245
220.53233653183202,1.24524
220.538836541751,1.244986
220.54533655167003,1.246112
220.55183656158903,1.245295
220.55833657150802,1.245154
220.564836581427,1.246175
220.571336591346,1.245043
220.577836601265,1.244995
220.58433661118406,1.246137
220.59083662110305,1.244714
220.597336631022,1.244818
220.603836640941,1.246072
220.61033665086003,1.24489
220.61683666077903,1.244815
220.62333667069805,1.245853
220.62983668061702,1.244776
220.636336690536,1.244838
220.642836700455,1.245448
220.64933671037403,1.244359
220.65583672029302,1.244274
220.662336730212,1.245492
220.668836740131,1.244464
220.67533675005,1.244258
220.681836759969,1.245425
220.68833676988805,1.244467
220.694836779807,1.244559
220.70133678972599,1.2453
220.70783679964504,1.244163
220.71433680956403,1.24405
220.72083681948303,1.245421
220.72733682940202,1.244231
220.73383683932101,1.244247
220.74033684924,1.245256
220.74683685915903,1.244241
220.75333686907803,1.244241
220.759836878997,1.245389
220.76633688891602,1.243964
220.772836898835,1.243925
220.779336908754,1.244651
220.78583691867303,1.243908
220.792336928592,1.243859
220.798836938511,1.244952
220.80533694843004,1.243559
220.81183695834903,1.24344
220.81833696826803,1.244816
220.82483697818705,1.243626
220.83133698810602,1.243826
220.837836998025,1.244997
220.84433700794403,1.243453
220.85083701786303,1.243609
220.85733702778202,1.244856
220.86383703770102,1.243569
220.87033704762,1.243563
220.876837057539,1.244547
220.88333706745803,1.243429
220.88983707737702,1.243347
220.896337087296,1.244389
220.90283709721504,1.2431
220.90933710713404,1.243174
220.91583711705303,1.244391
220.92233712697205,1.243185
220.92883713689102,1.242888
220.93533714681,1.243934
220.94183715672904,1.242948
220.94833716664803,1.243031
220.95483717656703,1.244271
220.96133718648602,1.242941
220.96783719640501,1.243078
220.974337206324,1.244404
220.98083721624303,1.24345
220.98733722616203,1.243115
220.993837236081,1.244226
221.000337246,1.243244
221.00683725591904,1.242986
221.01333726583803,1.243954
221.01983727575706,1.243062
221.02633728567602,1.242837
221.03283729559502,1.243831
221.039337305514,1.242729
221.04583731543303,1.243179
221.05233732535203,1.244596
221.058837335271,1.243173
221.06533734519002,1.242869
221.071837355109,1.243712
221.078337365028,1.242844
221.08483737494703,1.242569
221.091337384866,1.243726
221.097837394785,1.242499
221.104337404704,1.242393
221.11083741462303,1.243559
221.11733742454203,1.242651
221.12383743446102,1.242574
221.13033744438002,1.243687
221.136837454299,1.242395
221.14333746421804,1.242301
221.14983747413703,1.243319
221.156337484056,1.242389
221.16283749397502,1.241849
221.169337503894,1.242964
221.175837513813,1.241806
221.18233752373203,1.24171
221.18883753365103,1.242694
221.19533754357,1.241869
221.201837553489,1.241965
221.208337563408,1.242819
221.214837573327,1.241567
221.22133758324605,1.241986
221.22783759316502,1.242913
221.23433760308401,1.24163
221.24083761300304,1.241845
221.24733762292203,1.242978
221.25383763284103,1.241691
221.26033764276002,1.241578
221.26683765267902,1.242678
221.273337662598,1.241596
221.27983767251703,1.241297
221.28633768243603,1.242356
221.292837692355,1.240913
221.29933770227402,1.241165
221.305837712193,1.242101
221.312337722112,1.240741
221.31883773203106,1.240467
221.32533774195002,1.241695
221.33183775186902,1.240725
221.33833776178804,1.240363
221.34483777170703,1.241565
221.35133778162603,1.24075
221.35783779154502,1.241184
221.36433780146402,1.242003
221.370837811383,1.241145
221.37733782130204,1.24131
221.38383783122103,1.242336
221.39033784114,1.241376
221.39683785105902,1.24135
221.403337860978,1.242485
221.409837870897,1.240812
221.41633788081606,1.240989
221.422837890735,1.241987
221.429337900654,1.241017
221.43583791057304,1.241041
221.44233792049204,1.242169
221.44883793041103,1.240935
221.45533794033,1.240728
221.46183795024902,1.241846
221.46833796016801,1.240815
221.47483797008704,1.241056
221.48133798000603,1.241838
221.487837989925,1.240722
221.494337999844,1.24057
221.50083800976302,1.241254
221.507338019682,1.240195
221.51383802960106,1.240003
221.52033803952006,1.241364
221.526838049439,1.240239
221.533338059358,1.240885
221.53983806927704,1.241695
221.54633807919603,1.240278
221.55283808911506,1.240291
221.55933809903402,1.241239
221.56583810895302,1.240232
221.572338118872,1.240321
221.57883812879103,1.241452
221.58533813871003,1.240119
221.591838148629,1.240305
221.59833815854802,1.241436
221.604838168467,1.240403
221.611338178386,1.240243
221.61783818830506,1.241408
221.624338198224,1.240044
221.630838208143,1.240215
221.63733821806204,1.241223
221.64383822798104,1.240134
221.65033823790003,1.240052
221.65683824781902,1.241152
221.66333825773802,1.239995
221.669838267657,1.239951
221.67633827757604,1.241067
221.68283828749503,1.23994
221.689338297414,1.239766
221.69583830733302,1.240785
221.702338317252,1.239495
221.708838327171,1.239641
221.71533833709003,1.240615
221.721838347009,1.239602
221.728338356928,1.239556
221.73483836684704,1.240739
221.74133837676604,1.23944
221.74783838668503,1.239685
221.75433839660403,1.240732
221.76083840652302,1.239723
221.76733841644202,1.23964
221.77383842636104,1.240353
221.78033843628003,1.239288
221.786838446199,1.239589
221.79333845611802,1.240735
221.79983846603702,1.239424
221.806338475956,1.23897
221.81283848587503,1.239923
221.819338495794,1.239101
221.825838505713,1.239267
221.83233851563205,1.240434
221.83883852555104,1.239004
221.84533853547003,1.239289
221.85183854538897,1.240342
221.85833855530802,1.239487
221.86483856522702,1.239237
221.87133857514604,1.24025
221.87783858506504,1.239071
221.88433859498403,1.238995
221.890838604903,1.2403
221.89733861482202,1.23906
221.903838624741,1.239023
221.91033863466004,1.240069
221.91683864457903,1.239113
221.923338654498,1.239263
221.929838664417,1.240349
221.936338674336,1.238921
221.94283868425504,1.238827
221.94933869417406,1.239945
221.95583870409303,1.239021
221.96233871401202,1.238984
221.96883872393101,1.239993
221.97533873385004,1.239011
221.98183874376903,1.23918
221.988338753688,1.240022
221.99483876360702,1.238739
222.00133877352602,1.239018
222.007838783445,1.240057
222.01433879336403,1.23844
222.020838803283,1.238352
222.027338813202,1.239632
222.03383882312102,1.238415
222.04033883304,1.239022
222.04683884295903,1.239717
222.05333885287803,1.238469
222.05983886279702,1.238499
222.06633887271602,1.239957
222.07283888263504,1.238743
222.07933889255403,1.238463
222.085838902473,1.2395
222.09233891239202,1.238578
222.09883892231102,1.238451
222.10533893223,1.239567
222.11183894214903,1.238626
222.118338952068,1.238709
222.124838961987,1.239444
222.13133897190602,1.238368
222.137838981825,1.238128
222.144338991744,1.2392
222.150839001663,1.238347
222.15733901158202,1.238301
222.16383902150102,1.239052
222.17033903142004,1.238021
222.17683904133904,1.238057
222.183339051258,1.239341
222.18983906117703,1.238191
222.19633907109602,1.237962
222.20283908101501,1.23863
222.20933909093404,1.237658
222.21583910085303,1.237424
222.222339110772,1.238875
222.22883912069102,1.237515
222.23533913061001,1.237822
222.241839140529,1.238793
222.24833915044806,1.237737
222.254839160367,1.237848
222.26133917028602,1.238456
222.26783918020504,1.237008
222.27433919012404,1.237372
222.28083920004303,1.238372
222.28733920996203,1.237336
222.29383921988102,1.237128
222.30033922980002,1.238382
222.30683923971904,1.23717
222.31333924963803,1.237421
222.319839259557,1.238191
222.32633926947602,1.237584
222.33283927939502,1.237435
222.339339289314,1.238209
222.34583929923306,1.237042
222.352339309152,1.237491
222.358839319071,1.238618
222.36533932899005,1.237469
222.37183933890904,1.237297
222.37833934882804,1.238695
222.384839358747,1.237334
222.39133936866602,1.236924
222.39783937858502,1.238249
222.40433938850404,1.237148
222.41083939842304,1.236973
222.417339408342,1.238318
222.423839418261,1.23716
222.43033942818002,1.23716
222.436839438099,1.238137
222.44333944801804,1.236773
222.449839457937,1.237267
222.456339467856,1.237885
222.462839477775,1.23694
222.46933948769404,1.237017
222.47583949761304,1.237623
222.482339507532,1.236539
222.48883951745103,1.236831
222.49533952737002,1.237555
222.50183953728902,1.23654
222.50833954720804,1.236579
222.514839557127,1.237351
222.521339567046,1.23685
222.52783957696502,1.236967
222.53433958688402,1.237897
222.540839596803,1.236827
222.547339606722,1.23701
222.553839616641,1.238132
222.56033962656,1.237048
222.56683963647905,1.23725
222.57333964639804,1.23828
222.57983965631703,1.237054
222.58633966623603,1.236902
222.59283967615502,1.237852
222.59933968607402,1.236798
222.60583969599304,1.236959
222.61233970591204,1.237711
222.618839715831,1.236329
222.62533972575002,1.236304
222.63183973566902,1.236989
222.638339745588,1.236135
222.64483975550704,1.236092
222.651339765426,1.236529
222.657839775345,1.235936
222.66433978526405,1.236216
222.67083979518304,1.236927
222.67733980510204,1.235973
222.68383981502103,1.236105
222.69033982494003,1.237112
222.69683983485902,1.236109
222.70333984477804,1.23573
222.70983985469704,1.236626
222.716339864616,1.235636
222.72283987453503,1.23567
222.72933988445402,1.236732
222.73583989437302,1.235752
222.74233990429204,1.236154
222.748839914211,1.236986
222.75533992413,1.235983
222.76183993404902,1.236203
222.76833994396804,1.236738
222.77483995388704,1.235828
222.78133996380598,1.235997
222.78783997372503,1.236727
222.79433998364402,1.235833
222.80083999356305,1.235668
222.80734000348204,1.23648
222.813840013401,1.235835
222.82034002332,1.236305
222.82684003323902,1.236663
222.83334004315802,1.235725
222.83984005307704,1.235958
222.846340062996,1.236477
222.852840072915,1.235546
222.859340082834,1.235793
222.86584009275302,1.236143
222.872340102672,1.235329
222.87884011259098,1.235443
222.88534012251003,1.235852
222.89184013242902,1.234911
222.89834014234802,1.235091
222.90484015226704,1.235631
222.91134016218604,1.234614
222.917840172105,1.235158
222.92434018202403,1.23526
222.93084019194302,1.234545
222.937340201862,1.23501
222.94384021178104,1.235349
222.9503402217,1.234661
222.956840231619,1.235049
222.96334024153802,1.235471
222.96984025145701,1.234805
222.976340261376,1.235137
222.98284027129503,1.235584
222.98934028121403,1.234675
222.99584029113302,1.235027
223.00234030105204,1.235186
223.00884031097104,1.234799
223.01534032089,1.235124
223.02184033080903,1.235263
223.02834034072802,1.234167
223.03484035064702,1.234874
223.04134036056604,1.235327
223.047840370485,1.234548
223.054340380404,1.234964
223.06084039032302,1.234977
223.06734040024202,1.234245
223.073840410161,1.234383
223.08034042008,1.234599
223.086840429999,1.23401
223.09334043991802,1.234595
223.09984044983705,1.234839
223.10634045975604,1.23414
223.112840469675,1.234172
223.11934047959403,1.234413
223.12584048951302,1.233858
223.13234049943202,1.234493
223.13884050935104,1.234781
223.14534051927,1.2338
223.151840529189,1.234254
223.15834053910802,1.234511
223.16484054902702,1.233884
223.171340558946,1.234196
223.177840568865,1.234316
223.184340578784,1.233792
223.190840588703,1.234227
223.19734059862205,1.234263
223.20384060854104,1.233434
223.21034061846,1.233829
223.21684062837903,1.233927
223.22334063829803,1.23338
223.22984064821702,1.233874
223.23634065813604,1.233975
223.24284066805504,1.233177
223.249340677974,1.233828
223.25584068789303,1.233665
223.26234069781202,1.233168
223.26884070773102,1.233977
223.27534071765004,1.233715
223.281840727569,1.233083
223.288340737488,1.233825
223.29484074740705,1.233429
223.30134075732605,1.232761
223.30784076724504,1.23337
223.314340777164,1.233225
223.32084078708303,1.23291
223.32734079700202,1.233424
223.33384080692102,1.233289
223.34034081684004,1.232814
223.346840826759,1.233462
223.353340836678,1.233246
223.35984084659702,1.232943
223.36634085651602,1.233314
223.372840866435,1.233003
223.379340876354,1.232865
223.385840886273,1.233549
223.392340896192,1.233609
223.39884090611105,1.232966
223.40534091603004,1.233617
223.411840925949,1.233171
223.41834093586803,1.232812
223.42484094578703,1.233446
223.43134095570602,1.233044
223.43784096562504,1.23265
223.444340975544,1.233499
223.450840985463,1.232966
223.45734099538203,1.232289
223.46384100530102,1.233175
223.47034101522001,1.233052
223.476841025139,1.232565
223.483341035058,1.233085
223.489841044977,1.233137
223.49634105489605,1.232633
223.50284106481504,1.232862
223.50934107473398,1.232854
223.51584108465303,1.23257
223.52234109457203,1.233028
223.52884110449102,1.233102
223.53534111441004,1.232536
223.541841124329,1.233469
223.548341134248,1.232854
223.55484114416703,1.232382
223.56134115408602,1.232857
223.56784116400502,1.232264
223.574341173924,1.231962
223.580841183843,1.232993
223.587341193762,1.23239
223.59384120368102,1.232054
223.60034121360005,1.232321
223.60684122351904,1.232151
223.61334123343804,1.232259
223.61984124335703,1.233211
223.62634125327602,1.232483
223.63284126319505,1.232226
223.63934127311404,1.232847
223.645841283033,1.232349
223.65234129295203,1.231763
223.65884130287102,1.232464
223.66534131279002,1.232048
223.67184132270904,1.231822
223.678341332628,1.23256
223.684841342547,1.232063
223.69134135246603,1.231546
223.69784136238502,1.23202
223.70434137230401,1.231038
223.71084138222298,1.230599
223.71734139214203,1.231794
223.72384140206103,1.231272
223.73034141198005,1.231055
223.73684142189904,1.231478
223.743341431818,1.230975
223.749841441737,1.230677
223.75634145165603,1.23165
223.76284146157502,1.230982
223.76934147149404,1.23085
223.775841481413,1.231641
223.782341491332,1.231051
223.788841501251,1.230942
223.79534151117002,1.23168
223.80184152108902,1.231038
223.80834153100798,1.230639
223.81484154092703,1.231559
223.82134155084603,1.230915
223.82784156076502,1.230498
223.83434157068405,1.231433
223.840841580603,1.23066
223.847341590522,1.230281
223.85384160044103,1.231057
223.86034161036002,1.230782
223.86684162027902,1.230381
223.873341630198,1.231445
223.879841640117,1.230715
223.886341650036,1.230119
223.89284165995502,1.230987
223.89934166987402,1.230612
223.90584167979299,1.230186
223.912341689712,1.230711
223.918841699631,1.229948
223.92534170955003,1.230061
223.93184171946905,1.230785
223.93834172938804,1.230191
223.944841739307,1.229891
223.95134174922603,1.230935
223.95784175914503,1.229925
223.96434176906402,1.229497
223.97084177898304,1.23055
223.977341788902,1.229766
223.983841798821,1.229561
223.99034180874003,1.230471
223.99684181865902,1.229538
224.00334182857802,1.22954
224.009841838497,1.230482
224.016341848416,1.229585
224.022841858335,1.229498
224.02934186825405,1.230165
224.03584187817304,1.229459
224.042341888092,1.22934
224.04884189801103,1.230318
224.05534190793003,1.22913
224.06184191784902,1.229363
224.06834192776805,1.230307
224.074841937687,1.229813
224.081341947606,1.229612
224.08784195752503,1.230663
224.09434196744402,1.22973
224.10084197736302,1.229696
224.107341987282,1.230394
224.113841997201,1.229257
224.12034200712,1.229257
224.12684201703905,1.229887
224.13334202695805,1.228921
224.139842036877,1.229069
224.146342046796,1.230173
224.15284205671503,1.228836
224.15934206663403,1.229232
224.16584207655305,1.230008
224.172342086472,1.22919
224.178842096391,1.228971
224.18534210631,1.229704
224.19184211622903,1.228301
224.19834212614802,1.228746
224.204842136067,1.229926
224.211342145986,1.229061
224.217842155905,1.22891
224.224342165824,1.230219
224.23084217574305,1.229024
224.237342185662,1.229081
224.243842195581,1.229657
224.25034220550003,1.228559
224.25684221541903,1.228647
224.26334222533802,1.229646
224.26984223525702,1.228632
224.276342245176,1.228485
224.282842255095,1.229715
224.28934226501403,1.228357
224.29584227493302,1.22826
224.30234228485202,1.229476
224.308842294771,1.228005
224.31534230469,1.228115
224.321842314609,1.22917
224.32834232452805,1.228042
224.33484233444705,1.228013
224.34134234436598,1.228967
224.34784235428504,1.227635
224.35434236420403,1.227457
224.36084237412302,1.228653
224.36734238404205,1.227682
224.373842393961,1.227607
224.38034240388,1.228555
224.38684241379903,1.227694
224.39334242371802,1.227521
224.39984243363702,1.228644
224.406342443556,1.227592
224.412842453475,1.227317
224.419342463394,1.228717
224.42584247331303,1.22758
224.43234248323205,1.227617
224.438842493151,1.228768
224.44534250307004,1.227819
224.45184251298903,1.228007
224.45834252290803,1.228978
224.46484253282705,1.227568
224.47134254274602,1.227544
224.477842552665,1.229067
224.48434256258403,1.228064
224.49084257250303,1.228007
224.49734258242202,1.228879
224.50384259234102,1.228008
224.51034260226,1.228076
224.516842612179,1.229228
224.52334262209803,1.227604
224.52984263201702,1.227377
224.536342641936,1.228489
224.54284265185504,1.227258
224.54934266177403,1.227227
224.55584267169303,1.22832
224.56234268161205,1.227124
224.56884269153102,1.227311
224.57534270145,1.228245
224.58184271136903,1.227334
224.58834272128803,1.227086
224.59484273120702,1.228449
224.601342741126,1.2271
224.607842751045,1.227218
224.614342760964,1.228387
224.62084277088303,1.227038
224.62734278080202,1.226968
224.63384279072102,1.228046
224.64034280063998,1.227319
224.64684281055904,1.227223
224.65334282047803,1.228306
224.65984283039705,1.227202
224.66634284031605,1.227149
224.672842850235,1.227836
224.679342860154,1.227011
224.68584287007303,1.226774
224.69234287999203,1.227453
224.69884288991105,1.22633
224.70534289983001,1.226437
224.711842909749,1.227678
224.718342919668,1.226543
224.72484292958703,1.226523
224.73134293950602,1.227707
224.737842949425,1.226839
224.744342959344,1.226607
224.75084296926303,1.227892
224.75734297918203,1.226656
224.76384298910105,1.226671
224.77034299902002,1.227527
224.776843008939,1.226339
224.78334301885803,1.226594
224.78984302877703,1.227794
224.79634303869602,1.226702
224.80284304861502,1.226352
224.809343058534,1.227302
224.815843068453,1.226318
224.82234307837203,1.226364
224.82884308829102,1.226938
224.83534309821,1.225603
224.841843108129,1.225827
224.848343118048,1.227254
224.854843127967,1.225904
224.86134313788605,1.225387
224.86784314780502,1.226394
224.874343157724,1.225576
224.88084316764304,1.225694
224.88734317756203,1.226851
224.89384318748102,1.225873
224.90034319740002,1.225666
224.906843207319,1.226609
224.913343217238,1.225474
224.91984322715703,1.225486
224.92634323707603,1.226246
224.932843246995,1.225203
224.93934325691401,1.225022
224.945843266833,1.226289
224.952343276752,1.225316
224.95884328667105,1.225417
224.96534329659002,1.226504
224.97184330650902,1.225299
224.97834331642804,1.22507
224.98484332634703,1.226009
224.99134333626603,1.225461
224.99784334618505,1.225294
225.00434335610402,1.226214
225.010843366023,1.224962
225.01734337594203,1.224942
225.02384338586103,1.22602
225.03034339578002,1.224983
225.036843405699,1.225029
225.043343415618,1.226187
225.049843425537,1.225051
225.05634343545606,1.22491
225.06284344537505,1.225874
225.069343455294,1.225097
225.075843465213,1.224955
225.08234347513203,1.226017
225.08884348505103,1.224809
225.09534349497005,1.224656
225.10184350488902,1.225784
225.108343514808,1.224791
225.114843524727,1.224563
225.12134353464603,1.225547
225.12784354456502,1.224296
225.134343554484,1.224283
225.140843564403,1.225381
225.147343574322,1.224398
225.153843584241,1.224334
225.16034359416005,1.225322
225.166843604079,1.224164
225.173343613998,1.224227
225.17984362391704,1.225278
225.18634363383603,1.224172
225.19284364375503,1.22424
225.19934365367402,1.225311
225.20584366359301,1.224258
225.212343673512,1.224129
225.21884368343103,1.225172
225.22534369335003,1.223964
225.231843703269,1.223956
225.23834371318802,1.224813
225.244843723107,1.224029
225.251343733026,1.224077
225.25784374294506,1.224993
225.264343752864,1.223949
225.270843762783,1.224045
225.27734377270204,1.225004
225.28384378262103,1.224545
225.29034379254003,1.224258
225.29684380245902,1.225143
225.30334381237802,1.224051
225.309843822297,1.223673
225.31634383221603,1.224374
225.32284384213503,1.223825
225.32934385205402,1.223788
225.33584386197302,1.224803
225.342343871892,1.22369
225.348843881811,1.223619
225.35534389173003,1.224916
225.36184390164902,1.224003
225.368343911568,1.22397
225.37484392148704,1.224769
225.38134393140604,1.223582
225.38784394132503,1.223193
225.39434395124405,1.224587
225.40084396116302,1.223692
225.407343971082,1.223359
225.41384398100104,1.224504
225.42034399092003,1.223064
225.42684400083903,1.222957
225.43334401075802,1.224151
225.43984402067701,1.223334
225.446344030596,1.223142
225.45284404051503,1.223895
225.45934405043403,1.222522
225.465844060353,1.222572
225.47234407027204,1.223487
225.47884408019104,1.222463
225.48534409011003,1.222821
225.49184410002906,1.223429
225.49834410994802,1.222316
225.50484411986702,1.222461
225.51134412978604,1.224109
225.51784413970503,1.222855
225.52434414962403,1.222947
225.530844159543,1.223707
225.53734416946202,1.222813
225.543844179381,1.222308
225.55034418930003,1.223255
225.55684419921903,1.222044
225.563344209138,1.222338
225.569844219057,1.223342
225.576344228976,1.222132
225.58284423889504,1.222106
225.58934424881406,1.223179
225.59584425873302,1.221999
225.60234426865202,1.222278
225.608844278571,1.223619
225.61534428849004,1.222292
225.62184429840903,1.222243
225.628344308328,1.223314
225.63484431824702,1.221997
225.641344328166,1.221824
225.647844338085,1.223057
225.65434434800403,1.221853
225.660844357923,1.221865
225.667344367842,1.222966
225.67384437776101,1.221513
225.68034438768,1.221732
225.68684439759903,1.222771
225.69334440751805,1.221738
225.69984441743702,1.221568
225.70634442735602,1.22244
225.71284443727504,1.221287
225.71934444719403,1.221341
225.72584445711303,1.222641
225.73234446703202,1.221369
225.73884447695102,1.221255
225.74534448687,1.222491
225.75184449678903,1.221174
225.75834450670803,1.221238
225.764844516627,1.22227
225.77134452654602,1.221409
225.777844536465,1.221352
225.784344546384,1.221891
225.79084455630306,1.22078
225.79734456622202,1.220989
225.80384457614102,1.22202
225.81034458606004,1.220777
225.81684459597903,1.22055
225.82334460589803,1.22163
225.82984461581702,1.220416
225.83634462573602,1.220578
225.842844635655,1.221871
225.84934464557404,1.220448
225.85584465549303,1.22038
225.862344665412,1.221491
225.86884467533102,1.220412
225.87534468525,1.220374
225.881844695169,1.221212
225.88834470508806,1.220547
225.894844715007,1.220122
225.90134472492602,1.221231
225.90784473484504,1.219855
225.91434474476404,1.219903
225.92084475468303,1.221257
225.927344764602,1.220456
225.93384477452102,1.22035
225.94034478444001,1.22097
225.94684479435904,1.219725
225.95334480427803,1.219837
225.959844814197,1.220991
225.966344824116,1.219819
225.97284483403502,1.219786
225.979344843954,1.220583
225.98584485387306,1.219561
225.992344863792,1.219728
225.998844873711,1.220755
226.00534488363,1.219245
226.01184489354904,1.219349
226.01834490346803,1.220478
226.02484491338706,1.219298
226.03134492330602,1.219541
226.03784493322502,1.22043
226.044344943144,1.219038
226.05084495306303,1.218824
226.05734496298203,1.219802
226.063844972901,1.21862
226.07034498282002,1.218472
226.076844992739,1.219434
226.083345002658,1.218183
226.08984501257706,1.218444
226.096345022496,1.219679
226.102845032415,1.218337
226.10934504233404,1.21851
226.11584505225304,1.219333
226.12234506217203,1.218113
226.12884507209102,1.218197
226.13534508201002,1.219513
226.141845091929,1.218502
226.14834510184804,1.218139
226.15484511176703,1.219164
226.161345121686,1.218232
226.16784513160502,1.218138
226.17434514152401,1.219335
226.180845151443,1.218237
226.18734516136203,1.218306
226.193845171281,1.219149
226.2003451812,1.218133
226.20684519111904,1.218135
226.21334520103804,1.218925
226.21984521095703,1.217577
226.22634522087603,1.217772
226.23284523079502,1.219
226.23934524071402,1.217612
226.24584525063304,1.217595
226.25234526055203,1.21834
226.258845270471,1.21722
226.26534528039002,1.217693
226.27184529030902,1.218851
226.278345300228,1.217666
226.28484531014703,1.217825
226.291345320066,1.218491
226.297845329985,1.217516
226.30434533990405,1.217415
226.31084534982304,1.218237
226.31734535974203,1.216959
226.32384536966103,1.217223
226.33034537958002,1.218376
226.33684538949902,1.217416
226.34334539941804,1.217465
226.34984540933704,1.218607
226.356345419256,1.217421
226.36284542917502,1.217428
226.36934543909402,1.218271
226.375845449013,1.217081
226.38234545893204,1.21713
226.38884546885103,1.218161
226.39534547877,1.21715
226.40184548868902,1.217127
226.408345498608,1.218251
226.41484550852704,1.217326
226.42134551844606,1.217065
226.42784552836503,1.217962
226.43434553828402,1.217037
226.44084554820304,1.217326
226.44734555812204,1.218623
226.45384556804103,1.217167
226.46034557796,1.217381
226.46684558787902,1.218238
226.47334559779802,1.217413
226.479845607717,1.21688
226.48634561763603,1.217885
226.492845627555,1.216688
226.499345637474,1.216521
226.50584564739302,1.217597
226.512345657312,1.216851
226.51884566723103,1.216679
226.52534567715003,1.217974
226.53184568706902,1.216953
226.53834569698802,1.216578
226.54484570690704,1.217572
226.55134571682603,1.216598
226.557845726745,1.216417
226.56434573666402,1.217414
226.57084574658302,1.216068
226.577345756502,1.216173
226.58384576642104,1.216896
226.59034577634,1.215955
226.596845786259,1.215939
226.60334579617802,1.217071
226.609845806097,1.215918
226.616345816016,1.215587
226.622845825935,1.217023
226.62934583585402,1.216385
226.63584584577302,1.216091
226.64234585569204,1.216967
226.64884586561104,1.215708
226.65534587553,1.216214
226.66184588544903,1.217148
226.66834589536802,1.216011
226.67484590528701,1.21595
226.68134591520604,1.216857
226.687845925125,1.215883
226.694345935044,1.216055
226.70084594496302,1.217054
226.70734595488202,1.215648
226.713845964801,1.215633
226.72034597472006,1.216464
226.726845984639,1.215503
226.73334599455802,1.21507
226.73984600447704,1.216316
226.74634601439604,1.215029
226.75284602431503,1.215077
226.75934603423403,1.216162
226.76584604415302,1.215109
226.77234605407202,1.215131
226.77884606399104,1.216151
226.78534607391003,1.215087
226.791846083829,1.215156
226.79834609374802,1.216228
226.80484610366702,1.215194
226.811346113586,1.215088
226.81784612350506,1.215986
226.824346133424,1.215163
226.830846143343,1.214593
226.83734615326205,1.215642
226.84384616318104,1.214541
226.85034617310004,1.214616
226.856846183019,1.215681
226.86334619293802,1.214467
226.86984620285702,1.214458
226.87634621277604,1.215286
226.88284622269504,1.214578
226.889346232614,1.2144
226.895846242533,1.2157
226.90234625245202,1.214806
226.90884626237101,1.214631
226.91534627229004,1.215817
226.921846282209,1.214609
226.928346292128,1.214499
226.934846302047,1.215659
226.94134631196604,1.214238
226.94784632188504,1.21429
226.954346331804,1.215624
226.96084634172303,1.2147
226.96734635164202,1.214835
226.97384636156102,1.215694
226.98034637148004,1.214298
226.986846381399,1.214253
226.993346391318,1.215356
226.99984640123702,1.214364
227.00634641115602,1.214261
227.012846421075,1.215348
227.019346430994,1.214086
227.025846440913,1.213776
227.032346450832,1.215061
227.03884646075105,1.213754
227.04534647067004,1.213663
227.051846480589,1.214636
227.05834649050803,1.213825
227.06484650042702,1.214006
227.07134651034602,1.215
227.07784652026504,1.21375
227.08434653018404,1.213818
227.090846540103,1.2146
227.09734655002202,1.213479
227.10384655994102,1.213415
227.11034656986,1.214598
227.11684657977904,1.213504
227.123346589698,1.213588
227.129846599617,1.214465
227.13634660953605,1.213312
227.14284661945504,1.21325
227.14934662937404,1.214553
227.15584663929303,1.213581
227.16234664921203,1.213377
227.16884665913102,1.214442
227.17534666905004,1.213522
227.18184667896904,1.213452
227.188346688888,1.214261
227.19484669880703,1.213249
227.20134670872602,1.21327
227.20784671864502,1.214237
227.21434672856404,1.213387
227.220846738483,1.213347
227.227346748402,1.214314
227.23384675832102,1.213146
227.24034676824004,1.213161
227.24684677815904,1.213923
227.25334678807803,1.212857
227.25984679799703,1.212951
227.26634680791602,1.213828
227.27284681783505,1.212827
227.27934682775404,1.212629
227.285846837673,1.21377
227.292346847592,1.212468
227.29884685751102,1.212746
227.30534686743002,1.213693
227.31184687734904,1.212652
227.318346887268,1.212602
227.324846897187,1.21371
227.331346907106,1.212598
227.33784691702502,1.212531
227.344346926944,1.213165
227.35084693686298,1.2121
227.35734694678203,1.212475
227.36384695670102,1.213281
227.37034696662002,1.212385
227.37684697653904,1.212507
227.383346986458,1.213274
227.389846996377,1.212316
227.39634700629603,1.212067
227.40284701621502,1.212941
227.40934702613401,1.212565
227.41584703605304,1.212565
227.422347045972,1.213122
227.428847055891,1.211998
227.43534706581002,1.212154
227.44184707572902,1.212692
227.448347085648,1.211501
227.45484709556703,1.21165
227.46134710548603,1.212158
227.46784711540502,1.211191
227.47434712532404,1.211983
227.48084713524304,1.212502
227.487347145162,1.211605
227.49384715508103,1.211888
227.50034716500002,1.212489
227.50684717491902,1.211352
227.51334718483804,1.211532
227.519847194757,1.212008
227.526347204676,1.211033
227.53284721459502,1.211015
227.53934722451402,1.211889
227.545847234433,1.211118
227.552347244352,1.211333
227.558847254271,1.211893
227.56534726419002,1.211228
227.57184727410905,1.211606
227.57834728402804,1.212233
227.584847293947,1.211483
227.59134730386603,1.211577
227.59784731378502,1.211991
227.60434732370402,1.211146
227.61084733362304,1.211344
227.617347343542,1.212084
227.623847353461,1.211111
227.63034736338003,1.21088
227.63684737329902,1.211391
227.643347383218,1.210832
227.649847393137,1.211224
227.656347403056,1.211628
227.662847412975,1.210632
227.66934742289405,1.210881
227.67584743281304,1.210978
227.682347442732,1.210453
227.68884745265103,1.210866
227.69534746257003,1.211128
227.70184747248902,1.210462
227.70834748240804,1.210932
227.714847492327,1.211089
227.721347502246,1.210106
227.72784751216503,1.210306
227.73434752208402,1.210787
227.74084753200302,1.209874
227.74734754192198,1.210175
227.753847551841,1.210591
227.76034756176,1.210266
227.76684757167905,1.210343
227.77334758159805,1.210797
227.77984759151704,1.210324
227.786347601436,1.210555
227.79284761135503,1.210608
227.79934762127402,1.209954
227.80584763119305,1.210502
227.81234764111204,1.210853
227.818847651031,1.209871
227.82534766095,1.210508
227.83184767086902,1.2111
227.83834768078802,1.210129
227.84484769070704,1.210452
227.851347700626,1.210495
227.857847710545,1.210039
227.864347720464,1.210405
227.87084773038305,1.210712
227.87734774030204,1.209963
227.883847750221,1.210116
227.89034776014003,1.210214
227.89684777005903,1.209899
227.90334777997802,1.210053
227.90984778989704,1.210101
227.916347799816,1.209564
227.922847809735,1.209922
227.92934781965403,1.21023
227.93584782957302,1.209582
227.94234783949202,1.210021
227.948847849411,1.210065
227.95534785933,1.209509
227.961847869249,1.210164
227.96834787916805,1.209902
227.97484788908704,1.209457
227.98134789900598,1.209934
227.98784790892503,1.209988
227.99434791884403,1.209231
228.00084792876302,1.209436
228.00734793868205,1.209742
228.013847948601,1.209034
228.02034795852,1.209207
228.02684796843903,1.209294
228.03334797835802,1.208544
228.03984798827702,1.209022
228.046347998196,1.208855
228.052848008115,1.208326
228.059348018034,1.20863
228.06584802795302,1.209028
228.07234803787205,1.208508
228.07884804779098,1.209296
228.08534805771004,1.209025
228.09184806762903,1.208547
228.09834807754802,1.208835
228.10484808746705,1.208905
228.11134809738604,1.208418
228.117848107305,1.209231
228.12434811722403,1.208869
228.13084812714303,1.208292
228.13734813706202,1.208829
228.14384814698104,1.208513
228.1503481569,1.207895
228.156848166819,1.20861
228.16334817673803,1.208494
228.16984818665702,1.208097
228.17634819657604,1.20829
228.18284820649498,1.208257
228.18934821641403,1.207749
228.19584822633303,1.20833
228.20234823625205,1.208035
228.20884824617104,1.207769
228.21534825609,1.208404
228.221848266009,1.208127
228.22834827592803,1.207789
228.23484828584702,1.20857
228.24134829576604,1.20811
228.247848305685,1.207287
228.254348315604,1.207935
228.260848325523,1.207878
228.26734833544202,1.207692
228.27384834536102,1.207967
228.28034835527998,1.207893
228.28684836519903,1.20755
228.29334837511803,1.208122
228.29984838503702,1.208011
228.30634839495605,1.207706
228.312848404875,1.208265
228.319348414794,1.208248
228.32584842471303,1.207388
228.33234843463202,1.208427
228.33884844455102,1.20801
228.34534845447,1.207632
228.351848464389,1.208367
228.358348474308,1.208028
228.36484848422702,1.207727
228.37134849414602,1.208425
228.37784850406499,1.207946
228.384348513984,1.207458
228.39084852390303,1.207994
228.39734853382203,1.207858
228.40384854374105,1.207738
228.41034855366001,1.208157
228.416848563579,1.207993
228.42334857349803,1.20703
228.42984858341703,1.207545
228.43634859333602,1.207295
228.44284860325502,1.206974
228.449348613174,1.207669
228.455848623093,1.207296
228.46234863301203,1.206865
228.46884864293102,1.207885
228.47534865285002,1.207484
228.481848662769,1.20704
228.488348672688,1.208187
228.494848682607,1.20743
228.50134869252605,1.207296
228.50784870244505,1.207797
228.514348712364,1.207426
228.52084872228303,1.206906
228.52734873220203,1.20771
228.53384874212102,1.207083
228.54034875204005,1.20681
228.546848761959,1.207943
228.553348771878,1.207299
228.55984878179703,1.206668
228.56634879171602,1.207243
228.57284880163502,1.206976
228.579348811554,1.206572
228.585848821473,1.207693
228.592348831392,1.206867
228.59884884131105,1.206449
228.60534885123005,1.207221
228.611848861149,1.206436
228.61834887106804,1.206329
228.62484888098703,1.207149
228.63134889090603,1.206473
228.63784890082505,1.206361
228.64434891074401,1.207504
228.650848920663,1.20691
228.65734893058203,1.206491
228.66384894050103,1.207756
228.67034895042002,1.20654
228.676848960339,1.205907
228.683348970258,1.20662
228.689848980177,1.20615
228.69634899009606,1.206369
228.70284900001505,1.206975
228.709349009934,1.206203
228.715849019853,1.206346
228.72234902977203,1.207019
228.72884903969103,1.206273
228.73534904961005,1.206071
228.74184905952902,1.207268
228.748349069448,1.206298
228.754849079367,1.206505
228.76134908928603,1.20725
228.76784909920502,1.206413
228.774349109124,1.206222
228.780849119043,1.206988
228.787349128962,1.20626
228.793849138881,1.206313
228.80034914880005,1.207214
228.80684915871905,1.206179
228.81334916863798,1.206008
228.81984917855704,1.207078
228.82634918847603,1.20625
228.83284919839502,1.206056
228.83934920831405,1.2068
228.845849218233,1.205767
228.852349228152,1.205691
228.85884923807103,1.20699
228.86534924799003,1.206051
228.87184925790902,1.206071
228.878349267828,1.206828
228.884849277747,1.205833
228.891349287666,1.205598
228.89784929758503,1.206477
228.90434930750405,1.205721
228.910849317423,1.205533
228.91734932734204,1.206538
228.92384933726103,1.205587
228.93034934718003,1.205453
228.93684935709905,1.20647
228.94334936701802,1.20533
228.949849376937,1.205335
228.95634938685603,1.206297
228.96284939677503,1.205515
228.96934940669402,1.205192
228.97584941661302,1.206384
228.982349426532,1.205304
228.988849436451,1.205159
228.99534944637003,1.205988
229.00184945628902,1.204862
229.008349466208,1.204738
229.01484947612704,1.205472
229.02134948604603,1.204573
229.02784949596503,1.204325
229.03434950588405,1.205402
229.04084951580302,1.204546
229.047349525722,1.204616
229.05384953564104,1.205746
229.06034954556003,1.204638
229.06684955547902,1.20423
229.073349565398,1.205235
229.079849575317,1.203838
229.086349585236,1.204162
229.09284959515503,1.205636
229.09934960507402,1.20443
229.105849614993,1.204486
229.11234962491199,1.205481
229.11884963483104,1.204217
229.12534964475003,1.204426
229.13184965466905,1.205598
229.13834966458802,1.204453
229.14484967450701,1.204356
229.151349684426,1.205197
229.15784969434503,1.204247
229.16434970426403,1.204024
229.17084971418305,1.204944
229.17734972410202,1.203623
229.183849734021,1.203503
229.19034974394,1.204856
229.19684975385903,1.203957
229.20334976377802,1.203852
229.209849773697,1.204806
229.216349783616,1.204034
229.22284979353503,1.203746
229.22934980345403,1.204668
229.23584981337305,1.203783
229.24234982329202,1.203319
229.248849833211,1.204477
229.25534984313003,1.203565
229.26184985304903,1.203588
229.26834986296802,1.204797
229.27484987288702,1.203772
229.281349882806,1.203365
229.287849892725,1.204431
229.29434990264403,1.203474
229.30084991256302,1.203285
229.307349922482,1.204175
229.313849932401,1.202965
229.32034994232,1.202906
229.32684995223903,1.203746
229.33334996215805,1.202771
229.33984997207702,1.202985
229.346349981996,1.204075
229.35284999191504,1.202861
229.35935000183403,1.203231
229.36585001175303,1.204578
229.37235002167202,1.203191
229.378850031591,1.203697
229.38535004151,1.204511
229.39185005142903,1.203231
229.39835006134803,1.203287
229.404850071267,1.204256
229.41135008118601,1.20296
229.417850091105,1.202881
229.424350101024,1.20351
229.43085011094306,1.20248
229.43735012086202,1.202757
229.44385013078102,1.203862
229.45035014070004,1.202724
229.45685015061903,1.202994
229.46335016053803,1.204057
229.46985017045702,1.202729
229.47635018037602,1.20226
229.482850190295,1.203337
229.48935020021403,1.201809
229.49585021013303,1.202169
229.50235022005202,1.203024
229.50885022997102,1.20215
229.51535023989,1.20219
229.521850249809,1.203265
229.52835025972806,1.202146
229.53485026964705,1.202035
229.54135027956602,1.203116
229.54785028948504,1.202089
229.55435029940404,1.202048
229.56085030932303,1.203331
229.56735031924205,1.202003
229.57385032916102,1.201867
229.58035033908,1.203185
229.58685034899904,1.201768
229.59335035891803,1.201893
229.59985036883702,1.202938
229.606350378756,1.201576
229.612850388675,1.202055
229.619350398594,1.203097
229.625850408513,1.201904
229.63235041843205,1.201803
229.638850428351,1.203025
229.64535043827,1.201622
229.65185044818904,1.201639
229.65835045810803,1.202835
229.66485046802703,1.201816
229.67135047794602,1.201837
229.67785048786502,1.202594
229.684350497784,1.201624
229.69085050770303,1.201489
229.69735051762203,1.202664
229.703850527541,1.201422
229.71035053746002,1.201385
229.716850547379,1.20214
229.723350557298,1.201248
229.72985056721706,1.201189
229.736350577136,1.202247
229.742850587055,1.200836
229.74935059697404,1.200853
229.75585060689303,1.202059
229.76235061681203,1.201189
229.76885062673102,1.201395
229.77535063665002,1.202502
229.781850646569,1.201398
229.78835065648803,1.201372
229.79485066640703,1.20233
229.801350676326,1.201317
229.80785068624502,1.20102
229.814350696164,1.201677
229.820850706083,1.200496
229.82735071600203,1.200722
229.833850725921,1.201701
229.84035073584,1.200891
229.84685074575904,1.200839
229.85335075567804,1.201984
229.85985076559703,1.201134
229.86635077551605,1.201076
229.87285078543502,1.202136
229.87935079535401,1.200712
229.88585080527304,1.200505
229.89235081519203,1.20141
229.89885082511103,1.200495
229.90535083503002,1.200465
229.91185084494902,1.201238
229.918350854868,1.199957
229.92485086478703,1.200095
229.93135087470603,1.201089
229.937850884625,1.199832
229.94435089454404,1.199815
229.95085090446304,1.200894
229.95735091438203,1.199612
229.96385092430106,1.199789
229.97035093422002,1.200697
229.97685094413902,1.199674
229.98335095405804,1.199717
229.98985096397703,1.200789
229.99635097389603,1.199837
230.002850983815,1.200016
230.00935099373402,1.201102
230.015851003653,1.199872
230.02235101357203,1.199308
230.02885102349103,1.200045
230.03535103341,1.199274
230.041851043329,1.199233
230.048351053248,1.200534
230.05485106316704,1.199726
230.06135107308606,1.199424
230.06785108300502,1.200628
230.07435109292402,1.19935
230.080851102843,1.19904
230.08735111276204,1.200286
230.09385112268103,1.199431
230.1003511326,1.199351
230.10685114251902,1.200527
230.113351152438,1.199273
230.119851162357,1.19938
230.12635117227603,1.200448
230.132851182195,1.199398
230.139351192114,1.199351
230.14585120203301,1.200174
230.152351211952,1.199014
230.15885122187103,1.199007
230.16535123179003,1.200336
230.17185124170902,1.199046
230.17835125162802,1.198853
230.18485126154704,1.200019
230.19135127146603,1.19873
230.19785128138503,1.198361
230.20435129130402,1.199465
230.21085130122302,1.198658
230.217351311142,1.198804
230.22385132106103,1.199908
230.23035133098003,1.198893
230.236851340899,1.198376
230.24335135081802,1.199431
230.249851360737,1.198512
230.256351370656,1.198497
230.26285138057506,1.199414
230.26935139049402,1.198319
230.27585140041302,1.198465
230.28235141033204,1.19969
230.28885142025104,1.199019
230.29535143017003,1.198605
230.30185144008902,1.199551
230.30835145000802,1.198428
230.314851459927,1.198092
230.32135146984604,1.199113
230.32785147976503,1.198047
230.334351489684,1.197369
230.34085149960302,1.198278
230.347351509522,1.197431
230.353851519441,1.197951
230.36035152936006,1.198949
230.366851539279,1.197899
230.37335154919802,1.197809
230.37985155911704,1.198702
230.38635156903604,1.197613
230.39285157895503,1.197497
230.39935158887403,1.198739
230.40585159879302,1.197767
230.41235160871202,1.197646
230.41885161863104,1.198413
230.42535162855003,1.197611
230.431851638469,1.197921
230.438351648388,1.198949
230.44485165830702,1.197868
230.451351668226,1.197684
230.45785167814506,1.198817
230.464351688064,1.19777
230.470851697983,1.197447
230.477351707902,1.19858
230.48385171782104,1.197385
230.49035172774003,1.197669
230.496851737659,1.198583
230.50335174757802,1.197455
230.50985175749702,1.197637
230.516351767416,1.198179
230.52285177733503,1.197257
230.529351787254,1.197134
230.535851797173,1.198233
230.54235180709202,1.197117
230.548851817011,1.197217
230.55535182693,1.198413
230.56185183684906,1.197113
230.568351846768,1.1971
230.574851856687,1.197753
230.58135186660604,1.19659
230.58785187652504,1.196414
230.59435188644403,1.197562
230.60085189636303,1.196265
230.60735190628202,1.196386
230.613851916201,1.197472
230.62035192612004,1.196456
230.62685193603903,1.196394
230.633351945958,1.197516
230.63985195587702,1.196368
230.64635196579601,1.196443
230.652851975715,1.197525
230.65935198563403,1.196753
230.665851995553,1.196413
230.672352005472,1.197621
230.67885201539104,1.19655
230.68535202531004,1.19665
230.69185203522903,1.1974
230.69835204514803,1.196267
230.70485205506702,1.196766
230.71135206498602,1.19749
230.71785207490504,1.196501
230.72435208482403,1.196543
230.730852094743,1.197615
230.73735210466202,1.196716
230.74385211458102,1.196496
230.7503521245,1.197285
230.75685213441903,1.196339
230.763352144338,1.196056
230.769852154257,1.196924
230.77635216417605,1.195764
230.78285217409504,1.195619
230.78935218401404,1.196809
230.79585219393303,1.195267
230.80235220385202,1.195657
230.80885221377102,1.196678
230.81535222369004,1.19591
230.82185223360904,1.196059
230.828352243528,1.196731
230.83485225344702,1.195413
230.84135226336602,1.195503
230.847852273285,1.196383
230.85435228320404,1.195385
230.860852293123,1.195749
230.867352303042,1.197208
230.87385231296102,1.195866
230.88035232288004,1.19567
230.88685233279904,1.196419
230.89335234271806,1.195544
230.89985235263703,1.195649
230.90635236255602,1.196638
230.91285237247504,1.195596
230.91935238239404,1.195397
230.92585239231303,1.196615
230.932352402232,1.195496
230.93885241215102,1.195465
230.94535242207002,1.196212
230.95185243198904,1.195219
230.95835244190803,1.195286
230.964852451827,1.19662
230.971352461746,1.195163
230.97785247166502,1.195363
230.984352481584,1.196201
230.99085249150306,1.195491
230.99735250142203,1.195428
231.00385251134102,1.196196
231.01035252126002,1.195214
231.01685253117904,1.195458
231.02335254109803,1.196363
231.029852551017,1.195162
231.03635256093602,1.195364
231.04285257085502,1.196156
231.049352580774,1.195042
231.05585259069304,1.194856
231.062352600612,1.195373
231.068852610531,1.194812
231.07535262045002,1.194813
231.081852630369,1.195951
231.088352640288,1.194686
231.09485265020703,1.194731
231.10135266012603,1.195753
231.10785267004502,1.194906
231.11435267996404,1.194365
231.12085268988304,1.195245
231.127352699802,1.194651
231.13385270972103,1.194771
231.14035271964002,1.195891
231.14685272955901,1.194669
231.15335273947804,1.194694
231.159852749397,1.195592
231.166352759316,1.194756
231.17285276923502,1.194602
231.17935277915402,1.195456
231.185852789073,1.194194
231.192352798992,1.194162
231.198852808911,1.195026
231.20535281883002,1.193875
231.21185282874904,1.193805
231.21835283866804,1.194945
231.224852848587,1.194263
231.23135285850603,1.193982
231.23785286842502,1.195183
231.24435287834402,1.193993
231.25085288826304,1.193915
231.25735289818203,1.194827
231.263852908101,1.193918
231.27035291802002,1.193663
231.27685292793902,1.19497
231.283352937858,1.19408
231.28985294777706,1.194104
231.296352957696,1.195315
231.302852967615,1.193869
231.30935297753405,1.193573
231.31585298745304,1.194771
231.32235299737204,1.193707
231.328853007291,1.19381
231.33535301721002,1.194572
231.34185302712902,1.193665
231.34835303704804,1.1935
231.35485304696704,1.194726
231.361353056886,1.193379
231.367853066805,1.193501
231.37435307672402,1.194389
231.38085308664301,1.193494
231.38735309656207,1.193566
231.393853106481,1.194352
231.4003531164,1.193137
231.406853126319,1.1931
231.41335313623804,1.194307
231.41985314615704,1.193169
231.426353156076,1.193122
231.43285316599503,1.194235
231.43935317591402,1.193134
231.44585318583302,1.193012
231.45235319575204,1.194267
231.458853205671,1.192796
231.46535321559,1.19308
231.47185322550902,1.194169
231.47835323542802,1.192814
231.484853245347,1.192797
231.491353255266,1.194028
231.497853265185,1.193426
231.504353275104,1.193276
231.51085328502305,1.194274
231.51735329494204,1.193312
231.523853304861,1.193135
231.53035331478003,1.194055
231.53685332469902,1.19276
231.54335333461802,1.193017
231.54985334453704,1.19384
231.556353354456,1.1929
231.562853364375,1.193118
231.56935337429402,1.193985
231.57585338421302,1.192906
231.582353394132,1.192836
231.58885340405104,1.193441
231.59535341397,1.192491
231.601853423889,1.192332
231.60835343380805,1.193029
231.61485344372704,1.191957
231.62135345364604,1.191894
231.62785346356503,1.193216
231.63435347348403,1.192228
231.64085348340302,1.192072
231.64735349332204,1.19271
231.65385350324104,1.191709
231.66035351316,1.191881
231.66685352307903,1.193267
231.67335353299802,1.191908
231.67985354291702,1.191899
231.68635355283604,1.192935
231.692853562755,1.191914
231.699353572674,1.191975
231.70585358259302,1.192817
231.71235359251204,1.191551
231.71885360243104,1.191218
231.72535361235003,1.192103
231.73185362226903,1.191148
231.73835363218802,1.191338
231.74485364210705,1.19238
231.75135365202604,1.191333
231.757853661945,1.191876
231.76435367186403,1.193055
231.77085368178302,1.191453
231.77735369170202,1.191714
231.78385370162104,1.192689
231.79035371154,1.191322
231.796853721459,1.190902
231.80335373137802,1.19221
231.80985374129702,1.191796
231.81635375121604,1.191514
231.82285376113498,1.192521
231.82935377105403,1.191793
231.83585378097303,1.192012
231.84235379089205,1.192614
231.84885380081104,1.191685
231.85535381073,1.191643
231.861853820649,1.192633
231.86835383056803,1.19168
231.87485384048702,1.191422
231.88135385040604,1.192409
231.887853860325,1.191432
231.894353870244,1.191571
231.900853880163,1.19245
231.90735389008202,1.191414
231.91385390000102,1.191269
231.92035390991998,1.192172
231.92685391983903,1.191153
231.93335392975803,1.191247
231.93985393967702,1.191853
231.94635394959604,1.191154
231.95285395951504,1.191256
231.959353969434,1.192
231.96585397935303,1.19112
231.97235398927202,1.190866
231.97885399919102,1.191767
231.98535400911004,1.191022
231.991854019029,1.191167
231.998354028948,1.192203
232.00485403886702,1.191172
232.01135404878602,1.191215
232.017854058705,1.191829
232.024354068624,1.190943
232.03085407854303,1.190983
232.03735408846202,1.192084
232.04385409838105,1.191121
232.05035410830004,1.191148
232.056854118219,1.191741
232.06335412813803,1.190843
232.06985413805702,1.191284
232.07635414797602,1.19208
232.08285415789504,1.191112
232.089354167814,1.191412
232.095854177733,1.192107
232.10235418765203,1.190916
232.10885419757102,1.191275
232.11535420749001,1.19223
232.121854217409,1.191037
232.128354227328,1.190833
232.134854237247,1.191481
232.14135424716605,1.190511
232.14785425708504,1.19064
232.154354267004,1.191796
232.16085427692303,1.190616
232.16735428684203,1.190742
232.17385429676102,1.191436
232.18035430668004,1.190234
232.186854316599,1.190338
232.193354326518,1.191367
232.19985433643703,1.190237
232.20635434635602,1.19072
232.21285435627502,1.191159
232.21935436619398,1.190101
232.225854376113,1.190027
232.232354386032,1.191059
232.23885439595105,1.190244
232.24535440587005,1.19035
232.251854415789,1.191424
232.258354425708,1.190445
232.26485443562703,1.190687
232.27135444554602,1.191084
232.27785445546505,1.189609
232.28435446538404,1.189919
232.290854475303,1.190177
232.297354485222,1.189344
232.30385449514102,1.189934
232.31035450506002,1.190354
232.31685451497904,1.189558
232.323354524898,1.189903
232.329854534817,1.190524
232.336354544736,1.189527
232.34285455465505,1.189839
232.34935456457404,1.190022
232.355854574493,1.189237
232.36235458441203,1.189599
232.36885459433103,1.189875
232.37535460425002,1.189399
232.38185461416904,1.189594
232.388354624088,1.190027
232.394854634007,1.189179
232.40135464392603,1.189538
232.40785465384502,1.19021
232.41435466376402,1.189422
232.420854673683,1.189902
232.427354683602,1.190482
232.433854693521,1.188891
232.44035470344005,1.189254
232.44685471335904,1.189861
232.45335472327798,1.189414
232.45985473319703,1.189803
232.46635474311603,1.189943
232.47285475303502,1.188929
232.47935476295405,1.189029
232.485854772873,1.189297
232.492354782792,1.188976
232.49885479271103,1.189446
232.50535480263002,1.189928
232.51185481254902,1.18906
232.518354822468,1.189226
232.524854832387,1.189417
232.531354842306,1.188418
232.53785485222502,1.188951
232.54435486214405,1.189213
232.55085487206298,1.188458
232.55735488198204,1.18893
232.56385489190103,1.189428
232.57035490182002,1.188568
232.57685491173905,1.189105
232.583354921658,1.189175
232.589854931577,1.188533
232.59635494149603,1.188823
232.60285495141503,1.188999
232.60935496133402,1.188214
232.61585497125301,1.18828
232.622354981172,1.188432
232.628854991091,1.187984
232.63535500101003,1.188169
232.64185501092902,1.188883
232.64835502084804,1.188586
232.65485503076704,1.188637
232.66135504068603,1.18889
232.66785505060503,1.18852
232.67435506052405,1.18896
232.68085507044304,1.188992
232.687355080362,1.187756
232.69385509028103,1.188169
232.70035510020003,1.188614
232.70685511011902,1.187944
232.71335512003805,1.188829
232.719855129957,1.188732
232.726355139876,1.187766
232.73285514979503,1.188227
232.73935515971402,1.188166
232.74585516963302,1.187496
232.75235517955198,1.187744
232.75885518947103,1.187805
232.76535519939003,1.187557
232.77185520930902,1.188468
232.77835521922805,1.18831
232.784855229147,1.187697
232.791355239066,1.188164
232.79785524898503,1.188282
232.80435525890402,1.187722
232.81085526882302,1.188451
232.817355278742,1.18817
232.823855288661,1.187512
232.83035529858,1.187981
232.83685530849903,1.187867
232.84335531841802,1.187618
232.849855328337,1.188085
232.856355338256,1.187999
232.86285534817503,1.187428
232.86935535809403,1.187853
232.87585536801305,1.187534
232.88235537793202,1.186886
232.888855387851,1.187696
232.89535539777003,1.187546
232.90185540768903,1.186886
232.90835541760802,1.18761
232.91485542752702,1.187176
232.921355437446,1.186744
232.927855447365,1.187444
232.93435545728403,1.187659
232.94085546720302,1.186859
232.947355477122,1.187575
232.953855487041,1.187218
232.96035549696,1.1867
232.966855506879,1.187478
232.97335551679805,1.18679
232.97985552671705,1.186513
