Capacity_mAh,Voltage_V
0.0,1.0
0.009611125777666667,0.9997349284212669
0.019222251555333334,0.9994704176956871
0.028833377333000003,0.9992064672574974
0.03844450311066667,0.9989430765409345
0.04805562888833333,0.9986802449802353
0.057666754666000006,0.9984179720096364
0.06727788044366666,0.9981562570633747
0.07688900622133334,0.9978950995756869
0.08650013199899999,0.9976344989808096
0.09611125777666665,0.9973744547129795
0.10572238355433333,0.9971149662064336
0.11533350933200001,0.9968560328954087
0.12494463510966665,0.9965976542141413
0.13455576088733331,0.9963398295968681
0.144166886665,0.996082558477826
0.15377801244266667,0.9958258402912519
0.16338913822033332,0.9955696744713823
0.17300026399799998,0.9953140604524542
0.18261138977566665,0.995058997668704
0.1922225155533333,0.9948044855543688
0.20183364133099999,0.994550523543685
0.21144476710866666,0.9942971110708898
0.22105589288633332,0.9940442475702196
0.23066701866400002,0.9937919324759111
0.24027814444166667,0.9935401652222013
0.2498892702193333,0.993288945243327
0.259500395997,0.9930382719735247
0.26911152177466663,0.9927881448470312
0.27872264755233334,0.9925385632980833
0.28833377333,0.9922895267609178
0.29794489910766664,0.9920410346697713
0.30755602488533335,0.9917930864588806
0.317167150663,0.9915456815624827
0.32677827644066665,0.991298819414814
0.3363894022183333,0.9910524994501114
0.34600052799599995,0.9908067211026118
0.35561165377366666,0.9905614838065516
0.3652227795513333,0.990316786996168
0.374833905329,0.9900726301056972
0.3844450311066666,0.9898290125693763
0.39405615688433326,0.9895859338214422
0.40366728266199997,0.9893433932961312
0.4132784084396666,0.9891013904276805
0.42288953421733333,0.9888599246503265
0.432500659995,0.9886189953983061
0.44211178577266663,0.9883786021058563
0.45172291155033323,0.9881387442072133
0.46133403732800005,0.9878994211366142
0.47094516310566664,0.9876606323282957
0.48055628888333335,0.9874223772164946
0.490167414661,0.9871846552354476
0.4997785404386666,0.9869474658193915
0.5093896662163333,0.9867108084025629
0.519000791994,0.9864746824191987
0.5286119177716666,0.9862390873035355
0.5382230435493333,0.9860040224898102
0.5478341693269999,0.9857694874122594
0.5574452951046667,0.9855354815051202
0.5670564208823333,0.9853020042026289
0.57666754666,0.9850690549390224
0.5862786724376666,0.9848366331485376
0.5958897982153333,0.9846047382654113
0.6055009239929999,0.9843733697238798
0.6151120497706667,0.9841425269581803
0.6247231755483333,0.9839122094025493
0.634334301326,0.9836824164912239
0.6439454271036666,0.9834531476584403
0.6535565528813333,0.9832244023384357
0.6631676786590001,0.9829961799654465
0.6727788044366666,0.9827684799737099
0.6823899302143334,0.9825413017974621
0.6920010559919999,0.9823146448709404
0.7016121817696667,0.9820885086283813
0.7112233075473333,0.9818628925040215
0.720834433325,0.9816377959320977
0.7304455591026666,0.9814132183468469
0.7400566848803333,0.9811891591825056
0.749667810658,0.9809656178733105
0.7592789364356667,0.9807425938534987
0.7688900622133332,0.9805200865573067
0.778501187991,0.9802980954189713
0.7881123137686665,0.9800766198727292
0.7977234395463334,0.9798556593528173
0.8073345653239999,0.979635213293472
0.8169456911016666,0.9794152811289306
0.8265568168793332,0.9791958622934294
0.8361679426569999,0.9789769562212054
0.8457790684346667,0.978758562346495
0.8553901942123333,0.9785406801035353
0.86500131999,0.9783233089265629
0.8746124457676666,0.9781064482498147
0.8842235715453333,0.9778900975075275
0.893834697323,0.9776742561339377
0.9034458231006665,0.9774589235632821
0.9130569488783332,0.9772440992297978
0.9226680746560001,0.9770297825677213
0.9322792004336666,0.9768159730112893
0.9418903262113333,0.9766026699947389
0.9515014519889999,0.9763898729523064
0.9611125777666667,0.9761775813182287
0.9707237035443333,0.9759657945267427
0.980334829322,0.975754512012085
0.9899459550996665,0.9755437332084924
0.9995570808773332,0.9753334575502017
1.009168206655,0.9751236844714495
1.0187793324326666,0.9749144134064726
1.0283904582103334,0.974705643789508
1.038001583988,0.9744973750547921
1.0476127097656667,0.9742896066365617
1.0572238355433332,0.9740823379690539
1.066834961321,0.973875568486505
1.0764460870986665,0.9736692976231519
1.0860572128763333,0.9734635248132315
1.0956683386539998,0.9732582494909804
1.1052794644316666,0.9730534710906354
1.1148905902093333,0.9728491890464332
1.124501715987,0.9726454027926108
1.1341128417646666,0.9724421117634046
1.1437239675423332,0.9722393153930513
1.15333509332,0.9720370131157882
1.1629462190976667,0.9718352043658516
1.1725573448753333,0.9716338885774781
1.1821684706529998,0.9714330651849049
1.1917795964306666,0.9712327336223685
1.2013907222083333,0.9710328933241056
1.2110018479859999,0.9708335437243533
1.2206129737636666,0.9706346842573478
1.2302240995413334,0.9704363143573262
1.239835225319,0.9702384334585253
1.2494463510966667,0.9700410409951817
1.2590574768743332,0.9698441364015322
1.268668602652,0.9696477191118136
1.2782797284296665,0.9694517885602625
1.2878908542073333,0.9692563441811158
1.2975019799849998,0.9690613854086102
1.3071131057626666,0.9688669116769824
1.3167242315403334,0.9686729224204692
1.3263353573180001,0.9684794170733072
1.3359464830956667,0.9682863950697336
1.3455576088733332,0.9680938558439846
1.355168734651,0.9679017988302973
1.3647798604286667,0.9677102234629082
1.374390986206333,0.9675191291760544
1.3840021119839998,0.9673285154039724
1.3936132377616668,0.9671383815808989
1.4032243635393333,0.9669487271410706
1.4128354893169999,0.9667595515187246
1.4224466150946666,0.9665708541480975
1.4320577408723334,0.9663826344634259
1.44166886665,0.9661948918989467
1.4512799924276665,0.9660076258888964
1.4608911182053332,0.9658208358675121
1.4705022439829998,0.9656345212690304
1.4801133697606665,0.965448681527688
1.489724495538333,0.9652633160777216
1.499335621316,0.9650784243533682
1.5089467470936666,0.9648940057888643
1.5185578728713334,0.9647100598184468
1.528168998649,0.9645265858763524
1.5377801244266665,0.9643435833968177
1.5473912502043332,0.9641610518140797
1.557002375982,0.963978990562375
1.5666135017596667,0.9637973990759404
1.576224627537333,0.9636162767890127
1.5858357533149998,0.9634356231358286
1.5954468790926668,0.9632554375506247
1.6050580048703333,0.963075719467638
1.6146691306479999,0.9628964683211051
1.6242802564256666,0.9627176835452629
1.6338913822033332,0.962539364574348
1.643502507981,0.9623615108425971
1.6531136337586665,0.9621841217842471
1.6627247595363333,0.9620071968335348
1.6723358853139998,0.9618307354246965
1.6819470110916668,0.9616547369919696
1.6915581368693333,0.9614792009695904
1.7011692626469999,0.9613041267917958
1.7107803884246666,0.9611295138928226
1.7203915142023334,0.9609553617069074
1.73000263998,0.9607816696682873
1.7396137657576665,0.9606084372111985
1.7492248915353332,0.9604356637698781
1.758836017313,0.9602633487785629
1.7684471430906665,0.9600914916714894
1.7780582688683333,0.9599200918828946
1.787669394646,0.9597491488470151
1.7972805204236666,0.9595786619980877
1.806891646201333,0.9594086307703491
1.8165027719789997,0.9592390545980362
1.8261138977566664,0.9590699329153856
1.8357250235343334,0.958901265156634
1.8453361493120002,0.9587330507560181
1.8549472750896665,0.9585652891477751
1.8645584008673333,0.9583979797661413
1.8741695266449998,0.9582311220453535
1.8837806524226666,0.9580647154196488
1.8933917782003333,0.9578987593232635
1.9030029039779999,0.9577332531904345
1.9126140297556666,0.9575681964553986
1.9222251555333334,0.9574035885523927
1.931836281311,0.9572394289156533
1.9414474070886667,0.9570757169794172
1.9510585328663335,0.9569124521779212
1.960669658644,0.956749633945402
1.9702807844216663,0.9565872617160964
1.979891910199333,0.9564253349242412
1.9895030359769998,0.956263853004073
1.9991141617546664,0.9561028153898288
2.008725287532333,0.955942221515745
2.01833641331,0.9557820708160587
2.0279475390876662,0.9556223627250064
2.037558664865333,0.9554630966768249
2.0471697906429998,0.9553042721057512
2.0567809164206667,0.9551458884460217
2.0663920421983333,0.9549879451318732
2.076003167976,0.9548304415975427
2.085614293753667,0.9546733772772665
2.0952254195313333,0.954516751605282
2.104836545309,0.9543605640158254
2.1144476710866664,0.9542048139431337
2.124058796864333,0.9540495008214436
2.133669922642,0.9538946240849917
2.1432810484196665,0.953740183168015
2.152892174197333,0.95358617750475
2.162503299975,0.9534326065294338
2.1721144257526666,0.9532794696763028
2.181725551530333,0.9531267663795939
2.1913366773079996,0.952974496073544
2.200947803085666,0.9528226581923895
2.210558928863333,0.9526712521703674
2.220170054641,0.9525202774417144
2.2297811804186667,0.9523697334406671
2.2393923061963332,0.9522196196014625
2.249003431974,0.9520699353583374
2.2586145577516668,0.9519206801455281
2.2682256835293333,0.9517718533972718
2.277836809307,0.9516234545478052
2.2874479350846664,0.9514754830313648
2.2970590608623334,0.9513279382821874
2.30667018664,0.95118081973451
2.3162813124176664,0.951034126822569
2.3258924381953334,0.9508878589806015
2.335503563973,0.950742015642844
2.3451146897506665,0.9505965962435334
2.354725815528333,0.9504516002169063
2.3643369413059996,0.9503070269971996
2.3739480670836666,0.9501628760186499
2.383559192861333,0.9500191467154943
2.3931703186389996,0.949875838521969
2.4027814444166666,0.9497329508723111
2.4123925701943336,0.9495904832007573
2.4220036959719997,0.9494484349415445
2.4316148217496667,0.9493068055289091
2.4412259475273332,0.9491655943970881
2.450837073305,0.9490248009803182
2.4604481990826668,0.9488844247128361
2.4700593248603333,0.9487444650288787
2.479670450638,0.9486049213626824
2.489281576415667,0.9484657931484843
2.4988927021933334,0.9483270798205211
2.508503827971,0.9481887808130294
2.5181149537486665,0.948050895560246
2.527726079526333,0.9479134234964078
2.537337205304,0.9477763640557514
2.5469483310816665,0.9476397166725137
2.556559456859333,0.947503480780931
2.566170582637,0.9473676558152407
2.5757817084146666,0.9472322412096792
2.5853928341923327,0.9470972363984832
2.5950039599699997,0.9469626408158895
2.6046150857476666,0.9468284538961351
2.614226211525333,0.9466946750734563
2.623837337303,0.9465613037820901
2.6334484630806667,0.9464283394562734
2.6430595888583333,0.9462957815302426
2.6526707146360002,0.9461636294382348
2.6622818404136663,0.9460318826144866
2.6718929661913333,0.9459005404932346
2.681504091969,0.9457696025087157
2.6911152177466664,0.9456390680951666
2.7007263435243334,0.9455089366868242
2.710337469302,0.9453792077179252
2.7199485950796665,0.9452498806227062
2.7295597208573334,0.9451209548354039
2.7391708466349995,0.9449924297902553
2.748781972412666,0.9448643049214971
2.758393098190333,0.9447365796633659
2.7680042239679996,0.9446092534500985
2.777615349745666,0.9444823257159317
2.7872264755233336,0.9443557958951023
2.796837601301,0.944229663421847
2.8064487270786667,0.9441039277304024
2.8160598528563336,0.9439785882550056
2.8256709786339997,0.9438536444298931
2.8352821044116667,0.9437290956893015
2.8448932301893333,0.9436049414674679
2.854504355967,0.9434811811986287
2.864115481744667,0.9433578143170209
2.8737266075223333,0.9432348402568814
2.8833377333,0.9431122584524464
2.892948859077667,0.9429900683379533
2.902559984855333,0.9428682693476383
2.9121711106329995,0.9427468609157384
2.9217822364106665,0.9426258424764905
2.931393362188333,0.9425052134641311
2.9410044879659996,0.9423849733128971
2.9506156137436665,0.942265121457025
2.960226739521333,0.942145657330752
2.969837865299,0.9420265803683143
2.979448991076666,0.941907890003949
2.9890601168543327,0.941789585671893
2.998671242632,0.9416716668063826
3.0082823684096667,0.9415541328416549
3.017893494187333,0.9414369832119464
3.027504619965,0.9413202173514942
3.0371157457426667,0.9412038346945346
3.0467268715203333,0.9410878346753048
3.056337997298,0.9409722167280412
3.0659491230756664,0.9408569802869807
3.075560248853333,0.9407421247863601
3.085171374631,0.940627649660416
3.0947825004086664,0.9405135543433853
3.104393626186333,0.9403998382695046
3.114004751964,0.9402865008730109
3.1236158777416665,0.9401735415881406
3.1332270035193335,0.9400609598491306
3.1428381292969996,0.9399487550902179
3.152449255074666,0.9398369267456389
3.162060380852333,0.9397254742496305
3.1716715066299996,0.9396143970364295
3.1812826324076666,0.9395036945402725
3.1908937581853336,0.9393933661953963
3.200504883963,0.9392834114360378
3.2101160097406667,0.9391738296964335
3.2197271355183332,0.9390646204108203
3.2293382612959998,0.9389557830134351
3.2389493870736663,0.9388473169385144
3.2485605128513333,0.9387392216202949
3.258171638629,0.9386314964930136
3.2677827644066664,0.9385241409909071
3.2773938901843334,0.9384171545482122
3.287005015962,0.9383105365991657
3.2966161417396664,0.938204286578004
3.306227267517333,0.9380984039189645
3.3158383932949995,0.9379928880562833
3.3254495190726665,0.9378877384241977
3.335060644850333,0.937782954456944
3.3446717706279996,0.9376785355887592
3.3542828964056666,0.9375744812538799
3.3638940221833336,0.9374707908865431
3.3735051479609997,0.9373674639209851
3.3831162737386666,0.9372644997914432
3.392727399516333,0.9371618979321539
3.4023385252939997,0.9370596577773537
3.4119496510716667,0.9369577787612797
3.4215607768493332,0.9368562603181685
3.431171902627,0.9367551018822569
3.4407830284046668,0.9366543028877817
3.4503941541823333,0.9365538627689795
3.46000527996,0.9364537809600872
3.469616405737667,0.9363540568953415
3.479227531515333,0.936254690008979
3.4888386572930004,0.9361556797352367
3.4984497830706665,0.9360570255083512
3.5080609088483334,0.9359587267625592
3.517672034626,0.9358607829320976
3.527283160403667,0.9357631934512031
3.536894286181333,0.9356659577541123
3.5465054119589996,0.9355690752750623
3.5561165377366666,0.9354725454482895
3.565727663514333,0.9353763677080309
3.575338789292,0.935280541488523
3.584949915069666,0.9351850662240028
3.594561040847333,0.9350899413487067
3.6041721666249997,0.9349951662968718
3.613783292402666,0.9349007405027348
3.6233944181803333,0.9348066634005324
3.6330055439579994,0.9347129344245012
3.6426166697356663,0.9346195530088782
3.652227795513333,0.9345265185878999
3.661838921291,0.9344338305958034
3.671450047068667,0.9343414884668251
3.6810611728463334,0.9342494916352018
3.6906722986240004,0.9341578395351704
3.7002834244016665,0.9340665316009676
3.709894550179333,0.9339755672668302
3.719505675957,0.9338849459669947
3.7291168017346665,0.9337946671356983
3.7387279275123335,0.9337047302071771
3.7483390532899996,0.9336151346156686
3.7579501790676666,0.9335258797954089
3.767561304845333,0.9334369651806352
3.7771724306229992,0.933348390205584
3.7867835564006667,0.9332601543044922
3.7963946821783328,0.9331722569115966
3.8060058079559997,0.9330846974611334
3.8156169337336663,0.9329974753873402
3.8252280595113333,0.9329105901244531
3.8348391852889994,0.9328240411067092
3.844450311066667,0.9327378277683451
3.854061436844333,0.9326519495435975
3.863672562622,0.9325664058667035
3.8732836883996664,0.9324811961718993
3.8828948141773334,0.9323963198934221
3.892505939955,0.9323117764655082
3.902117065732667,0.9322275653223948
3.911728191510333,0.9321436858983186
3.921339317288,0.9320601376275162
3.9309504430656665,0.9319769199442243
3.9405615688433326,0.9318940322826798
3.950172694621,0.9318114740771192
3.959783820398666,0.9317292447617795
3.9693949461763327,0.9316473437708975
3.9790060719539997,0.9315657705387098
3.988617197731666,0.9314845244994531
3.9982283235093328,0.9314036050873642
4.007839449286999,0.93132301173668
4.017450575064666,0.9312427438816371
4.027061700842332,0.9311628009564723
4.03667282662,0.9310831823954223
4.046283952397667,0.9310038876327238
4.0558950781753325,0.9309249161026136
4.065506203953,0.9308462672393286
4.075117329730666,0.9307679404771054
4.084728455508333,0.9306899352501808
4.0943395812859995,0.9306122509927917
4.103950707063667,0.9305348871391744
4.1135618328413335,0.9304578431235659
4.1231729586190005,0.9303811183802031
4.132784084396667,0.9303047123433227
4.142395210174333,0.9302286244471613
4.152006335952,0.9301528541259557
4.161617461729667,0.9300774008139427
4.171228587507334,0.930002263945359
4.180839713285,0.9299274429544414
4.190450839062667,0.9298529372754267
4.200061964840333,0.9297787463425516
4.209673090618,0.9297048695900527
4.219284216395667,0.9296313064521669
4.228895342173333,0.9295580563631309
4.238506467951,0.9294851187571816
4.248117593728666,0.9294124930685556
4.257728719506333,0.9293401787314897
4.267339845284,0.9292681751802204
4.276950971061667,0.9291964818489848
4.286562096839333,0.9291250981720197
4.296173222616999,0.9290540235835615
4.305784348394666,0.9289832575178473
4.315395474172333,0.9289127994091135
4.32500659995,0.928842648691597
4.334617725727666,0.9287728047995347
4.344228851505333,0.9287032671671632
4.353839977282999,0.9286340352287193
4.363451103060666,0.9285651084184396
4.373062228838333,0.9284964861705611
4.382673354615999,0.9284281679193205
4.392284480393666,0.9283601530989544
4.401895606171332,0.9282924411436996
4.411506731949,0.9282250314877928
4.421117857726666,0.928157923565471
4.430728983504334,0.9280911168109707
4.440340109282,0.9280246106585286
4.449951235059666,0.9279584045423818
4.459562360837333,0.9278924978967666
4.4691734866149995,0.9278268901559202
4.4787846123926665,0.927761580754079
4.488395738170333,0.9276965691254799
4.498006863948,0.9276318547043596
4.5076179897256665,0.9275674369249549
4.5172291155033335,0.9275033152215026
4.526840241281,0.9274394890282393
4.536451367058667,0.9273759577794018
4.546062492836334,0.9273127209092269
4.555673618614,0.9272497778519514
4.565284744391667,0.9271871280418119
4.574895870169333,0.9271247709130452
4.584506995947,0.9270627058998883
4.594118121724667,0.9270009324365774
4.603729247502333,0.9269394499573498
4.61334037328,0.9268782578964418
4.622951499057666,0.9268173556880905
4.632562624835333,0.9267567427665326
4.642173750613,0.9266964185660048
4.651784876390667,0.9266363825207438
4.661396002168333,0.9265766340649862
4.671007127946,0.9265171726329691
4.680618253723666,0.926457997658929
4.690229379501333,0.9263991085771028
4.699840505279,0.9263405048217271
4.709451631056666,0.9262821858270389
4.719062756834333,0.9262241510272745
4.728673882611999,0.926166399856671
4.738285008389666,0.9261089317494652
4.747896134167333,0.9260517461398937
4.757507259945,0.9259948424621932
4.767118385722666,0.9259382201506006
4.776729511500332,0.9258818786393526
4.786340637277999,0.9258258173626858
4.795951763055666,0.9257700357548372
4.805562888833333,0.9257145332500433
4.815174014610999,0.9256593092825411
4.824785140388667,0.9256043632865671
4.834396266166333,0.9255496946963583
4.844007391943999,0.9254953029461512
4.853618517721666,0.9254411874701828
4.863229643499333,0.9253873477026896
4.872840769277,0.9253337830779086
4.8824518950546665,0.9252804930300764
4.8920630208323335,0.9252274769934298
4.90167414661,0.9251747344022053
4.9112852723876665,0.9251222646906402
4.9208963981653335,0.9250700672929707
4.930507523943,0.9250181416434339
4.940118649720667,0.9249664871762663
4.949729775498333,0.9249151033257049
4.959340901276,0.9248639895259863
4.968952027053667,0.9248131452113472
4.978563152831334,0.9247625698160244
4.988174278609,0.9247122627742548
4.997785404386667,0.9246622235202749
5.007396530164333,0.9246124514883217
5.017007655942,0.9245629461126317
5.026618781719667,0.9245137068274419
5.036229907497333,0.9244647330669888
5.045841033275,0.9244160242655094
5.055452159052666,0.9243675798572403
5.065063284830333,0.9243193992764182
5.074674410608,0.9242714819572799
5.084285536385666,0.9242238273340623
5.093896662163333,0.924176434841002
5.103507787940999,0.9241293039123357
5.113118913718666,0.9240824339823002
5.122730039496333,0.9240358244851323
5.132341165274,0.9239894748550688
5.141952291051666,0.9239433845263463
5.151563416829333,0.9238975529332017
5.161174542606999,0.9238519795098716
5.170785668384665,0.9238066636905928
5.180396794162333,0.9237616049096022
5.190007919939999,0.9237168026011363
5.199619045717667,0.9236722561994322
5.209230171495333,0.923627965138726
5.218841297273,0.9235839288532552
5.228452423050666,0.9235401467772562
5.238063548828333,0.9234966183449657
5.247674674606,0.9234533429906205
5.257285800383666,0.9234103201484574
5.266896926161333,0.9233675492527132
5.2765080519389995,0.9233250297376244
5.2861191777166665,0.9232827610374281
5.2957303034943335,0.9232407425863608
5.3053414292720005,0.9231989738186593
5.314952555049667,0.9231574541685604
5.324563680827333,0.9231161830703009
5.334174806605,0.9230751599581174
5.343785932382667,0.9230343842662467
5.353397058160334,0.9229938554289256
5.363008183938,0.9229535728803908
5.372619309715667,0.922913536054879
5.382230435493333,0.9228737443866273
5.391841561271,0.9228341973098718
5.401452687048667,0.92279489425885
5.411063812826333,0.922755834667798
5.420674938604,0.9227170179709528
5.430286064381666,0.9226784436025514
5.439897190159333,0.9226401109968302
5.449508315937,0.922602019588026
5.459119441714667,0.9225641688103757
5.468730567492333,0.9225265580981159
5.478341693269999,0.9224891868854835
5.487952819047666,0.9224520546067152
5.497563944825332,0.9224151606960478
5.507175070603,0.9223785045877179
5.516786196380666,0.9223420857159621
5.526397322158333,0.9223059035150176
5.536008447935999,0.9222699574191209
5.545619573713666,0.9222342468625087
5.555230699491332,0.922198771279418
5.564841825268999,0.922163530104085
5.574452951046667,0.9221285227707471
5.584064076824332,0.9220937487136408
5.593675202602,0.9220592073670028
5.603286328379666,0.9220248981650698
5.612897454157333,0.9219908205420786
5.622508579935,0.9219569739322659
5.632119705712667,0.9219233577698688
5.641730831490333,0.9218899714891235
5.6513419572679995,0.9218568145242672
5.6609530830456665,0.9218238863095365
5.6705642088233335,0.9217911862791679
5.680175334601,0.9217587138673985
5.6897864603786665,0.921726468508465
5.6993975861563335,0.921694449636604
5.709008711934,0.9216626566860523
5.718619837711666,0.9216310890910467
5.728230963489334,0.9215997462858239
5.737842089267,0.9215686277046207
5.747453215044667,0.9215377327816737
5.757064340822333,0.9215070609512199
5.7666754666,0.9214766116474958
5.776286592377667,0.9214463843047385
5.785897718155334,0.9214163783571843
5.795508843933,0.9213865932390704
5.805119969710666,0.9213570283846331
5.814731095488333,0.9213276832281094
5.824342221265999,0.921298557203736
5.833953347043667,0.9212696497457498
5.843564472821333,0.9212409602883873
5.853175598599,0.9212124882658855
5.862786724376666,0.9211842331124809
5.872397850154333,0.9211561942624104
5.882008975931999,0.9211283711499108
5.891620101709666,0.9211007632092186
5.901231227487333,0.9210733698745708
5.910842353264999,0.9210461905802041
5.920453479042666,0.9210192247603554
5.930064604820332,0.9209924718492609
5.939675730598,0.920965931281158
5.949286856375666,0.920939602490283
5.958897982153332,0.920913484910873
5.968509107931,0.9208875779771644
5.978120233708665,0.9208618811233942
5.987731359486333,0.9208363937837991
5.997342485264,0.9208111153926156
6.006953611041667,0.9207860453840809
6.016564736819333,0.9207611831924315
6.026175862597,0.9207365282519042
6.035786988374666,0.9207120799967357
6.0453981141523325,0.9206878378611626
6.05500923993,0.9206638012794219
6.0646203657076665,0.9206399696857503
6.0742314914853335,0.9206163425143846
6.083842617263,0.9205929191995615
6.093453743040667,0.9205696991755175
6.1030648688183335,0.9205466818764898
6.112675994596,0.9205238667367147
6.122287120373667,0.9205012531904293
6.131898246151333,0.9204788406718702
6.141509371929,0.9204566286152743
6.151120497706666,0.920434616454878
6.160731623484334,0.9204128036249184
6.170342749262,0.9203911895596321
6.179953875039667,0.9203697736932558
6.189565000817333,0.9203485554600264
6.199176126594999,0.9203275342941806
6.208787252372666,0.9203067096299549
6.218398378150333,0.9202860809015865
6.228009503928,0.9202656475433117
6.237620629705666,0.9202454089893677
6.247231755483333,0.920225364673991
6.256842881260999,0.9202055140314183
6.266454007038667,0.9201858564958862
6.276065132816333,0.920166391501632
6.285676258593999,0.9201471184828921
6.295287384371666,0.920128036873903
6.304898510149332,0.9201091461089019
6.314509635926999,0.9200904456221254
6.324120761704666,0.9200719348478102
6.333731887482334,0.9200536132201931
6.343343013259999,0.9200354801735107
6.352954139037665,0.9200175351419999
6.362565264815333,0.9199997775598975
6.372176390592999,0.91998220686144
6.381787516370667,0.9199648224808646
6.391398642148333,0.9199476238524075
6.401009767926,0.9199306104103058
6.410620893703666,0.9199137815887962
6.420232019481333,0.9198971368221154
6.429843145259,0.9198806755445001
6.4394542710366665,0.9198643971901873
6.449065396814333,0.9198483011934135
6.4586765225919995,0.9198323869884155
6.4682876483696665,0.9198166540094299
6.477898774147333,0.9198011016906938
6.4875098999250005,0.9197857294664438
6.497121025702667,0.9197705367709165
6.506732151480334,0.919755523038349
6.516343277258,0.9197406877029776
6.525954403035666,0.9197260301990393
6.535565528813333,0.9197115499607706
6.545176654591,0.9196972464224087
6.554787780368667,0.9196831190181902
6.564398906146333,0.9196691671823517
6.574010031924,0.9196553903491299
6.583621157701666,0.9196417879527619
6.593232283479333,0.9196283594274839
6.602843409257,0.9196151042075332
6.612454535034666,0.9196020217271462
6.622065660812333,0.9195891114205598
6.631676786589999,0.9195763727220108
6.641287912367666,0.9195638050657358
6.650899038145333,0.9195514078859717
6.660510163923,0.9195391806169552
6.670121289700666,0.9195271226929228
6.679732415478332,0.9195152335481115
6.689343541255999,0.9195035126167581
6.698954667033666,0.9194919593330992
6.708565792811333,0.9194805731313718
6.718176918588999,0.9194693534458124
6.727788044366667,0.9194582997106576
6.737399170144333,0.9194474113601445
6.747010295921999,0.9194366878285097
6.756621421699666,0.9194261285499901
6.766232547477333,0.9194157329588222
6.775843673255,0.9194055004892429
6.785454799032666,0.9193954305754889
6.795065924810333,0.919385522651797
6.804677050587999,0.919375776152404
6.814288176365667,0.9193661905115462
6.823899302143333,0.9193567651634611
6.8335104279209995,0.9193474995423849
6.8431215536986665,0.9193383930825545
6.852732679476333,0.9193294452182067
6.862343805254,0.9193206553835783
6.8719549310316665,0.9193120230129058
6.8815660568093335,0.9193035475404263
6.891177182587,0.9192952284003761
6.900788308364667,0.9192870650269925
6.910399434142333,0.9192790568545118
6.92001055992,0.9192712033171712
6.929621685697668,0.9192635038492069
6.939232811475334,0.9192559578848559
6.948843937253,0.919248564858355
6.958455063030666,0.9192413242039409
6.968066188808334,0.9192342353558505
6.977677314586001,0.9192272977483202
6.987288440363667,0.9192205108155871
6.996899566141333,0.9192138739918878
7.006510691918999,0.9192073867114591
7.016121817696667,0.9192010484085376
7.025732943474333,0.9191948585173603
7.035344069252,0.9191888164721638
7.044955195029666,0.9191829217071847
7.054566320807334,0.9191771736566601
7.064177446585,0.9191715717548264
7.073788572362666,0.9191661154359207
7.083399698140333,0.9191608041341794
7.093010823917999,0.9191556372838396
7.102621949695667,0.9191506143191378
7.112233075473333,0.9191457346743108
7.121844201250999,0.9191409977835953
7.131455327028666,0.9191364030812282
7.141066452806334,0.9191319500014461
7.150677578584,0.9191276379784857
7.160288704361666,0.919123466446584
7.169899830139332,0.9191194348399777
7.1795109559169985,0.9191155425929034
7.189122081694666,0.9191117891395979
7.198733207472333,0.9191081739142979
7.2083443332499995,0.9191046963512403
7.2179554590276656,0.9191013558846618
7.227566584805332,0.919098151948799
7.2371777105829995,0.9190950839778889
7.2467888363606665,0.9190921514061678
7.256399962138333,0.9190893536678731
7.266011087915999,0.9190866901972411
7.275622213693667,0.9190841604285087
7.285233339471333,0.9190817637959124
7.2948444652490005,0.9190794997336895
7.304455591026666,0.9190773676760762
7.314066716804332,0.9190753670573095
7.323677842582,0.9190734973116262
7.333288968359666,0.9190717578732629
7.342900094137334,0.9190701481764564
7.352511219915,0.9190686676554435
7.362122345692667,0.919067315744461
7.371733471470333,0.9190660918777455
7.381344597248001,0.9190649954895337
7.390955723025667,0.9190640260140623
7.400566848803333,0.9190631828855687
7.410177974581,0.9190624655382889
7.419789100358666,0.9190618734064598
7.429400226136334,0.9190614059243183
7.439011351914,0.9190610625261013
7.448622477691666,0.9190608426882553
7.458233603469333,0.9191236484641361
7.467844729246999,0.9191780410621855
7.477455855024667,0.9192273312125007
7.487066980802333,0.9192729285926983
7.496678106579999,0.9193153660438218
7.506289232357665,0.9193551025726006
7.515900358135333,0.9193924039713061
7.525511483913,0.919427774776352
7.535122609690666,0.9194613468871621
7.544733735468332,0.919493319744279
7.5543448612459985,0.9195239133287298
7.563955987023666,0.9195532339164535
7.573567112801333,0.9195813499360839
7.583178238578999,0.9196085089489651
7.5927893643566655,0.9196346397625622
7.602400490134333,0.9196597256474114
7.6120116159119995,0.9196839392146243
7.6216227416896665,0.9197073472315479
7.631233867467333,0.9197298919207395
7.640844993244999,0.9197517460372184
7.6504561190226665,0.9197729018683326
7.660067244800333,0.9197933988659419
7.669678370577999,0.9198132209169185
7.679289496355666,0.9198325171667262
7.688900622133334,0.9198510568652949
7.698511747911,0.9198689591747515
7.708122873688666,0.9198863088346425
7.717733999466334,0.9199032252208823
7.727345125244,0.9199194641058741
7.736956251021667,0.9199353164455059
7.746567376799333,0.9199506519123183
7.756178502577001,0.9199655379893031
7.765789628354667,0.9199801200849926
7.775400754132333,0.9199942730099152
7.78501187991,0.9200081120033162
7.794623005687666,0.9200215017213157
7.804234131465334,0.9200344598994878
7.813845257243,0.9200470533245675
7.823456383020666,0.9200592457858835
7.833067508798332,0.9200710436827969
7.842678634576,0.9200825696848015
7.852289760353667,0.92009378473904
7.861900886131333,0.9201046347759264
7.871512011908999,0.9201152360547441
7.881123137686665,0.9201256759096482
7.890734263464333,0.9201357214680635
7.900345389242,0.9201453817538249
7.909956515019666,0.920154664027034
7.919567640797332,0.920163615068445
7.929178766575,0.920172384688429
7.938789892352665,0.920180904966569
7.948401018130333,0.9201891174506186
7.958012143907999,0.920196981243701
7.967623269685667,0.9202046625860074
7.977234395463332,0.9202121989124623
7.9868455212409994,0.9202196195081379
7.9964566470186655,0.9202268283462441
8.006067772796333,0.9202338717363805
8.015678898573999,0.9202406206298404
8.025290024351666,0.9202471815199993
8.034901150129333,0.9202533886919441
8.044512275907,0.9202593533452395
8.054123401684665,0.9202651698509611
8.063734527462334,0.9202708685695737
8.07334565324,0.9202764641124642
8.082956779017666,0.9202819128468709
8.092567904795334,0.9202871484064619
8.102179030573,0.9202920405338989
8.111790156350665,0.9202967761922982
8.121401282128332,0.92030138466193
8.131012407906,0.920305736101558
8.140623533683666,0.9203097865329891
8.150234659461333,0.9203136202599251
8.159845785239,0.9203172558973745
8.169456911016667,0.9203208203304069
8.179068036794332,0.9203242234472274
8.188679162571999,0.9203275017686666
8.198290288349666,0.9203305966298467
8.207901414127335,0.9203334300633038
8.217512539904998,0.9203360265943922
8.227123665682667,0.9203384537988044
8.236734791460332,0.9203408304646764
8.246345917238001,0.9203431063308819
8.255957043015666,0.9203452093310558
8.265568168793333,0.9203471872687574
8.275179294571,0.9203490163098205
8.284790420348665,0.9203505847835416
8.294401546126332,0.920352129499658
8.304012671904,0.9203536481554073
8.313623797681666,0.9203549650516684
8.323234923459333,0.92035610517958
8.332846049236998,0.9203570618896285
8.342457175014667,0.9203580208928138
8.352068300792332,0.9203588266280736
8.36167942657,0.9203594288068181
8.371290552347666,0.9203599768928085
8.380901678125333,0.9203603109291978
8.390512803902999,0.9203605247689537
8.400123929680666,0.9203607017635369
8.409735055458333,0.9203607195926025
8.419346181236,0.920360528739773
8.428957307013665,0.9203602142440205
8.438568432791334,0.9203597668447555
8.448179558569,0.9203591911646279
8.457790684346666,0.9203585208639987
8.467401810124333,0.9203577383463268
8.477012935902,0.9203567699895597
8.486624061679668,0.9203555820168047
8.496235187457332,0.9203542041406524
8.505846313235,0.9203528243347752
8.515457439012666,0.9203512766633954
8.525068564790333,0.9203495991455133
8.534679690568,0.9203478221787489
8.544290816345667,0.9203459984127388
8.553901942123334,0.9203440225784316
8.563513067900999,0.9203420287897458
8.573124193678666,0.9203399510678358
8.582735319456335,0.920337805344228
8.592346445233998,0.9203354891863867
8.601957571011667,0.9203331734426156
8.611568696789332,0.9203306763133517
8.621179822567,0.9203280739370755
8.630790948344666,0.9203255280945565
8.640402074122333,0.9203228037596346
8.6500131999,0.9203200695620986
8.659624325677665,0.9203171477979052
8.669235451455332,0.9203140974826086
8.678846577233,0.9203108567224237
8.688457703010666,0.920307639239775
8.698068828788333,0.9203042637581131
8.707679954565998,0.9203008184151894
8.717291080343667,0.9202973331124087
8.726902206121332,0.9202937725623347
8.736513331899,0.9202901104204106
8.746124457676666,0.9202863530088058
8.755735583454333,0.9202825640523357
8.765346709231999,0.9202785933147799
8.774957835009666,0.9202745109765562
8.784568960787333,0.9202703809501462
8.794180086565,0.9202662156790421
8.803791212342665,0.9202618622990875
8.813402338120333,0.9202573414605321
8.823013463898,0.9202528327243744
8.832624589675666,0.9202483451604758
8.842235715453333,0.9202436780792208
8.851846841231,0.9202388177217445
8.861457967008668,0.9202338757239926
8.871069092786332,0.9202289529708727
8.880680218564,0.9202240734361548
8.890291344341666,0.9202191315079329
8.899902470119333,0.9202140293722167
8.909513595897,0.9202087555602222
8.919124721674667,0.920203511173771
8.928735847452334,0.9201981919937219
8.938346973229999,0.9201929469212233
8.947958099007666,0.9201876522593117
8.957569224785333,0.920182300760066
8.967180350563,0.9201770611380549
8.976791476340667,0.9201716086064988
8.986402602118332,0.9201660693959216
8.996013727896,0.920160476361118
9.005624853673666,0.9201549545256572
9.015235979451333,0.9201493061121861
9.024847105229,0.920143411084336
9.034458231006667,0.9201375375002728
9.044069356784332,0.920131608939334
9.053680482562,0.920125643742903
9.063291608339666,0.9201195687482933
9.072902734117333,0.9201135173345787
9.082513859894998,0.9201075194306183
9.092124985672667,0.9201014249787678
9.101736111450332,0.9200953072807582
9.111347237228,0.9200892680812439
9.120958363005666,0.920083182745106
9.130569488783333,0.9200771733838068
9.140180614560999,0.9200709569890044
9.149791740338665,0.9200646325837185
9.159402866116332,0.9200586758578739
9.169013991894,0.9200526016508932
9.178625117671665,0.9200464306595892
9.188236243449333,0.9200401981422117
9.197847369226999,0.9200340203681685
9.207458495004666,0.9200277693902887
9.217069620782333,0.9200216062667874
9.22668074656,0.9200154128442865
9.236291872337668,0.9200092843688172
9.245902998115332,0.9200030100218479
9.255514123893,0.919996786996348
9.265125249670666,0.9199906490883194
9.274736375448335,0.9199844782805718
9.284347501226,0.9199782527662648
9.293958627003667,0.9199721068971096
9.303569752781334,0.9199659043681276
9.313180878558999,0.9199597611166237
9.322792004336666,0.9199536898931069
9.332403130114333,0.9199476088836999
9.342014255892,0.9199415319301691
9.351625381669667,0.9199353749763163
9.361236507447332,0.9199291974068003
9.370847633225,0.9199231294685355
9.380458759002666,0.9199170936291895
9.390069884780333,0.9199110886181078
9.399681010558,0.9199050157207955
9.409292136335667,0.919899040540344
9.418903262113332,0.919893000694136
9.428514387891,0.9198870829754447
9.438125513668666,0.9198812644253124
9.447736639446333,0.9198754121623869
9.457347765223998,0.9198695148332975
9.466958891001667,0.9198635622209221
9.476570016779332,0.9198575845010718
9.486181142557,0.919851589501174
9.495792268334666,0.9198456749227121
9.505403394112333,0.9198398369592161
9.51501451989,0.9198339874147223
9.524625645667665,0.9198280966907412
9.534236771445332,0.9198222105201418
9.543847897223,0.9198163245517718
9.553459023000665,0.9198104572067451
9.563070148778333,0.9198045748253967
9.572681274555999,0.9197987895815486
9.582292400333667,0.9197929800732546
9.591903526111333,0.919787346197287
9.601514651889,0.9197817834214655
9.611125777666667,0.9197761864701567
9.620736903444332,0.9197706541108049
9.630348029221999,0.9197649834435297
9.639959154999666,0.9197592285764656
9.649570280777334,0.9197534748570345
9.659181406555,0.919747851200634
9.668792532332667,0.9197423579896401
9.678403658110334,0.9197368479688556
9.688014783887999,0.9197314529393066
9.697625909665666,0.9197260097404382
9.707237035443333,0.9197205343033302
9.716848161221,0.9197152455001081
9.726459286998667,0.9197099338218304
9.736070412776332,0.9197046934142739
9.745681538554,0.9196993741771596
9.755292664331666,0.9196939969478592
9.764903790109333,0.9196886219034554
9.774514915887,0.9196833007460902
9.784126041664667,0.919678084962516
9.793737167442332,0.9196728920356343
9.80334829322,0.9196675809590276
9.812959418997666,0.9196624518445838
9.822570544775333,0.9196573253051719
9.832181670552998,0.919652166868813
9.841792796330667,0.9196470543807197
9.851403922108332,0.9196419848337186
9.861015047886,0.9196368615444669
9.870626173663666,0.9196319288442204
9.880237299441333,0.9196270729031316
9.889848425219,0.919622172809354
9.899459550996665,0.9196171680949234
9.909070676774332,0.9196123243053655
9.918681802552,0.9196076164726791
9.928292928329665,0.9196029849738274
9.937904054107333,0.9195982268537854
9.947515179884999,0.9195934468207306
9.957126305662667,0.9195887483749099
9.96673743144033,0.9195840865439096
9.976348557218,0.9195794367338381
9.985959682995666,0.919574797695911
9.995570808773333,0.9195703362091486
10.005181934550999,0.9195657970131972
10.014793060328666,0.9195614039457556
10.024404186106334,0.9195569888166476
10.034015311884,0.9195525478205879
10.043626437661667,0.9195481244996715
10.053237563439334,0.919543826865679
10.062848689217,0.9195395217276712
10.072459814994666,0.9195350889538962
10.082070940772333,0.919530585860038
10.09168206655,0.9195261329969528
10.101293192327667,0.9195218242127035
10.110904318105332,0.9195174595320338
10.120515443883,0.9195131808234672
10.130126569660666,0.919508858582684
10.139737695438333,0.919504654817713
10.149348821216,0.9195003076747795
10.158959946993667,0.919496060784456
10.168571072771332,0.9194918488985335
10.178182198548999,0.9194877078322121
10.187793324326666,0.9194835957688744
10.197404450104333,0.9194793962131447
10.207015575881998,0.9194751520294687
10.216626701659667,0.9194709960763328
10.226237827437332,0.9194669266831994
10.235848953215001,0.9194629374607574
10.245460078992666,0.9194590553216895
10.255071204770333,0.9194551800741655
10.264682330548,0.9194513414456983
10.274293456325665,0.9194475571908531
10.283904582103332,0.9194437240707823
10.293515707881,0.9194399289449217
10.303126833658666,0.9194362458421292
10.312737959436333,0.9194325506593479
10.322349085213999,0.919428825167368
10.331960210991667,0.9194251231140111
10.34157133676933,0.9194214894585131
10.351182462547,0.9194178656342175
10.360793588324666,0.9194143110605676
10.370404714102333,0.9194108246510326
10.380015839879999,0.9194073125259358
10.389626965657666,0.919403742317694
10.399238091435334,0.9194001795399824
10.408849217213,0.9193968146513734
10.418460342990667,0.9193935436169695
10.428071468768334,0.9193901516418875
10.437682594546,0.9193865682793435
10.447293720323666,0.9193829587423178
10.456904846101333,0.9193793452453015
10.466515971879,0.9193758543134399
10.476127097656667,0.9193722976731241
10.485738223434332,0.9193689091125724
10.495349349212,0.9193656406014852
10.504960474989666,0.9193625525467047
10.514571600767333,0.9193594397508618
10.524182726545,0.9193562472956394
10.533793852322667,0.9193530002138995
10.543404978100334,0.919349761515064
10.553016103877999,0.9193466115652941
10.562627229655666,0.9193434391183132
10.572238355433333,0.9193403278454046
10.581849481210998,0.9193373745088147
10.591460606988667,0.9193344234326117
10.601071732766332,0.9193315550047519
10.610682858544001,0.9193286486503193
10.620293984321664,0.9193257248767224
10.629905110099333,0.9193229069148975
10.639516235877,0.9193200181959054
10.649127361654665,0.919317001929758
10.658738487432332,0.9193140216121325
10.66834961321,0.9193111133084844
10.677960738987666,0.9193082760014244
10.687571864765333,0.9193054666114893
10.697182990542998,0.9193025368868474
10.706794116320667,0.9192996833404812
10.71640524209833,0.9192966854543122
10.726016367876,0.9192938717108139
10.735627493653666,0.9192910272793771
10.745238619431333,0.9192881113454389
10.754849745208999,0.9192852186950404
10.764460870986666,0.9192824110527865
10.774071996764334,0.9192795485629153
10.783683122542,0.919276679773853
10.793294248319665,0.919273872851854
10.802905374097334,0.9192712525974871
10.812516499875,0.9192686745546403
10.822127625652666,0.9192661591874154
10.831738751430333,0.9192635825660694
10.841349877208,0.9192608451955185
10.850961002985667,0.9192580969675179
10.860572128763332,0.9192554709159584
10.870183254541,0.9192529319456976
10.879794380318666,0.9192504338982311
10.889405506096333,0.9192479937329839
10.899016631874,0.9192456038384166
10.908627757651667,0.9192431373642485
10.918238883429334,0.9192407481356155
10.927850009206999,0.9192383694101605
10.937461134984666,0.9192359295716581
10.947072260762333,0.9192335459742128
10.956683386539998,0.9192312904221778
10.966294512317667,0.9192290301061977
10.975905638095332,0.9192268162024597
10.985516763873001,0.9192245413587979
10.995127889650664,0.919222465147872
11.004739015428333,0.9192203598833988
11.014350141206,0.9192183827855154
11.023961266983667,0.9192161797038658
11.033572392761332,0.9192140165927865
11.043183518539,0.9192119486318832
11.052794644316666,0.9192097150622515
11.062405770094333,0.9192074631691551
11.072016895871998,0.9192051075355231
11.081628021649667,0.9192028567632091
11.091239147427332,0.919200595621456
11.100850273205,0.9191984943684723
11.110461398982665,0.91919647570818
11.120072524760333,0.9191943968233091
11.129683650537999,0.9191922848250212
11.139294776315666,0.9191901533413874
11.148905902093334,0.9191879618243876
11.158517027871,0.9191859629524268
11.168128153648665,0.9191838409850258
11.177739279426333,0.9191817453390988
11.187350405204,0.9191796361364556
11.196961530981666,0.9191777091408513
11.206572656759333,0.9191757950628381
11.216183782537,0.9191739644894246
11.225794908314667,0.9191721249184343
11.235406034092332,0.9191703386817351
11.24501715987,0.9191685577509238
11.254628285647666,0.9191669217021633
11.264239411425335,0.9191653047745693
11.273850537202998,0.9191635891037194
11.283461662980667,0.9191617821571777
11.293072788758334,0.9191599558270573
11.302683914535999,0.9191581859545159
11.312295040313666,0.9191563792916478
11.321906166091333,0.9191546461083997
11.331517291869,0.9191530289769634
11.341128417646667,0.9191514451954643
11.350739543424332,0.9191496606820342
11.360350669202,0.9191480039409738
11.369961794979664,0.9191464588308275
11.379572920757333,0.9191448020005266
11.389184046535,0.9191432110997928
11.398795172312667,0.9191416351365653
11.408406298090332,0.9191399371373818
11.418017423868,0.9191382403899849
11.427628549645666,0.9191365911472194
11.437239675423331,0.9191349552697821
11.446850801200998,0.9191333285447181
11.456461926978667,0.9191316014852062
11.466073052756332,0.9191298364668388
11.475684178534,0.9191282655334693
11.485295304311665,0.9191267266832933
11.494906430089333,0.9191252573675349
11.504517555867,0.9191237685978646
11.514128681644666,0.9191222543901295
11.523739807422333,0.9191206621842176
11.5333509332,0.9191191262591363
11.542962058977665,0.9191176447082895
11.552573184755333,0.9191162998412216
11.562184310533,0.9191150064942389
11.571795436310667,0.9191138206516686
11.581406562088333,0.919112530108175
11.591017687866,0.919111163024551
11.600628813643667,0.9191098067091131
11.610239939421332,0.9191084480866256
11.619851065199,0.9191071732999406
11.629462190976666,0.9191058136548139
11.639073316754335,0.9191043897213445
11.648684442531998,0.9191031681654243
11.658295568309667,0.9191020257047775
11.667906694087334,0.9191008943650966
11.677517819864999,0.9190998181488326
11.687128945642666,0.9190987394319697
11.696740071420333,0.9190976110658495
11.706351197198,0.919096556094305
11.715962322975667,0.9190954557675644
11.725573448753332,0.9190944153889777
11.735184574531,0.9190932391200851
11.744795700308666,0.9190920316370612
11.754406826086333,0.9190908037725477
11.764017951863998,0.919089628789253
11.773629077641667,0.9190884230152502
11.783240203419332,0.9190871967668005
11.792851329197,0.9190860335501839
11.802462454974666,0.9190848673839218
11.812073580752333,0.9190836700465398
11.821684706529998,0.9190825563951616
11.831295832307667,0.9190813650068258
11.840906958085332,0.9190803478619828
11.850518083863,0.9190793285611976
11.860129209640665,0.9190781653881288
11.869740335418333,0.9190770486867132
11.879351461196,0.9190759928799843
11.888962586973665,0.9190749051013303
11.898573712751332,0.9190738563545302
11.908184838529,0.9190728289998994
11.917795964306665,0.9190717366861152
11.927407090084332,0.9190707903270173
11.937018215862,0.9190698615061319
11.946629341639667,0.9190689202872745
11.95624046741733,0.9190681581482344
11.965851593195,0.9190674040249005
11.975462718972667,0.9190665893167451
11.985073844750332,0.9190658028446129
11.994684970528,0.919065074291434
12.004296096305666,0.9190642900399068
12.013907222083335,0.9190635034578779
12.023518347860998,0.9190627485862892
12.033129473638667,0.9190620510924518
12.042740599416334,0.9190612879785851
12.052351725194,0.9190605205119781
12.061962850971666,0.9190596510469768
12.071573976749333,0.9190588026952046
12.081185102527,0.9190579972300688
12.090796228304665,0.919057064822798
12.100407354082332,0.9190561360332856
12.11001847986,0.9190552274096123
12.119629605637666,0.9190544419683159
12.129240731415333,0.9190536991503235
12.138851857192998,0.9190529270620551
12.148462982970667,0.9190520891293854
12.158074108748332,0.9190513324213915
12.167685234526,0.9190506267767832
12.177296360303666,0.9190499180468874
12.186907486081333,0.9190491985020743
12.196518611858998,0.9190483312821803
12.206129737636667,0.9190474414611453
12.215740863414332,0.9190465578722998
12.225351989192,0.9190455028809656
12.234963114969664,0.9190444875823289
12.244574240747333,0.9190434376653643
12.254185366524998,0.9190425761073823
12.263796492302665,0.9190417886752895
12.273407618080332,0.9190409523766687
12.283018743858,0.9190401576168371
12.292629869635668,0.9190394566313307
12.302240995413332,0.9190387162177196
12.311852121191,0.9190380182262449
12.321463246968667,0.9190372263311755
12.33107437274633,0.9190364932161057
12.340685498524,0.9190357452048344
12.350296624301667,0.9190351719361554
12.359907750079334,0.9190345029294675
12.369518875857,0.9190338531219937
12.379130001634666,0.9190331990143707
12.388741127412334,0.9190324977937699
12.398352253189998,0.9190316498887955
12.407963378967667,0.9190309094153727
12.417574504745332,0.9190301863709526
12.427185630523,0.9190295325024253
12.436796756300666,0.9190288173945391
12.446407882078333,0.919028088120191
12.456019007856,0.9190273887703847
12.465630133633665,0.919026722226053
12.475241259411332,0.9190260311014703
12.484852385189,0.9190253757293463
12.494463510966666,0.9190247789544805
12.504074636744333,0.9190241290759565
12.513685762521998,0.9190234919031071
12.523296888299667,0.9190229596254263
12.532908014077334,0.9190223412020117
12.542519139854999,0.919021645875475
12.552130265632666,0.9190208505213177
12.561741391410333,0.919020075349272
12.571352517187998,0.9190194309819284
12.580963642965665,0.9190187145097416
12.590574768743332,0.9190179551340706
12.600185894521001,0.9190171340915111
12.609797020298664,0.9190162998286568
12.619408146076333,0.9190155652403886
12.629019271853998,0.9190147698822244
12.638630397631665,0.9190140914313275
12.648241523409332,0.9190135417516446
12.657852649187,0.9190128461547213
12.667463774964668,0.9190122347169856
12.677074900742332,0.9190114697618353
12.686686026519999,0.9190108013704277
12.696297152297667,0.9190100733934643
12.70590827807533,0.919009253770459
12.715519403853,0.9190084683548956
12.725130529630666,0.9190076816296564
12.734741655408333,0.9190068094464556
12.744352781185999,0.9190059908099782
12.753963906963666,0.9190052091809746
12.763575032741334,0.9190044404443443
12.773186158519,0.9190036384441521
12.782797284296667,0.9190028308091864
12.792408410074332,0.9190021191902796
12.802019535852,0.9190014281147797
12.811630661629666,0.9190007351729517
12.821241787407333,0.9189998933643106
12.830852913185,0.9189991231119777
12.840464038962667,0.9189982184294472
12.850075164740332,0.9189974150025546
12.859686290518,0.9189966748893427
12.869297416295666,0.9189958648503717
12.878908542073333,0.9189951117504556
12.888519667850998,0.9189942651088969
12.898130793628667,0.9189933386069639
12.907741919406332,0.9189924728578936
12.917353045183999,0.9189915749927621
12.926964170961666,0.9189905907213647
12.936575296739333,0.9189895623195481
12.946186422516998,0.9189885832409691
12.955797548294665,0.9189875831297687
12.965408674072332,0.9189866627691834
12.975019799850001,0.9189858215733312
12.984630925627664,0.9189849796149436
12.994242051405333,0.9189839889097725
13.003853177182998,0.9189829743689742
13.013464302960667,0.9189819204255
13.023075428738332,0.9189809352040293
13.032686554516,0.9189800531030954
13.042297680293668,0.9189791994407841
13.051908806071332,0.9189783623635798
13.061519931848999,0.9189774721756514
13.071131057626665,0.9189765895530415
13.080742183404334,0.9189756028372515
13.090353309182,0.9189746193159977
13.099964434959666,0.9189737114439023
13.109575560737333,0.9189728205196839
13.119186686514999,0.9189719407538275
13.128797812292666,0.9189710945952901
13.138408938070334,0.9189701630052272
13.148020063848,0.9189693147308713
13.157631189625667,0.9189684844743727
13.167242315403332,0.9189677063498388
13.176853441181,0.9189668708041904
13.186464566958666,0.9189661087797893
13.196075692736333,0.9189654246475893
13.205686818514,0.9189648745213874
13.215297944291667,0.9189642746308659
13.224909070069332,0.9189637317386509
13.234520195846999,0.9189631293362592
13.244131321624666,0.9189624413868188
13.253742447402335,0.91896183514328
13.263353573179998,0.9189611768523246
13.272964698957667,0.9189604705154322
13.282575824735332,0.9189596577818759
13.292186950512999,0.9189589592244576
13.301798076290666,0.918958276725787
13.311409202068333,0.9189576783058045
13.321020327846,0.9189570577914526
13.330631453623665,0.9189564193272132
13.340242579401332,0.9189558997548443
13.349853705179,0.9189552555635746
13.359464830956664,0.9189546269782842
13.369075956734333,0.9189540516433247
13.378687082511998,0.9189534112713784
13.388298208289667,0.9189527541855262
13.397909334067332,0.9189520536705084
13.407520459845,0.9189514530911141
13.417131585622666,0.9189508344860317
13.426742711400331,0.9189501872378253
13.436353837177998,0.9189495597515661
13.445964962955665,0.9189488656773903
13.455576088733334,0.9189481406943513
13.465187214511,0.91894753957458
13.474798340288666,0.9189469282499276
13.484409466066333,0.9189463244062178
13.494020591843999,0.918945647080679
13.503631717621666,0.9189449678227484
13.513242843399333,0.9189441615324686
13.522853969177,0.9189433665994245
13.532465094954667,0.9189425913847881
13.542076220732332,0.9189419444373367
13.55168734651,0.9189412847336201
13.561298472287666,0.918940625537804
13.570909598065333,0.9189399284341274
13.580520723843,0.918939300750976
13.590131849620667,0.918938784510404
13.599742975398332,0.9189382394108756
13.609354101175999,0.9189375430289947
13.618965226953666,0.9189367895405772
13.628576352731335,0.9189360222235486
13.638187478508998,0.9189352734228861
13.647798604286667,0.918934494758951
13.657409730064332,0.9189336978264244
13.667020855841999,0.9189327969401395
13.676631981619666,0.9189318539986374
13.686243107397333,0.9189308930881471
13.695854233175,0.9189299098236724
13.705465358952665,0.9189290117105836
13.715076484730332,0.9189280657112052
13.724687610508,0.9189270826585789
13.734298736285664,0.9189262236876444
13.743909862063333,0.9189254402315267
13.753520987840998,0.9189247010405402
13.763132113618667,0.9189238967969194
13.772743239396332,0.9189231353973673
13.782354365174,0.9189223896720781
13.791965490951666,0.9189216331642206
13.801576616729333,0.9189209151284577
13.811187742506998,0.9189201621245032
13.820798868284665,0.9189194672126313
13.830409994062334,0.9189187570923801
13.84002111984,0.9189180763853512
13.849632245617665,0.9189173452453895
13.859243371395335,0.918916588676059
13.868854497173,0.9189157888856673
13.878465622950667,0.9189148911805592
13.888076748728333,0.9189140719267894
13.897687874506,0.9189132344567476
13.907299000283667,0.9189124156353489
13.916910126061332,0.9189116621192757
13.926521251838999,0.9189108253199227
13.936132377616667,0.9189099636225833
13.94574350339433,0.9189092252643869
13.955354629172001,0.9189085130179735
13.964965754949667,0.9189077482234086
13.974576880727334,0.9189071321190418
13.984188006504999,0.9189063627926718
13.993799132282666,0.9189056403638803
14.003410258060333,0.9189049389250715
14.013021383837998,0.9189041438674139
14.022632509615665,0.9189034385122972
14.032243635393334,0.9189027753823634
14.041854761171,0.9189021014810337
14.051465886948666,0.9189013340640502
14.061077012726333,0.9189006172713613
14.070688138504,0.9188999973124546
14.080299264281665,0.9188994684344466
14.089910390059332,0.9188990359667606
14.099521515836999,0.9188985423751117
14.109132641614668,0.9188979579962863
14.118743767392331,0.9188971897345352
14.12835489317,0.9188964940048914
14.137966018947667,0.918895733835496
14.147577144725332,0.9188949035751507
14.157188270503,0.9188941388776151
14.166799396280666,0.9188934357886166
14.176410522058331,0.9188926565839844
14.186021647835998,0.9188918218269111
14.195632773613664,0.9188908744245697
14.205243899391334,0.9188899271058801
14.214855025168998,0.9188890514034674
14.224466150946666,0.9188881313054759
14.234077276724333,0.9188871358413953
14.243688402501999,0.9188862756183191
14.253299528279666,0.9188855239914532
14.262910654057332,0.9188848408301823
14.272521779835001,0.91888417339267
14.282132905612668,0.9188833219768515
14.291744031390333,0.9188825331696319
14.301355157168,0.918881821992013
14.310966282945666,0.9188810779811196
14.320577408723333,0.9188802840264604
14.330188534501,0.9188794991295126
14.339799660278665,0.9188786524136834
14.349410786056335,0.9188778389258296
14.359021911833997,0.9188771076546103
14.368633037611668,0.9188764400425357
14.378244163389333,0.9188756825543677
14.387855289167,0.9188748077927288
14.397466414944667,0.9188737909921612
14.407077540722332,0.9188728157136449
14.416688666499999,0.9188718650987389
14.426299792277666,0.9188707813980553
14.435910918055331,0.9188697621960591
14.445522043833002,0.9188688275679908
14.455133169610663,0.9188678465316279
14.464744295388334,0.9188669504290456
14.474355421165999,0.9188660757605863
14.483966546943666,0.9188651632216734
14.493577672721333,0.9188641627026922
14.503188798498998,0.9188631680759036
14.512799924276665,0.9188622394935059
14.522411050054334,0.9188613695834525
14.532022175831997,0.918860622939535
14.541633301609666,0.9188597603500743
14.551244427387333,0.9188587403484623
14.560855553165,0.9188577242805693
14.570466678942665,0.9188566263218954
14.580077804720332,0.9188554200812338
14.589688930498001,0.9188542512922304
14.599300056275665,0.9188530785963734
14.608911182053332,0.9188519350840372
14.618522307831,0.9188508130818541
14.628133433608664,0.9188498333233257
14.637744559386332,0.9188488160934151
14.647355685164,0.9188475730699706
14.656966810941666,0.9188464271807484
14.666577936719332,0.91884534355984
14.676189062496999,0.9188441701687
14.685800188274667,0.9188429417589481
14.69541131405233,0.918841786023721
14.70502243983,0.9188406048387001
14.714633565607667,0.9188393239527599
14.724244691385334,0.9188380266384786
14.733855817162999,0.918836724695989
14.743466942940666,0.9188355647571442
14.753078068718333,0.9188343490491134
14.762689194496001,0.918833193014531
14.772300320273665,0.9188319590374605
14.781911446051334,0.9188307189262978
14.791522571829,0.9188295203831194
14.801133697606666,0.9188283261345705
14.810744823384333,0.918827179416848
14.820355949162,0.9188260904542558
14.829967074939665,0.9188250276953585
14.839578200717332,0.9188238784665516
14.849189326494997,0.9188227615401832
14.858800452272668,0.9188217012443782
14.868411578050331,0.9188206574728432
14.878022703828,0.9188195087431024
14.887633829605667,0.9188183307128536
14.897244955383332,0.9188172025322955
14.906856081161,0.9188160404595361
14.916467206938666,0.9188148531571813
14.926078332716331,0.9188137505211293
14.935689458493998,0.9188126932960414
14.945300584271664,0.9188114843918287
14.954911710049334,0.9188103941462544
14.964522835827,0.9188091675514923
14.974133961604666,0.9188080152087456
14.983745087382333,0.9188068308538351
14.993356213159998,0.9188056370764257
15.002967338937665,0.9188044188827114
15.01257846471533,0.9188033584931402
15.022189590493001,0.9188022528651264
15.031800716270666,0.9188011345373385
15.041411842048333,0.9188001715550848
15.051022967826,0.9187991569755919
15.060634093603666,0.9187981644303186
15.070245219381333,0.9187970597241177
15.079856345159,0.9187959292470336
15.089467470936665,0.9187946691767778
15.099078596714335,0.918793378063323
15.108689722491997,0.9187921418316788
15.118300848269667,0.9187909953744237
15.127911974047333,0.91878980078232
15.137523099825,0.9187886275691003
15.147134225602667,0.9187873337550628
15.156745351380332,0.9187860940954502
15.166356477157999,0.9187848579891332
15.175967602935664,0.9187836294603935
15.185578728713331,0.9187824199142718
15.195189854491,0.91878125505531
15.204800980268667,0.9187801511594108
15.214412106046334,0.9187789292201187
15.224023231823999,0.918777668403376
15.233634357601666,0.9187764146539605
15.243245483379333,0.9187752171054566
15.252856609156998,0.9187740525624263
15.262467734934665,0.9187729183550207
15.272078860712334,0.9187716117277615
15.281689986489997,0.9187701745120246
15.291301112267666,0.9187686762558543
15.300912238045333,0.9187673328672159
15.310523363823,0.9187660624753645
15.320134489600665,0.9187647254154078
15.329745615378332,0.9187632296042734
15.339356741155997,0.918761807433122
15.348967866933664,0.9187604417296472
15.358578992711331,0.9187590826586907
15.368190118489,0.9187576340309318
15.377801244266667,0.918756067610283
15.387412370044332,0.9187544559013325
15.397023495822,0.9187527231118727
15.406634621599666,0.9187509697124775
15.416245747377332,0.918749349821242
15.425856873154999,0.9187477049528847
15.435467998932667,0.918746173201773
15.445079124710334,0.9187445985582651
15.454690250488,0.9187429965810839
15.464301376265666,0.9187414457978683
15.473912502043333,0.9187398366842698
15.483523627820999,0.918738418835646
15.493134753598666,0.9187368674871457
15.50274587937633,0.9187353518070968
15.512357005154001,0.9187338094495955
15.521968130931665,0.9187322354197492
15.531579256709334,0.9187306314398032
15.541190382487,0.91872910694043
15.550801508264666,0.9187277160625128
15.560412634042333,0.9187262786614899
15.57002375982,0.9187247562426828
15.579634885597665,0.9187234237033055
15.589246011375332,0.9187219785034506
15.598857137152997,0.9187204574571972
15.608468262930668,0.9187188471548606
15.618079388708333,0.9187172141320085
15.627690514486,0.918715622641285
15.637301640263667,0.918714008295724
15.646912766041332,0.9187123425382394
15.656523891818999,0.9187106659960792
15.666135017596664,0.9187089734228664
15.675746143374331,0.9187073615773557
15.685357269152,0.9187058859722624
15.694968394929663,0.9187042902610529
15.704579520707334,0.9187026785067645
15.714190646485,0.918700993315323
15.723801772262666,0.9186994047735457
15.733412898040333,0.9186978934380262
15.743024023817998,0.9186962567690741
15.752635149595665,0.9186945013370565
15.76224627537333,0.9186927400420147
15.771857401150998,0.9186909798238447
15.781468526928666,0.9186892126964861
15.791079652706333,0.918687593805554
15.800690778484,0.9186860115143174
15.810301904261664,0.918684384354889
15.819913030039332,0.9186825637294463
15.829524155816998,0.9186808024687126
15.839135281594665,0.9186790360797793
15.848746407372333,0.9186772572654776
15.85835753315,0.9186754403870827
15.867968658927667,0.9186736765606287
15.87757978470533,0.9186720295851658
15.887190910483,0.9186704214386083
15.896802036260667,0.9186686927281291
15.906413162038332,0.9186669633891604
15.916024287815999,0.9186651493712653
15.925635413593668,0.9186633139662203
15.935246539371335,0.9186614326237471
15.944857665149,0.9186597056576944
15.954468790926663,0.9186578761621321
15.964079916704334,0.9186560479824527
15.973691042481999,0.9186541988577908
15.983302168259666,0.9186523161569338
15.992913294037331,0.9186504085372738
16.002524419815,0.9186484648484209
16.012135545592667,0.9186464004023793
16.02174667137033,0.9186442746548019
16.031357797147997,0.9186421178692027
16.040968922925668,0.9186399506488572
16.05058004870333,0.9186379465845751
16.060191174480998,0.9186359011353696
16.069802300258665,0.9186338436496427
16.079413426036336,0.91863175623797
16.089024551814,0.9186296231349902
16.098635677591666,0.9186276620198961
16.10824680336933,0.9186257022709927
16.117857929147,0.9186236389875527
16.127469054924667,0.9186215980760538
16.137080180702334,0.9186196555703094
16.14669130648,0.9186178134468354
16.156302432257664,0.9186159156424016
16.16591355803533,0.9186138901695524
16.175524683813,0.9186118703208374
16.18513580959067,0.9186099104387722
16.194746935368332,0.9186079074627649
16.204358061146,0.9186056872526496
16.213969186923666,0.9186035319086221
16.22358031270133,0.9186013893401789
16.233191438479,0.9185992706666709
16.242802564256664,0.9185971661515722
16.25241369003433,0.9185949445743128
16.262024815812,0.9185926119234055
16.27163594158967,0.9185903541417356
16.28124706736733,0.9185879524995623
16.290858193144995,0.9185855878348776
16.300469318922666,0.9185832511686872
16.310080444700333,0.9185808832140834
16.319691570478,0.9185784950113965
16.329302696255667,0.9185762533933012
16.338913822033334,0.9185738095215074
16.348524947811,0.9185714282891151
16.358136073588664,0.9185691263498037
16.36774719936633,0.918566940986962
16.377358325143998,0.9185646066977581
16.386969450921665,0.9185623036559882
16.396580576699332,0.9185599557029185
16.406191702477,0.9185576143858134
16.41580282825467,0.9185554616271865
16.425413954032333,0.9185532332523436
16.435025079809996,0.9185510874819924
16.444636205587663,0.9185487923286094
16.454247331365334,0.9185464748805076
16.463858457143,0.918544030615488
16.473469582920664,0.9185416075006307
16.483080708698335,0.9185390292686674
16.492691834476002,0.9185366318772082
16.502302960253665,0.9185342414591219
16.511914086031332,0.9185319292154912
16.521525211808996,0.9185296601854593
16.531136337586666,0.9185273374197398
16.540747463364333,0.9185250583891104
16.550358589142,0.9185226761150939
16.559969714919667,0.918520278534615
16.56958084069733,0.9185178665678914
16.579191966474998,0.9185153982844656
16.588803092252665,0.9185130846496952
16.598414218030335,0.9185107180600802
16.608025343808,0.9185083097990152
16.617636469585666,0.9185058794363692
16.627247595363333,0.9185034558383057
16.636858721141,0.9185010640458059
16.646469846918666,0.9184985871376968
16.656080972696333,0.9184960886842001
16.665692098473997,0.9184935847309111
16.675303224251667,0.9184910192263146
16.684914350029334,0.9184885464620153
16.694525475807,0.9184861210647857
16.704136601584665,0.918483746203814
16.713747727362332,0.9184813636174292
16.72335885314,0.9184788423970837
16.732969978917666,0.9184762179894619
16.742581104695333,0.918473600804639
16.752192230473,0.918470878036277
16.761803356250667,0.9184682289334747
16.77141448202833,0.9184656331217883
16.781025607805997,0.9184630331025455
16.790636733583668,0.9184604793729672
16.80024785936133,0.9184579283114622
16.809858985138998,0.9184554189515117
16.819470110916665,0.9184527864944273
16.829081236694336,0.918450198586342
16.838692362472,0.9184475162988214
16.848303488249663,0.9184448362010511
16.85791461402733,0.9184422574020092
16.867525739805,0.91843963850685
16.877136865582667,0.9184369845871311
16.886747991360334,0.9184343069522504
16.896359117138,0.9184315778015435
16.905970242915664,0.9184288865774609
16.91558136869333,0.9184261491425715
16.925192494471,0.9184235206227437
16.934803620248665,0.9184208789152495
16.944414746026332,0.9184181440601539
16.954025871804,0.9184155111119059
16.963636997581666,0.9184127389194048
16.973248123359337,0.9184099980938875
16.982859249137,0.9184071310173146
16.992470374914664,0.918404288369619
17.00208150069233,0.9184012291960738
17.01169262647,0.9183981596483074
17.02130375224767,0.9183951890311233
17.03091487802533,0.918392334926866
17.040526003803,0.9183895018004835
17.050137129580666,0.9183866638465055
17.059748255358333,0.9183839166517423
17.069359381136,0.9183811886697671
17.078970506913667,0.9183782421159706
17.088581632691334,0.9183753829865949
17.098192758469,0.9183725762408699
17.107803884246668,0.9183697039361178
17.11741501002433,0.9183669228355037
17.127026135801998,0.9183641080197915
17.136637261579665,0.9183612809118495
17.146248387357332,0.9183584212322039
17.155859513135,0.9183555376458613
17.16547063891267,0.9183526285328183
17.175081764690333,0.9183496530045144
17.184692890467996,0.9183466742889244
17.194304016245663,0.9183437250098315
17.203915142023334,0.9183406838696864
17.213526267801,0.9183376308972656
17.223137393578664,0.9183344992254149
17.23274851935633,0.9183314431037554
17.242359645134,0.9183283564275319
17.251970770911665,0.9183252641548896
17.261581896689332,0.9183221215885552
17.271193022466996,0.9183189028370744
17.280804148244666,0.9183158174929568
17.290415274022333,0.9183126537290611
17.3000263998,0.9183094410088276
17.309637525577667,0.9183062011171172
17.31924865135533,0.9183030332350087
17.328859777132998,0.9182998108614377
17.338470902910665,0.918296570992465
17.348082028688335,0.9182931263421791
17.357693154466,0.9182895307155367
17.367304280243665,0.9182861045958531
17.376915406021332,0.9182826744071163
17.386526531798996,0.9182792145096222
17.396137657576666,0.9182757283023137
17.405748783354333,0.9182722017196135
17.415359909131997,0.9182687323411183
17.424971034909667,0.91826511826553
17.434582160687334,0.9182614809479492
17.444193286465,0.9182578894545183
17.453804412242665,0.91825427594026
17.46341553802033,0.9182507668497017
17.473026663798,0.9182472552534162
17.482637789575666,0.9182438287884481
17.492248915353333,0.9182403495786682
17.501860041131,0.9182368355111047
17.511471166908667,0.9182334281048266
17.521082292686334,0.918229942689877
17.530693418463997,0.9182265501911845
17.540304544241668,0.9182231034175138
17.54991567001933,0.9182196869578042
17.559526795796998,0.9182162936378047
17.569137921574665,0.9182129123036371
17.578749047352336,0.9182093929713181
17.58836017313,0.9182059184107921
17.597971298907662,0.918202469842635
17.60758242468533,0.9181989853637572
17.617193550463,0.9181955031936883
17.626804676240667,0.9181921181933549
17.636415802018334,0.9181887556328432
17.646026927796,0.9181853302255604
17.655638053573668,0.9181818557466861
17.66524917935133,0.9181782840621284
17.674860305129,0.9181747226878788
17.684471430906665,0.91817108981677
17.694082556684332,0.9181674732587812
17.703693682462,0.9181639748626494
17.713304808239666,0.9181605089586861
17.722915934017337,0.9181569999797878
17.732527059795,0.9181533858953081
17.742138185572664,0.9181497047089741
17.75174931135033,0.9181461438609606
17.761360437128,0.9181425626168852
17.770971562905668,0.9181389372896968
17.78058268868333,0.9181353223519224
17.790193814461,0.9181316271319289
17.799804940238666,0.9181279760164293
17.809416066016333,0.9181243046872417
17.819027191794,0.918120583865019
17.828638317571663,0.9181169275544742
17.838249443349333,0.9181133499723745
17.847860569127,0.9181097233987988
17.857471694904667,0.9181061075440552
17.86708282068233,0.9181024814298723
17.876693946459998,0.9180988448330679
17.886305072237665,0.9180951752034664
17.895916198015332,0.9180916630946673
17.905527323793,0.9180881757102217
17.915138449570666,0.9180846216980819
17.924749575348333,0.9180811083246326
17.934360701126,0.9180776382987957
17.943971826903663,0.9180741134453494
17.953582952681334,0.9180704355438106
17.963194078459,0.9180668247033191
17.972805204236664,0.9180634360015723
17.98241633001433,0.9180600217864874
17.992027455792,0.9180565957166531
18.00163858156967,0.918053166932649
18.011249707347332,0.9180497316892048
18.020860833124996,0.9180461654573311
18.030471958902666,0.9180425822961081
18.040083084680333,0.9180389141837845
18.049694210458,0.9180352015913507
18.059305336235667,0.9180314087479412
18.068916462013334,0.9180276632392683
18.078527587790997,0.9180240570918362
18.088138713568664,0.9180205916620365
18.09774983934633,0.91801705206104
18.107360965124,0.9180134267587897
18.116972090901665,0.9180097908046834
18.126583216679332,0.9180060726324788
18.136194342457003,0.9180023686619134
18.145805468234666,0.9179987554535235
18.15541659401233,0.9179950112731075
18.165027719789997,0.9179913108787244
18.174638845567667,0.9179876299932971
18.184249971345334,0.9179839879187306
18.193861097123,0.9179802847640974
18.203472222900665,0.917976708455298
18.21308334867833,0.9179730210759857
18.222694474456,0.9179694738769778
18.232305600233666,0.9179658447052967
18.241916726011333,0.9179622800295524
18.251527851789,0.9179587008641803
18.261138977566667,0.9179552121583298
18.270750103344334,0.9179518035238565
18.280361229121997,0.9179483333462307
18.289972354899668,0.917944700678142
18.29958348067733,0.9179410452757243
18.309194606454998,0.9179375344020633
18.318805732232665,0.9179341032650739
18.328416858010335,0.9179305966007077
18.338027983788,0.9179270068301765
18.347639109565662,0.9179233100152576
18.35725023534333,0.917919602645289
18.366861361121,0.9179158918834652
18.376472486898667,0.917912275515639
18.386083612676334,0.9179085025252344
18.395694738453997,0.9179048270900878
18.405305864231668,0.9179010866623037
18.41491699000933,0.9178972156081769
18.424528115787,0.9178933557371556
18.434139241564665,0.9178895065548178
18.443750367342332,0.9178856059887662
18.45336149312,0.9178817278358248
18.462972618897666,0.9178778952109237
18.472583744675337,0.9178739735157485
18.482194870453,0.917870106163887
18.491805996230664,0.9178663044954772
18.50141712200833,0.9178623218420158
18.511028247786,0.9178584300690238
18.520639373563668,0.917854541179055
18.53025049934133,0.9178506987673083
18.539861625119,0.9178467033578267
18.54947275089667,0.9178429047245835
18.559083876674332,0.9178390695296561
18.568695002452,0.9178351590078253
18.578306128229663,0.9178312831898423
18.587917254007333,0.9178273252679653
18.597528379785,0.9178233290591337
18.607139505562667,0.9178192836661444
18.616750631340334,0.9178152489922187
18.626361757117998,0.917811350785173
18.635972882895665,0.9178073564978313
18.64558400867333,0.917803333423081
18.655195134451,0.9177994713669854
18.664806260228666,0.9177955491531318
18.674417386006333,0.9177915935787072
18.684028511784,0.9177877298689742
18.693639637561663,0.9177837909053334
18.703250763339334,0.9177798422828564
18.712861889117,0.917775704645137
18.722473014894664,0.9177715672206174
18.73208414067233,0.9177675447996444
18.74169526645,0.9177634962181777
18.75130639222767,0.9177594802346807
18.760917518005332,0.9177554677125168
18.770528643782995,0.9177514107111766
18.780139769560666,0.9177473210948789
18.789750895338333,0.9177432413699164
18.799362021116,0.9177390821695558
18.808973146893667,0.917734918419876
18.818584272671334,0.9177309161912737
18.828195398448997,0.917726913756936
18.837806524226664,0.9177228633990626
18.84741765000433,0.9177187710472366
18.857028775782,0.9177145467409383
18.866639901559665,0.9177103742390238
18.876251027337332,0.9177062511153454
18.885862153115003,0.9177021152653624
18.895473278892666,0.9176979025051701
18.90508440467033,0.9176937149530893
18.914695530447997,0.9176895529552641
18.924306656225667,0.9176852319573738
18.933917782003334,0.9176809047990575
18.943528907781,0.9176766626036373
18.953140033558665,0.9176724179305523
18.962751159336335,0.9176682951045287
18.972362285114,0.917664088332008
18.981973410891666,0.9176598397224446
18.991584536669333,0.9176554896008923
19.001195662447,0.9176511755752602
19.010806788224667,0.9176468103911063
19.020417914002334,0.9176424646140688
19.03002903978,0.9176381745454554
19.039640165557667,0.9176338699457489
19.04925129133533,0.9176295675959558
19.058862417112998,0.9176252363104765
19.068473542890665,0.9176208854489772
19.078084668668335,0.9176166622918794
19.087695794446,0.9176122591806866
19.097306920223666,0.9176079850948554
19.10691804600133,0.917603585809176
19.116529171779,0.9175991497698723
19.126140297556667,0.9175947111348371
19.13575142333433,0.9175904378401291
19.145362549111997,0.9175861996136183
19.154973674889668,0.9175818901589425
19.164584800667335,0.9175775793657458
19.174195926444998,0.9175732599601655
19.183807052222665,0.9175688801335397
19.193418178000332,0.9175643942742624
19.203029303778,0.9175599555464415
19.212640429555666,0.9175554736975412
19.222251555333333,0.9175509340944932
19.231862681111,0.9175464508176439
19.241473806888663,0.9175418333015316
19.25108493266633,0.9175372446352572
19.260696058443997,0.9175326341090303
19.270307184221668,0.917528145017972
19.27991830999933,0.9175236482861455
19.289529435777,0.9175192228138085
19.29914056155467,0.9175147779960935
19.308751687332332,0.9175102822686907
19.31836281311,0.9175056750916256
19.327973938887663,0.9175009450516333
19.337585064665333,0.9174962661880417
19.347196190443,0.9174915487139728
19.356807316220667,0.917486894386205
19.366418441998334,0.9174822887792909
19.376029567775998,0.9174776935339175
19.385640693553665,0.9174731278309076
19.39525181933133,0.9174685751746652
19.404862945109,0.9174640583339103
19.414474070886666,0.9174594821092076
19.424085196664333,0.917454859138081
19.433696322442,0.917450018469796
19.443307448219667,0.9174453012942266
19.452918573997334,0.9174406688661851
19.462529699774997,0.9174362373687337
19.472140825552664,0.9174317981608954
19.48175195133033,0.9174274222937172
19.491363077108,0.9174229874508452
19.50097420288567,0.9174184463380055
19.510585328663332,0.9174139671098945
19.520196454440995,0.9174095099901215
19.529807580218666,0.9174050042234791
19.539418705996333,0.9174004608763981
19.549029831774,0.9173959947080161
19.558640957551663,0.9173913846471773
19.568252083329334,0.9173867760271068
19.577863209107,0.9173821117447158
19.587474334884664,0.917377505604985
19.59708546066233,0.9173729586888696
19.60669658644,0.9173685146219174
19.616307712217665,0.9173640366444071
19.625918837995332,0.9173594750990163
19.635529963773003,0.9173548594472579
19.645141089550666,0.917350370659658
19.65475221532833,0.9173458668439887
19.664363341105997,0.9173413391804421
19.673974466883667,0.9173367398169092
19.683585592661334,0.9173319626746095
19.693196718439,0.917327238043357
19.702807844216665,0.917322677418817
19.712418969994335,0.9173181431442904
19.722030095772,0.9173134871165255
19.731641221549665,0.9173088684536773
19.741252347327332,0.9173041737112501
19.750863473105,0.9172994429132955
19.760474598882666,0.917294773253058
19.770085724660333,0.9172900275652809
19.779696850438,0.9172852744769008
19.789307976215664,0.9172805297807796
19.79891910199333,0.9172756829472781
19.808530227770998,0.9172708036776056
19.818141353548665,0.9172659626928035
19.827752479326335,0.9172612480979488
19.837363605104,0.9172565359822586
19.846974730881666,0.917251719788024
19.85658585665933,0.9172468555477821
19.866196982437,0.9172418810177222
19.875808108214667,0.917236997826569
19.88541923399233,0.9172322122536661
19.895030359769997,0.9172273360819361
19.904641485547668,0.917222549483446
19.914252611325335,0.9172177219284728
19.923863737102998,0.9172128178393256
19.93347486288066,0.9172078444883726
19.943085988658332,0.9172027666997784
19.952697114436,0.9171977462229436
19.962308240213666,0.9171926838861341
19.971919365991333,0.9171877062895749
19.981530491769,0.9171827689686407
19.991141617546667,0.9171778388188984
20.00075274332433,0.9171728746729978
20.010363869101997,0.917167771541324
20.019974994879668,0.9171626241256363
20.02958612065733,0.9171575677397461
20.039197246435,0.9171526290399828
20.04880837221267,0.9171475520750374
20.058419497990336,0.9171424858418048
20.068030623768,0.9171374485213138
20.077641749545663,0.9171323597353781
20.087252875323333,0.9171273274998925
20.096864001101,0.9171222644849599
20.106475126878667,0.9171171912825167
20.11608625265633,0.9171120350294013
20.125697378434,0.9171070177151718
20.135308504211665,0.9171019886317988
20.14491962998933,0.9170969169485438
20.154530755767,0.9170918285758508
20.164141881544666,0.9170868239218902
20.173753007322333,0.9170818205733199
20.1833641331,0.9170768838769358
20.192975258877667,0.9170718138423881
20.202586384655334,0.9170668529837166
20.212197510432997,0.9170618195466153
20.221808636210664,0.9170568197416021
20.23141976198833,0.9170519045642381
20.241030887766,0.9170470480165563
20.25064201354367,0.917042064401352
20.260253139321332,0.9170370069316625
20.269864265098995,0.917031970239465
20.279475390876666,0.9170270446419649
20.289086516654333,0.917022142528805
20.298697642432,0.9170171529994412
20.308308768209663,0.9170122435227992
20.317919893987334,0.9170073170124253
20.327531019765,0.9170023491690503
20.337142145542664,0.9169972740037672
20.34675327132033,0.9169921618329933
20.356364397097998,0.9169870378114757
20.365975522875665,0.9169818524342229
20.375586648653332,0.9169765688861187
20.385197774431003,0.9169712896182094
20.394808900208666,0.9169660773628066
20.40442002598633,0.9169608152141666
20.414031151763997,0.9169554269757261
20.423642277541664,0.9169502457146893
20.433253403319334,0.916945168623074
20.442864529096997,0.9169401677124883
20.452475654874664,0.9169351558021834
20.462086780652335,0.9169301104839429
20.471697906430002,0.9169249888162415
20.481309032207665,0.9169197823807054
20.490920157985332,0.9169146613338153
20.500531283763,0.9169094939572127
20.510142409540666,0.9169043053131816
20.519753535318333,0.9168991781606207
20.529364661096,0.9168940927627516
20.538975786873667,0.9168888683973719
20.54858691265133,0.9168836896398537
20.558198038428998,0.916878449342295
20.567809164206665,0.9168731082438324
20.577420289984335,0.9168678219571567
20.587031415762,0.9168626450990309
20.596642541539666,0.9168574274026381
20.606253667317333,0.9168521562867918
20.615864793095,0.916846813249726
20.625475918872667,0.9168413717917471
20.63508704465033,0.9168360985698798
20.644698170427997,0.9168308936302836
20.654309296205668,0.9168257115402203
20.663920421983335,0.9168204942827213
20.673531547761,0.916815251023298
20.68314267353866,0.9168099510137115
20.692753799316332,0.9168047358963095
20.702364925094,0.9167995766052999
20.711976050871666,0.9167944978038901
20.721587176649333,0.9167893567282954
20.731198302427,0.916784200746049
20.740809428204667,0.9167790501434048
20.75042055398233,0.9167738141585668
20.760031679759997,0.9167686955527918
20.769642805537664,0.9167635840835838
20.77925393131533,0.9167585891489982
20.788865057093,0.9167535033314133
20.79847618287067,0.9167484148341253
20.808087308648336,0.9167432429432957
20.817698434426,0.9167380933998969
20.827309560203663,0.9167327885569768
20.836920685981333,0.916727504427993
20.846531811759,0.916722211980138
20.856142937536667,0.9167169244870957
20.86575406331433,0.9167117001064266
20.875365189092,0.9167063219276664
20.884976314869665,0.916700970543778
20.89458744064733,0.9166956549222725
20.904198566425,0.9166903909103826
20.913809692202666,0.9166851285330384
20.923420817980332,0.9166798791666996
20.933031943758,0.9166746524303936
20.942643069535666,0.9166694607240939
20.952254195313333,0.9166641766500824
20.961865321090997,0.9166587205456462
20.971476446868664,0.9166532962087443
20.98108757264633,0.9166479555841248
20.990698698424,0.9166425369333845
21.000309824201665,0.9166370546535088
21.009920949979332,0.9166315738569133
21.019532075757,0.9166261518119865
21.029143201534666,0.9166206217704933
21.038754327312333,0.9166151231822334
21.04836545309,0.9166096801553089
21.057976578867663,0.9166042617411027
21.067587704645334,0.9165990016409377
21.077198830423,0.916593610134201
21.086809956200668,0.9165881961232412
21.09642108197833,0.9165828467127355
21.106032207755998,0.9165774539013182
21.115643333533665,0.9165720895929202
21.125254459311332,0.9165667363103358
21.134865585089003,0.9165613953239428
21.144476710866666,0.916556046447033
21.154087836644333,0.9165507061754322
21.163698962421996,0.9165453226814572
21.173310088199663,0.9165399621458422
21.182921213977334,0.91653450217248
21.192532339754997,0.9165289627860543
21.202143465532664,0.9165235691651339
21.211754591310335,0.9165180343917251
21.221365717088002,0.9165123687799855
21.230976842865665,0.9165067407346547
21.24058796864333,0.9165012996115749
21.250199094421,0.9164960224635967
21.259810220198666,0.9164906020931112
21.269421345976333,0.916485128044227
21.279032471754,0.9164797583972102
21.288643597531667,0.9164744285310416
21.29825472330933,0.9164689190271998
21.307865849086998,0.9164634207435874
21.317476974864665,0.9164579755893311
21.32708810064233,0.9164525201841599
21.33669922642,0.9164472002377007
21.346310352197666,0.9164417109734705
21.355921477975333,0.9164361653331151
21.365532603753,0.9164306585792773
21.375143729530667,0.916425291709067
21.38475485530833,0.9164199226979587
21.394365981085997,0.916414616739738
21.403977106863668,0.9164093989307548
21.413588232641334,0.9164039732208371
21.423199358418998,0.9163985749686956
21.43281048419666,0.9163931388841513
21.442421609974332,0.9163875049196636
21.452032735752,0.9163819403922188
21.461643861529666,0.9163762658464762
21.471254987307333,0.9163706446350837
21.480866113085,0.9163650194442703
21.490477238862667,0.9163593388783516
21.500088364640334,0.9163537344317549
21.509699490417997,0.9163481281659399
21.519310616195664,0.9163425476836506
21.52892174197333,0.9163369141354794
21.538532867750998,0.9163313915778958
21.54814399352867,0.9163259978193435
21.557755119306336,0.9163206394670637
21.567366245084,0.9163152893293326
21.576977370861663,0.9163099301665134
21.58658849663933,0.916304499270044
21.596199622417,0.9162991377837076
21.605810748194667,0.9162938615117299
21.61542187397233,0.9162885451970197
21.62503299975,0.9162831198382928
21.634644125527668,0.91627773635755
21.64425525130533,0.9162723326808031
21.653866377083,0.9162668805956417
21.663477502860665,0.9162615144134224
21.673088628638332,0.9162561103095809
21.682699754416,0.9162507551030088
21.692310880193666,0.9162453363667147
21.701922005971333,0.9162400641623039
21.711533131748997,0.9162348546044795
21.721144257526664,0.9162293428792908
21.73075538330433,0.9162238538564573
21.740366509082,0.9162183616148157
21.749977634859665,0.9162129001608815
21.75958876063733,0.9162074605791842
21.769199886415,0.9162019065263115
21.778811012192666,0.9161964148100288
21.788422137970333,0.9161909735924845
21.798033263748,0.9161855800615217
21.807644389525663,0.9161800621138435
21.817255515303334,0.9161745613975243
21.826866641081,0.9161690860867711
21.836477766858668,0.9161636338781294
21.84608889263633,0.9161579848404175
21.855700018413998,0.9161524323777013
21.865311144191665,0.9161470066559375
21.874922269969332,0.9161415357741528
21.884533395747,0.9161360654180432
21.894144521524666,0.9161306201866362
21.903755647302333,0.9161251179448168
21.913366773079996,0.9161196621470729
21.922977898857663,0.916114201782122
21.932589024635334,0.9161086674523217
21.942200150412997,0.9161032519948578
21.951811276190664,0.916097770136357
21.961422401968335,0.9160922644325113
21.971033527746002,0.9160867920573934
21.980644653523665,0.9160812285934707
21.99025577930133,0.9160757790043237
21.999866905079,0.9160702500935005
22.009478030856666,0.9160647180822761
22.019089156634333,0.9160592357352451
22.028700282412,0.9160538914018224
22.038311408189667,0.9160483438762083
22.047922533967334,0.9160428169187687
22.057533659744998,0.9160372972349804
22.067144785522665,0.9160318834803217
22.07675591130033,0.9160263281797419
22.086367037078,0.9160208695063682
22.095978162855666,0.9160154086138632
22.105589288633333,0.9160099558471699
22.115200414411003,0.9160045070542142
22.124811540188666,0.9159991393167981
22.13442266596633,0.9159937510219388
22.144033791743997,0.9159883191625342
22.153644917521667,0.9159828970254726
22.163256043299334,0.9159775033179519
22.172867169076998,0.9159720823978269
22.182478294854665,0.9159667411792937
22.192089420632332,0.9159613514244466
22.20170054641,0.915955973759336
22.211311672187666,0.9159506355958398
22.22092279796533,0.9159451913744304
22.230533923743,0.915939725701921
22.240145049520667,0.915934300531965
22.249756175298334,0.9159289503569332
22.259367301075997,0.9159236319151063
22.268978426853664,0.9159182938997537
22.27858955263133,0.9159130691270712
22.288200678408998,0.9159077808836841
22.29781180418667,0.9159022251322583
22.307422929964332,0.9158967188626457
22.317034055742,0.9158912118335735
22.326645181519662,0.9158857268406704
22.33625630729733,0.9158802381594675
22.345867433075,0.9158746689286031
22.355478558852667,0.9158691860500231
22.36508968463033,0.9158636413431718
22.374700810408,0.9158579711592698
22.384311936185668,0.9158523655255604
22.39392306196333,0.9158467316426901
22.403534187741,0.9158410532926016
22.413145313518665,0.9158353686461433
22.422756439296332,0.9158297733092
22.432367565074,0.9158240605680531
22.441978690851666,0.9158184249374133
22.451589816629333,0.9158127413063706
22.461200942407,0.9158071344348053
22.470812068184664,0.9158014749645385
22.48042319396233,0.9157958630840393
22.49003431974,0.915790301762314
22.499645445517665,0.9157847306451639
22.50925657129533,0.9157790915471248
22.518867697073,0.9157734450773461
22.52847882285067,0.9157677404647326
22.538089948628333,0.9157620393911833
22.547701074405996,0.915756279006926
22.557312200183663,0.9157504801333237
22.566923325961334,0.9157446322224341
22.576534451739,0.9157389430337081
22.586145577516668,0.9157331763702531
22.595756703294334,0.9157274621952393
22.605367829071998,0.915721865483433
22.614978954849665,0.9157162365365127
22.624590080627332,0.9157105662810159
22.634201206405,0.9157049142713072
22.643812332182666,0.9156992303620466
22.653423457960333,0.9156934935851229
22.663034583738,0.9156878924752501
22.672645709515663,0.9156821431850242
22.682256835293334,0.9156765374450583
22.691867961070997,0.9156709498226844
22.701479086848664,0.9156653487900881
22.711090212626335,0.9156597144227687
22.720701338404,0.9156540424777355
22.730312464181665,0.9156484876722443
22.73992358995933,0.9156429875647258
22.749534715736996,0.915637459709612
22.759145841514666,0.9156318005701207
22.768756967292333,0.915626130599305
22.77836809307,0.9156203267661271
22.787979218847667,0.9156143781909208
22.797590344625334,0.9156083822888847
22.807201470402998,0.9156025721824903
22.816812596180664,0.9155967083145373
22.82642372195833,0.9155909363732079
22.836034847736,0.9155850164463636
22.845645973513665,0.9155790293042152
22.855257099291332,0.9155731064233008
22.864868225069003,0.9155673384904878
22.874479350846663,0.9155614858772648
22.88409047662433,0.9155555970364285
22.893701602401997,0.9155496756996019
22.903312728179667,0.9155438111703351
22.912923853957334,0.9155378716677884
22.922534979734998,0.9155320167266582
22.932146105512665,0.9155260177929496
22.94175723129033,0.9155200332536131
22.951368357068,0.915514115438933
22.960979482845666,0.9155082337981397
22.97059060862333,0.9155023555132044
22.980201734401,0.9154963406534855
22.989812860178667,0.9154902359003427
22.999423985956334,0.9154842662737375
23.009035111734,0.9154784480676752
23.018646237511664,0.9154725703495337
23.02825736328933,0.9154666772633273
23.037868489066998,0.9154609337834313
23.047479614844665,0.9154550688647718
23.057090740622332,0.915449257062261
23.0667018664,0.915443382996761
23.076312992177666,0.9154374451469042
23.08592411795533,0.9154314712620033
23.095535243733,0.9154254884442558
23.105146369510667,0.9154195523099685
23.11475749528833,0.9154136108380724
23.124368621066,0.91540767560979
23.133979746843668,0.9154018998891282
23.143590872621335,0.9153960654497126
23.153201998399,0.915390210015006
23.162813124176665,0.915384365736674
23.172424249954332,0.915378272848069
23.182035375732,0.9153722917679681
23.191646501509666,0.9153663159162766
23.201257627287333,0.915360317286591
23.210868753065,0.9153543460758804
23.220479878842664,0.9153484207535012
23.23009100462033,0.9153425248470961
23.239702130398,0.9153367682841599
23.249313256175665,0.9153308181831137
23.25892438195333,0.9153248641070864
23.268535507731,0.9153189572950985
23.27814663350867,0.9153130947373895
23.287757759286333,0.9153072664856982
23.297368885063996,0.9153013352991228
23.306980010841663,0.915295429177027
23.316591136619333,0.9152895001096231
23.326202262397,0.9152835437952868
23.335813388174667,0.9152775327290265
23.34542451395233,0.9152715416210359
23.355035639729998,0.9152655480533735
23.364646765507665,0.9152594273735895
23.374257891285332,0.9152533317169309
23.383869017063,0.9152473273017766
23.393480142840666,0.9152414288493808
23.403091268618333,0.91523554503504
23.412702394396,0.9152297094516598
23.422313520173663,0.9152238052529544
23.431924645951334,0.9152179217113685
23.441535771728997,0.9152118920033893
23.451146897506664,0.9152058890807634
23.460758023284335,0.915199924529664
23.470369149062,0.9151938097320326
23.479980274839665,0.9151876189435801
23.489591400617332,0.9151814566661552
23.499202526394996,0.9151753544177591
23.508813652172666,0.9151692818689002
23.518424777950333,0.9151632893662321
23.528035903727996,0.9151571809785877
23.537647029505667,0.9151511534163609
23.547258155283334,0.9151451029578767
23.556869281061,0.9151390483601163
23.566480406838664,0.9151331057045571
23.57609153261633,0.9151270498190847
23.585702658394,0.9151210368626203
23.595313784171665,0.915114937410397
23.604924909949332,0.9151088783124283
23.614536035727,0.9151028825690346
23.624147161504666,0.9150968104475955
23.63375828728233,0.9150906480871678
23.643369413059997,0.9150845346953427
23.652980538837667,0.9150783955082369
23.662591664615334,0.9150722646330518
23.672202790392998,0.9150661505624711
23.681813916170665,0.9150600176441024
23.691425041948335,0.9150538788520708
23.701036167726,0.9150477372457269
23.710647293503666,0.9150415817492058
23.72025841928133,0.9150355804096896
23.729869545059,0.9150295438643534
23.739480670836667,0.9150233838088022
23.749091796614334,0.9150172590229615
23.758702922392,0.9150110823108666
23.768314048169664,0.91500484664849
23.77792517394733,0.9149986978966251
23.787536299724998,0.9149925747175938
23.797147425502665,0.9149863156261417
23.806758551280332,0.9149801241154897
23.816369677058,0.9149739499593238
23.825980802835666,0.9149678189960955
23.83559192861333,0.9149616385166117
23.845203054391,0.9149555705714228
23.854814180168663,0.9149494265777308
23.86442530594633,0.9149433376156655
23.874036431724,0.9149372188946726
23.883647557501668,0.9149311029776293
23.893258683279335,0.9149249059289886
23.902869809056998,0.9149187688943109
23.91248093483466,0.9149126534073864
23.922092060612332,0.9149066056415923
23.93170318639,0.9149006061087859
23.941314312167666,0.9148946102179468
23.950925437945333,0.9148885942122643
23.960536563723,0.9148825430054955
23.970147689500664,0.9148764049845456
23.97975881527833,0.9148703365511393
23.989369941056,0.9148642325584837
23.998981066833664,0.9148580819045462
24.00859219261133,0.9148518934738035
24.018203318389,0.9148457592917255
24.02781444416667,0.9148395335263726
24.037425569944332,0.9148332778492764
24.047036695721996,0.914827141950766
24.056647821499663,0.914821086118588
24.066258947277333,0.9148148833488817
24.075870073055,0.9148088231842567
24.085481198832667,0.9148026858833672
24.09509232461033,0.9147964306904716
24.104703450388,0.9147903213661666
24.114314576165665,0.9147843648959605
24.12392570194333,0.9147783170676567
24.133536827721,0.9147722646734929
24.143147953498666,0.9147660917925111
24.152759079276333,0.9147599844276754
24.162370205054,0.9147537957204958
24.17198133083167,0.9147474718441717
24.18159245660933,0.9147411751219129
24.191203582386997,0.9147349729007384
24.200814708164664,0.9147288700702466
24.21042583394233,0.9147228240301034
24.22003695972,0.9147166229990396
24.229648085497665,0.9147103491958769
24.239259211275332,0.9147041788782754
24.248870337052995,0.9146979798176008
24.258481462830666,0.9146919245333361
24.268092588608333,0.9146858441223331
24.277703714385996,0.9146797549612405
24.287314840163667,0.914673484398315
24.296925965941334,0.9146671074002638
24.306537091719,0.9146607692137629
24.316148217496664,0.9146544474422186
24.32575934327433,0.9146481013421459
24.335370469052,0.9146417005787828
24.344981594829665,0.9146353235353171
24.354592720607332,0.914628945024936
24.364203846385,0.9146226559461365
24.373814972162666,0.9146164536783775
24.38342609794033,0.9146102135809054
24.393037223717997,0.9146039393015823
24.402648349495667,0.9145976122111438
24.412259475273334,0.9145912404969003
24.421870601050998,0.9145848973494549
24.431481726828665,0.9145785937666079
24.441092852606335,0.9145723636405909
24.450703978384,0.9145660650751125
24.460315104161666,0.9145597930514759
24.46992622993933,0.9145535082903711
24.479537355717,0.9145472631313082
24.489148481494666,0.9145410243291329
24.498759607272333,0.9145346559123607
24.508370733049997,0.9145283272475649
24.517981858827667,0.9145220122612405
24.52759298460533,0.9145156834886561
24.537204110382998,0.9145094656061918
24.546815236160665,0.9145032113781189
24.556426361938332,0.9144969801277517
24.566037487716,0.9144907800646137
24.575648613493666,0.9144845602456526
24.585259739271336,0.9144782645692816
24.594870865049,0.9144718915034827
24.604481990826663,0.9144655238289373
24.61409311660433,0.9144592101395729
24.623704242382,0.9144529138321295
24.633315368159668,0.9144465724211429
24.642926493937335,0.9144402145625106
24.652537619714998,0.9144339559330279
24.66214874549266,0.9144277153992264
24.671759871270332,0.9144214950286853
24.681370997048,0.9144151652176924
24.690982122825666,0.9144088062859366
24.700593248603333,0.9144025244612646
24.710204374381,0.9143963667066125
24.719815500158667,0.9143901535699098
24.72942662593633,0.9143838880336057
24.739037751714,0.9143776654466065
24.748648877491664,0.914371332501069
24.75826000326933,0.9143650229117858
24.767871129047,0.9143589547399167
24.77748225482467,0.9143526482377747
24.787093380602332,0.9143462837874617
24.796704506379996,0.9143399328191402
24.806315632157663,0.9143336263213947
24.815926757935333,0.9143273254788026
24.825537883713,0.9143210031446248
24.835149009490664,0.9143146337923224
24.84476013526833,0.9143082032543964
24.854371261046,0.9143018792584567
24.863982386823665,0.9142955017689953
24.87359351260133,0.9142891050937091
24.883204638379,0.9142827218266525
24.892815764156666,0.9142763129045473
24.902426889934333,0.9142698849617802
24.912038015712,0.9142634778526201
24.921649141489667,0.914257099085687
24.93126026726733,0.91425073371422
24.940871393044997,0.9142443703975811
24.950482518822664,0.9142380062132599
24.96009364460033,0.9142315421295927
24.969704770378,0.914225172516482
24.979315896155665,0.9142188422795244
24.988927021933332,0.9142126046582812
24.998538147711002,0.9142062919261086
25.008149273488666,0.9142000232484563
25.017760399266333,0.9141937646874689
25.027371525043996,0.914187473608451
25.036982650821667,0.9141811682641602
25.046593776599334,0.9141748838612682
25.056204902377,0.914168799695174
25.065816028154668,0.9141627626068914
25.075427153932328,0.9141567108784205
25.085038279709998,0.9141507137273795
25.094649405487665,0.9141446567382069
25.104260531265332,0.9141387355286156
25.113871657043,0.9141327236977113
25.123482782820666,0.914126673713253
25.133093908598333,0.914120569613319
25.142705034375997,0.9141143965320888
25.152316160153667,0.914108236582661
25.16192728593133,0.9141019036761069
25.171538411708998,0.9140956310658105
25.181149537486665,0.9140893319721848
25.190760663264335,0.9140830455395692
25.200371789042002,0.9140768362948409
25.209982914819665,0.9140705734460532
25.21959404059733,0.9140642414988954
25.229205166375,0.9140580498886861
25.238816292152666,0.9140519148038531
25.248427417930333,0.9140457121807611
25.258038543707997,0.9140395684508711
25.267649669485667,0.9140332861933858
25.27726079526333,0.9140268908359196
25.286871921040998,0.9140205835071938
25.296483046818665,0.9140142705779953
25.30609417259633,0.9140079391264808
25.315705298374,0.9140016205829019
25.325316424151666,0.913995248960412
25.334927549929336,0.9139888733050782
25.344538675707,0.9139825239177755
25.354149801484663,0.9139762171479419
25.36376092726233,0.9139700217217883
25.373372053039997,0.9139637438871627
25.382983178817668,0.9139574316911612
25.392594304595335,0.9139511264710443
25.402205430372998,0.9139449042442469
25.41181655615066,0.9139386664990639
25.421427681928332,0.9139323975747903
25.431038807706,0.9139261220519487
25.440649933483666,0.9139198770485297
25.450261059261333,0.9139136258509918
25.459872185039,0.9139072730411828
25.469483310816667,0.9139008356894405
25.47909443659433,0.913894477061821
25.488705562371997,0.9138880470325301
25.498316688149664,0.9138815736271093
25.50792781392733,0.9138750962431407
25.517538939705,0.9138686851766079
25.52715006548267,0.9138623278951344
25.536761191260332,0.9138558802009649
25.546372317038,0.9138493765195369
25.555983442815663,0.9138429985738963
25.565594568593333,0.9138367522493697
25.575205694371,0.913830438956424
25.584816820148664,0.9138241584619851
25.59442794592633,0.9138178943301976
25.604039071704,0.9138116899144547
25.613650197481668,0.9138053769754001
25.62326132325933,0.9137991038080325
25.632872449036995,0.9137928075359233
25.642483574814666,0.9137866445364415
25.652094700592333,0.9137804053423503
25.66170582637,0.913774243491408
25.671316952147667,0.9137678995218699
25.680928077925333,0.9137615622346956
25.690539203702997,0.9137551646569338
25.700150329480664,0.9137488169854673
25.70976145525833,0.9137423707441995
25.719372581036,0.91373602464668
25.728983706813665,0.9137297440026679
25.738594832591332,0.9137233423981359
25.748205958369002,0.9137169834958694
25.757817084146666,0.9137107665441176
25.767428209924333,0.9137043965607508
25.777039335701996,0.9136980147672155
25.786650461479667,0.9136915130225612
25.796261587257334,0.9136850992575916
25.805872713035,0.9136787445724976
25.815483838812664,0.9136724430367915
25.825094964590328,0.9136661055771339
25.834706090367998,0.9136597673857391
25.844317216145665,0.9136534486641613
25.853928341923332,0.9136471367099344
25.863539467701,0.9136406273459475
25.873150593478666,0.9136340854518772
25.882761719256333,0.9136275363630951
25.892372845033996,0.9136210029690185
25.901983970811667,0.9136142877398331
25.91159509658933,0.9136074984337083
25.921206222366997,0.9136005928941858
25.930817348144664,0.9135939835533623
25.940428473922335,0.9135874087037413
25.950039599700002,0.9135808294915746
25.959650725477662,0.9135742899656084
25.96926185125533,0.9135677919993808
25.978872977033,0.9135612495126815
25.988484102810666,0.9135547444750636
25.998095228588333,0.91354815274374
26.007706354365997,0.9135414374100285
26.017317480143667,0.9135346946294238
26.026928605921334,0.913527927626903
26.036539731698998,0.9135213614403745
26.046150857476665,0.9135148358866529
26.05576198325433,0.913508292123191
26.065373109032,0.9135016501623425
26.074984234809666,0.913494985860432
26.084595360587336,0.913488340051628
26.094206486365,0.913481709484634
26.103817612142663,0.9134750038437888
26.11342873792033,0.913468130283986
26.123039863697997,0.9134612473236953
26.132650989475668,0.9134543589797568
26.14226211525333,0.9134474721201187
26.151873241030998,0.9134406834758005
26.16148436680867,0.9134339016481694
26.171095492586332,0.9134270997716225
26.180706618364,0.9134204307211063
26.190317744141666,0.9134136696079457
26.199928869919333,0.9134069420389731
26.209539995697,0.9134001920074276
26.219151121474667,0.9133934724459049
26.228762247252334,0.9133868034098453
26.238373373029997,0.9133800954578121
26.247984498807664,0.9133732184295673
26.25759562458533,0.9133663918543462
26.267206750363,0.9133596125199597
26.27681787614067,0.9133527533522943
26.286429001918332,0.913346005417449
26.296040127696,0.9133392720732785
26.305651253473663,0.9133325641403817
26.315262379251333,0.9133258690226813
26.324873505029,0.9133191559305135
26.334484630806664,0.9133123636728884
26.34409575658433,0.913305605651661
26.353706882362,0.9132989216798951
26.363318008139668,0.913292317184984
26.37292913391733,0.9132856972917378
26.382540259694995,0.9132789389597618
26.392151385472665,0.913272154186437
26.401762511250332,0.9132651907773732
26.411373637028,0.913258361837352
26.420984762805666,0.913251564772219
26.430595888583333,0.9132446811181835
26.440207014360997,0.9132378305512026
26.449818140138664,0.9132309624178516
26.45942926591633,0.9132239949102307
26.469040391693998,0.9132170967632229
26.478651517471665,0.9132101427762976
26.48826264324933,0.9132032230955447
26.497873769027002,0.9131963296477725
26.50748489480467,0.9131894963103345
26.517096020582333,0.9131826537735273
26.526707146359996,0.9131757593995189
26.536318272137663,0.9131689290101166
26.545929397915334,0.9131621506877787
26.555540523693,0.9131552266741597
26.565151649470664,0.9131482069139043
26.574762775248335,0.9131412575238791
26.584373901025998,0.913134235630016
26.593985026803665,0.9131271810988543
26.603596152581332,0.9131201479899106
26.613207278359,0.9131130089040561
26.622818404136666,0.9131058672554512
26.632429529914333,0.9130986642758327
26.642040655692,0.9130915484329496
26.651651781469667,0.9130845381238439
26.66126290724733,0.9130775230007792
26.670874033024997,0.9130704917726674
26.680485158802664,0.9130634403982618
26.690096284580335,0.9130563199174984
26.699707410358,0.9130492047468424
26.709318536135665,0.9130420895270553
26.71892966191333,0.9130350796435648
26.728540787691,0.9130280292340626
26.738151913468666,0.913020992490337
26.747763039246333,0.9130138104555348
26.757374165023997,0.9130066380268043
26.766985290801667,0.9129994383692887
26.776596416579334,0.9129922606998958
26.786207542356998,0.9129850139549489
26.795818668134665,0.9129777766939821
26.80542979391233,0.9129705113098404
26.81504091969,0.9129631720268119
26.824652045467666,0.9129559760269537
26.834263171245333,0.9129486952550064
26.843874297023,0.9129414048798293
26.853485422800663,0.9129341914620369
26.86309654857833,0.912926860788352
26.872707674355997,0.9129195501282369
26.882318800133667,0.9129121839812926
26.89192992591133,0.9129048208153057
26.901541051688998,0.9128974931039182
26.91115217746667,0.9128902811518721
26.920763303244332,0.9128830728677527
26.930374429022,0.912875824127655
26.939985554799662,0.9128684765395954
26.949596680577333,0.9128612778760643
26.959207806355,0.9128540125778404
26.968818932132667,0.9128468372904694
26.978430057910334,0.9128396165367372
26.988041183687997,0.9128323332183909
26.997652309465664,0.9128250375477291
27.00726343524333,0.9128177615035359
27.016874561020998,0.9128106494077103
27.026485686798665,0.9128034320647427
27.036096812576332,0.9127962638364131
27.045707938354,0.9127890394942926
27.055319064131666,0.9127817377769559
27.064930189909333,0.9127743920724568
27.074541315687,0.912767059815647
27.084152441464663,0.9127598014761857
27.09376356724233,0.9127525884081499
27.10337469302,0.9127454495017195
27.112985818797668,0.9127383487828208
27.12259694457533,0.9127312078322455
27.132208070352995,0.9127240642104254
27.141819196130665,0.9127169310062856
27.151430321908332,0.912709771976264
27.161041447686,0.9127024290171701
27.170652573463666,0.912695111584626
27.180263699241333,0.9126877384019193
27.189874825019,0.9126804351895788
27.199485950796664,0.9126730890624717
27.20909707657433,0.9126656977057472
27.218708202351998,0.9126583067658278
27.228319328129665,0.9126509953324591
27.23793045390733,0.9126436029121087
27.247541579685002,0.9126362629104777
27.25715270546267,0.912628827171481
27.26676383124033,0.9126214321922693
27.276374957017996,0.9126139937171605
27.285986082795663,0.9126066349136296
27.295597208573334,0.912599275849751
27.305208334351,0.9125920440447518
27.314819460128664,0.9125847459390898
27.324430585906335,0.9125774078316935
27.334041711683998,0.9125700356971782
27.343652837461665,0.9125627081870888
27.353263963239332,0.9125553211095753
27.362875089017,0.9125479085490534
27.372486214794666,0.912540513546804
27.382097340572333,0.9125331603619599
27.39170846635,0.9125257928058818
27.401319592127663,0.9125182877058624
27.41093071790533,0.912510853195999
27.420541843682997,0.9125034475365201
27.430152969460664,0.9124960119817889
27.439764095238335,0.9124885166132349
27.449375221016,0.912480944653471
27.458986346793665,0.9124734588566159
27.46859747257133,0.9124659655739127
27.478208598349,0.9124584375702294
27.487819724126666,0.9124509157784289
27.497430849904333,0.9124433433083029
27.507041975681997,0.9124358237645969
27.516653101459667,0.9124283911230414
27.526264227237334,0.9124209235439957
27.535875353015,0.9124135844759497
27.545486478792665,0.9124061435601238
27.55509760457033,0.9123987087623832
27.564708730348,0.9123912551239914
27.574319856125665,0.9123836892925586
27.583930981903332,0.9123762581317526
27.593542107681,0.9123687029541541
27.603153233458666,0.9123612407950795
27.61276435923633,0.9123538230230216
27.622375485013997,0.9123463427738769
27.631986610791667,0.912338776413762
27.64159773656933,0.9123313274415941
27.651208862346998,0.9123239556306051
27.66081998812467,0.9123165300004695
27.670431113902335,0.9123089981117127
27.68004223968,0.9123014096269324
27.689653365457662,0.9122939582666163
27.69926449123533,0.9122864842532449
27.708875617012996,0.9122788174349211
27.71848674279067,0.9122711727709935
27.728097868568334,0.9122636235034779
27.737708994346,0.9122559718181195
27.74732012012366,0.9122483705541463
27.756931245901335,0.9122408195274534
27.766542371679,0.9122332067427859
27.776153497456665,0.9122256706525362
27.785764623234332,0.9122180936853209
27.795375749012,0.9122104575256251
27.804986874789666,0.9122028770034191
27.814598000567333,0.9121952223652464
27.824209126345,0.9121874950035469
27.833820252122663,0.9121799058099918
27.84343137790033,0.9121723683768854
27.853042503677997,0.9121647479520338
27.862653629455664,0.9121571291812288
27.872264755233335,0.9121495306435695
27.881875881010995,0.9121419672412431
27.89148700678866,0.9121343716135419
27.90109813256633,0.9121269328680693
27.910709258344003,0.91211951378736
27.920320384121666,0.9121120990435251
27.929931509899333,0.9121046528586063
27.939542635677,0.9120971408437604
27.949153761454667,0.912089502351997
27.958764887232334,0.9120818889177604
27.968376013009998,0.912074359655003
27.977987138787665,0.9120668736083379
27.98759826456533,0.9120593910553397
27.997209390343,0.9120518440904131
28.006820516120666,0.9120442427752146
28.016431641898336,0.9120366849814437
28.026042767675996,0.912029205733889
28.035653893453663,0.9120217374020528
28.04526501923133,0.9120143180907611
28.054876145008997,0.9120067586061162
28.064487270786667,0.9119992328796213
28.074098396564334,0.9119915876244992
28.083709522342,0.9119840493376862
28.09332064811966,0.9119764461163946
28.102931773897332,0.9119687796627522
28.112542899675,0.9119611300844944
28.122154025452666,0.9119534641258803
28.131765151230333,0.9119458933848625
28.141376277008,0.911938318906424
28.150987402785667,0.9119308298208553
28.16059852856333,0.9119231734553459
28.170209654340997,0.9119155757493985
28.179820780118664,0.9119080510756951
28.18943190589633,0.9119005510712448
28.199043031673998,0.9118928455149847
28.20865415745167,0.9118852061314946
28.218265283229336,0.9118774820738609
28.227876409006996,0.9118697892652333
28.237487534784663,0.9118619969869498
28.247098660562333,0.9118542019829813
28.25670978634,0.9118464504037208
28.266320912117667,0.9118386595255866
28.275932037895334,0.9118309257452505
28.285543163673,0.9118231218988078
28.295154289450664,0.9118152281824957
28.30476541522833,0.911807388734627
28.314376541006,0.9117996862566977
28.323987666783665,0.9117919239913588
28.333598792561332,0.9117840098515023
28.343209918338996,0.9117762111579664
28.352821044116663,0.9117684580210187
28.36243216989433,0.9117608572159588
28.372043295671997,0.9117529906566036
28.381654421449664,0.9117451060181019
28.391265547227327,0.9117372708683155
28.400876673005,0.9117294144868803
28.41048779878267,0.9117214634361764
28.420098924560335,0.9117135368090097
28.429710050337995,0.9117056596798492
28.439321176115666,0.9116978871125468
28.448932301893333,0.9116900298017128
28.458543427671,0.9116822378511203
28.468154553448667,0.9116743158758702
28.477765679226334,0.9116663561423493
28.487376805003997,0.9116584187820118
28.496987930781664,0.9116504735903357
28.50659905655933,0.9116424707059589
28.516210182336998,0.9116345161234992
28.525821308114665,0.9116265853131101
28.53543243389233,0.9116187045440415
28.545043559670003,0.9116108340291852
28.55465468544767,0.9116030384246678
28.564265811225336,0.9115953116803214
28.573876937002996,0.9115876605535641
28.583488062780667,0.9115799648813486
28.593099188558334,0.9115722225319486
28.602710314336,0.9115645067590207
28.612321440113668,0.9115567805508905
28.62193256589133,0.9115490551947234
28.631543691669,0.9115413424938582
28.641154817446665,0.9115336248468436
28.650765943224332,0.9115257541562541
28.660377069002,0.9115179182551526
28.669988194779663,0.9115100578204952
28.67959932055733,0.9115021338117854
28.689210446334997,0.9114941474722492
28.69882157211267,0.9114862321126735
28.70843269789033,0.9114783098325336
28.718043823667994,0.9114704417291883
28.72765494944566,0.9114626304200414
28.737266075223335,0.9114548017451213
28.746877201001002,0.911446842755345
28.756488326778666,0.9114388981597127
28.766099452556332,0.9114309076382274
28.775710578334,0.9114229778833435
28.785321704111666,0.9114150648535053
28.794932829889333,0.911407140737135
28.804543955667,0.9113991551862168
28.814155081444664,0.9113912165057694
28.82376620722233,0.9113833429828784
28.833377332999998,0.9113754356074081
28.842988458777665,0.9113676049417663
28.852599584555332,0.9113597172527403
28.862210710332995,0.9113517884017345
28.871821836110662,0.9113438198391286
28.881432961888336,0.9113357220699126
28.891044087666003,0.9113276353623433
28.900655213443667,0.9113196176438615
28.910266339221327,0.9113115306558849
28.919877464999,0.9113034107802717
28.929488590776668,0.9112953101715545
28.939099716554335,0.9112872204026433
28.948710842331998,0.9112791629733251
28.958321968109665,0.9112710939789893
28.967933093887332,0.9112630271780616
28.977544219665,0.9112548459673578
28.987155345442666,0.9112467290699244
28.99676647122033,0.911238555648964
29.006377596997996,0.9112303876265586
29.015988722775663,0.9112223338051523
29.02559984855333,0.9112142234741767
29.035210974331,0.9112061220493743
29.044822100108668,0.9111979934410674
29.054433225886328,0.9111898196478792
29.064044351663995,0.9111816207334743
29.07365547744167,0.9111734048998342
29.083266603219332,0.9111651912837516
29.092877728997,0.9111570545686956
29.102488854774666,0.9111489178949804
29.112099980552333,0.9111407518170009
29.12171110633,0.9111326396516224
29.131322232107667,0.9111244446686341
29.14093335788533,0.9111162975202554
29.150544483662998,0.9111081482929086
29.160155609440665,0.9111000024020084
29.16976673521833,0.9110917712081935
29.179377860996002,0.9110836367776048
29.188988986773662,0.9110755388570845
29.19860011255133,0.9110672674184084
29.208211238328996,0.9110590247283523
29.217822364106663,0.9110507491107198
29.227433489884334,0.9110425158098165
29.237044615662,0.9110342563317467
29.246655741439668,0.9110259995341694
29.256266867217327,0.9110176947128094
29.265877992995,0.9110093873245868
29.275489118772665,0.911000965975186
29.285100244550332,0.9109925849108286
29.294711370328,0.9109843250805059
29.304322496105666,0.9109761315077988
29.313933621883333,0.9109679100232214
29.323544747660996,0.9109597810216365
29.333155873438663,0.9109517212430154
29.34276699921633,0.9109436119881678
29.352378124993997,0.9109354430980227
29.361989250771664,0.9109273910831847
29.371600376549335,0.9109192498602893
29.381211502327,0.9109110091382114
29.39082262810466,0.9109027907816126
29.40043375388233,0.9108946382576522
29.41004487966,0.9108864437009866
29.419656005437666,0.9108782450934483
29.429267131215333,0.9108700484165382
29.438878256993,0.9108618180035425
29.448489382770667,0.910853546966423
29.458100508548334,0.9108453380054393
29.467711634325997,0.9108371928276303
29.477322760103664,0.910829025080687
29.48693388588133,0.9108208272678063
29.496545011659,0.9108126302704395
29.506156137436665,0.910804367408197
29.51576726321433,0.9107961384610841
29.525378388992003,0.9107878282637258
29.534989514769663,0.9107795898904119
29.54460064054733,0.9107714273549432
29.554211766324997,0.9107633859859692
29.563822892102667,0.9107553246470549
29.573434017880334,0.9107473036949849
29.583045143658,0.9107393193194631
29.59265626943567,0.9107313119459991
29.60226739521333,0.9107231482532256
29.611878520991,0.9107148217637975
29.621489646768666,0.9107066578424663
29.631100772546333,0.910698447411603
29.640711898324,0.9106902286482824
29.650323024101663,0.9106819457006279
29.65993414987933,0.910673664623353
29.669545275656997,0.910665344576239
29.679156401434664,0.910657070691719
29.68876752721233,0.9106487592973987
29.698378652989994,0.9106403008426
29.70798977876767,0.9106318575988128
29.717600904545336,0.9106234850865134
29.727212030323003,0.9106150037604112
29.736823156100662,0.9106065889003333
29.746434281878333,0.9105983005492528
29.756045407656,0.9105899213062435
29.765656533433667,0.9105814293203331
29.775267659211334,0.9105729606940224
29.784878784989,0.910564644504812
29.794489910766664,0.9105563272907015
29.80410103654433,0.9105479910844937
29.813712162322,0.9105396790035267
29.823323288099665,0.9105313766825248
29.832934413877332,0.9105229066553717
29.842545539654996,0.9105144050355748
29.852156665432663,0.9105060547938225
29.861767791210337,0.9104976475000061
29.871378916987997,0.9104892555298387
29.880990042765664,0.9104809390189662
29.890601168543327,0.9104726027725684
29.900212294321,0.9104642915985504
29.909823420098668,0.9104560322249448
29.919434545876335,0.9104476366479008
29.929045671654,0.91043930023064
29.938656797431666,0.9104308902969677
29.948267923209333,0.9104223707251028
29.957879048987,0.9104137836236101
29.967490174764666,0.9104051671820389
29.97710130054233,0.9103967606499416
29.986712426319997,0.9103883164107973
29.996323552097664,0.9103798926170807
30.00593467787533,0.9103713982744133
30.015545803652998,0.9103628836927298
30.02515692943066,0.9103544357288517
30.03476805520833,0.9103461029568887
30.044379180986002,0.9103377266733064
30.05399030676367,0.9103293875999007
30.063601432541333,0.9103211100046287
30.073212558319,0.9103128001258026
30.082823684096667,0.9103044214086068
30.092434809874334,0.9102959411706046
30.102045935652,0.9102873514217663
30.111657061429668,0.910278767546132
30.12126818720733,0.9102702439124645
30.130879312984998,0.9102616238517495
30.140490438762665,0.9102529772317703
30.150101564540332,0.9102443069102638
30.159712690318,0.9102356239996873
30.169323816095662,0.9102268749578687
30.17893494187333,0.9102182801599642
30.188546067650996,0.9102098044883329
30.19815719342867,0.9102013738918424
30.207768319206334,0.9101927633334754
30.217379444983994,0.9101841840379095
30.22699057076166,0.9101756794764347
30.236601696539335,0.910167200140623
30.246212822317002,0.9101586299226907
30.255823948094665,0.9101500022599865
30.265435073872332,0.9101414568985748
30.27504619965,0.9101328616160986
30.284657325427666,0.9101243601438421
30.294268451205333,0.9101158490609483
30.303879576982997,0.9101073845894186
30.313490702760664,0.9100988587153966
30.32310182853833,0.9100902838741525
30.332712954315998,0.9100817627557622
30.342324080093668,0.9100730851937687
30.351935205871328,0.9100644923611643
30.361546331648995,0.9100559036332334
30.371157457426662,0.9100471875309222
30.38076858320433,0.9100385301367742
30.390379708982,0.9100297073964463
30.399990834759667,0.9100209439127591
30.409601960537334,0.9100122857093594
30.419213086314993,0.9100036572286476
30.428824212092668,0.9099948932326848
30.438435337870335,0.9099861944414854
30.448046463647998,0.9099774463391452
30.457657589425665,0.9099686524216445
30.467268715203332,0.9099598774580083
30.476879840981,0.909951062640603
30.486490966758666,0.9099421964429947
30.49610209253633,0.9099331405757611
30.505713218313996,0.9099242519852213
30.515324344091663,0.9099154402792485
30.52493546986933,0.9099066287358039
30.534546595647,0.9098977514490678
30.544157721424668,0.9098888821018557
30.553768847202335,0.9098799826993891
30.563379972979995,0.9098711137860122
30.57299109875767,0.9098622035448409
30.582602224535332,0.9098532199117568
30.592213350313,0.9098441845692004
30.601824476090666,0.909835179725512
30.611435601868333,0.9098262088245404
30.621046727646,0.9098172534015805
30.630657853423664,0.9098082404199148
30.64026897920133,0.9097992430617073
30.649880104978998,0.9097903348449496
30.659491230756664,0.9097814106534376
30.66910235653433,0.909772437934091
30.678713482311995,0.9097634816333415
30.68832460808967,0.9097546174448901
30.69793573386733,0.9097456537477125
30.707546859644996,0.9097366237988369
30.717157985422663,0.9097276514239252
30.726769111200333,0.9097187420756554
30.736380236978,0.9097098383017
30.745991362755667,0.909700920295899
30.755602488533334,0.909691956517928
30.765213614311,0.9096828944419698
30.774824740088665,0.9096737753442596
30.78443586586633,0.9096647600575873
30.794046991644,0.9096557231864393
30.803658117421666,0.9096466477375005
30.813269243199333,0.9096375667154323
30.822880368976996,0.9096285668439588
30.832491494754663,0.9096194943225809
30.84210262053233,0.9096104297867613
30.851713746309997,0.9096013391023409
30.861324872087664,0.9095923076310849
30.870935997865335,0.9095832868851969
30.880547123643,0.9095742519413749
30.89015824942067,0.9095652301386841
30.89976937519833,0.9095561310012149
30.909380500976,0.9095469734173958
30.918991626753666,0.9095379281552117
30.928602752531333,0.9095288923704451
30.938213878309,0.9095200412778572
30.947825004086667,0.9095110961950021
30.95743612986433,0.9095020242341338
30.967047255641997,0.909493009096442
30.976658381419664,0.9094838938306913
30.98626950719733,0.9094747270760501
30.995880632975,0.9094654261881183
31.00549175875266,0.9094560566357022
31.01510288453033,0.9094467732859256
31.024714010308003,0.9094375103187198
31.034325136085663,0.9094282367179034
31.04393626186333,0.9094188936709923
31.053547387640997,0.9094095032322179
31.063158513418667,0.9094002170291943
31.072769639196334,0.9093909304185954
31.082380764974,0.9093815695925633
31.091991890751668,0.9093721928915118
31.10160301652933,0.9093627713119153
31.111214142307,0.9093534404245548
31.120825268084666,0.9093441384078418
31.130436393862333,0.9093348391916187
31.14004751964,0.9093254838728907
31.149658645417663,0.909315981113068
31.15926977119533,0.9093065968810887
31.168880896973004,0.909297209843105
31.178492022750664,0.9092878351412531
31.18810314852833,0.9092784781279334
31.197714274305994,0.9092691118954596
31.20732540008367,0.9092596801808897
31.216936525861335,0.9092502086780143
31.226547651639002,0.9092408502534279
31.236158777416666,0.9092313647117616
31.245769903194333,0.9092219079682583
31.255381028972,0.9092124464614898
31.264992154749667,0.9092028570664693
31.274603280527334,0.9091932688418406
31.284214406304997,0.9091837619684936
31.293825532082664,0.909174073810265
31.30343665786033,0.9091644780675995
31.313047783637998,0.9091549671326197
31.322658909415665,0.9091454553511693
31.33227003519333,0.909135768072152
31.341881160970996,0.9091260696901888
31.351492286748663,0.9091165490987554
31.361103412526337,0.9091070498785546
31.370714538304,0.9090976259939344
31.380325664081663,0.9090880848740954
31.389936789859327,0.9090785506816709
31.399547915637,0.9090688583415195
31.409159041414668,0.9090592678287484
31.41877016719233,0.9090496461268035
31.42838129297,0.9090399784609439
31.437992418747665,0.9090304177862575
31.447603544525332,0.9090207583973257
31.457214670303,0.9090111739831448
31.466825796080666,0.9090015253332161
31.47643692185833,0.9089917947494023
31.486048047635997,0.908982111680321
31.495659173413664,0.9089722156766659
31.50527029919133,0.908962267279983
31.514881424969,0.9089524325000559
31.52449255074666,0.9089426297365352
31.534103676524335,0.9089327573171812
31.543714802301995,0.9089228758127433
31.553325928079662,0.9089130190280805
31.562937053857333,0.9089032103552649
31.572548179634992,0.9088934267450605
31.582159305412667,0.9088836209655189
31.591770431190334,0.9088737875284644
31.601381556968,0.9088639212319749
31.610992682745664,0.9088541301898335
31.620603808523327,0.9088443819822524
31.630214934300998,0.9088346089809245
31.639826060078665,0.9088248406867543
31.649437185856332,0.9088149219548785
31.659048311633995,0.9088050052576958
31.66865943741167,0.9087950836724298
31.67827056318933,0.9087851497875632
31.687881688966996,0.9087751541382136
31.697492814744667,0.9087652183360034
31.70710394052233,0.9087552101348545
31.7167150663,0.9087452544589
31.72632619207766,0.9087352906834794
31.735937317855335,0.9087252461052238
31.745548443632998,0.9087151924619951
31.75515956941066,0.9087051661803437
31.764770695188332,0.9086951312489171
31.774381820966,0.908685011919901
31.783992946743666,0.9086748493234978
31.793604072521333,0.9086646791367694
31.803215198299004,0.9086544848518484
31.812826324076664,0.9086442892875733
31.822437449854338,0.9086342338377973
31.832048575631998,0.9086240893637538
31.841659701409665,0.9086138912045069
31.851270827187335,0.9086037865567349
31.860881952964995,0.908593624931813
31.87049307874267,0.9085835288577309
31.88010420452033,0.9085734492266638
31.889715330298,0.908563241704145
31.899326456075666,0.9085530688796232
31.908937581853326,0.9085430086635197
31.918548707631,0.9085328338213446
31.928159833408667,0.9085224169849904
31.93777095918633,0.9085118979550367
31.947382084963998,0.908501389920855
31.956993210741672,0.908490944714581
31.96660433651933,0.9084804311653771
31.976215462297,0.9084699762222915
31.985826588074662,0.9084595683506563
31.99543771385233,0.9084491520528671
32.00504883963,0.908438598100162
32.01465996540766,0.9084280417861079
32.024271091185334,0.9084174722849563
32.033882216963,0.908407070316215
32.04349334274066,0.9083966151708156
32.053104468518335,0.9083860773197157
32.062715594295994,0.908375650260754
32.07232672007367,0.9083651444322868
32.081937845851336,0.9083546472849934
32.091548971629,0.908344100390441
32.10116009740666,0.9083335504125022
32.11077122318433,0.9083229770320059
32.120382348961996,0.9083124270109741
32.12999347473966,0.9083018524190378
32.13960460051733,0.9082911299884933
32.149215726295,0.9082804480734694
32.15882685207267,0.9082698706864011
32.16843797785033,0.9082593286366002
32.178049103628,0.9082488923280776
32.187660229405665,0.9082383894876488
32.19727135518333,0.9082278224234935
32.206882480961,0.908217302332789
32.21649360673866,0.908206766973336
32.22610473251633,0.9081961284477154
32.235715858294,0.9081855248809497
32.24532698407166,0.9081749212807414
32.254938109849334,0.9081644844289222
32.264549235627,0.9081540242524269
32.27416036140467,0.9081433104078275
32.283771487182335,0.908132607523923
32.29338261296,0.9081219440633661
32.30299373873766,0.9081113763193531
32.31260486451533,0.9081007545734799
32.322215990292996,0.9080901996533585
32.33182711607066,0.9080796232257139
32.34143824184834,0.908068972351147
32.351049367626,0.9080581492816021
32.36066049340367,0.9080473513853657
32.37027161918134,0.9080365846724561
32.379882744959,0.9080257749814536
32.389493870736665,0.908015039626403
32.399104996514325,0.9080041887520374
32.408716122292,0.9079933649601472
32.418327248069666,0.907982520203795
32.42793837384733,0.9079717077019555
32.437549499625,0.9079609035307432
32.44716062540266,0.9079501185981151
32.456771751180334,0.9079391980623425
32.466382876958,0.9079283249837676
32.47599400273566,0.9079173782316601
32.48560512851333,0.9079063566277212
32.495216254291,0.9078954256712466
32.50482738006866,0.9078845413588263
32.51443850584633,0.9078736369391113
32.524049631624,0.9078626311333571
32.53366075740166,0.9078514768511746
32.54327188317934,0.9078402623044803
32.552883008957,0.9078290584542201
32.56249413473466,0.9078178708723585
32.57210526051233,0.9078067566610637
32.58171638628999,0.9077956043813675
32.591327512067664,0.9077845882123831
32.60093863784533,0.9077736543542457
32.610549763623,0.90776261385224
32.620160889400665,0.9077515266365535
32.62977201517834,0.9077404915514585
32.639383140956,0.9077294698526603
32.648994266733666,0.9077185094806919
32.65860539251133,0.9077075225516937
32.66821651828899,0.9076964580076451
32.67782764406667,0.9076854200361872
32.68743876984433,0.9076743536135259
32.697049895622,0.9076632634719931
32.70666102139966,0.9076521535941925
32.71627214717733,0.9076410008806335
32.725883272955,0.9076299805089062
32.73549439873266,0.907618907682618
32.745105524510336,0.9076076911953468
32.754716650287996,0.9075964167719404
32.76432777606566,0.9075850378331709
32.77393890184333,0.9075737276519751
32.78355002762099,0.9075624481358396
32.793161153398664,0.9075511445932729
32.80277227917633,0.907539660098179
32.812383404954,0.9075281354694248
32.821994530731665,0.907516676873306
32.83160565650934,0.90750513806387
32.841216782287,0.9074935922999076
32.850827908064666,0.9074820728770489
32.86043903384233,0.907470585760463
32.87005015961999,0.9074590598847463
32.87966128539767,0.9074473956685084
32.88927241117533,0.9074357870465601
32.898883536953,0.9074241167598608
32.90849466273067,0.907412500072333
32.918105788508335,0.907400779266158
32.927716914286,0.907389103944057
32.93732804006367,0.9073774316437212
32.94693916584133,0.9073657187970632
32.956550291618996,0.907353991955095
32.96616141739667,0.9073422675795969
32.97577254317433,0.9073304368070135
32.985383668952004,0.9073186227082112
32.994994794729664,0.907306628209379
33.00460592050733,0.9072947690349791
33.014217046285005,0.9072828506094143
33.023828172062665,0.907270972677633
33.03343929784033,0.9072591078876929
33.04305042361799,0.9072471804509161
33.052661549395665,0.9072353260511143
33.06227267517333,0.9072235986109664
33.07188380095099,0.9072116579224706
33.081494926728666,0.9071997308698032
33.09110605250633,0.9071877822220953
33.100717178284,0.9071757512249169
33.11032830406167,0.907163638456197
33.119939429839334,0.9071516016936173
33.129550555616994,0.9071395879013779
33.13916168139466,0.9071275404281695
33.14877280717233,0.9071154965984599
33.158383932949995,0.9071033953989273
33.16799505872767,0.9070912436304381
33.17760618450533,0.9070790335947241
33.187217310283,0.9070668897108377
33.19682843606067,0.9070547048503493
33.20643956183833,0.907042477183194
33.216050687616,0.9070300827721697
33.225661813393664,0.9070175443851988
33.23527293917133,0.9070051329942158
33.244884064949,0.9069928169103578
33.254495190726665,0.9069806495924657
33.26410631650433,0.9069684287470356
33.273717442282,0.9069560950157288
33.283328568059666,0.90694368275622
33.29293969383733,0.9069313709686649
33.302550819615,0.9069189133726498
33.31216194539267,0.9069066420448323
33.321773071170334,0.9068942712241269
33.331384196947994,0.9068819418368873
33.34099532272566,0.9068696616135901
33.350606448503335,0.9068573323208428
33.360217574280995,0.9068448772500783
33.36982870005867,0.9068323342639
33.37943982583633,0.9068198772320705
33.389050951614,0.9068073784881648
33.39866207739167,0.9067948157163644
33.40827320316933,0.9067822344590208
33.417884328947,0.9067696175730664
33.427495454724664,0.9067569342343316
33.43710658050233,0.906744209351783
33.44671770628,0.9067316424958376
33.45632883205767,0.9067190041967067
33.46593995783533,0.9067062843490566
33.475551083613,0.9066936330179878
33.485162209390666,0.9066809554888591
33.49477333516833,0.9066682981081821
33.504384460946,0.9066556406062484
33.51399558672366,0.9066430003365863
33.52360671250133,0.9066302706766071
33.533217838279,0.906617574633917
33.54282896405666,0.9066048064805464
33.552440089834334,0.9065920066822503
33.562051215611994,0.9065791728251147
33.57166234138967,0.906566497831492
33.581273467167335,0.906553865042381
33.590884592945,0.9065410558821313
33.60049571872266,0.9065282509168487
33.61010684450032,0.9065155290245536
33.619717970277996,0.9065028392846377
33.62932909605566,0.9064901850218564
33.63894022183333,0.9064775260802919
33.648551347611,0.9064649026711628
33.65816247338867,0.9064523600069494
33.66777359916633,0.9064395942510333
33.677384724944,0.9064268608639999
33.686995850721665,0.9064141752905276
33.696606976499325,0.9064014530551241
33.706218102277,0.9063886508442262
33.71582922805466,0.9063759802351106
33.72544035383233,0.906363192053096
33.73505147961,0.9063503372143311
33.74466260538766,0.9063375953142434
33.754273731165334,0.9063248492304178
33.763884856943,0.9063121132806137
33.77349598272067,0.9062992843242851
33.78310710849833,0.9062864849799588
33.792718234276,0.9062736198982643
33.80232936005366,0.9062608336909064
33.81194048583133,0.9062480537906651
33.821551611608996,0.906235149384927
33.83116273738666,0.9062223792930907
33.84077386316434,0.9062095983379052
33.850384988942,0.9061967204842883
33.85999611471967,0.9061838497850693
33.86960724049733,0.9061709243696693
33.879218366275,0.9061580166419237
33.888829492052665,0.906145120363724
33.898440617830325,0.9061322835002731
33.908051743608,0.9061193541932422
33.917662869385666,0.9061063581749905
33.92727399516333,0.9060933505211555
33.936885120941,0.9060802396218218
33.946496246718674,0.9060672690111814
33.956107372496334,0.9060542514876285
33.965718498274,0.9060412363711248
33.97532962405166,0.9060282106668944
33.98494074982933,0.9060150774491376
33.994551875607,0.9060019364038095
34.00416300138466,0.9059887905191206
34.013774127162336,0.9059757725340539
34.02338525294,0.9059628376791297
34.03299637871766,0.90594979783915
34.04260750449534,0.905936759043299
34.052218630272996,0.9059235936916381
34.06182975605066,0.9059105258027426
34.07144088182833,0.9058974729917333
34.081052007606,0.9058843367125029
34.090663133383664,0.9058711968427339
34.10027425916133,0.905858237716225
34.109885384939,0.9058451479298747
34.119496510716665,0.9058320819463576
34.12910763649434,0.9058191230712538
34.138718762272,0.9058060006861268
34.148329888049666,0.9057929927331787
34.15794101382733,0.9057799661968273
34.16755213960499,0.9057669323067168
34.17716326538267,0.9057538262461682
34.18677439116033,0.905740750046674
34.196385516938,0.9057276113019641
34.20599664271566,0.9057144103271829
34.215607768493335,0.9057012100145663
34.225218894271,0.9056879941910383
34.23483002004866,0.9056748123452573
34.244441145826336,0.9056616863405075
34.254052271603996,0.9056485469050455
34.26366339738166,0.905635386579811
34.27327452315933,0.9056222898324716
34.282885648937004,0.9056090014357191
34.292496774714664,0.9055957875602263
34.30210790049233,0.9055826073662452
34.31171902627,0.9055693231970001
34.321330152047665,0.9055560775084565
34.33094127782534,0.9055428261720606
34.340552403603,0.9055297177385662
34.350163529380666,0.9055165928882005
34.35977465515833,0.9055033642925286
34.36938578093599,0.905489974843161
34.37899690671367,0.9054765303532056
34.38860803249133,0.9054629371563427
34.398219158269,0.9054492521081778
34.40783028404667,0.9054357131801744
34.417441409824335,0.9054221636293941
34.427052535602,0.9054086005711399
34.43666366137966,0.9053950510314516
34.44627478715733,0.9053814226511855
34.455885912934995,0.9053677306312441
34.46549703871266,0.9053543079600923
34.47510816449033,0.905340861177191
34.484719290268,0.9053274744826951
34.49433041604566,0.905313965406078
34.50394154182333,0.9053004378317862
34.513552667601004,0.9052868219205896
34.523163793378664,0.9052732833776372
34.53277491915633,0.9052598021996769
34.54238604493399,0.905246259517507
34.551997170711665,0.9052326054519798
34.56160829648933,0.9052189238235285
34.57121942226699,0.9052052577870396
34.580830548044666,0.9051916909467825
34.59044167382233,0.9051782107776173
34.6000527996,0.9051647685257482
34.60966392537767,0.9051512292939491
34.619275051155334,0.9051376527645449
34.628886176932994,0.9051241364833182
34.63849730271066,0.905110559473466
34.64810842848833,0.9050970130762174
34.657719554265995,0.9050834491598774
34.66733068004367,0.9050697843063742
34.67694180582133,0.9050562048879263
34.686552931599,0.905042714530887
34.69616405737667,0.9050291273733178
34.70577518315433,0.9050156161813571
34.715386308932,0.9050020316681455
34.72499743470966,0.9049884053389264
34.73460856048733,0.904974679157045
34.744219686265,0.9049610175355853
34.753830812042665,0.9049474850310486
34.76344193782033,0.9049340593218168
34.77305306359799,0.9049206013568479
34.782664189375666,0.9049070375955413
34.79227531515333,0.9048934998293701
34.801886440931,0.9048800806097851
34.81149756670867,0.9048664653268523
34.821108692486334,0.9048528554015522
34.830719818263994,0.9048392653966948
34.84033094404167,0.9048258150119675
34.849942069819335,0.9048122895324837
34.859553195596995,0.90479875062516
34.86916432137467,0.9047851975634132
34.87877544715233,0.9047715598166494
34.88838657293,0.9047579677419316
34.89799769870767,0.9047442543197559
34.90760882448533,0.904730560601094
34.917219950263,0.9047169458895281
34.92683107604066,0.9047033206829888
34.93644220181833,0.9046896618360067
34.946053327596,0.9046759423400602
34.95566445337367,0.9046621858757804
34.96527557915133,0.9046484751214773
34.974886704929006,0.9046347559532049
34.984497830706665,0.9046211022193825
34.99410895648433,0.9046073834256207
35.003720082262,0.9045937117760763
35.01333120803966,0.9045800278034545
35.02294233381733,0.9045664124418217
35.03255345959499,0.9045526429905204
35.04216458537267,0.9045388535121802
35.051775711150334,0.9045251580769441
35.061386836927994,0.9045115590175911
35.07099796270567,0.9044979562441051
35.080609088483335,0.9044843474232878
35.090220214260995,0.9044707410463028
35.09983134003866,0.9044571802741309
35.109442465816336,0.9044434939767271
35.119053591593996,0.904429804733352
35.12866471737166,0.9044160482563907
35.13827584314933,0.9044023811971935
35.147886968927,0.9043886266640295
35.15749809470467,0.9043748706749183
35.16710922048233,0.9043610299995772
35.17672034626,0.9043471485447031
35.186331472037665,0.9043331822487624
35.195942597815325,0.9043191516546427
35.205553723593,0.9043052228421503
35.21516484937066,0.9042911437657889
35.22477597514833,0.904277064372643
35.234387100926,0.9042630103061569
35.24399822670367,0.9042490806200674
35.253609352481334,0.9042351196843348
35.263220478259,0.9042211839203089
35.27283160403667,0.90420721131214
35.28244272981433,0.9041932356243746
35.292053855592,0.9041792828034595
35.30166498136966,0.9041652190021965
35.311276107147336,0.9041513879739096
35.320887232924996,0.9041375889447215
35.33049835870266,0.9041238249240535
35.34010948448034,0.9041099290721818
35.349720610258,0.9040958880632799
35.35933173603567,0.9040819635125104
35.36894286181333,0.9040679952300763
35.378553987591,0.9040539620315414
35.388165113368665,0.9040399742532966
35.397776239146324,0.9040258706792855
35.407387364924,0.904011941197
35.416998490701666,0.9039980148822757
35.42660961647933,0.9039839263322772
35.436220742257,0.9039698231123225
35.445831868034674,0.9039557718005485
35.45544299381233,0.9039416829029167
35.46505411959,0.9039276755348861
35.47466524536766,0.9039137509167026
35.48427637114533,0.9038997432726564
35.493887496923,0.9038855754841241
35.50349862270066,0.9038714203326005
35.513109748478335,0.9038573505758664
35.522720874256,0.9038433235501574
35.53233200003366,0.9038293975372362
35.541943125811336,0.9038153173386764
35.551554251588996,0.9038011203872097
35.56116537736666,0.9037868309195638
35.57077650314433,0.9037725178862731
35.580387628922,0.9037582354633726
35.589998754699664,0.9037440154548955
35.59960988047733,0.9037296343150932
35.609221006255,0.9037152832656282
35.618832132032665,0.9037009124394849
35.62844325781033,0.9036867087029943
35.638054383588,0.9036724423303427
35.647665509365666,0.9036581823357124
35.657276635143326,0.9036438881609076
35.66688776092099,0.9036295039449945
35.67649888669867,0.9036150537939821
35.68611001247633,0.9036005105305402
35.695721138254,0.9035860417512325
35.70533226403166,0.9035717181296558
35.714943389809335,0.9035573697172178
35.724554515587,0.9035430494855224
35.73416564136466,0.9035288773322631
35.74377676714233,0.9035146883185735
35.753387892919996,0.9035004288365713
35.76299901869766,0.9034861913295568
35.77261014447533,0.9034720337078982
35.782221270253004,0.9034579377944513
35.791832396030664,0.9034437344068487
35.80144352180833,0.9034295167316134
35.811054647586,0.9034152853180915
35.820665773363665,0.9034010456438747
35.83027689914133,0.9033866781547383
35.839888024919,0.9033722395018601
35.849499150696666,0.9033578163766317
35.85911027647433,0.9033436026283138
35.868721402252,0.903329449880887
35.87833252802967,0.9033152598654788
35.887943653807326,0.9033009636895171
35.897554779585,0.9032867472741289
35.90716590536267,0.9032726048547955
35.916777031140334,0.9032583913921866
35.926388156918,0.9032441014463224
35.93599928269567,0.9032299379635478
35.94561040847333,0.9032158323794447
35.955221534250995,0.9032016241045117
35.96483266002866,0.9031872869938015
35.97444378580633,0.9031730116034995
35.984054911584,0.9031587509801103
35.99366603736166,0.9031445125612708
36.00327716313934,0.9031301862378518
36.012888288917004,0.9031158464139298
36.022499414694664,0.9031014119667207
36.03211054047233,0.9030870007781374
36.04172166624999,0.9030726642572152
36.051332792027665,0.9030583063101782
36.06094391780533,0.9030438890723557
36.070555043583,0.9030294428002182
36.080166169360666,0.9030150159948387
36.08977729513833,0.903000722757951
36.099388420916,0.9029864328512128
36.10899954669367,0.9029719612024123
36.118610672471334,0.9029576869149958
36.128221798248994,0.9029436064995173
36.13783292402667,0.9029294685749948
36.14744404980433,0.9029153598902476
36.157055175581995,0.9029012298665544
36.16666630135967,0.9028871699294834
36.17627742713733,0.9028731096021928
36.185888552915,0.9028589161893289
36.19549967869266,0.9028447246068544
36.20511080447034,0.9028306106533498
36.214721930248,0.9028164561438646
36.22433305602566,0.9028022361237313
36.23394418180333,0.902787957783787
36.243555307581,0.9027737162470774
36.253166433358665,0.9027595550820924
36.26277755913633,0.9027453260149083
36.272388684914006,0.902731144513655
36.281999810691666,0.9027170128861793
36.29161093646933,0.9027028639028299
36.301222062247,0.9026886139042184
36.31083318802466,0.9026742490005529
36.320444313802334,0.9026599872842546
36.33005543957999,0.9026456259542708
36.33966656535767,0.9026312988806492
36.349277691135335,0.9026172970446904
36.358888816912994,0.9026032803289624
36.36849994269067,0.9025892873883385
36.37811106846833,0.9025751866402046
36.387722194246,0.9025610723688117
36.39733332002366,0.9025469934257382
36.40694444580133,0.9025328191952731
36.416555571578996,0.9025186879934862
36.42616669735666,0.9025045838952265
36.43577782313433,0.9024903420716531
36.445388948912,0.9024761617862339
36.45500007468967,0.9024619441046098
36.46461120046733,0.9024477448413069
36.474222326245005,0.9024333520027247
36.483833452022665,0.9024189706149314
36.49344457780033,0.9024047195996051
36.503055703578,0.9023902968210777
36.51266682935566,0.9023758030830938
36.52227795513333,0.9023612273202202
36.53188908091099,0.9023467477582477
36.54150020668867,0.9023323394839616
36.551111332466334,0.9023178970105048
36.560722458243994,0.9023035231599642
36.57033358402167,0.9022891475975775
36.579944709799335,0.9022748052958411
36.589555835576995,0.902260415611792
36.59916696135466,0.9022460210356276
36.608778087132336,0.902231549954534
36.618389212909996,0.9022170971460327
36.62800033868766,0.9022027699568482
36.63761146446533,0.9021884649982952
36.647222590243,0.9021741832541823
36.65683371602067,0.9021597567391617
36.66644484179833,0.9021454146544374
36.676055967576,0.9021310505402688
36.685667093353665,0.902116675353464
36.695278219131325,0.902102260962049
36.704889344909,0.9020878602244509
36.71450047068666,0.9020735070230146
36.72411159646433,0.9020591088915794
36.733722722242,0.9020444991880835
36.74333384801967,0.9020299034655787
36.752944973797334,0.9020152615135342
36.762556099575,0.902000561616441
36.77216722535267,0.9019858808840491
36.78177835113033,0.9019711724110713
36.791389476907995,0.9019564843717688
36.80100060268566,0.9019417572578992
36.810611728463336,0.9019269963192866
36.820222854240996,0.9019121289803786
36.82983398001866,0.9018973963463329
36.83944510579634,0.9018828050564458
36.849056231574,0.9018681617042702
36.85866735735167,0.9018535391475282
36.86827848312933,0.9018389595848918
36.877889608907,0.9018242837291087
36.887500734684664,0.9018097258445854
36.89711186046233,0.901795072444181
36.90672298624,0.901780398825052
36.916334112017665,0.9017656508121442
36.92594523779533,0.9017509744405455
36.935556363573,0.9017362096529723
36.94516748935067,0.901721474423464
36.95477861512833,0.9017067371262321
36.964389740906,0.9016920929008668
36.97400086668366,0.9016773863931127
36.98361199246133,0.9016626781907837
36.993223118239,0.901648037246681
37.00283424401666,0.9016332120432322
37.012445369794335,0.9016183882801583
37.022056495572,0.9016036341771702
37.03166762134967,0.9015886963310158
37.041278747127336,0.9015739287352299
37.050889872904996,0.9015591553061307
37.06050099868266,0.9015443598317728
37.07011212446033,0.9015295175430404
37.079723250238,0.9015147197821297
37.089334376015664,0.9014997855389744
37.09894550179334,0.9014848607931288
37.108556627571,0.9014699873028215
37.118167753348665,0.901455036304002
37.12777887912633,0.9014401601556361
37.137390004904,0.9014253082321055
37.147001130681666,0.9014104278805545
37.156612256459326,0.9013955479278934
37.166223382237,0.9013807049947055
37.17583450801467,0.9013659003763167
37.18544563379233,0.9013509374064355
37.19505675957,0.9013360443618498
37.20466788534766,0.9013213135520249
37.214279011125335,0.9013065318132086
37.223890136903,0.901291764381652
37.23350126268067,0.901276943661902
37.24311238845833,0.9012621337348714
37.252723514235996,0.9012473245954192
37.26233464001366,0.9012324852791515
37.27194576579133,0.9012175573144731
37.281556891569004,0.901202691728006
37.29116801734666,0.9011878587258769
37.30077914312434,0.9011729430884181
37.310390268902,0.90115804588549
37.320001394679664,0.9011431317372576
37.32961252045733,0.9011281689056149
37.33922364623499,0.9011132685189132
37.348834772012665,0.9010983294097166
37.358445897790325,0.9010834192856484
37.368057023568,0.9010685169953077
37.377668149345666,0.9010537494886552
37.387279275123326,0.901038975072857
37.396890400901,0.9010240475271741
37.40650152667867,0.9010091301766769
37.416112652456334,0.9009943017141915
37.425723778234,0.900979466309066
37.43533490401167,0.9009646456924179
37.44494602978933,0.900949707119405
37.454557155566995,0.9009347744617444
37.46416828134466,0.9009198790815202
37.47377940712233,0.900905085603483
37.4833905329,0.9008900856789847
37.49300165867766,0.9008750775512325
37.50261278445534,0.9008600934033719
37.512223910233004,0.9008450554079668
37.521835036010664,0.9008300333875713
37.53144616178833,0.9008149376275273
37.54105728756599,0.9007998630745944
37.550668413343665,0.9007849345631725
37.56027953912133,0.9007701198336225
37.569890664899,0.900755111747859
37.579501790676666,0.9007402158295867
37.58911291645433,0.900725318226184
37.598724042232,0.9007102503206362
37.60833516800967,0.9006952104148398
37.617946293787334,0.900680079789149
37.627557419564994,0.9006650326060509
37.63716854534267,0.9006499375338508
37.64677967112033,0.9006348121886
37.656390796897995,0.9006197206902391
37.66600192267567,0.9006046218644269
37.67561304845333,0.9005895387885855
37.685224174231,0.9005744189473892
37.69483530000866,0.9005594539104793
37.70444642578633,0.9005445975161528
37.714057551564,0.9005295568850611
37.72366867734166,0.9005145423010211
37.73327980311933,0.9004994379669606
37.742890928897,0.9004843907169421
37.752502054674665,0.9004695574886754
37.76211318045233,0.9004546984253149
37.771724306230006,0.9004398085735378
37.781335432007666,0.9004248620140248
37.79094655778533,0.900409910785674
37.800557683563,0.9003948827307693
37.81016880934066,0.9003796629643467
37.81977993511833,0.9003645573691168
37.82939106089599,0.9003494881657891
37.83900218667367,0.9003345152237769
37.848613312451334,0.9003195561839973
37.858224438229,0.9003045680384743
37.86783556400667,0.9002895191712394
37.87744668978433,0.9002743938009213
37.887057815562,0.90025925764321
37.89666894133966,0.9002442781854095
37.90628006711733,0.9002291547878883
37.915891192894996,0.9002138986642451
37.92550231867267,0.9001987403984248
37.93511344445033,0.9001836347785425
37.944724570228,0.9001683478701741
37.954335696005664,0.9001531253024162
37.96394682178333,0.900137912187518
37.973557947561005,0.9001226041527647
37.983169073338665,0.9001073739372818
37.99278019911633,0.9000922216355715
38.002391324894,0.9000769639177086
38.01200245067166,0.9000616460753901
38.02161357644933,0.9000463500128766
38.03122470222699,0.9000311415215476
38.04083582800467,0.9000159342429179
38.050446953782334,0.9000007559911783
38.06005807956,0.8999855155564291
38.06966920533767,0.8999703198346057
38.079280331115335,0.8999552581946418
38.088891456892995,0.8999402311277005
38.09850258267066,0.8999251661702568
38.108113708448336,0.8999101368415422
38.117724834225996,0.8998950497101749
38.12733596000367,0.8998799740446607
38.13694708578133,0.8998648990985895
38.146558211559,0.8998498280566463
38.15616933733667,0.8998348685401876
38.16578046311433,0.8998198915945061
38.175391588892,0.8998048097024414
38.185002714669665,0.8997897206963721
38.19461384044733,0.899774663162082
38.204224966225,0.8997596698721588
38.21383609200266,0.8997446085152754
38.22344721778033,0.8997295167669305
38.233058343558,0.8997144911504729
38.24266946933567,0.8996994316257465
38.252280595113334,0.8996843729146587
38.261891720891,0.8996693850614075
38.27150284666866,0.8996544856334617
38.28111397244633,0.8996394003963535
38.290725098223994,0.8996243714143038
38.30033622400166,0.8996093178786784
38.309947349779335,0.8995942523321484
38.319558475556995,0.8995790602350906
38.32916960133467,0.8995638422936771
38.338780727112336,0.8995486210303368
38.348391852889996,0.8995335109759225
38.35800297866766,0.8995183336702254
38.36761410444533,0.8995031312516506
38.377225230223,0.8994879989646322
38.386836356000664,0.8994729406560638
38.39644748177833,0.8994578595333483
38.406058607556,0.8994427134257094
38.415669733333665,0.8994274715527771
38.42528085911133,0.8994122254114074
38.434891984889,0.8993971266783288
38.444503110666666,0.8993819085870138
38.45411423644433,0.8993667200239445
38.463725362222,0.8993513705939881
38.47333648799966,0.8993360701424361
38.48294761377733,0.899320817885171
38.492558739555,0.8993056281748488
38.50216986533266,0.8992904475078908
38.511780991110335,0.8992752855698258
38.521392116887995,0.8992601287710603
38.53100324266567,0.8992447880887552
38.540614368443336,0.8992294921040729
38.550225494220996,0.8992142468915862
38.55983661999866,0.8991989538177261
38.56944774577633,0.8991836155184009
38.579058871554,0.8991683381312517
38.588669997331664,0.899153078378725
38.59828112310934,0.8991377860587799
38.607892248887,0.8991225098456831
38.617503374664665,0.899107279692826
38.62711450044233,0.8990919545601005
38.63672562622,0.8990767057645728
38.646336751997666,0.8990613655053218
38.655947877775326,0.8990459804078598
38.665559003553,0.8990307566430312
38.67517012933067,0.8990154882314388
38.68478125510833,0.8990001912383155
38.694392380886,0.8989847475891626
38.70400350666366,0.8989694963318322
38.713614632441335,0.8989542607230948
38.723225758219,0.8989389699536936
38.73283688399667,0.8989238161726926
38.74244800977433,0.8989085769089699
38.752059135551995,0.8988932778292946
38.76167026132966,0.8988781144331407
38.77128138710733,0.8988628907412746
38.780892512885,0.8988476363519248
38.79050363866266,0.8988324520862189
38.80011476444034,0.8988174042854135
38.809725890218,0.898802168810056
38.819337015995664,0.8987868157391941
38.82894814177333,0.8987713775308969
38.83855926755099,0.8987559961576939
38.848170393328665,0.8987405872421769
38.857781519106325,0.898725200105828
38.867392644884,0.8987098421184246
38.877003770661666,0.8986946102625331
38.88661489643933,0.8986793846223545
38.896226022217,0.8986641103194759
38.90583714799467,0.8986488242706208
38.915448273772334,0.8986335426913711
38.925059399549994,0.898618335866588
38.93467052532767,0.8986031622234936
38.94428165110533,0.8985878891278778
38.953892776883,0.8985725369526326
38.96350390266066,0.8985572195385186
38.97311502843833,0.898541907556274
38.982726154216,0.8985266405622214
38.99233727999366,0.8985114654083386
39.00194840577134,0.8984963054568328
39.011559531549,0.8984811306778022
39.021170657326664,0.898465819983817
39.03078178310433,0.898450539549975
39.04039290888199,0.8984352448073661
39.050004034659665,0.89842003234454
39.05961516043733,0.8984048612251136
39.069226286215,0.8983897147199491
39.078837411992666,0.8983745614285321
39.08844853777034,0.8983594597390266
39.098059663548,0.8983442737751016
39.10767078932567,0.8983290223561821
39.11728191510333,0.8983137033289101
39.126893040880994,0.8982985279568868
39.13650416665867,0.8982833550101973
39.14611529243633,0.8982682896291225
39.155726418214,0.8982531807183313
39.16533754399167,0.8982379841714114
39.17494866976933,0.8982228002042586
39.184559795547,0.8982076328217885
39.19417092132466,0.8981925250859384
39.20378204710233,0.8981774527931515
39.21339317288,0.8981623594288684
39.22300429865766,0.8981472803900542
39.23261542443533,0.8981322491184375
39.242226550213,0.898117155221211
39.251837675990664,0.8981020473014202
39.26144880176833,0.8980869470146874
39.271059927546005,0.8980717723890402
39.280671053323665,0.8980565017013126
39.29028217910133,0.8980411917761193
39.29989330487899,0.8980259535683032
39.30950443065666,0.8980107513157762
39.31911555643433,0.8979955094826692
39.32872668221199,0.8979802489283689
39.33833780798967,0.8979649778550974
39.347948933767334,0.8979497167429311
39.357560059545,0.8979344639557992
39.36717118532267,0.8979192571823255
39.37678231110033,0.897904070967075
39.386393436878,0.8978889445932643
39.39600456265566,0.8978736848360216
39.40561568843333,0.8978584985940711
39.415226814210996,0.8978433842724024
39.42483793998867,0.897828192081724
39.43444906576633,0.8978130036533795
39.444060191544,0.8977977533316059
39.453671317321664,0.8977826103245415
39.46328244309933,0.8977674368495208
39.472893568877005,0.8977522908677299
39.482504694654665,0.8977372025192069
39.49211582043233,0.8977221368627669
39.50172694621,0.8977070473307923
39.51133807198766,0.8976920705820178
39.52094919776533,0.8976770525258165
39.53056032354299,0.8976617814717198
39.54017144932067,0.8976466645486811
39.549782575098334,0.8976316520972916
39.559393700876,0.8976166094716622
39.56900482665367,0.8976015754729836
39.57861595243133,0.8975864288153932
39.588227078208995,0.8975713968543844
39.59783820398666,0.8975563440579561
39.607449329764336,0.8975411700032743
39.617060455541996,0.8975260648571054
39.62667158131967,0.8975109028381226
39.63628270709733,0.8974957947965052
39.645893832875,0.8974806889150225
39.65550495865267,0.8974656288751136
39.66511608443033,0.8974505416562811
39.674727210208,0.897435282089327
39.68433833598566,0.897420058405751
39.69394946176333,0.8974048197929682
39.703560587541,0.897389627345424
39.71317171331866,0.8973744784249115
39.72278283909633,0.8973591816792013
39.732393964874,0.897343905333275
39.742005090651666,0.8973286847851767
39.75161621642933,0.8973135062355302
39.761227342207,0.897298286091702
39.77083846798466,0.8972830184853264
39.78044959376233,0.8972677274687569
39.790060719539994,0.8972524924390702
39.79967184531766,0.8972372537839102
39.809282971095335,0.8972220166259234
39.818894096872995,0.8972067242116585
39.82850522265067,0.8971914319664285
39.838116348428336,0.8971761709295215
39.847727474205996,0.8971608748078814
39.85733859998366,0.8971455132146927
39.86694972576132,0.8971303513911361
39.876560851539,0.897115170223779
39.886171977316664,0.8970999709166152
39.89578310309433,0.8970846910743102
39.905394228872,0.897069413011673
39.91500535464967,0.8970540299435036
39.92461648042733,0.8970386928145322
39.934227606205,0.8970235094575985
39.943838731982666,0.8970083059519344
39.953449857760326,0.8969929806370337
39.963060983538,0.896977611157591
39.97267210931566,0.8969621431431402
39.982283235093334,0.8969466798342621
39.991894360871,0.8969310553772082
40.00150548664866,0.8969155823824192
40.011116612426335,0.896900096078823
40.020727738203995,0.896884656468232
40.03033886398167,0.8968692244811959
40.039949989759336,0.8968538208257496
40.049561115536996,0.8968384011716491
40.05917224131466,0.8968228873985791
40.06878336709233,0.89680752774737
40.07839449287,0.8967921441417587
40.088005618647664,0.8967767806349145
40.09761674442534,0.8967614878313819
40.107227870203,0.8967461093054849
40.11683899598067,0.896730832610478
40.12645012175833,0.8967155455552007
40.136061247536,0.8967002374069959
40.145672373313666,0.8966848912084219
40.155283499091325,0.8966696599584312
40.164894624869,0.8966543641684801
40.17450575064667,0.8966391361827496
40.18411687642433,0.8966239603113334
40.193728002202,0.8966087880710994
40.20333912797966,0.8965936269802767
40.212950253757334,0.8965784561446274
40.222561379535,0.8965631130157447
40.23217250531266,0.8965476428658484
40.24178363109033,0.8965324470776656
40.251394756868,0.8965172909576796
40.26100588264566,0.8965020871746473
40.27061700842333,0.8964869237418038
40.280228134200996,0.8964716585842194
40.28983925997866,0.8964564774904561
40.29945038575634,0.8964412382797375
40.309061511534,0.8964258729244656
40.318672637311664,0.8964105158065584
40.32828376308933,0.8963951744175338
40.33789488886699,0.8963799116453626
40.347506014644665,0.8963645842931914
40.357117140422325,0.8963492338658122
40.3667282662,0.8963339733664814
40.376339391977666,0.8963187720791539
40.38595051775533,0.896303580390639
40.395561643533,0.8962882271885492
40.40517276931067,0.8962729477638206
40.414783895088334,0.8962576755609369
40.424395020865994,0.8962423034618134
40.43400614664367,0.8962269293738073
40.44361727242133,0.8962116193122911
40.453228398199,0.8961964129720532
40.46283952397666,0.8961811894779556
40.47245064975433,0.8961657910597824
40.482061775532,0.8961504225891399
40.49167290130966,0.896135020844112
40.50128402708734,0.8961196235597169
40.510895152865,0.8961042108965729
40.520506278642664,0.8960888443889142
40.53011740442033,0.8960734490977346
40.53972853019799,0.8960579594566901
40.549339655975665,0.8960424371032025
40.55895078175333,0.8960269593389281
40.568561907531,0.8960115697441762
40.578173033308666,0.8959963138921699
40.58778415908634,0.8959809931023812
40.597395284864,0.8959657858860001
40.60700641064166,0.8959505199632313
40.61661753641933,0.8959351560092622
40.62622866219699,0.8959197972314933
40.63583978797467,0.8959043497079943
40.64545091375233,0.8958889548197208
40.65506203953,0.8958736050065428
40.66467316530767,0.8958581786372249
40.67428429108533,0.8958428168197353
40.683895416863,0.8958274113835868
40.69350654264066,0.8958120441589026
40.70311766841833,0.8957965410203151
40.712728794195996,0.895781087855946
40.72233991997366,0.8957655912545125
40.73195104575133,0.8957500734522215
40.741562171529,0.8957345684141789
40.751173297306664,0.8957190083059692
40.76078442308433,0.8957033813709263
40.770395548862005,0.8956878916980744
40.780006674639665,0.8956724574488906
40.78961780041733,0.8956569006687946
40.79922892619499,0.8956413383851322
40.80884005197266,0.8956259858535615
40.81845117775033,0.8956106868846528
40.82806230352799,0.8955953676564161
40.83767342930567,0.8955799253925811
40.84728455508333,0.8955644738154823
40.856895680861,0.8955488736544859
40.86650680663867,0.8955333542392104
40.87611793241633,0.8955177914525699
40.885729058193995,0.8955022619971779
40.89534018397166,0.8954867191842815
40.90495130974933,0.8954712431318231
40.914562435526996,0.8954558900866172
40.92417356130467,0.8954406143698928
40.93378468708233,0.8954252512735519
40.943395812860004,0.8954096896065279
40.953006938637664,0.895394156089554
40.96261806441533,0.8953787333443686
40.972229190193,0.8953633005640173
40.981840315970665,0.8953479301294485
40.99145144174833,0.8953325942453826
41.001062567526,0.8953173580999412
41.010673693303666,0.8953021221974905
41.02028481908133,0.8952868585211844
41.02989594485899,0.8952715902911159
41.03950707063667,0.8952563786687476
41.049118196414334,0.8952410832632
41.058729322192,0.8952258300830651
41.06834044796967,0.8952105414222115
41.077951573747335,0.895195189748174
41.087562699524995,0.8951798416688835
41.09717382530266,0.8951645025099992
41.106784951080336,0.8951493106071478
41.116396076857995,0.8951340545770864
41.12600720263567,0.8951186884065122
41.13561832841333,0.895103198466888
41.145229454191,0.8950876719325533
41.15484057996867,0.8950722229646808
41.16445170574633,0.895056889321607
41.174062831524,0.895041563918463
41.18367395730166,0.8950261962422407
41.19328508307933,0.8950107318796052
41.202896208857,0.8949953117157211
41.212507334634665,0.8949798015610712
41.22211846041233,0.8949643101381767
41.23172958619,0.894948903771725
41.241340711967666,0.8949335389024037
41.25095183774533,0.8949181561725468
41.260562963523,0.8949027612996722
41.27017408930066,0.894887297836634
41.279785215078334,0.8948717989499865
41.289396340855994,0.8948564605028811
41.29900746663366,0.8948411175524212
41.308618592411335,0.8948258564182512
41.318229718188995,0.8948105534977981
41.32784084396667,0.8947952527899682
41.337451969744336,0.8947800179519275
41.347063095522,0.8947647026126968
41.35667422129966,0.8947494269722487
41.36628534707732,0.8947341690024402
41.375896472855,0.894718783063395
41.385507598632664,0.8947033577532797
41.39511872441033,0.89468801793837
41.404729850188,0.8946725898930005
41.41434097596567,0.894657055576594
41.42395210174333,0.8946415557061274
41.433563227521,0.8946261365315709
41.443174353298666,0.8946106999482633
41.452785479076326,0.8945952775287002
41.462396604854,0.8945798636188949
41.47200773063166,0.8945643935316999
41.481618856409334,0.8945488777061114
41.491229982187,0.8945333823048242
41.50084110796466,0.8945179726145382
41.510452233742335,0.8945025313953874
41.520063359519995,0.8944871904842384
41.52967448529767,0.8944719184502367
41.53928561107533,0.8944566414391966
41.548896736852996,0.8944413708438737
41.55850786263066,0.8944259914675846
41.56811898840833,0.8944107038002342
41.577730114186,0.8943952960936569
41.58734123996366,0.8943800849997315
41.59695236574134,0.8943647720385232
41.606563491519,0.8943494499427576
41.61617461729667,0.8943341134154623
41.62578574307433,0.8943187380662557
41.635396868852,0.8943034455915488
41.645007994629665,0.8942880862538729
41.654619120407325,0.8942727454711199
41.664230246185,0.8942574183825391
41.673841371962666,0.8942422498326421
41.68345249774033,0.8942270485253418
41.693063623518,0.8942118659207225
41.70267474929566,0.8941967580216895
41.712285875073334,0.8941816658814591
41.721897000851,0.8941666405673191
41.73150812662866,0.8941514776283209
41.74111925240633,0.8941361904533155
41.750730378184,0.8941209151520549
41.76034150396166,0.8941054172365622
41.76995262973933,0.894089966344263
41.779563755516996,0.8940745467482543
41.78917488129466,0.8940592179616303
41.79878600707234,0.8940437771311829
41.80839713285,0.8940283977537747
41.818008258627664,0.8940129827222126
41.82761938440533,0.8939975536610947
41.83723051018299,0.8939820440775186
41.846841635960665,0.8939666327252636
41.856452761738325,0.8939511284645749
41.866063887516,0.8939356048320128
41.875675013293666,0.8939199569513404
41.88528613907133,0.8939042984482446
41.894897264849,0.8938886677604765
41.90450839062667,0.8938731590552661
41.91411951640433,0.8938577236129481
41.923730642181994,0.893842249182645
41.93334176795967,0.8938266988194051
41.94295289373733,0.8938111893197072
41.952564019515,0.8937956085276147
41.96217514529266,0.8937801123843542
41.971786271070336,0.8937647356832158
41.981397396848,0.8937493487338181
41.99100852262566,0.8937339301464682
42.00061964840333,0.8937184385033944
42.010230774181,0.8937029320608154
42.019841899958664,0.8936876076969943
42.02945302573633,0.8936722699071118
42.039064151514,0.8936569393274093
42.048675277291665,0.8936416793403388
42.05828640306933,0.8936264644329223
42.067897528847,0.8936111156999348
42.077508654624665,0.893595651682772
42.08711978040234,0.8935803246932607
42.09673090618,0.8935650204419926
42.10634203195767,0.8935496999477139
42.115953157735326,0.8935343095449145
42.12556428351299,0.8935189303760206
42.13517540929067,0.893503458348988
42.14478653506833,0.8934880645748168
42.154397660846,0.8934726232411334
42.16400878662367,0.8934571960793192
42.173619912401335,0.8934417506450629
42.183231038179,0.8934263419394116
42.19284216395666,0.8934108810579497
42.20245328973433,0.8933954172433956
42.212064415511996,0.893379916298836
42.22167554128966,0.8933644834187802
42.23128666706733,0.8933491186682266
42.240897792845004,0.8933336782346135
42.250508918622664,0.893318331421008
42.26012004440033,0.8933029931672251
42.269731170178005,0.8932877594130747
42.279342295955665,0.8932724287135712
42.28895342173333,0.8932570493697084
42.29856454751099,0.8932417438439211
42.308175673288666,0.893226451116717
42.31778679906633,0.8932110886834147
42.32739792484399,0.89319581901965
42.33700905062167,0.8931804497669016
42.34662017639933,0.8931652995240635
42.356231302177,0.8931502577828402
42.36584242795467,0.8931350327064953
42.375453553732335,0.8931197475117802
42.385064679509995,0.8931043849108448
42.39467580528766,0.8930890867648638
42.40428693106533,0.8930738882205902
42.413898056842996,0.8930587009505954
42.42350918262067,0.8930435078877945
42.43312030839833,0.8930282445304012
42.442731434176004,0.8930130038380499
42.452342559953664,0.8929977248575739
42.46195368573133,0.8929825391091972
42.471564811509,0.8929673707285664
42.48117593728666,0.8929522030635841
42.49078706306433,0.8929369636215848
42.500398188842,0.8929217488062323
42.510009314619666,0.8929065482148987
42.51962044039733,0.8928913749130701
42.52923156617499,0.8928761960173723
42.53884269195267,0.8928612107872882
42.54845381773033,0.8928461086222331
42.558064943508,0.8928309840621409
42.56767606928566,0.8928158858531465
42.577287195063334,0.8928007914175276
42.586898320840994,0.8927857180174178
42.59650944661866,0.8927704447298879
42.60612057239633,0.8927550605479119
42.615731698173995,0.8927397661219504
42.62534282395167,0.8927244855797359
42.63495394972933,0.8927092376970074
42.644565075507,0.8926940377375855
42.65417620128466,0.8926788599699035
42.66378732706233,0.8926636352998226
42.67339845284,0.8926484079797509
42.68300957861766,0.8926331093375669
42.69262070439533,0.892617868199252
42.702231830173,0.8926026999576139
42.711842955950665,0.8925874895985981
42.72145408172833,0.8925723551303721
42.731065207506,0.892557311599979
42.740676333283666,0.8925422365947971
42.75028745906133,0.8925271834328778
42.759898584839,0.8925121449248881
42.76950971061666,0.8924971875680068
42.779120836394334,0.8924820905883344
42.788731962171994,0.892466957999953
42.79834308794966,0.8924518296759357
42.807954213727335,0.8924366493055073
42.817565339504995,0.8924214924995195
42.82717646528267,0.8924063941336463
42.836787591060336,0.8923912023941821
42.846398716837996,0.8923759673443047
42.85600984261566,0.8923609518791952
42.86562096839332,0.8923459153741444
42.875232094171,0.8923308153706168
42.884843219948664,0.8923155689587605
42.89445434572633,0.89230037699577
42.904065471504,0.8922850968434298
42.91367659728167,0.8922698346016437
42.92328772305933,0.8922545385146872
42.932898848837,0.892239077396234
42.942509974614666,0.8922236035763628
42.952121100392326,0.8922082096504805
42.96173222617,0.8921929464687516
42.97134335194766,0.892177620340379
42.980954477725334,0.8921623368318525
42.990565603503,0.8921470256828643
43.00017672928067,0.8921317442230623
43.009787855058335,0.8921164445961348
43.019398980835994,0.8921011170818052
43.02901010661367,0.8920859369769831
43.03862123239133,0.8920707562400569
43.048232358168995,0.8920555286481612
43.05784348394666,0.8920402879633889
43.06745460972434,0.8920250346716829
43.077065735501996,0.8920097994313382
43.08667686127966,0.8919944938457868
43.09628798705734,0.8919792096813146
43.105899112835,0.891964005285837
43.11551023861267,0.8919487655131998
43.12512136439033,0.8919335942925598
43.134732490168,0.8919184609926684
43.144343615945665,0.8919033554349981
43.153954741723325,0.8918882526625808
43.163565867501,0.8918732582547272
43.17317699327866,0.8918583140532431
43.18278811905633,0.8918432566904083
43.192399244834,0.8918282599194417
43.20201037061167,0.8918133107705147
43.211621496389334,0.8917983226971704
43.221232622166994,0.8917832018177315
43.23084374794466,0.891768094412625
43.24045487372233,0.8917530247561202
43.2500659995,0.8917379193285541
43.25967712527766,0.8917228633783312
43.269288251055336,0.8917076555717478
43.278899376832996,0.8916927908055496
43.28851050261066,0.891677790573426
43.29812162838834,0.8916627086072719
43.307732754166,0.8916477412037048
43.317343879943664,0.8916328444773355
43.32695500572133,0.8916180073634861
43.336566131499,0.8916031667520624
43.346177257276665,0.89158826219404
43.355788383054325,0.8915732618667531
43.365399508832,0.8915582222300567
43.375010634609666,0.8915432350428553
43.38462176038733,0.8915283433813711
43.394232886165,0.8915133175048578
43.40384401194267,0.8914983450761557
43.41345513772033,0.8914834800496183
43.423066263497994,0.8914685670125205
43.43267738927567,0.8914536880577821
43.44228851505333,0.8914388315040126
43.451899640831,0.8914239386352605
43.46151076660866,0.8914089656716854
43.471121892386336,0.8913939533374263
43.480733018164,0.891378924147456
43.49034414394166,0.8913638824855007
43.49995526971933,0.8913489794623205
43.509566395497,0.8913340765977618
43.51917752127466,0.8913189569824033
43.52878864705233,0.8913039200065441
43.53839977283,0.8912889153980951
43.548010898607664,0.891273792477033
43.55762202438533,0.8912587483521884
43.567233150163,0.8912435638262225
43.576844275940665,0.8912283879000723
43.58645540171833,0.8912133921578986
43.596066527496,0.8911985586915103
43.605677653273666,0.8911836854559994
43.615288779051326,0.8911687355421135
43.62489990482899,0.8911538222365704
43.63451103060667,0.8911387258693793
43.64412215638433,0.8911236930033105
43.653733282162,0.8911087569630348
43.66334440793967,0.8910938233587349
43.672955533717335,0.8910789903460272
43.682566659495,0.8910641752685433
43.69217778527266,0.8910493188037781
43.70178891105033,0.8910343957786795
43.711400036827996,0.891019509523636
43.72101116260566,0.8910045040520304
43.73062228838333,0.8909894173217332
43.740233414161004,0.8909743756816587
43.749844539938664,0.8909593923933748
43.75945566571633,0.8909443279965787
43.769066791494,0.8909293389650454
43.778677917271665,0.8909142979570998
43.78828904304933,0.8908992684948651
43.79790016882699,0.8908843165587093
43.807511294604666,0.8908692223637585
43.81712242038233,0.8908541871423753
43.82673354615999,0.8908391786480436
43.83634467193767,0.8908241398878619
43.84595579771533,0.8908090011080358
43.855566923493,0.8907939808337242
43.86517804927067,0.890779010073183
43.87478917504833,0.8907640531518257
43.884400300825995,0.8907491132607592
43.89401142660366,0.8907340831528953
43.90362255238133,0.8907190555419506
43.913233678158996,0.890704038513624
43.92284480393667,0.8906890559050233
43.93245592971433,0.8906740395922836
43.942067055492004,0.8906589162440928
43.95167818126966,0.8906438826017363
43.96128930704733,0.8906289790927594
43.970900432825,0.8906140377956994
43.98051155860266,0.890599048197688
43.99012268438033,0.8905840790949752
43.999733810158,0.890569066631779
44.009344935935665,0.8905540717157084
44.01895606171333,0.8905391043249382
44.02856718749101,0.8905239688067077
44.038178313268666,0.8905089332640503
44.04778943904633,0.890493844950088
44.057400564824,0.8904786489252431
44.06701169060166,0.8904634250062016
44.076622816379334,0.8904482354487788
44.086233942156994,0.8904330440999002
44.09584506793467,0.8904179443127898
44.10545619371233,0.8904028513773334
44.115067319489995,0.8903877326031748
44.12467844526767,0.890372698559144
44.13428957104533,0.8903576049666719
44.143900696823,0.8903424986644314
44.15351182260066,0.8903274619363375
44.16312294837833,0.8903124802792943
44.172734074156,0.890297489272476
44.18234519993366,0.8902825728843093
44.19195632571133,0.8902677013068905
44.201567451489,0.8902527978145597
44.211178577266665,0.8902377711143411
44.22078970304433,0.8902227229175774
44.230400828822006,0.8902075731582951
44.240011954599666,0.8901924469522842
44.24962308037733,0.8901774009762299
44.259234206155,0.8901623180664217
44.26884533193266,0.890147186556108
44.278456457710334,0.8901320291913618
44.288067583487994,0.890116884836441
44.29767870926567,0.8901016504118673
44.307289835043335,0.8900864402538777
44.316900960820995,0.8900712607190968
44.32651208659867,0.8900560831264396
44.33612321237633,0.890040898683278
44.345734338153996,0.890025713987221
44.35534546393166,0.8900105670874974
44.36495658970933,0.8899953843926307
44.374567715487,0.8899802925522521
44.384178841264664,0.8899651716675022
44.39378996704233,0.8899501928272142
44.40340109282,0.8899352787868864
44.41301221859767,0.8899202943878409
44.42262334437533,0.8899052711562861
44.432234470153,0.8898902371858524
44.44184559593066,0.8898750613531616
44.451456721708325,0.8898598391653437
44.461067847486,0.8898446123951539
44.47067897326366,0.8898293241150829
44.48029009904133,0.8898140791465589
44.489901224819,0.8897986644613142
44.49951235059667,0.8897832319656533
44.509123476374334,0.8897678403365917
44.518734602151994,0.8897525916411264
44.52834572792966,0.8897372677641019
44.53795685370733,0.8897219410974572
44.547567979484995,0.88970659174279
44.55717910526266,0.8896912721643269
44.566790231040336,0.8896758989307368
44.576401356817996,0.8896605175292523
44.58601248259566,0.8896450472121226
44.59562360837334,0.8896296988207845
44.605234734151,0.8896144720656435
44.614845859928664,0.8895991450554571
44.62445698570633,0.8895837196994963
44.634068111484,0.8895684022864515
44.643679237261665,0.8895530230771861
44.653290363039325,0.8895376032472515
44.662901488817,0.8895222443087524
44.67251261459466,0.8895069236779
44.68212374037233,0.8894916861984337
44.69173486615,0.8894763121958711
44.70134599192767,0.8894609544732487
44.710957117705334,0.8894455209039186
44.720568243482994,0.8894300345032067
44.73017936926066,0.8894144564073471
44.73979049503833,0.8893988938290296
44.749401620816,0.8893834528743246
44.75901274659366,0.8893679618434113
44.768623872371336,0.8893524472702328
44.778234998148996,0.8893370546188826
44.78784612392666,0.8893214534469176
44.79745724970434,0.8893058837754684
44.807068375482,0.8892902704671425
44.816679501259664,0.8892745970595513
44.82629062703733,0.8892589344433819
44.835901752815,0.8892431960410435
44.845512878592665,0.8892276119201142
44.855124004370325,0.8892119052425169
44.864735130148,0.8891962855055691
44.874346255925666,0.8891808518782612
44.88395738170333,0.8891653966746377
44.893568507481,0.8891499282914828
44.90317963325867,0.8891343675578706
44.91279075903633,0.8891189489301508
44.922401884814,0.8891034458013762
44.93201301059166,0.8890878532772574
44.94162413636933,0.8890722003288457
44.951235262147,0.88905654782399
44.96084638792466,0.8890408846867971
44.970457513702335,0.8890251643291652
44.98006863948,0.8890095014399673
44.98967976525767,0.8889938524330788
44.99929089103533,0.8889783366560753
45.00890201681299,0.8889627899887955
45.01851314259066,0.8889470404741527
45.02812426836833,0.8889313292534446
45.037735394146,0.8889157272815512
45.047346519923664,0.8889001415781058
45.05695764570134,0.8888845853204369
45.066568771479,0.8888691261863756
45.076179897256665,0.8888536776414718
45.08579102303433,0.8888380850402832
45.09540214881199,0.8888224689033334
45.105013274589666,0.8888068083655105
45.114624400367326,0.8887911858587764
45.124235526145,0.888775437861682
45.13384665192267,0.8887596411281322
45.14345777770033,0.8887438416783416
45.153068903478,0.8887282120042389
45.16268002925567,0.8887124976490206
45.172291155033335,0.8886967030882927
45.181902280810995,0.8886809205038309
45.19151340658867,0.8886652220830148
45.20112453236633,0.888649498492463
45.210735658143996,0.8886337977164119
45.22034678392166,0.8886181093828035
45.22995790969933,0.8886024126992684
45.239569035477004,0.888586656758488
45.249180161254664,0.8885710933730679
45.25879128703234,0.8885555923137178
45.26840241281,0.88853991622176
45.278013538587665,0.8885241548042409
45.28762466436533,0.8885085486486121
45.29723579014299,0.888492962147786
45.306846915920666,0.8884773208805443
45.31645804169833,0.8884615015508328
45.326069167476,0.8884457162223798
45.33568029325367,0.8884300422445226
45.34529141903133,0.888414321261572
45.354902544809,0.8883985754907601
45.36451367058667,0.8883827834202046
45.37412479636433,0.8883669548161071
45.383735922141994,0.8883511888254877
45.39334704791967,0.8883354687417765
45.40295817369733,0.8883198624019063
45.412569299474995,0.8883042237884929
45.42218042525267,0.888288564281603
45.43179155103033,0.8882728876490353
45.441402676808,0.8882572689615157
45.45101380258566,0.8882415613961322
45.46062492836333,0.8882258501417747
45.470236054141,0.8882100302331944
45.47984717991866,0.8881941969607847
45.48945830569633,0.8881784809561328
45.49906943147399,0.8881628049081162
45.508680557251665,0.8881472047432534
45.51829168302933,0.888131412036946
45.527902808807,0.8881156296840668
45.537513934584666,0.8880998252432974
45.54712506036233,0.8880840661598443
45.55673618614,0.8880682557324105
45.56634731191766,0.8880524634261244
45.575958437695334,0.8880366324096329
45.585569563472994,0.8880208203240892
45.59518068925067,0.8880048643633798
45.60479181502833,0.8879888330737479
45.614402940805995,0.8879729230811868
45.62401406658367,0.8879570726817891
45.63362519236133,0.8879411705964427
45.643236318139,0.8879252413491864
45.65284744391666,0.8879093227108914
45.66245856969433,0.887893414303549
45.672069695472,0.8878775097889727
45.68168082124966,0.8878615849117157
45.69129194702733,0.8878454660376484
45.700903072805,0.8878293655386579
45.710514198582665,0.8878131332468878
45.72012532436033,0.8877970646596183
45.729736450138006,0.8877809684145513
45.739347575915666,0.8877649058895798
45.748958701693326,0.887748796766955
45.758569827471,0.8877327000659266
45.76818095324866,0.887716616783204
45.777792079026334,0.8877004477540242
45.787403204803994,0.887684268058794
45.79701433058167,0.8876680701821255
45.806625456359335,0.8876518706293212
45.816236582136995,0.8876357523150424
45.82584770791467,0.8876195368011973
45.83545883369233,0.8876032922683018
45.845069959469996,0.887586805240264
45.85468108524766,0.8875703795895191
45.86429221102533,0.8875539500098769
45.873903336803,0.8875374807474977
45.88351446258066,0.8875211838267042
45.89312558835833,0.8875048325850391
45.902736714136,0.8874885637906255
45.91234783991367,0.8874722010197188
45.92195896569133,0.8874558049285216
45.931570091469,0.8874393363577213
45.94118121724666,0.8874228147718413
45.95079234302433,0.8874063519345259
45.960403468802,0.8873899533424177
45.97001459457966,0.8873734212332871
45.97962572035733,0.8873568489755701
45.989236846135,0.8873402705120853
45.99884797191267,0.8873237358392618
46.008459097690334,0.8873072041401152
46.018070223468,0.8872906713826697
46.02768134924566,0.8872741538854958
46.03729247502333,0.8872575805996642
46.046903600800995,0.8872410888303649
46.05651472657866,0.8872246549638085
46.066125852356336,0.887208170490958
46.075736978133996,0.8871916187769929
46.08534810391167,0.8871749958242647
46.09495922968933,0.8871583485910727
46.104570355467,0.8871415387565579
46.114181481244664,0.8871248392036555
46.123792607022324,0.8871081458491272
46.1334037328,0.887091393337231
46.143014858577665,0.8870746486441102
46.15262598435533,0.8870579504729542
46.162237110133,0.8870411974253778
46.17184823591066,0.8870245184511825
46.18145936168833,0.8870076377338642
46.191070487466,0.8869907499234196
46.20068161324367,0.8869739940408776
46.210292739021334,0.8869572159186244
46.219903864799,0.8869403763665306
46.22951499057666,0.8869234126907075
46.23912611635433,0.8869066297233444
46.248737242132,0.8868897646763193
46.25834836790966,0.8868728411172218
46.267959493687336,0.8868560619159882
46.277570619464996,0.8868392241080163
46.28718174524267,0.886822380467412
46.29679287102034,0.8868054573861084
46.306403996798,0.8867885859422792
46.316015122575664,0.8867715102350237
46.32562624835333,0.8867545853331967
46.335237374131,0.8867376798052805
46.344848499908665,0.8867206548842326
46.35445962568634,0.8867035858591737
46.364070751464,0.8866864324273357
46.373681877241665,0.8866694557701775
46.38329300301933,0.8866525072450352
46.392904128797,0.8866354479508116
46.402515254574666,0.8866184807238899
46.412126380352326,0.8866015857848231
46.42173750613,0.8865846076757978
46.43134863190766,0.8865676035211258
46.44095975768533,0.8865506223435421
46.450570883463,0.8865335729309973
46.46018200924066,0.8865165823657587
46.469793135018335,0.8864995637177163
46.479404260796,0.8864824881385686
46.48901538657366,0.8864654289386541
46.49862651235133,0.88644827440688
46.50823763812899,0.8864311408683212
46.51784876390666,0.8864139136831397
46.52745988968433,0.8863966901315192
46.537071015462,0.886379614212054
46.546682141239664,0.8863625240173301
46.55629326701734,0.8863455273657271
46.565904392795,0.8863284912301909
46.575515518572665,0.8863113764664972
46.58512664435033,0.8862942579094356
46.59473777012799,0.8862770810452634
46.604348895905666,0.8862598722032305
46.613960021683326,0.8862425944751138
46.623571147461,0.8862253266790452
46.63318227323867,0.8862081061771805
46.64279339901633,0.886190952471362
46.652404524794,0.8861738980593008
46.66201565057166,0.8861567904663405
46.671626776349335,0.8861396049488531
46.681237902126995,0.8861225046730125
46.69084902790466,0.8861054976443172
46.70046015368233,0.8860883167392231
46.710071279459996,0.8860712710529027
46.71968240523766,0.8860541707553182
46.72929353101533,0.8860369956402291
46.738904656793004,0.886019820577579
46.748515782570664,0.886002496153368
46.75812690834834,0.8859852265083183
46.767738034126,0.8859679074036136
46.77734915990366,0.885950635729372
46.78696028568133,0.8859332947057208
46.79657141145899,0.8859161089758087
46.806182537236666,0.8858988117926523
46.81579366301433,0.8858814118065945
46.825404788792,0.8858641376997772
46.83501591456967,0.8858469842235085
46.844627040347326,0.8858298839569648
46.854238166125,0.8858126881632067
46.86384929190267,0.8857954193753822
46.87346041768033,0.8857781207797447
46.883071543457994,0.8857607207070841
46.89268266923567,0.8857434097919288
46.90229379501333,0.8857260420803237
46.911904920790995,0.8857087224624581
46.92151604656867,0.8856914546075951
46.93112717234633,0.8856740834263077
46.940738298124,0.8856565534028091
46.95034942390166,0.885639056637844
46.95996054967933,0.8856215797835688
46.969571675457,0.8856040155653482
46.979182801234664,0.8855864998042164
46.98879392701233,0.8855690416488683
46.99840505278999,0.8855515671151326
47.008016178567665,0.8855340367166343
47.01762730434533,0.8855165633552706
47.027238430123,0.8854990969870952
47.036849555900666,0.8854816126773274
47.04646068167833,0.8854642367677672
47.05607180745599,0.8854468774308506
47.06568293323366,0.8854293887804688
47.075294059011334,0.8854117781909369
47.084905184788994,0.8853941397193834
47.09451631056667,0.8853765438991782
47.10412743634433,0.8853587903901025
47.113738562122,0.8853410840803052
47.12334968789967,0.8853233590293018
47.13296081367733,0.885305623111179
47.142571939454996,0.8852880495324743
47.15218306523266,0.8852703724393383
47.16179419101033,0.8852526876241288
47.171405316788,0.8852351108544334
47.18101644256567,0.8852175838400859
47.19062756834333,0.8851999447311149
47.200238694121,0.8851822610458342
47.209849819898665,0.8851645341957813
47.21946094567633,0.8851468232475099
47.229072071454,0.8851290293640924
47.238683197231666,0.8851113324616239
47.24829432300933,0.8850937634365118
47.25790544878699,0.8850761242145656
47.26751657456466,0.885058440746091
47.277127700342334,0.8850406298685339
47.28673882611999,0.8850229214944416
47.29634995189767,0.8850051118653778
47.305961077675335,0.8849873331836308
47.315572203453,0.8849695756513793
47.32518332923067,0.884951852174252
47.33479445500833,0.8849340651892249
47.344405580785995,0.8849162060116551
47.35401670656366,0.8848983695396512
47.36362783234133,0.8848806582242347
47.373238958118996,0.8848628299196134
47.38285008389667,0.8848450386437609
47.39246120967433,0.8848273777887063
47.402072335452,0.8848094891928796
47.41168346122967,0.8847915665511024
47.42129458700733,0.8847736735007578
47.430905712785,0.8847558472491759
47.44051683856266,0.8847379709863904
47.45012796434033,0.8847202616840535
47.459739090118,0.8847025009397163
47.46935021589566,0.8846847358119088
47.47896134167333,0.8846668532439997
47.488572467451,0.8846490968518412
47.49818359322867,0.8846311763250895
47.507794719006334,0.8846131397392946
47.517405844784,0.8845952263917689
47.52701697056166,0.8845773286743239
47.53662809633933,0.8845593145260223
47.546239222116995,0.8845412886068339
47.55585034789466,0.8845232743671735
47.565461473672336,0.8845052386263355
47.575072599449996,0.8844872633491095
47.58468372522767,0.8844692453842256
47.59429485100533,0.8844511617300074
47.603905976783,0.8844331647607193
47.613517102560664,0.8844151110031594
47.623128228338324,0.8843969975505339
47.632739354116,0.8843788988199237
47.642350479893665,0.8843608324016937
47.65196160567133,0.8843427413689582
47.661572731449,0.884324788272366
47.67118385722666,0.8843068934584807
47.68079498300433,0.8842888897452283
47.690406108782,0.884270825522154
47.70001723455967,0.8842528033853777
47.70962836033733,0.8842347819812222
47.719239486115,0.8842167893944023
47.72885061189266,0.8841987016910614
47.73846173767033,0.8841807411325167
47.748072863448,0.8841627183310118
47.75768398922566,0.88414474544108
47.767295115003336,0.8841267309402602
47.776906240780995,0.8841086852498087
47.78651736655867,0.8840906232319887
47.79612849233633,0.8840725174343652
47.805739618113996,0.8840544217123093
47.81535074389166,0.8840362645017494
47.82496186966932,0.8840181694139784
47.834572995447,0.8840001042844711
47.844184121224664,0.8839819154691818
47.85379524700233,0.8839637536002966
47.86340637278,0.8839456386636001
47.873017498557665,0.8839275846582413
47.88262862433533,0.8839095526384928
47.892239750113,0.8838914399496011
47.901850875890666,0.883873397549356
47.911462001668326,0.8838553017132927
47.921073127446,0.8838371787620316
47.93068425322366,0.8838190237213235
47.94029537900133,0.8838009691178373
47.949906504779,0.8837829090680718
47.95951763055666,0.883764640849991
47.969128756334335,0.883746203069975
47.978739882112,0.8837278310056469
47.98835100788966,0.8837094774907167
47.99796213366733,0.8836912213410933
48.007573259445,0.8836730523035352
48.01718438522266,0.8836548886568468
48.02679551100033,0.8836365927474044
48.036406636778,0.8836183340889725
48.046017762555664,0.8836000635382387
48.05562888833334,0.8835817258555148
48.065240014111,0.8835634202431693
48.074851139888665,0.883545101726531
48.08446226566633,0.8835268754121985
48.09407339144399,0.883508555764425
48.103684517221666,0.8834902660359166
48.113295642999326,0.8834720427226544
48.122906768777,0.8834537867596731
48.13251789455467,0.8834355643067433
48.142129020332334,0.8834172462502655
48.15174014611,0.8833988561802493
48.16135127188766,0.8833804021863261
48.170962397665335,0.8833620334254146
48.180573523442995,0.8833438301045899
48.19018464922066,0.8833256028854294
48.19979577499833,0.883307345862361
48.209406900776,0.8832890974883385
48.21901802655366,0.8832707007328591
48.22862915233133,0.8832523299606846
48.238240278109004,0.8832339309093179
48.24785140388666,0.8832154249067639
48.25746252966434,0.8831969242152603
48.267073655442,0.8831786021200394
48.276684781219664,0.8831603575579164
48.28629590699733,0.883142146894161
48.29590703277499,0.883123843043142
48.305518158552665,0.8831055537484098
48.31512928433033,0.8830872346402466
48.324740410108,0.8830689369614092
48.334351535885666,0.8830506554155999
48.34396266166334,0.8830323742189033
48.353573787441,0.8830139649829822
48.36318491321866,0.8829955882888196
48.37279603899633,0.8829772712635935
48.382407164773994,0.8829587948096563
48.39201829055167,0.8829404788794135
48.40162941632933,0.8829220680889569
48.411240542107,0.8829037149041473
48.42085166788466,0.8828855428934329
48.43046279366233,0.8828673395652573
48.44007391944,0.8828490852475082
48.44968504521766,0.8828308401226507
48.45929617099533,0.8828125101502428
48.468907296773,0.8827941573179255
48.478518422550664,0.8827757462119549
48.48812954832833,0.8827573060232291
48.49774067410599,0.882738893765683
48.507351799883665,0.8827205781731183
48.51696292566133,0.8827021934834027
48.526574051439,0.8826839349123989
48.536185177216666,0.8826655429072118
48.54579630299433,0.8826471469919404
48.55540742877199,0.8826286735500108
48.56501855454966,0.8826100634912948
48.574629680327334,0.882591543600289
48.584240806104994,0.8825730643115896
48.59385193188267,0.8825545485752475
48.60346305766033,0.882536069488017
48.613074183438,0.8825177017263627
48.62268530921567,0.8824991915023842
48.63229643499333,0.8824806413657852
48.641907560770996,0.8824622720388702
48.65151868654866,0.8824438044364177
48.66112981232633,0.8824253122492888
48.670740938104,0.8824069646577878
48.68035206388167,0.8823885645961257
48.68996318965933,0.8823701098561204
48.699574315437,0.882351595201137
48.709185441214665,0.8823330297950378
48.71879656699233,0.8823145004559947
48.72840769277,0.8822960210158681
48.73801881854766,0.8822774557358393
48.74762994432533,0.8822588004690152
48.75724107010299,0.8822402593424672
48.76685219588066,0.8822217625808603
48.77646332165833,0.8822031918306988
48.78607444743599,0.8821845402707142
48.79568557321367,0.8821659268226415
48.805296698991334,0.8821472484716937
48.814907824769,0.8821286222948008
48.82451895054667,0.8821100158975596
48.83413007632433,0.8820913299428398
48.843741202101995,0.8820726464469821
48.85335232787966,0.8820539254793193
48.86296345365733,0.8820352970431977
48.872574579434996,0.8820167386095867
48.88218570521267,0.881998190932245
48.89179683099033,0.8819796814203488
48.901407956768,0.8819610871094985
48.91101908254567,0.8819423019428935
48.92063020832333,0.8819235323730459
48.930241334101,0.8819046654263408
48.93985245987866,0.8818859154050288
48.94946358565633,0.8818670970202757
48.959074711434,0.8818483194647622
48.968685837211666,0.8818294398585387
48.97829696298933,0.8818105388073991
48.98790808876699,0.8817918073917669
48.99751921454467,0.8817730462125589
49.007130340322334,0.8817542358668591
49.016741466099994,0.8817355106192212
49.02635259187766,0.8817168024355337
49.035963717655335,0.8816979877168567
49.045574843432995,0.8816792768103867
49.05518596921066,0.8816604814377492
49.064797094988336,0.8816416356879705
49.074408220765996,0.8816227814118529
49.08401934654367,0.8816039176130945
49.09363047232133,0.881585110013919
49.103241598099,0.881566264121283
49.112852723876664,0.8815473730977449
49.122463849654324,0.8815285460695189
49.132074975432,0.8815097657652533
49.141686101209665,0.8814909635318967
49.15129722698733,0.8814721201712302
49.160908352765,0.8814533656013143
49.17051947854267,0.8814344678125783
49.18013060432033,0.8814154852899454
49.189741730098,0.8813966264668665
49.19935285587567,0.8813777281561779
49.208963981653326,0.8813587851468194
49.218575107431,0.8813399196548215
49.22818623320866,0.8813210893311189
49.237797358986334,0.8813022196940786
49.247408484764,0.8812832495390618
49.25701961054166,0.8812642795556267
49.266630736319335,0.8812453818502692
49.276241862096995,0.8812264613603045
49.28585298787467,0.881207641288405
49.29546411365233,0.8811888969132018
49.305075239429996,0.881170284399787
49.31468636520766,0.8811515450851305
49.32429749098532,0.8811328357752657
49.333908616763,0.8811141213021614
49.343519742540664,0.8810953170050094
49.35313086831833,0.8810765367734845
49.362741994096,0.881057736516979
49.37235311987367,0.8810388011817587
49.38196424565133,0.881019860155012
49.39157537142899,0.8810009163692258
49.401186497206666,0.8809820667639929
49.410797622984326,0.8809631568907841
49.420408748762,0.8809441544478226
49.43001987453966,0.8809250254722536
49.439631000317334,0.8809058841261485
49.449242126095,0.8808868321965698
49.45885325187266,0.8808678291535682
49.468464377650335,0.8808488156659258
49.478075503428,0.880829808009687
49.48768662920566,0.8808107400889835
49.49729775498333,0.8807917569686482
49.506908880761,0.8807727612369393
49.51652000653866,0.8807537884846552
49.52613113231633,0.8807348876716696
49.535742258094,0.880715983782188
49.545353383871664,0.8806970275650657
49.55496450964934,0.8806780693203522
49.564575635427,0.8806590492358815
49.574186761204665,0.8806400303613684
49.583797886982325,0.880620980733925
49.59340901275999,0.8806018861166482
49.603020138537666,0.8805829099379864
49.612631264315326,0.8805638400275548
49.622242390093,0.8805448335015419
49.63185351587067,0.8805259025881123
49.641464641648334,0.8805070283527016
49.651075767426,0.8804881009135977
49.66068689320366,0.8804690710540323
49.67029801898133,0.8804500565057849
49.679909144758994,0.8804310130049733
49.68952027053666,0.8804119365160593
49.69913139631433,0.8803928512570891
49.708742522092,0.8803737244274816
49.71835364786966,0.8803547842699359
49.72796477364733,0.8803358042157425
49.737575899425,0.880316752426538
49.74718702520266,0.8802976552356888
49.75679815098033,0.880278624719045
49.766409276758,0.8802595287923888
49.776020402535664,0.880240446562836
49.78563152831333,0.8802214109787622
49.79524265409099,0.8802022742742283
49.804853779868665,0.8801832987013518
49.81446490564633,0.8801642791964482
49.824076031424,0.8801451699031172
49.833687157201666,0.8801260828106762
49.84329828297933,0.88010695500962
49.852909408757,0.8800878384758332
49.86252053453466,0.8800687495911731
49.87213166031233,0.8800495878416232
49.881742786089994,0.8800304276952183
49.89135391186767,0.8800112990550945
49.90096503764533,0.8799923265654985
49.910576163423,0.879973293530283
49.92018728920066,0.8799542119401627
49.92979841497833,0.8799351030634324
49.939409540756,0.8799159408683668
49.94902066653366,0.8798968193820713
49.95863179231133,0.8798776270307033
49.968242918089,0.8798582460205003
49.977854043866664,0.8798388367501973
49.98746516964433,0.8798193712702391
49.997076295422005,0.8797998609570539
50.006687421199665,0.8797803832238734
50.01629854697733,0.8797610000837603
50.025909672755,0.879741636441789
50.035520798532666,0.8797221961412259
50.04513192431033,0.8797026974189935
50.05474305008799,0.8796832552781869
50.06435417586567,0.8796638203799146
50.073965301643334,0.8796444904533214
50.083576427420994,0.8796251292641843
50.09318755319867,0.8796057861681857
50.10279867897633,0.8795864074338557
50.112409804754,0.879566888193942
50.12202093053167,0.8795473974258116
50.131632056309336,0.8795279242037969
50.141243182086995,0.8795084737480572
50.150854307864655,0.8794888766597715
50.16046543364233,0.8794692934649727
50.170076559419996,0.879449598285741
50.17968768519766,0.8794299232297835
50.18929881097533,0.879410334220418
50.198909936753005,0.8793907352195606
50.208521062530664,0.8793711763215979
50.21813218830833,0.8793515487611028
50.227743314086,0.8793319282938246
50.23735443986366,0.8793121502992391
50.24696556564133,0.8792925123538228
50.25657669141899,0.8792730057151558
50.266187817196666,0.8792534846903243
50.27579894297433,0.8792339145240611
50.28541006875199,0.879214392151381
50.29502119452967,0.8791947941868509
50.304632320307334,0.8791752202438889
50.314243446085,0.8791555321953498
50.32385457186266,0.8791358661553574
50.333465697640335,0.8791162654707969
50.343076823417995,0.879096640919045
50.35268794919566,0.8790770057080517
50.36229907497333,0.8790574027393206
50.371910200750996,0.8790377753701838
50.38152132652867,0.879018008170357
50.39113245230633,0.8789984070434533
50.400743578084004,0.878978847319874
50.410354703861664,0.8789592516222657
50.41996582963933,0.8789396448759308
50.429576955417,0.8789200568774838
50.43918808119466,0.8789004412129189
50.44879920697233,0.8788809212974051
50.45841033275,0.8788614170871633
50.468021458527666,0.8788418667514853
50.47763258430533,0.8788222938588012
50.48724371008299,0.8788028419010177
50.49685483586067,0.8787833341001108
50.506465961638334,0.8787637942295699
50.516077087415994,0.8787442405044465
50.52568821319366,0.8787246789219582
50.535299338971335,0.8787050919211986
50.544910464748995,0.878685368404505
50.55452159052666,0.8786656265175156
50.564132716304336,0.8786458713345005
50.573743842081996,0.8786261283423836
50.58335496785967,0.8786064098746544
50.59296609363733,0.8785867468454465
50.602577219415,0.8785671363371682
50.61218834519266,0.8785473635730243
50.62179947097032,0.8785275521336522
50.631410596748,0.8785077315890714
50.641021722525664,0.8784877774853547
50.65063284830333,0.8784678365349073
50.660243974081,0.8784479498685696
50.66985509985867,0.8784280327489916
50.67946622563633,0.8784079987903526
50.689077351414,0.8783879462364388
50.69868847719166,0.8783679069075159
50.708299602969326,0.8783478640704925
50.717910728747,0.878327871026587
50.72752185452466,0.8783078828052324
50.737132980302334,0.8782879197376179
50.746744106079994,0.8782679875903318
50.75635523185766,0.8782479052603627
50.765966357635335,0.8782277629581613
50.775577483412995,0.8782077236499651
50.78518860919067,0.878187686538902
50.79479973496833,0.8781676113410639
50.804410860745996,0.8781475487460529
50.81402198652366,0.8781274022018843
50.82363311230132,0.878107277265101
50.833244238079,0.8780872148171821
50.842855363856664,0.878067124062694
50.85246648963433,0.8780468566942394
50.862077615412,0.8780265422325264
50.87168874118967,0.8780062927582414
50.88129986696733,0.877986116643863
50.89091099274499,0.8779658721274058
50.900522118522666,0.8779454503373516
50.910133244300326,0.8779251390141537
50.919744370078,0.8779048185545848
50.92935549585566,0.8778844744994172
50.938966621633334,0.8778641738930324
50.948577747411,0.8778439472562818
50.95818887318866,0.8778237594801388
50.967799998966335,0.8778035757376087
50.977411124743995,0.8777834320285192
50.98702225052166,0.8777632118082306
50.99663337629933,0.8777429452630034
51.006244502077,0.877722687269374
51.01585562785466,0.877702564226014
51.02546675363234,0.8776821792095416
51.03507787941,0.8776618001359779
51.044689005187664,0.877641528703841
51.05430013096534,0.8776211335459346
51.063911256743,0.8776007254751188
51.073522382520665,0.877580251561532
51.083133508298324,0.8775597427917569
51.092744634076,0.877539211318891
51.102355759853666,0.8775185981355357
51.111966885631325,0.8774979716153103
51.121578011409,0.8774774721914423
51.13118913718667,0.8774569515625992
51.14080026296433,0.8774364457046079
51.150411388742,0.8774159184523718
51.16002251451967,0.8773954249128558
51.16963364029733,0.8773749664839958
51.179244766074994,0.8773545852317994
51.18885589185266,0.877334087595191
51.19846701763033,0.877313533951403
51.208078143408,0.877292982419229
51.21768926918566,0.8772724708077838
51.227300394963336,0.8772518663455645
51.236911520741,0.8772313255640961
51.24652264651866,0.8772107696345774
51.25613377229633,0.8771899963952702
51.26574489807399,0.8771690974111432
51.275356023851664,0.8771481776482711
51.28496714962933,0.8771274641036453
51.294578275407,0.8771066381201804
51.304189401184665,0.8770857282498087
51.313800526962325,0.8770648830028499
51.32341165274,0.8770438640164879
51.333022778517666,0.877022938612806
51.34263390429533,0.8770021481076562
51.35224503007299,0.8769814176668503
51.36185615585067,0.8769606637922389
51.37146728162833,0.8769399465511447
51.381078407405994,0.8769193482662547
51.39068953318367,0.8768987465323058
51.40030065896133,0.8768780186591512
51.409911784739,0.8768574378262731
51.41952291051666,0.8768368158269484
51.429134036294336,0.8768161252630661
51.438745162072,0.8767955167078518
51.44835628784966,0.8767748019228623
51.45796741362733,0.8767541946855104
51.467578539405,0.8767334397248255
51.477189665182664,0.8767126354714168
51.48680079096033,0.8766918682984344
51.496411916738005,0.8766712457906065
51.506023042515665,0.8766506338352241
51.51563416829333,0.87663001854824
51.525245294071,0.8766093012159799
51.534856419848666,0.8765886787197686
51.54446754562633,0.8765679596809752
51.55407867140399,0.8765472212205339
51.56368979718167,0.8765265319722633
51.57330092295933,0.8765057279228711
51.58291204873699,0.8764850235132077
51.59252317451467,0.8764642918186534
51.60213430029233,0.8764435594354509
51.61174542607,0.8764227274660651
51.62135655184767,0.8764019004424187
51.63096767762533,0.8763810451243781
51.640578803402995,0.8763603521567955
51.650189929180655,0.8763396158953304
51.65980105495833,0.8763189959284503
51.669412180735996,0.8762984273306361
51.67902330651366,0.8762777105977787
51.68863443229133,0.8762569644354354
51.698245558069004,0.8762362172853507
51.707856683846664,0.8762155343151282
51.71746780962433,0.8761948393632346
51.727078935402,0.8761742160837387
51.73669006117966,0.8761534665263775
51.74630118695733,0.8761327219931017
51.75591231273499,0.8761120186260338
51.765523438512666,0.8760912685594249
51.77513456429033,0.8760704575315879
51.78474569006799,0.8760496771684954
51.79435681584567,0.8760288465837813
51.803967941623334,0.8760079000089813
51.813579067401,0.8759869408899905
51.82319019317866,0.8759660049800416
51.832801318956335,0.8759449875769483
51.842412444733995,0.875923906538826
51.85202357051166,0.875903010816014
51.86163469628933,0.8758820351704032
51.871245822066996,0.8758610031220257
51.88085694784467,0.8758399886434902
51.89046807362233,0.8758189422875137
51.900079199400004,0.8757979002924031
51.909690325177664,0.8757770224559177
51.919301450955324,0.8757560776994322
51.928912576733,0.8757350272979747
51.93852370251066,0.8757140739348985
51.94813482828833,0.8756929161565083
51.957745954066,0.8756717149454144
51.967357079843666,0.8756505231676804
51.97696820562133,0.8756293415568371
51.98657933139901,0.8756081104418257
51.99619045717667,0.8755869817196222
52.00580158295433,0.8755658925760681
52.01541270873199,0.8755447876097434
52.02502383450966,0.8755237301698703
52.034634960287335,0.8755025535997277
52.044246086064994,0.8754814207682231
52.05385721184267,0.8754603035329193
52.063468337620336,0.8754391160204085
52.073079463397995,0.8754178549051689
52.08269058917567,0.8753966988625608
52.09230171495333,0.8753754898526676
52.101912840730996,0.8753542943728653
52.11152396650866,0.8753330589605776
52.12113509228633,0.8753117972679513
52.130746218064,0.8752905187564216
52.140357343841664,0.875269276017904
52.14996846961933,0.8752480395935254
52.159579595397,0.8752268340480348
52.16919072117467,0.8752056052819065
52.17880184695233,0.8751843815793601
52.18841297273,0.8751631438674166
52.19802409850766,0.8751418855103763
52.207635224285326,0.8751204931894947
52.217246350063,0.8750991624207988
52.22685747584066,0.8750778654517608
52.236468601618334,0.875056573551288
52.246079727395994,0.8750352143912032
52.25569085317367,0.8750138803474234
52.265301978951335,0.8749925422182959
52.274913104728995,0.8749711083047123
52.28452423050666,0.8749495399724921
52.29413535628433,0.8749280278225763
52.303746482061996,0.8749065416583441
52.31335760783966,0.8748849587228212
52.32296873361734,0.8748635055462557
52.332579859395,0.8748420103025921
52.342190985172664,0.8748204894585344
52.35180211095033,0.8747990163936337
52.361413236728,0.8747776147295326
52.371024362505665,0.8747560663479277
52.38063548828333,0.8747344944984953
52.390246614061,0.8747130068333646
52.399857739838666,0.8746915957234996
52.409468865616326,0.8746701994861585
52.419079991394,0.8746487488050796
52.42869111717166,0.8746272569150437
52.438302242949334,0.8746059191728928
52.447913368727,0.8745845542504009
52.45752449450467,0.8745631235685811
52.467135620282335,0.874541573109468
52.476746746059995,0.8745201668218595
52.48635787183766,0.8744987000784887
52.49596899761533,0.8744771104085626
52.505580123392996,0.8744555618062065
52.51519124917066,0.8744340176986654
52.52480237494834,0.8744126148764457
52.534413500726,0.8743911277308645
52.54402462650366,0.8743695982900547
52.55363575228134,0.8743480251932452
52.563246878059,0.8743264167891467
52.572858003836664,0.8743048082039656
52.582469129614324,0.874283201305236
52.592080255392,0.8742615680996084
52.601691381169665,0.8742398332047449
52.611302506947325,0.874218070183515
52.620913632725,0.8741963029080334
52.630524758502666,0.874174615930882
52.64013588428033,0.8741529929212793
52.649747010058,0.8741314122835946
52.65935813583567,0.8741097438153431
52.66896926161333,0.874088004353192
52.678580387390994,0.874066126423987
52.68819151316866,0.8740443182855115
52.69780263894633,0.8740225440108975
52.707413764724,0.8740008221000343
52.71702489050166,0.873979181026513
52.726636016279336,0.8739573051046573
52.736247142057,0.8739354849578052
52.74585826783466,0.873913711297467
52.75546939361233,0.8738919360120577
52.76508051938999,0.8738700738140136
52.774691645167664,0.8738482218064928
52.78430277094533,0.8738264506758513
52.793913896723,0.8738047968986441
52.803525022500665,0.8737830088481553
52.813136148278325,0.8737611511274112
52.822747274056,0.8737394244460657
52.832358399833666,0.8737176221974768
52.84196952561133,0.873695732615167
52.85158065138899,0.87367393768143
52.86119177716667,0.8736522005146998
52.87080290294433,0.8736304046330916
52.880414028721994,0.8736087356727055
52.89002515449967,0.8735869804305034
52.89963628027733,0.8735651660296945
52.909247406055,0.8735434462884828
52.91885853183266,0.8735217443618003
52.928469657610336,0.8735000156436782
52.938080783387996,0.8734782062891009
52.94769190916566,0.8734563809302247
52.95730303494333,0.873434527492532
52.966914160721,0.8734127094866153
52.97652528649866,0.8733908462698285
52.98613641227633,0.8733690098720703
52.995747538054005,0.8733470989795548
53.005358663831665,0.873325253747528
53.01496978960934,0.8733033877284028
53.024580915387,0.8732814346181661
53.034192041164665,0.8732594150140182
53.04380316694233,0.8732375141244259
53.05341429271999,0.8732154698673945
53.063025418497666,0.8731933666027514
53.072636544275326,0.87317119594013
53.082247670053,0.8731491300809896
53.09185879583067,0.873127123923292
53.10146992160833,0.8731050424465595
53.111081047386,0.8730829858245946
53.12069217316367,0.873060924407495
53.13030329894133,0.8730388459256699
53.139914424718995,0.8730166335119175
53.14952555049667,0.8729944731954682
53.15913667627433,0.872972329833975
53.168747802051996,0.8729501686658555
53.17835892782966,0.8729278504843438
53.18797005360733,0.8729056556411143
53.197581179385004,0.8728833642842958
53.207192305162664,0.8728610732235018
53.21680343094033,0.8728387906501349
53.226414556718,0.8728165278798171
53.23602568249566,0.8727943899137521
53.24563680827333,0.8727721834310985
53.25524793405099,0.8727499768748277
53.264859059828666,0.872727786090624
53.27447018560633,0.872705679906676
53.284081311384,0.8726835775734698
53.29369243716167,0.8726614175982412
53.303303562939334,0.8726392371554095
53.312914688716994,0.8726170983638262
53.32252581449466,0.8725950061000104
53.332136940272335,0.8725730501791866
53.341748066049995,0.8725509353975562
53.35135919182767,0.872528728525736
53.36097031760533,0.8725065307088891
53.370581443382996,0.8724844288547948
53.38019256916067,0.8724622632602415
53.38980369493833,0.8724400238174858
53.399414820716,0.8724178470555823
53.409025946493664,0.872395714986639
53.41863707227133,0.8723735076215005
53.428248198049,0.8723511673446139
53.43785932382666,0.8723291086416608
53.44747044960433,0.8723071747029965
53.457081575382,0.8722851080251499
53.466692701159666,0.8722630464080713
53.47630382693733,0.8722409549508721
53.48591495271501,0.8722188076598885
53.49552607849267,0.8721966432187
53.505137204270326,0.8721744457256612
53.51474833004799,0.8721521450526316
53.52435945582566,0.87212977778879
53.533970581603334,0.8721073644270552
53.543581707380994,0.8720850069154189
53.55319283315867,0.8720626527772863
53.562803958936335,0.8720402289936365
53.572415084713995,0.872017701396716
53.58202621049167,0.8719953005391499
53.59163733626933,0.8719728448455736
53.601248462046996,0.8719505629849099
53.61085958782466,0.8719281279519816
53.62047071360233,0.8719057153367935
53.63008183938,0.8718833055504959
53.63969296515766,0.8718607325861075
53.64930409093533,0.8718383453321079
53.658915216713,0.8718158424307025
53.668526342490665,0.8717932415817531
53.67813746826833,0.8717707079314294
53.687748594046,0.8717482867804087
53.69735971982366,0.8717258500242159
53.706970845601326,0.87170330491171
53.716581971379,0.8716808649071521
53.72619309715666,0.8716585303213756
53.735804222934334,0.8716362556272425
53.745415348711994,0.8716140391011235
53.75502647448967,0.8715918441711358
53.764637600267335,0.871569726825169
53.774248726044995,0.8715475851926539
53.78385985182266,0.8715253209225426
53.79347097760033,0.8715030407811352
53.803082103377996,0.8714807663482899
53.81269322915566,0.8714584056568017
53.82230435493334,0.8714361125839006
53.831915480711,0.8714136579961789
53.841526606488664,0.8713912223973397
53.85113773226633,0.871368852528004
53.860748858044,0.8713464362566851
53.870359983821665,0.8713239665951659
53.879971109599325,0.8713015406438667
53.889582235377,0.8712789980303567
53.899193361154666,0.8712564147386682
53.908804486932326,0.8712339358842874
53.91841561271,0.8712113705596783
53.92802673848766,0.8711888847853032
53.937637864265334,0.871166369219753
53.947248990043,0.8711438539473395
53.95686011582067,0.8711212940849049
53.96647124159833,0.8710987578131193
53.976082367375994,0.87107626608819
53.98569349315366,0.8710536797170682
53.99530461893133,0.8710311077115488
54.004915744708995,0.8710083848727357
54.01452687048666,0.8709856822345828
54.024137996264336,0.8709630412789184
54.033749122041996,0.8709404595701024
54.04336024781967,0.8709178257889724
54.05297137359733,0.8708951628575705
54.062582499375,0.8708724419135917
54.072193625152664,0.8708497852846512
54.081804750930324,0.8708271126877554
54.091415876708,0.8708043823185223
54.101027002485665,0.8707815950967794
54.11063812826333,0.870758722884672
54.120249254041,0.870735936452015
54.129860379818666,0.8707130244654484
54.13947150559633,0.8706901272947851
54.149082631374,0.8706673474395786
54.15869375715167,0.8706444967680685
54.16830488292933,0.8706215258423248
54.177916008707,0.8705986663363446
54.18752713448466,0.8705758973697287
54.19713826026233,0.8705532179643009
54.20674938604,0.8705303884777186
54.21636051181766,0.8705075240531317
54.225971637595336,0.870484724838904
54.235582763372996,0.8704619585995805
54.24519388915066,0.8704391722530701
54.25480501492833,0.8704163812883622
54.26441614070599,0.8703935542871584
54.274027266483664,0.8703708072740861
54.28363839226133,0.8703480182914162
54.293249518039,0.8703252141012808
54.302860643816665,0.8703025154996058
54.31247176959434,0.870279784342556
54.322082895372,0.8702568721814187
54.331694021149666,0.8702341813070941
54.34130514692733,0.8702114052835626
54.35091627270499,0.8701885694795947
54.36052739848267,0.870165618086425
54.37013852426033,0.8701427256663317
54.379749650038,0.8701197913400717
54.38936077581567,0.8700968046961954
54.39897190159333,0.8700737589634641
54.408583027371,0.870050671473945
54.41819415314866,0.8700275218103277
54.427805278926336,0.8700044162019108
54.437416404703995,0.869981429329383
54.44702753048166,0.8699583930127996
54.45663865625933,0.8699353469863781
54.466249782036996,0.8699122352517619
54.47586090781466,0.869889147322493
54.48547203359233,0.8698660902742836
54.495083159370004,0.8698429636546707
54.504694285147664,0.8698198691332347
54.51430541092534,0.8697968339880036
54.523916536703,0.8697736896477978
54.53352766248066,0.8697505573685963
54.54313878825833,0.8697273418828904
54.55274991403599,0.8697041383795684
54.562361039813666,0.8696809563901617
54.571972165591326,0.8696578523941092
54.581583291369,0.8696346757604775
54.59119441714667,0.8696115597880463
54.60080554292433,0.869588526420618
54.610416668702,0.8695654132107851
54.62002779447966,0.8695421809770985
54.62963892025733,0.8695190058941813
54.639250046034995,0.8694958923949431
54.64886117181267,0.8694727221772482
54.65847229759033,0.8694495128595706
54.668083423367996,0.8694263074965368
54.67769454914566,0.8694031351592728
54.68730567492333,0.8693799600306151
54.696916800701004,0.8693567860084993
54.706527926478664,0.8693335831630155
54.71613905225633,0.8693104201768205
54.725750178034,0.8692873211377613
54.73536130381166,0.8692641520716993
54.74497242958933,0.8692409575752365
54.75458355536699,0.869217812573644
54.764194681144666,0.8691946450173701
54.77380580692233,0.8691713050333734
54.7834169327,0.8691480090003614
54.79302805847767,0.8691246717855501
54.80263918425533,0.8691013465680334
54.812250310032994,0.8690780584487788
54.82186143581066,0.8690547871643728
54.83147256158833,0.8690314518762693
54.841083687365995,0.869008013246202
54.85069481314367,0.8689845738346285
54.86030593892133,0.8689612927687188
54.869917064698996,0.8689380596370189
54.87952819047667,0.8689147889631396
54.88913931625433,0.8688915417497278
54.898750442032,0.8688683929921106
54.90836156780966,0.8688451171885603
54.91797269358733,0.8688217470336044
54.927583819365,0.8687983487852871
54.93719494514266,0.8687749131582809
54.94680607092033,0.8687515336337084
54.956417196698,0.8687281845924675
54.966028322475665,0.8687047595569471
54.97563944825333,0.8686814384429122
54.985250574031,0.8686581434143721
54.994861699808666,0.8686349051467688
55.004472825586326,0.8686115900949166
55.01408395136399,0.8685883689557502
55.02369507714166,0.8685650333788756
55.033306202919334,0.8685416371508836
55.042917328696994,0.868518226081356
55.05252845447467,0.8684948759515179
55.062139580252335,0.8684713356312136
55.07175070603,0.8684477199517192
55.08136183180767,0.8684241195033239
55.09097295758533,0.8684004843785272
55.100584083362996,0.868376801609175
55.11019520914066,0.8683531423035123
55.11980633491833,0.8683294924225352
55.129417460696,0.8683058796786134
55.13902858647367,0.8682823702234413
55.14863971225133,0.868258737703065
55.158250838029,0.8682351731858929
55.167861963806665,0.8682115697866244
55.17747308958433,0.8681878204967223
55.187084215362,0.8681642487833133
55.19669534113966,0.8681407105469688
55.20630646691733,0.868117124795616
55.215917592695,0.868093609155827
55.22552871847266,0.8680699973256429
55.235139844250334,0.8680463172657257
55.244750970027994,0.8680226327262344
55.25436209580567,0.8679989841531794
55.263973221583335,0.8679753554826092
55.273584347360995,0.8679517304220347
55.28319547313866,0.867927976968323
55.29280659891633,0.8679041817317854
55.302417724693996,0.8678805253468105
55.31202885047166,0.8678569198647033
55.32163997624934,0.8678332462135971
55.331251102027,0.8678096893820049
55.34086222780467,0.8677860737408793
55.35047335358233,0.8677623413560301
55.36008447936,0.8677384524879822
55.369695605137665,0.8677146441653671
55.379306730915324,0.8676908396087508
55.388917856693,0.8676669650039708
55.39852898247066,0.8676431286526525
55.40814010824833,0.8676192961840202
55.41775123402599,0.86759553756473
55.427362359803666,0.867571762265652
55.43697348558134,0.8675479676756073
55.446584611359,0.8675241837007647
55.45619573713667,0.8675004183174034
55.46580686291433,0.8674767163185185
55.475417988692,0.8674529560114811
55.48502911446966,0.867429121996858
55.49464024024732,0.8674052667829815
55.504251366024995,0.8673813465625292
55.51386249180267,0.8673574194497214
55.52347361758033,0.8673335849248115
55.533084743358,0.8673097134924523
55.54269586913566,0.8672858474983972
55.55230699491333,0.8672620203843271
55.56191812069099,0.8672381351805931
55.571529246468664,0.8672142382948956
55.581140372246324,0.8671904747640642
55.590751498024,0.8671666129224381
55.60036262380166,0.8671428687766431
55.60997374957933,0.8671192525196949
55.61958487535699,0.8670955275473328
55.629196001134666,0.8670717499063445
55.63880712691233,0.8670478981700348
55.64841825269,0.8670240506886114
55.65802937846767,0.8670001609123497
55.66764050424533,0.8669762263982167
55.677251630023,0.8669523844846186
55.68686275580066,0.8669285269561164
55.69647388157832,0.8669047464186074
55.706085007355995,0.866880930718172
55.71569613313367,0.8668570101838795
55.72530725891133,0.8668330154970941
55.734918384689,0.8668090906955701
55.74452951046667,0.8667851049115645
55.75414063624433,0.8667611615769465
55.76375176202199,0.8667372829451798
55.773362887799664,0.8667133942461329
55.78297401357732,0.8666894380825879
55.792585139355,0.8666655924710464
55.80219626513266,0.8666417162428155
55.81180739091033,0.8666178872290838
55.821418516688006,0.8665938410621027
55.831029642465666,0.8665697862744467
55.84064076824333,0.8665458591543924
55.85025189402099,0.8665220003225287
55.85986301979867,0.8664979925184533
55.869474145576326,0.8664739616237764
55.879085271354,0.8664498714494228
55.88869639713166,0.8664258046529105
55.898307522909334,0.866401763390337
55.907918648686994,0.8663776487478814
55.91752977446467,0.866353528213817
55.927140900242335,0.8663294587148178
55.936752026019995,0.86630548014043
55.94636315179767,0.8662814550269181
55.95597427757533,0.8662574640867677
55.96558540335299,0.8662332986252065
55.97519652913066,0.8662090127490014
55.98480765490832,0.8661847349318927
55.994418780686,0.8661604922493571
56.00402990646367,0.8661363213911467
56.01364103224133,0.8661120778082354
56.023252158019,0.8660878016295323
56.03286328379667,0.866063591235057
56.04247440957433,0.866039508418474
56.05208553535199,0.8660154978374378
56.061696661129666,0.8659914212647997
56.071307786907326,0.8659673568132521
56.080918912685,0.8659432609707551
56.09053003846266,0.8659191881252881
56.100141164240334,0.8658950742673958
56.109752290017994,0.8658708776077972
56.11936341579566,0.865846703361014
56.128974541573335,0.8658225654573165
56.138585667350995,0.8657983774921517
56.14819679312867,0.865774128945183
56.15780791890633,0.8657499031070979
56.167419044684,0.8657256705141242
56.17703017046166,0.8657014769565614
56.18664129623932,0.8656773722081456
56.196252422017,0.8656531909479024
56.205863547794664,0.8656289790050854
56.215474673572324,0.8656047288410094
56.22508579935,0.8655803376682987
56.23469692512767,0.8655559935214769
56.24430805090533,0.8655316027005716
56.25391917668299,0.8655072162010597
56.263530302460666,0.8654827932982946
56.273141428238326,0.8654582999965713
56.282752554016,0.8654336963523602
56.29236367979366,0.8654091780207627
56.301974805571334,0.8653847141492285
56.311585931349,0.8653602877296097
56.32119705712666,0.8653359038074523
56.330808182904335,0.8653115359768591
56.340419308681994,0.8652871500304523
56.35003043445967,0.865262798925215
56.35964156023733,0.8652382845275085
56.369252686015,0.8652137843875539
56.37886381179266,0.8651894029443116
56.38847493757034,0.8651650476289525
56.398086063347996,0.8651406550599697
56.40769718912566,0.8651162758002894
56.41730831490334,0.8650917088789635
56.426919440681,0.8650671116747284
56.43653056645867,0.8650426507443241
56.44614169223633,0.8650181171378005
56.45575281801399,0.8649935710225283
56.465363943791665,0.8649691853471176
56.474975069569325,0.8649447393106834
56.484586195347,0.8649203514168355
56.494197321124666,0.8648958966490683
56.503808446902326,0.8648716280317066
56.51341957268,0.8648472819270236
56.52303069845766,0.864822878956906
56.532641824235334,0.864798381280562
56.542252950012994,0.8647738522015935
56.55186407579067,0.8647493929264473
56.56147520156833,0.8647249213416845
56.571086327346,0.8647004348649305
56.58069745312366,0.8646758961029637
56.59030857890133,0.8646513636195179
56.599919704679,0.8646269113571269
56.60953083045666,0.8646024016442395
56.61914195623434,0.8645779099306721
56.628753082012,0.8645533835210911
56.63836420778967,0.8645288837302859
56.64797533356733,0.8645044575645758
56.65758645934499,0.8644799424277003
56.667197585122665,0.8644555270701831
56.67680871090033,0.864431031157158
56.68641983667799,0.8644065250362396
56.696030962455666,0.8643819538354092
56.705642088233326,0.8643573761889584
56.715253214011,0.8643327228522458
56.72486433978866,0.8643081584413522
56.734475465566334,0.8642835628463555
56.744086591343994,0.8642590071137733
56.75369771712167,0.8642344554214604
56.76330884289933,0.8642098540270493
56.772919968676995,0.8641852451589594
56.782531094454654,0.8641607450745096
56.79214222023233,0.8641361482741489
56.80175334601,0.8641115466943242
56.81136447178766,0.8640869175604973
56.82097559756534,0.8640622942923611
56.830586723342996,0.8640376729786549
56.84019784912067,0.8640132424397847
56.84980897489833,0.8639887507397431
56.85942010067599,0.8639643575985031
56.86903122645366,0.8639399503549375
56.87864235223133,0.8639154105404688
56.88825347800899,0.8638909862378988
56.897864603786665,0.8638664608697297
56.90747572956434,0.8638419182897512
56.917086855342,0.8638174309505392
56.92669798111966,0.863792816283524
56.93630910689733,0.863768212800488
56.94592023267499,0.8637436269550113
56.95553135845267,0.8637190277152352
56.96514248423033,0.8636943452551064
56.974753610007994,0.8636697992706471
56.98436473578567,0.8636453166670748
56.99397586156333,0.8636208182901643
57.003586987341,0.8635961967842862
57.01319811311866,0.8635715989635582
57.022809238896336,0.8635470001307372
57.032420364673996,0.8635224966860259
57.04203149045167,0.86349808897967
57.05164261622933,0.8634735978010569
57.061253742007,0.863449023668433
57.07086486778466,0.8634244974906224
57.08047599356233,0.8634000857439069
57.090087119340005,0.8633755359729041
57.099698245117665,0.863350942722487
57.10930937089534,0.8633265060457559
57.118920496673,0.8633019425750647
57.12853162245067,0.8632772219793113
57.13814274822833,0.8632525474851577
57.14775387400599,0.8632278688984825
57.15736499978366,0.8632031572847868
57.166976125561334,0.8631783634212186
57.176587251338994,0.8631535637018606
57.18619837711667,0.8631288977953996
57.19580950289434,0.8631042408230296
57.205420628672,0.8630795534329698
57.21503175444966,0.863054881495255
57.224642880227336,0.8630302513015117
57.234254006004996,0.8630055102920241
57.24386513178266,0.8629808573176082
57.25347625756032,0.8629560621537631
57.263087383338,0.8629312464595665
57.272698509115656,0.8629065115587949
57.28230963489333,0.8628817167659115
57.291920760671005,0.8628571043455406
57.301531886448664,0.8628323465150834
57.31114301222634,0.8628074980367398
57.320754138004,0.8627826396322911
57.330365263781665,0.8627578273991707
57.339976389559325,0.8627330186422197
57.349587515336985,0.8627081068120455
57.35919864111466,0.8626832297676732
57.36880976689233,0.8626582784673215
57.37842089266999,0.8626333095475277
57.38803201844767,0.8626083798456871
57.39764314422534,0.8625834153512814
57.407254270003,0.8625583896339162
57.41686539578066,0.8625333790027042
57.42647652155833,0.8625083551374694
57.43608764733599,0.8624832237946789
57.44569877311366,0.862458011367034
57.45530989889132,0.8624328651332863
57.464921024668996,0.8624076983567189
57.47453215044667,0.862382413463822
57.48414327622433,0.8623571798223854
57.493754402002004,0.8623320662396676
57.503365527779664,0.8623069473839451
57.51297665355733,0.8622819179496837
57.52258777933499,0.8622568308833778
57.532198905112665,0.8622316853275495
57.541810030890325,0.8622065041881801
57.551421156668,0.8621814187781184
57.56103228244566,0.8621562974110036
57.57064340822333,0.8621310988549569
57.58025453400101,0.8621058681679169
57.58986565977867,0.8620807292507787
57.599476785556334,0.8620555148296654
57.609087911334,0.8620303033603653
57.61869903711166,0.8620051319225842
57.62831016288933,0.8619799351326685
57.63792128866699,0.8619545159267655
57.64753241444466,0.8619292161511195
57.657143540222336,0.8619039165756407
57.666754665999996,0.8618786098555195
57.67636579177767,0.8618532190735219
57.68597691755533,0.8618278656613185
57.695588043333004,0.8618026301904215
57.705199169110664,0.8617773804335941
57.71481029488833,0.8617520691217012
57.72442142066599,0.8617268014227053
57.734032546443665,0.8617013400940094
57.743643672221324,0.8616758245245695
57.753254797999,0.8616504392075065
57.76286592377667,0.8616249910718959
57.77247704955433,0.8615995941608652
57.78208817533201,0.8615741549574215
57.79169930110967,0.8615488440708494
57.80131042688733,0.8615234435148035
57.81092155266499,0.8614981051708543
57.82053267844265,0.8614727559838151
57.83014380422033,0.8614474806438485
57.839754929998,0.8614223064099196
57.84936605577566,0.861397098255431
57.858977181553335,0.8613717324586168
57.868588307330995,0.86134631574357
57.87819943310867,0.8613208457120224
57.88781055888633,0.8612954650013993
57.897421684663996,0.8612700121037663
57.907032810441656,0.8612445225369953
57.91664393621933,0.8612189661009612
57.92625506199699,0.8611934037316582
57.935866187774664,0.8611677747518679
57.945477313552324,0.8611420706962434
57.95508843933,0.8611164663811963
57.96469956510767,0.8610908330414411
57.97431069088533,0.8610652231110323
57.983921816663,0.861039640218163
57.99353294244066,0.8610140182180794
58.00314406821833,0.860988466623368
58.01275519399599,0.8609628948727556
58.02236631977365,0.8609373106272484
58.03197744555133,0.8609117192500787
58.041588571329,0.8608859576559782
58.05119969710666,0.8608602922561728
58.060810822884335,0.8608346146078448
58.070421948662,0.86080880895232
58.08003307443966,0.8607829544302807
58.089644200217336,0.8607571990979128
58.099255325994996,0.8607313744422844
58.108866451772656,0.8607055313214502
58.11847757755033,0.8606797370469473
58.12808870332799,0.8606539402688254
58.137699829105664,0.8606282093462074
58.14731095488334,0.8606025194170722
58.156922080661,0.8605767064014203
58.166533206438665,0.8605509127083563
58.176144332216325,0.8605251253975428
58.185755457994,0.8604991650650391
58.19536658377166,0.8604731920427668
58.20497770954933,0.8604473206829502
58.21458883532699,0.8604212727957284
58.22419996110467,0.8603952795071493
58.233811086882326,0.8603691797311479
58.24342221266,0.8603430491955711
58.25303333843767,0.8603169334691962
58.262644464215334,0.8602908866259499
58.272255589993,0.8602647241743618
58.28186671577066,0.8602387274893425
58.291477841548335,0.8602126534869975
58.301088967325995,0.8601865704864907
58.310700093103655,0.8601604521506223
58.32031121888133,0.8601342814644168
58.329922344659,0.8601081482818236
58.33953347043666,0.8600820166619371
58.34914459621434,0.8600557879052197
58.358755721992004,0.8600295623104298
58.368366847769664,0.860003378635088
58.377977973547324,0.8599772474647615
58.387589099325,0.8599511025446505
58.39720022510266,0.8599250905594585
58.40681135088033,0.8598989121408385
58.41642247665799,0.8598727369091134
58.426033602435666,0.8598466149642383
58.435644728213326,0.8598203500185683
58.445255853991,0.8597940262929542
58.45486697976867,0.8597677598857377
58.46447810554633,0.8597415623492575
58.474089231324,0.8597153974715694
58.48370035710166,0.8596892780517109
58.493311482879335,0.8596630830611129
58.502922608656995,0.8596368270047706
58.512533734434655,0.8596105277186571
58.52214486021233,0.8595843315753523
58.53175598599,0.8595581208756156
58.54136711176766,0.8595319702341823
58.55097823754533,0.8595058048706049
58.560589363323004,0.8594796040866605
58.570200489100664,0.8594533547362236
58.579811614878324,0.859427067422926
58.589422740656,0.8594007296261117
58.59903386643366,0.8593744063633539
58.60864499221133,0.8593481905387753
58.61825611798899,0.8593219704822469
58.627867243766666,0.8592958452798124
58.63747836954433,0.8592695893253138
58.64708949532199,0.8592433037238342
58.65670062109967,0.859216974754885
58.66631174687733,0.8591907267149579
58.675922872655,0.8591642686590444
58.68553399843266,0.8591378674150997
58.695145124210335,0.8591115863181751
58.704756249987994,0.8590852436368834
58.71436737576567,0.8590589229250506
58.72397850154333,0.8590326211883786
58.733589627320995,0.8590064116347994
58.74320075309867,0.8589801737061695
58.75281187887633,0.8589540129870782
58.762423004654,0.8589276409293441
58.77203413043166,0.8589012775908952
58.78164525620932,0.8588748974194527
58.791256381987,0.8588484544532157
58.80086750776466,0.8588220880406698
58.81047863354233,0.8587957020272217
58.82008975932,0.8587693121477421
58.82970088509766,0.858742833128743
58.83931201087533,0.8587164779568426
58.84892313665299,0.8586901550802041
58.858534262430666,0.8586637649392845
58.868145388208326,0.8586373347844163
58.877756513986,0.8586108416469981
58.88736763976366,0.8585843197012228
58.896978765541334,0.8585577195317673
58.906589891318994,0.8585311799329101
58.91620101709667,0.8585046109951848
58.925812142874335,0.8584780529916183
58.935423268651995,0.858451562892558
58.94503439442967,0.8584249763423545
58.95464552020733,0.858398486310212
58.964256645985,0.8583720658879976
58.97386777176266,0.8583455201399385
58.98347889754032,0.8583189418646137
58.993090023318,0.8582922573168013
59.00270114909567,0.8582655147811371
59.01231227487333,0.85823882473123
59.021923400651,0.8582121164924797
59.03153452642866,0.8581852313899565
59.04114565220633,0.8581583807576078
59.050756777984006,0.8581315754842851
59.060367903761666,0.8581047484757702
59.069979029539326,0.8580778271737024
59.079590155317,0.8580508655706924
59.08920128109466,0.8580238845627821
59.098812406872334,0.8579968363907705
59.108423532649994,0.8579696682377419
59.11803465842766,0.857942525626767
59.127645784205335,0.8579154931323767
59.137256909982995,0.8578884114324531
59.14686803576067,0.8578614868384494
59.15647916153833,0.8578344596174137
59.166090287316,0.8578074434099854
59.17570141309366,0.8577805448620345
59.18531253887134,0.8577537109169446
59.194923664649,0.857726862001199
59.20453479042666,0.857699973060558
59.21414591620432,0.8576730335883596
59.223757041982,0.8576460032374379
59.23336816775967,0.8576189172249818
59.24297929353733,0.8575918735505386
59.252590419315005,0.8575648974723432
59.262201545092665,0.8575378813855505
59.271812670870325,0.8575108772675615
59.281423796648,0.8574838701284645
59.29103492242566,0.8574568713576056
59.300646048203326,0.8574298964066086
59.310257173981,0.8574029150824292
59.31986829975866,0.8573758650380536
59.329479425536334,0.8573486895756005
59.339090551313994,0.8573216599047118
59.34870167709167,0.8572945990310897
59.35831280286933,0.8572675243981346
59.367923928647,0.857240323887855
59.37753505442466,0.8572132237392313
59.38714618020233,0.8571861084142984
59.39675730597999,0.857159169217964
59.40636843175766,0.8571321560115908
59.41597955753534,0.8571051796566344
59.425590683313,0.8570781336582983
59.43520180909067,0.8570511772819993
59.44481293486833,0.857024187307218
59.454424060646005,0.8569971427557396
59.464035186423665,0.856970058420453
59.473646312201325,0.8569431234293227
59.48325743797899,0.856916208005352
59.492868563756666,0.856889310527792
59.502479689534326,0.8568622913267878
59.512090815312,0.8568352030879139
59.521701941089674,0.8568081977849076
59.531313066867334,0.8567812569637802
59.540924192644994,0.8567542185000081
59.55053531842267,0.856727180633534
59.56014644420033,0.8567001910652973
59.569757569978,0.856673240670344
59.57936869575566,0.8566461974300896
59.58897982153333,0.8566190964582163
59.59859094731099,0.8565920720642547
59.60820207308866,0.85656494819156
59.61781319886634,0.856537829344646
59.627424324644,0.856510678978761
59.63703545042167,0.856483604459263
59.64664657619933,0.8564565988105097
59.656257701977005,0.856429528799365
59.665868827754664,0.8564024413428389
59.675479953532324,0.8563752649883135
59.68509107930999,0.8563479492584345
59.694702205087665,0.856320776729174
59.704313330865325,0.8562934814536602
59.713924456643,0.8562662269413593
59.72353558242067,0.8562389379983821
59.73314670819833,0.8562116334887319
59.74275783397599,0.8561844793555544
59.75236895975367,0.8561571704924247
59.76198008553133,0.8561298703826865
59.771591211308994,0.8561025911897854
59.781202337086654,0.8560751118537968
59.79081346286433,0.8560476626444979
59.800424588642,0.856020204999006
59.81003571441966,0.8559928054907728
59.819646840197336,0.8559654538218954
59.829257965974996,0.8559381508463096
59.83886909175267,0.8559107589627364
59.84848021753033,0.8558833413725672
59.858091343308,0.855855956652568
59.86770246908566,0.8558285150145205
59.87731359486333,0.855801011873305
59.88692472064099,0.8557734242835036
59.896535846418665,0.8557458742293919
59.90614697219634,0.8557182561776245
59.915758097974,0.8556906882679869
59.92536922375167,0.8556632567851821
59.93498034952933,0.8556357429660136
59.94459147530699,0.8556081997893709
59.95420260108466,0.8555806751189027
59.96381372686232,0.8555531767020742
59.973424852639994,0.8555254862226742
59.98303597841767,0.8554978042749538
59.99264710419533,0.8554702430152017
60.002258229973,0.8554425666941586
60.01186935575066,0.8554148581617025
60.021480481528336,0.8553872237213994
60.031091607305996,0.8553596045456651
60.04070273308366,0.8553319119052287
60.05031385886132,0.8553042970068993
60.059924984639,0.8552765540792937
60.06953611041666,0.8552488528634014
60.07914723619433,0.8552211338668824
60.088758361972005,0.8551935496071502
60.098369487749665,0.8551657788304318
60.10798061352734,0.8551380429155307
60.117591739305,0.855110298213669
60.127202865082666,0.8550825682537774
60.136813990860325,0.855054871802313
60.146425116638,0.8550271883694996
60.15603624241566,0.8549993487061525
60.16564736819333,0.8549714290235557
60.17525849397099,0.8549435827056892
60.18486961974867,0.8549158793812156
60.19448074552633,0.854887937023517
60.204091871304,0.8548600636220344
60.21370299708167,0.8548322419521587
60.223314122859335,0.8548044702458455
60.232925248636995,0.85477666146418
60.24253637441466,0.8547487604917643
60.25214750019232,0.8547207773177724
60.261758625969996,0.854692807826104
60.271369751747656,0.8546646937183444
60.28098087752533,0.8546366347374448
60.290592003303004,0.8546084443928263
60.300203129080664,0.8545802572812299
60.30981425485834,0.8545521573770861
60.319425380636,0.8545239537772139
60.329036506413665,0.8544957793689225
60.338647632191325,0.8544676493837268
60.348258757969,0.8544394451405238
60.35786988374666,0.8544113184899232
60.36748100952433,0.8543832258162102
60.37709213530199,0.8543550394595616
60.38670326107967,0.8543269043304591
60.39631438685734,0.8542987438707956
60.405925512635,0.854270499230055
60.41553663841267,0.8542421775347097
60.42514776419033,0.8542139429077362
60.43475888996799,0.8541856853485199
60.44437001574566,0.8541574202990788
60.45398114152332,0.8541289744647629
60.463592267300996,0.8541004607936955
60.47320339307867,0.8540719375750533
60.48281451885633,0.8540434235879354
60.492425644634004,0.8540149447701165
60.502036770411664,0.8539865201361035
60.51164789618933,0.8539581701551616
60.52125902196699,0.8539297742556655
60.530870147744665,0.8539012911969229
60.540481273522325,0.8538728114045792
60.5500923993,0.8538443694229272
60.55970352507766,0.8538158823879913
60.56931465085533,0.8537873259598368
60.57892577663301,0.8537587067544421
60.58853690241067,0.8537301975231942
60.598148028188334,0.8537016761035798
60.60775915396599,0.8536731363701383
60.61737027974367,0.8536447694854491
60.62698140552133,0.8536162741175585
60.63659253129899,0.8535877929255722
60.64620365707666,0.8535591975567192
60.655814782854335,0.8535306325725548
60.665425908631995,0.8535020323885173
60.67503703440967,0.8534733162090242
60.684648160187336,0.8534446283760797
60.694259285964996,0.8534159452344167
60.703870411742656,0.8533872478586917
60.71348153752033,0.853358631490694
60.72309266329799,0.8533299505216447
60.732703789075664,0.8533013575526105
60.742314914853324,0.8532728210864093
60.751926040631,0.8532442899274055
60.76153716640866,0.8532157158609097
60.77114829218633,0.8531871822901341
60.780759417964,0.8531587297553368
60.79037054374166,0.8531300931408357
60.79998166951933,0.8531014183784063
60.80959279529699,0.8530726438533079
60.81920392107467,0.8530439287385018
60.82881504685233,0.8530151334232696
60.83842617262999,0.8529865577483263
60.84803729840766,0.8529579953041532
60.857648424185335,0.8529294110374521
60.867259549962995,0.8529006885178922
60.87687067574067,0.8528720104705518
60.886481801518336,0.8528434120001642
60.896092927295996,0.8528148539858238
60.905704053073656,0.8527860842896803
60.91531517885133,0.8527575446578233
60.92492630462899,0.8527288542237819
60.934537430406664,0.8527001114821032
60.944148556184324,0.8526713524188159
60.953759681962,0.8526425231592945
60.96337080773967,0.8526136764628571
60.97298193351733,0.8525847174576004
60.982593059295,0.852555939964167
60.99220418507266,0.8525271274833492
61.00181531085033,0.8524983278738398
61.01142643662799,0.852469625291175
61.02103756240567,0.8524407737220577
61.03064868818333,0.852411937917649
61.040259813961,0.8523830249475642
61.04987093973866,0.852354109764403
61.059482065516335,0.8523252079405367
61.069093191294,0.8522964732368663
61.07870431707166,0.8522676860641946
61.088315442849336,0.8522389693423199
61.097926568626995,0.8522101369484587
61.10753769440467,0.8521813316624661
61.11714882018233,0.8521524555578546
61.12675994595999,0.8521236247091649
61.13637107173766,0.8520946646191828
61.14598219751534,0.8520657177422344
61.155593323293,0.8520368423950959
61.165204449070664,0.8520078342536798
61.17481557484834,0.8519786582855435
61.184426700626,0.8519494312947073
61.19403782640366,0.8519201535247711
61.20364895218133,0.8518909513496754
61.21326007795899,0.851861900808422
61.222871203736666,0.8518329715279824
61.232482329514326,0.8518038079834941
61.242093455292,0.8517746468447046
61.25170458106967,0.8517455689270478
61.26131570684733,0.8517166160665522
61.270926832625,0.8516877311934056
61.28053795840266,0.8516587117557386
61.290149084180335,0.8516295775545701
61.299760209957995,0.8516004313432106
61.30937133573567,0.8515711935577066
61.31898246151333,0.8515419038234352
61.328593587291,0.8515126657854711
61.33820471306866,0.8514834841798437
61.34781583884633,0.8514542327826321
61.35742696462399,0.8514249733468835
61.367038090401664,0.8513956892751325
61.37664921617934,0.8513663792859368
61.386260341957,0.8513371868290037
61.39587146773466,0.85130805601395
61.40548259351233,0.8512788898836906
61.41509371928999,0.8512497125728107
61.424704845067666,0.8512205037710928
61.434315970845326,0.8511913324103199
61.44392709662299,0.8511620350260989
61.45353822240067,0.8511326827883496
61.46314934817833,0.8511032973122037
61.472760473956,0.8510740299656406
61.48237159973366,0.8510449814080956
61.491982725511335,0.8510157839681136
61.501593851288995,0.8509866266707582
61.51120497706667,0.8509574054546566
61.52081610284433,0.8509281692410304
61.530427228622,0.8508987951027083
61.54003835439966,0.8508694263217729
61.54964948017733,0.8508399739578996
61.559260605955004,0.8508104789268469
61.56887173173266,0.8507810285546707
61.57848285751034,0.8507516008158107
61.588093983288,0.8507221724147095
61.59770510906566,0.8506925466338786
61.60731623484333,0.8506630384200682
61.61692736062099,0.8506333451876006
61.626538486398665,0.8506036209829373
61.63614961217633,0.8505738444434132
61.64576073795399,0.850544030183122
61.655371863731666,0.8505143723196765
61.664982989509326,0.8504846054459891
61.674594115287,0.8504548224557797
61.68420524106466,0.8504250727959491
61.693816366842334,0.8503953428938674
61.703427492619994,0.8503654812095012
61.71303861839767,0.850335714105919
61.72264974417533,0.8503059776797506
61.732260869952995,0.8502762831288385
61.74187199573067,0.850246560908063
61.75148312150833,0.8502167873360188
61.761094247286,0.8501870718368805
61.77070537306366,0.8501572626276125
61.78031649884134,0.85012743557807
61.789927624619,0.8500977379480424
61.79953875039666,0.8500679368595621
61.80914987617433,0.8500381135634507
61.818761001952,0.8500082791581197
61.82837212772966,0.8499784305525167
61.83798325350733,0.8499485674805014
61.847594379285006,0.8499187208400508
61.857205505062666,0.8498888382255466
61.866816630840326,0.8498589883446389
61.876427756618,0.8498290594316865
61.88603888239566,0.849799129252613
61.895650008173334,0.849769118302122
61.905261133950994,0.8497391076186287
61.91487225972866,0.8497091513820278
61.92448338550632,0.8496790962286558
61.934094511283995,0.849648986014021
61.94370563706167,0.8496188595335142
61.95331676283933,0.8495887565755241
61.962927888617,0.8495586466412586
61.97253901439466,0.8495285217500712
61.98215014017234,0.8494985679131294
61.99176126595,0.8494685149012358
62.00137239172766,0.8494383616698019
62.01098351750532,0.8494083226385815
62.020594643283,0.8493782629985991
62.03020576906066,0.8493482397453248
62.03981689483833,0.8493182654345927
62.049428020616006,0.8492881215152417
62.059039146393665,0.8492581546144131
62.068650272171325,0.8492280847196466
62.078261397949,0.8491979032197357
62.08787252372666,0.8491676301746013
62.097483649504326,0.8491373772837338
62.10709477528199,0.8491072581338552
62.11670590105966,0.8490770363809286
62.126317026837334,0.8490469230389297
62.135928152614994,0.8490168329603514
62.14553927839267,0.8489865812532489
62.15515040417033,0.8489562512717942
62.164761529948,0.8489260182797579
62.17437265572566,0.8488957358190654
62.183983781503336,0.848865585434027
62.193594907280996,0.8488353684189414
62.20320603305866,0.848805099255598
62.21281715883632,0.8487747826041337
62.222428284614,0.8487444073444262
62.23203941039167,0.8487139242934687
62.24165053616933,0.848683575994851
62.251261661947005,0.8486532707496253
62.260872787724665,0.848622866194593
62.27048391350234,0.8485923272515196
62.28009503928,0.8485618725637079
62.28970616505766,0.8485313667821991
62.299317290835326,0.8485006799638118
62.308928416613,0.8484700873328364
62.31853954239066,0.848439515312623
62.328150668168334,0.848409046415278
62.33776179394601,0.8483785523479989
62.34737291972367,0.8483481379438519
62.35698404550133,0.8483175330531638
62.366595171279,0.8482869810090785
62.37620629705666,0.8482563160871859
62.38581742283433,0.8482256902718223
62.39542854861199,0.8481949784259085
62.40503967438966,0.8481643006273135
62.41465080016734,0.8481337313629431
62.424261925945,0.8481029825152792
62.43387305172267,0.8480722705130265
62.44348417750033,0.8480416726244355
62.453095303278005,0.8480110867290711
62.462706429055665,0.8479804935717774
62.47231755483333,0.8479499264238509
62.48192868061099,0.8479193350008867
62.491539806388666,0.8478886925219785
62.501150932166325,0.8478579972593979
62.510762057944,0.8478273471188538
62.52037318372166,0.8477967590999069
62.52998430949933,0.8477662508066968
62.53959543527701,0.8477355537091857
62.54920656105467,0.8477047443111276
62.55881768683233,0.8476739590040179
62.568428812609994,0.8476430630225288
62.578039938387654,0.8476122042077135
62.58765106416533,0.8475813331686336
62.59726218994299,0.8475504004420342
62.60687331572066,0.8475194237808688
62.616484441498336,0.8474883656009747
62.626095567275996,0.8474573860052258
62.63570669305367,0.8474265145435833
62.64531781883133,0.8473954673755117
62.654928944609,0.8473644927600079
62.66454007038666,0.8473334638640323
62.67415119616433,0.8473022859256847
62.68376232194199,0.8472712717851537
62.693373447719665,0.8472402405629424
62.702984573497325,0.8472092040814315
62.712595699275,0.8471781378776468
62.72220682505267,0.8471471196856981
62.73181795083033,0.8471160415662252
62.741429076608,0.8470848890671755
62.75104020238566,0.847053836125029
62.76065132816333,0.8470227406337134
62.770262453940994,0.8469915896699234
62.779873579718654,0.8469603803334427
62.78948470549633,0.8469292132712956
62.799095831274,0.8468979932359996
62.80870695705166,0.8468667089840543
62.818318082829336,0.8468354964069464
62.827929208606996,0.8468043516439594
62.83754033438466,0.8467732389311783
62.84715146016233,0.8467420043445866
62.85676258594,0.8467108193730544
62.86637371171766,0.8466796684012924
62.87598483749533,0.8466486401320178
62.88559596327299,0.8466175965828665
62.895207089050665,0.8465865000828053
62.90481821482834,0.8465552340438104
62.914429340606,0.8465238049260334
62.92404046638367,0.8464923341406945
62.93365159216133,0.8464610688719277
62.943262717939,0.8464296861801306
62.95287384371666,0.8463983044856745
62.96248496949432,0.846366929550327
62.97209609527199,0.8463354665306315
62.98170722104967,0.8463040828980116
62.99131834682733,0.8462725302943399
63.000929472605,0.8462410523125361
63.01054059838266,0.8462095817398059
63.020151724160336,0.8461780706281087
63.029762849938,0.8461466495401258
63.03937397571566,0.846115105594256
63.04898510149332,0.8460836166928662
63.058596227270996,0.8460521005468309
63.06820735304867,0.846020583686976
63.07781847882633,0.8459889234556461
63.08742960460399,0.8459572554832714
63.097040730381664,0.8459256808738327
63.106651856159324,0.8458939511042923
63.116262981937,0.8458622192164189
63.125874107714665,0.8458305005517537
63.135485233492325,0.8457988652301468
63.145096359269985,0.8457671496361162
63.15470748504767,0.845735487767573
63.16431861082533,0.8457037733439109
63.17392973660299,0.8456719750317857
63.18354086238067,0.8456401198165154
63.19315198815833,0.8456081767132293
63.202763113936,0.8455761735078396
63.21237423971367,0.845544180665292
63.22198536549133,0.8455123293499016
63.23159649126899,0.8454803711424411
63.241207617046655,0.8454484860904776
63.250818742824336,0.8454166293862682
63.260429868601996,0.8453847225121238
63.270040994379656,0.8453526806271676
63.27965212015733,0.8453206540115087
63.289263245935004,0.8452887431190383
63.298874371712664,0.8452566831011284
63.30848549749033,0.845224751411769
63.31809662326799,0.8451927062394149
63.32770774904566,0.8451605216535284
63.33731887482334,0.8451283586195556
63.346930000601,0.8450960302264678
63.35654112637866,0.8450638845674897
63.36615225215633,0.8450317209750581
63.37576337793399,0.8449996128727363
63.38537450371167,0.8449673517650128
63.394985629489334,0.8449351510984219
63.404596755266994,0.8449028935506004
63.41420788104466,0.8448705983483398
63.42381900682234,0.8448382985229579
63.4334301326,0.8448059529788405
63.44304125837766,0.8447736699989806
63.45265238415532,0.8447412203572092
63.462263509932995,0.8447087758492416
63.47187463571067,0.8446764726674286
63.48148576148833,0.8446441784061349
63.491096887265996,0.8446118954137961
63.50070801304366,0.8445795045607036
63.51031913882132,0.8445470568524827
63.519930264599004,0.8445146367784687
63.529541390376664,0.8444822254440281
63.539152516154324,0.844449702087901
63.548763641932,0.8444171345853934
63.55837476770967,0.8443845046294934
63.56798589348733,0.8443519406988438
63.577597019265006,0.8443193941157122
63.587208145042666,0.8442868407647148
63.596819270820326,0.8442543721060243
63.60643039659801,0.8442219041010485
63.61604152237567,0.8441893308738508
63.62565264815333,0.8441566623788928
63.63526377393099,0.8441239909898421
63.644874899708675,0.8440913425773195
63.654486025486335,0.8440587669770944
63.664097151263995,0.8440261708235999
63.67370827704167,0.8439933865175459
63.68331940281933,0.843960594625249
63.692930528596996,0.8439280614249477
63.70254165437467,0.8438955585587832
63.71215278015233,0.8438630107396062
63.72176390592999,0.8438304249668936
63.73137503170765,0.8437976949848603
63.74098615748534,0.8437650014347274
63.750597283263,0.8437322923573601
63.76020840904066,0.8436994635410477
63.76981953481833,0.843666648640485
63.779430660596,0.843633769304251
63.78904178637366,0.8436008809217309
63.79865291215133,0.8435679180345247
63.80826403792899,0.8435349844933132
63.81787516370665,0.8435021543445087
63.82748628948434,0.8434691774154304
63.837097415262,0.8434362138363263
63.84670854103966,0.8434032298478082
63.856319666817335,0.8433702024389831
63.865930792594995,0.84333717519092
63.87554191837266,0.8433042316751269
63.885153044150336,0.8432712536086161
63.894764169927996,0.843238033424646
63.904375295705655,0.8432047808688161
63.913986421483344,0.8431714828701847
63.923597547261004,0.8431381440450526
63.93320867303866,0.8431047129951044
63.94281979881632,0.8430712891823751
63.952430924594,0.8430378547006473
63.962042050371664,0.8430044830564437
63.971653176149324,0.8429712788213714
63.981264301927,0.8429380826643563
63.99087542770466,0.842904882049659
64.00048655348232,0.8428715795948523
64.01009767926,0.8428383118434557
64.01970880503767,0.8428050838464874
64.02931993081532,0.8427718122558294
64.038931056593,0.8427383734284585
64.04854218237067,0.8427050021720418
64.05815330814833,0.8426716705740068
64.067764433926,0.842638277186446
64.07737555970367,0.8426049499697312
64.08698668548132,0.8425716521841397
64.096597811259,0.8425383533934259
64.10620893703667,0.8425049208425354
64.11582006281432,0.8424714610876799
64.12543118859199,0.8424380677712496
64.13504231436966,0.8424045801768462
64.14465344014734,0.8423711371175173
64.15426456592499,0.8423376962366282
64.16387569170267,0.8423041587089988
64.17348681748032,0.8422704930981819
64.183097943258,0.8422369031954908
64.19270906903567,0.8422033502817388
64.20232019481332,0.8421697889910145
64.21193132059099,0.8421360985448875
64.22154244636866,0.8421024646796869
64.23115357214634,0.8420686965756876
64.24076469792399,0.8420348014565617
64.25037582370166,0.8420009642122239
64.25998694947933,0.841967185809133
64.269598075257,0.8419335485356618
64.27920920103466,0.8418998616359354
64.28882032681233,0.8418661004033735
64.29843145259,0.8418323117671255
64.30804257836766,0.8417983229444503
64.31765370414534,0.8417643337767664
64.327264829923,0.8417304345066047
64.33687595570066,0.84169654744855
64.34648708147833,0.8416625144781178
64.356098207256,0.8416284355216483
64.36570933303366,0.8415943369059776
64.37532045881133,0.8415602821135921
64.384931584589,0.8415261867256358
64.39454271036666,0.8414920531633628
64.40415383614432,0.8414578810825788
64.413764961922,0.8414237607760268
64.42337608769967,0.8413895084658386
64.43298721347732,0.8413552426960618
64.442598339255,0.8413209367255053
64.45220946503267,0.8412866521602522
64.46182059081033,0.8412523027471783
64.471431716588,0.8412180065182104
64.48104284236567,0.8411836186407088
64.49065396814332,0.8411491824861144
64.500265093921,0.8411148247243246
64.50987621969867,0.8410803754637264
64.51948734547632,0.8410459689949428
64.529098471254,0.8410115659038606
64.53870959703166,0.84097705116789
64.54832072280934,0.8409423952950331
64.557931848587,0.8409077808449439
64.56754297436467,0.8408732024858702
64.57715410014232,0.840838522004364
64.58676522592,0.8408038262579011
64.59637635169767,0.8407692868649449
64.60598747747532,0.8407345823461748
64.61559860325299,0.8406997844679468
64.62520972903066,0.8406649019696939
64.63482085480834,0.8406300129416016
64.64443198058599,0.8405950610950252
64.65404310636367,0.8405600545186579
64.66365423214133,0.8405250785930144
64.67326535791899,0.8404902368866225
64.68287648369667,0.840455313874838
64.69248760947433,0.8404202520103885
64.702098735252,0.8403853060759718
64.71170986102966,0.8403502555971383
64.72132098680734,0.8403152323791508
64.730932112585,0.8402802718406188
64.74054323836268,0.8402452855555429
64.75015436414033,0.8402102491879643
64.759765489918,0.840175034123015
64.76937661569568,0.8401398457439142
64.77898774147333,0.8401047391481737
64.788598867251,0.8400695740436332
64.79820999302865,0.8400343662410262
64.80782111880634,0.8399989172678622
64.817432244584,0.8399635826156716
64.82704337036166,0.8399281776452229
64.83665449613933,0.8398928301527718
64.846265621917,0.839857541867649
64.85587674769467,0.8398220991433648
64.86548787347233,0.8397866836991478
64.87509899925,0.8397513764838764
64.88471012502765,0.8397160406967156
64.89432125080532,0.8396807595082495
64.903932376583,0.8396455256215537
64.91354350236067,0.8396101870224435
64.92315462813832,0.8395747557992489
64.932765753916,0.8395393122975661
64.94237687969367,0.8395039255834601
64.95198800547132,0.8394684567529324
64.961599131249,0.8394329088849842
64.97121025702666,0.8393973853963036
64.98082138280432,0.8393616107108086
64.990432508582,0.839325877774847
65.00004363435967,0.8392902075918162
65.00965476013732,0.8392546444738392
65.019265885915,0.8392190594779857
65.02887701169266,0.8391834754084937
65.03848813747032,0.8391479230355177
65.048099263248,0.8391123458943397
65.05771038902566,0.8390767850837546
65.06732151480333,0.8390410294862383
65.076932640581,0.8390052764320779
65.08654376635867,0.838969593893045
65.09615489213633,0.8389339544210938
65.105766017914,0.838898318282456
65.11537714369166,0.8388626475973464
65.12498826946933,0.8388269078018813
65.134599395247,0.8387911337478542
65.14421052102466,0.8387554752600448
65.15382164680233,0.8387196388270579
65.16343277257998,0.8386838430831304
65.17304389835768,0.8386479348934102
65.18265502413533,0.8386121222962192
65.192266149913,0.8385762269746976
65.20187727569066,0.8385404090485775
65.21148840146834,0.8385045268701855
65.221099527246,0.838468521315052
65.23071065302366,0.838432493169147
65.24032177880133,0.8383965967390277
65.24993290457898,0.8383606690756209
65.25954403035668,0.8383246810034092
65.26915515613433,0.8382886977170245
65.278766281912,0.8382525910099008
65.28837740768965,0.8382166050822436
65.29798853346733,0.8381804281728601
65.307599659245,0.8381442284078652
65.31721078502267,0.8381081004410856
65.32682191080033,0.8380719243305877
65.33643303657799,0.8380357134393146
65.34604416235567,0.8379994345071539
65.35565528813333,0.8379630879896491
65.365266413911,0.8379265999165987
65.37487753968865,0.8378902315396661
65.38448866546634,0.837853900727937
65.394099791244,0.8378174235533254
65.40371091702167,0.8377809253787859
65.41332204279932,0.8377444520836771
65.42293316857699,0.8377079674708944
65.43254429435466,0.8376714380082336
65.44215542013232,0.837634832965019
65.45176654591,0.8375983160693137
65.46137767168766,0.8375617630664939
65.47098879746532,0.8375252992657582
65.480599923243,0.8374887619733228
65.49021104902067,0.8374520901433951
65.49982217479833,0.8374153600120923
65.50943330057599,0.837378672598466
65.51904442635366,0.8373419925657546
65.52865555213133,0.8373053559765884
65.53826667790901,0.8372686760883404
65.54787780368666,0.8372320703473765
65.55748892946433,0.8371953277949165
65.56710005524198,0.8371585185497578
65.57671118101968,0.8371217705594869
65.58632230679733,0.8370850970214252
65.595933432575,0.8370484032853983
65.60554455835266,0.8370116365096947
65.61515568413033,0.8369747658521506
65.624766809908,0.836937995264204
65.63437793568566,0.8369010815525446
65.64398906146333,0.8368641383472231
65.65360018724098,0.8368271130629992
65.66321131301868,0.8367901059124477
65.67282243879633,0.8367531573836743
65.682433564574,0.8367160943276245
65.69204469035166,0.8366789719749417
65.70165581612933,0.8366419126504452
65.711266941907,0.8366047867087775
65.72087806768467,0.8365676822491074
65.73048919346233,0.836530553077997
65.74010031923999,0.8364933744867616
65.74971144501768,0.8364562098151415
65.75932257079533,0.8364190023417748
65.768933696573,0.8363818862493438
65.77854482235065,0.8363448725498981
65.78815594812833,0.8363077472420714
65.797767073906,0.8362706552127978
65.80737819968365,0.8362335443443041
65.81698932546134,0.8361963426839087
65.82660045123899,0.8361591346562715
65.83621157701667,0.8361220235876495
65.84582270279434,0.8360847382148557
65.855433828572,0.8360472613851839
65.86504495434966,0.8360099289241483
65.87465608012734,0.8359726567219454
65.884267205905,0.8359353960865594
65.89387833168266,0.8358981024058225
65.90348945746034,0.8358606505569564
65.91310058323799,0.8358232206323547
65.92271170901566,0.8357858966992292
65.93232283479334,0.8357484925493622
65.941933960571,0.8357109745422054
65.95154508634866,0.8356732438595841
65.96115621212633,0.835635512674014
65.97076733790401,0.8355978548952538
65.98037846368166,0.8355602473191809
65.98998958945933,0.8355226190829217
65.999600715237,0.8354851218901254
66.00921184101466,0.8354476233807239
66.01882296679233,0.835410110643636
66.02843409257001,0.8353724523958608
66.03804521834766,0.8353348810320605
66.04765634412533,0.8352972717103694
66.05726746990298,0.8352596110855546
66.06687859568066,0.8352218068985997
66.07648972145833,0.8351840512565694
66.08610084723598,0.8351460923874504
66.09571197301366,0.8351081561224242
66.10532309879133,0.8350701902817184
66.114934224569,0.8350322064914779
66.12454535034666,0.8349942454943218
66.13415647612433,0.8349563265957415
66.14376760190198,0.834918262220661
66.15337872767967,0.8348802330289643
66.16298985345733,0.8348422363926681
66.17260097923499,0.8348043128038027
66.18221210501267,0.8347663696796211
66.19182323079032,0.8347282096094797
66.201434356568,0.8346901146729887
66.21104548234567,0.8346519961193102
66.22065660812333,0.8346137615954384
66.23026773390099,0.8345756754173661
66.23987885967867,0.8345374636440184
66.24948998545634,0.8344991969866239
66.25910111123399,0.8344608647460807
66.26871223701166,0.8344224888805221
66.27832336278932,0.8343840113806694
66.287934488567,0.8343455245185488
66.29754561434466,0.8343071186621975
66.30715674012234,0.8342686858146161
66.31676786589999,0.8342302971423536
66.32637899167766,0.8341917751582666
66.33599011745534,0.8341531679305125
66.34560124323299,0.8341144548657154
66.35521236901066,0.8340757429127819
66.36482349478833,0.8340371287034267
66.374434620566,0.8339986190552574
66.38404574634366,0.8339601191439271
66.39365687212134,0.8339215114581154
66.403267997899,0.8338827535004317
66.41287912367666,0.8338439414260178
66.42249024945434,0.8338051168338105
66.432101375232,0.8337661640901095
66.44171250100966,0.8337271731725014
66.45132362678733,0.8336882083119839
66.460934752565,0.8336492404666238
66.47054587834266,0.8336102628961121
66.48015700412033,0.8335712986922895
66.489768129898,0.8335322431372965
66.49937925567566,0.833493167057404
66.50899038145333,0.8334540337908355
66.51860150723101,0.8334148913566743
66.52821263300866,0.8333756714227953
66.53782375878633,0.8333365110437861
66.547434884564,0.8332972719985192
66.55704601034167,0.8332580876299369
66.56665713611933,0.8332189014875097
66.57626826189698,0.8331796734036758
66.58587938767467,0.8331404905524781
66.59549051345232,0.8331013307047737
66.60510163923,0.833062118049692
66.61471276500767,0.8330227768468768
66.62432389078533,0.8329835019350197
66.63393501656299,0.8329441988597863
66.64354614234067,0.8329049554526732
66.65315726811833,0.8328657010085376
66.66276839389599,0.8328263299703706
66.67237951967367,0.8327868390101507
66.68199064545132,0.8327473081945959
66.691601771229,0.8327077915160781
66.70121289700667,0.8326683068279693
66.71082402278434,0.8326288623728235
66.72043514856199,0.832589503033875
66.73004627433967,0.8325501220342668
66.73965740011734,0.8325106076973443
66.74926852589499,0.8324710850076446
66.75887965167266,0.8324315200734941
66.76849077745032,0.8323918991828774
66.778101903228,0.8323523127115102
66.78771302900566,0.8323126684201106
66.79732415478334,0.832272965538506
66.80693528056099,0.8322331819313354
66.81654640633866,0.8321933126459752
66.82615753211634,0.8321535565683019
66.835768657894,0.8321137841492382
66.84537978367166,0.8320738931342938
66.85499090944933,0.8320339350213943
66.86460203522701,0.8319940024351657
66.87421316100466,0.8319541069926859
66.88382428678234,0.8319141156313771
66.89343541256,0.8318740284049382
66.90304653833766,0.83183396115455
66.91265766411534,0.8317938690813284
66.922268789893,0.8317537094315662
66.93187991567066,0.8317136288379621
66.94149104144832,0.8316736231726131
66.951102167226,0.8316335170847088
66.96071329300366,0.8315933948424199
66.97032441878133,0.8315533297242489
66.979935544559,0.8315131326012294
66.98954667033667,0.8314729225935963
66.99915779611433,0.831432816509092
67.008768921892,0.8313927071958658
67.01838004766967,0.8313524997675765
67.02799117344732,0.8313122467556912
67.037602299225,0.8312719737337457
67.04721342500267,0.8312316384067989
67.05682455078033,0.8311911686327721
67.066435676558,0.8311506153679682
67.07604680233567,0.831110137200838
67.08565792811332,0.8310697599284381
67.095269053891,0.8310292830216789
67.10488017966867,0.8309886829539294
67.11449130544632,0.8309480784214515
67.12410243122399,0.8309074796648644
67.13371355700167,0.8308668663842246
67.14332468277934,0.8308262897212304
67.15293580855699,0.8307857209731113
67.16254693433467,0.8307450697365224
67.17215806011232,0.8307043691564852
67.18176918589,0.8306637137715491
67.19138031166767,0.8306230024626872
67.20099143744532,0.8305822312415496
67.21060256322299,0.830541400869795
67.22021368900064,0.8305007100936805
67.22982481477834,0.8304599350877725
67.23943594055599,0.8304190020067282
67.24904706633366,0.8303780293365247
67.25865819211133,0.8303370577157737
67.26826931788901,0.8302960979779337
67.27788044366666,0.8302552530389766
67.28749156944433,0.8302143484965786
67.297102695222,0.8301733997455981
67.30671382099965,0.8301323632627257
67.31632494677734,0.8300912699964015
67.325936072555,0.8300502079324901
67.33554719833266,0.8300091573477559
67.34515832411033,0.829967973064601
67.354769449888,0.8299268730637824
67.36438057566566,0.8298857282039301
67.37399170144333,0.8298446267482308
67.383602827221,0.8298035099794177
67.39321395299865,0.8297623800640596
67.40282507877635,0.8297213713641864
67.412436204554,0.8296802963279057
67.42204733033167,0.8296390864144293
67.43165845610932,0.8295977829175873
67.441269581887,0.8295566691334543
67.45088070766467,0.8295154490007451
67.46049183344233,0.829474118467531
67.47010295922,0.829432719885471
67.47971408499765,0.8293915218470754
67.48932521077532,0.8293503703819056
67.498936336553,0.82930912990046
67.50854746233067,0.8292678788317247
67.51815858810832,0.8292265294471359
67.527769713886,0.8291852201403914
67.53738083966367,0.8291438394341791
67.54699196544134,0.829102372740804
67.556603091219,0.8290608992462739
67.56621421699666,0.8290193250906591
67.57582534277432,0.8289777002738677
67.585436468552,0.8289360169749358
67.59504759432967,0.8288942987978212
67.60465872010732,0.8288524991610409
67.61426984588499,0.8288107509369362
67.62388097166266,0.8287688808082584
67.63349209744034,0.8287270417583615
67.64310322321799,0.8286851206270295
67.65271434899566,0.8286430883517795
67.66232547477333,0.8286010063926638
67.67193660055099,0.8285589472570793
67.68154772632867,0.8285169487710482
67.69115885210633,0.8284749121502839
67.700769977884,0.8284328036101021
67.71038110366166,0.8283908365418085
67.71999222943934,0.8283489075209458
67.729603355217,0.8283069063958166
67.73921448099466,0.8282649042556366
67.74882560677233,0.8282229953952324
67.75843673255,0.8281809613466015
67.76804785832766,0.828138876501714
67.77765898410533,0.8280966815114003
67.787270109883,0.8280544731235487
67.79688123566065,0.828012351584141
67.80649236143834,0.827970225346168
67.816103487216,0.8279280436949672
67.82571461299366,0.8278857497289888
67.83532573877133,0.827843431600508
67.844936864549,0.8278010718631682
67.85454799032667,0.8277586250314288
67.86415911610433,0.8277161608922039
67.873770241882,0.8276737655360813
67.88338136765965,0.8276314132449551
67.89299249343735,0.8275890166985332
67.902603619215,0.8275464212654396
67.91221474499267,0.8275037225528037
67.92182587077032,0.8274610231790621
67.931436996548,0.8274183802430183
67.94104812232567,0.827375714588149
67.95065924810332,0.8273329764565247
67.960270373881,0.8272902890353305
67.96988149965865,0.8272475698090737
67.97949262543632,0.8272047973209063
67.989103751214,0.8271620012187663
67.99871487699167,0.8271191471688115
68.00832600276932,0.827076321306783
68.017937128547,0.8270332872828786
68.02754825432467,0.8269901610065379
68.03715938010232,0.8269469412429759
68.04677050588,0.8269037729566694
68.05638163165766,0.82686061851375
68.06599275743532,0.8268174442399008
68.075603883213,0.8267742950577825
68.08521500899067,0.8267311968382166
68.09482613476833,0.8266881547347597
68.10443726054599,0.8266450830105008
68.11404838632366,0.8266019775112318
68.12365951210133,0.8265588452507622
68.133270637879,0.8265157493258304
68.14288176365666,0.8264725109488067
68.15249288943433,0.8264293197049825
68.162104015212,0.8263861425778545
68.17171514098968,0.826342814281659
68.18132626676733,0.8262993146005704
68.190937392545,0.826255788513121
68.20054851832266,0.8262122778689653
68.21015964410033,0.826168781802705
68.219770769878,0.8261253740719258
68.22938189565566,0.8260819398261702
68.23899302143333,0.8260382813981194
68.24860414721098,0.8259947756667916
68.25821527298868,0.8259512960436841
68.26782639876633,0.8259078065620798
68.277437524544,0.825864130502159
68.28704865032165,0.8258204542498542
68.29665977609933,0.8257768329136987
68.306270901877,0.825733037714269
68.31588202765467,0.82568919134141
68.32549315343233,0.825645386900599
68.33510427920999,0.8256016895124322
68.34471540498767,0.8255579109291694
68.35432653076533,0.8255140535993019
68.363937656543,0.8254701160471892
68.37354878232065,0.8254261634082004
68.38315990809832,0.8253822274614534
68.392771033876,0.8253382393649107
68.40238215965367,0.8252944081274154
68.41199328543132,0.8252506378997317
68.42160441120899,0.8252068157244594
68.43121553698667,0.8251628617470055
68.44082666276432,0.8251187538475718
68.450437788542,0.8250746296349818
68.46004891431966,0.8250305478557413
68.46966004009732,0.8249865521487826
68.479271165875,0.8249425493590692
68.48888229165267,0.8248984721593743
68.49849341743032,0.8248543864910964
68.50810454320799,0.8248101387228195
68.51771566898566,0.8247658391602338
68.52732679476333,0.8247215974632919
68.536937920541,0.8246773215243822
68.54654904631866,0.8246330198333484
68.55616017209633,0.8245886603329905
68.56577129787401,0.8245442668912141
68.57538242365167,0.8244998720427258
68.58499354942933,0.8244553897731639
68.594604675207,0.8244107243075479
68.60421580098466,0.8243660956137118
68.61382692676233,0.8243215061577974
68.62343805254,0.824276863315243
68.63304917831766,0.8242321302937977
68.64266030409533,0.8241873648635649
68.652271429873,0.8241424208753242
68.66188255565068,0.8240974439805979
68.67149368142833,0.8240523636436239
68.681104807206,0.8240072333209465
68.69071593298366,0.8239621580144928
68.70032705876133,0.8239170075067701
68.709938184539,0.8238718939002365
68.71954931031667,0.8238267819058779
68.72916043609433,0.8237815197922125
68.73877156187199,0.8237361160578309
68.74838268764968,0.8236907960092552
68.75799381342733,0.8236454855347655
68.767604939205,0.823600143130228
68.77721606498265,0.8235547589767467
68.78682719076033,0.8235093847200057
68.796438316538,0.8234640465650438
68.80604944231565,0.8234187219985257
68.81566056809334,0.8233732385317045
68.82527169387099,0.8233277028836077
68.83488281964867,0.8232820124522227
68.84449394542634,0.8232362175936734
68.854105071204,0.8231904945569594
68.86371619698166,0.8231448185984013
68.87332732275932,0.8230991285417136
68.882938448537,0.8230533409460098
68.89254957431466,0.8230076235841051
68.90216070009232,0.8229617857698462
68.91177182586999,0.8229159717841882
68.92138295164767,0.8228701530443473
68.93099407742532,0.822824385977261
68.940605203203,0.8227784704255876
68.95021632898066,0.8227325142838956
68.95982745475833,0.8226864036566351
68.969438580536,0.8226404104186327
68.97904970631366,0.8225943341940277
68.98866083209133,0.8225482905570716
68.998271957869,0.822502237468676
69.00788308364666,0.8224561665358027
69.01749420942433,0.8224101900992927
69.02710533520201,0.8223641298777585
69.03671646097966,0.8223181203377624
69.04632758675733,0.822272097079891
69.05593871253501,0.8222259949764557
69.06554983831266,0.8221798090702515
69.07516096409033,0.8221337031581316
69.08477208986798,0.8220875350882886
69.09438321564566,0.8220413451678701
69.10399434142333,0.8219951295895783
69.113605467201,0.8219488427355506
69.12321659297866,0.8219024428199299
69.13282771875633,0.8218560132263463
69.14243884453398,0.8218095520242478
69.15204997031167,0.8217630314474182
69.16166109608933,0.8217164299567795
69.17127222186699,0.8216698039638093
69.18088334764467,0.8216230968342517
69.19049447342233,0.8215764009921851
69.2001055992,0.821529492129206
69.20971672497767,0.8214825931476768
69.21932785075533,0.8214356557822606
69.22893897653299,0.8213887626010014
69.23855010231067,0.8213417259308524
69.24816122808834,0.8212946002644563
69.25777235386599,0.8212474833022948
69.26738347964366,0.8212004393772151
69.27699460542132,0.821153364744953
69.286605731199,0.8211063655700666
69.29621685697666,0.8210593497745327
69.30582798275434,0.8210124124869964
69.31543910853199,0.8209654515634863
69.32505023430967,0.8209184871356
69.33466136008734,0.8208715002599074
69.34427248586499,0.8208243966895702
69.35388361164266,0.8207772242351072
69.36349473742033,0.8207299272683011
69.373105863198,0.8206826425609901
69.38271698897566,0.8206352924147627
69.39232811475334,0.8205879922136521
69.401939240531,0.8205406615889489
69.41155036630866,0.8204933133317969
69.42116149208634,0.8204459299808832
69.430772617864,0.8203986753041966
69.44038374364166,0.8203513471083855
69.44999486941931,0.8203040173029067
69.45960599519701,0.8202566390603933
69.46921712097466,0.8202092163341511
69.47882824675233,0.8201616954831795
69.48843937253,0.8201142774067736
69.49805049830766,0.8200667884929356
69.50766162408533,0.8200191527195426
69.517272749863,0.8199715942434382
69.52688387564066,0.819924071063827
69.53649500141833,0.8198765657312408
69.54610612719598,0.8198289759320546
69.55571725297366,0.8197813848132501
69.56532837875133,0.8197337103543741
69.57493950452898,0.8196859659922808
69.58455063030667,0.8196382864367378
69.59416175608433,0.8195905869826465
69.603772881862,0.8195427694182644
69.61338400763967,0.8194950757425679
69.62299513341733,0.8194472226604462
69.63260625919499,0.8193992234419551
69.64221738497267,0.8193511797622887
69.65182851075033,0.8193031289080772
69.66143963652799,0.8192550212714739
69.67105076230567,0.8192069284468243
69.68066188808334,0.819158743897937
69.690273013861,0.8191105223341251
69.69988413963867,0.8190623386174876
69.70949526541634,0.8190141921220053
69.71910639119399,0.8189659461611436
69.72871751697167,0.8189176430190448
69.73832864274934,0.8188693170627468
69.74793976852699,0.8188209003126964
69.75755089430466,0.8187725489198149
69.76716202008232,0.8187241440917665
69.77677314586,0.8186756034078245
69.78638427163766,0.8186270547249562
69.79599539741534,0.8185784203185242
69.80560652319299,0.8185296301311213
69.81521764897066,0.8184809360809666
69.82482877474834,0.8184321978372209
69.834439900526,0.8183834773578693
69.84405102630366,0.8183347704025654
69.85366215208133,0.8182859939899784
69.86327327785901,0.818237244833945
69.87288440363666,0.8181884086615479
69.88249552941434,0.8181394992742901
69.892106655192,0.8180904533894228
69.90171778096966,0.8180413431435212
69.91132890674734,0.8179921412723465
69.920940032525,0.8179429502400344
69.93055115830266,0.817893713126747
69.94016228408032,0.8178445750851335
69.94977340985801,0.8177953155455666
69.95938453563566,0.8177459972056127
69.96899566141333,0.8176966247832699
69.978606787191,0.8176474289886286
69.98821791296866,0.8175982139803779
69.99782903874633,0.8175488549769562
70.007440164524,0.8174994783338223
70.01705129030167,0.8174500778987691
70.02666241607932,0.8174006603134006
70.036273541857,0.8173511562467004
70.04588466763467,0.8173016696912007
70.05549579341233,0.8172521547907448
70.06510691918999,0.8172025271741559
70.07471804496767,0.8171528861143552
70.08432917074533,0.8171033238036368
70.09394029652299,0.8170535774273271
70.10355142230067,0.8170037390828615
70.11316254807832,0.816953905147042
70.12277367385599,0.8169038988792667
70.13238479963367,0.816853832310498
70.14199592541134,0.8168039590930419
70.15160705118899,0.8167540305156344
70.16121817696667,0.8167040352815096
70.17082930274432,0.8166540503024251
70.18044042852199,0.8166039131865496
70.19005155429967,0.816553853796395
70.19966268007732,0.8165037504099277
70.20927380585499,0.8164535392313002
70.21888493163267,0.8164032657401671
70.22849605741034,0.8163529607868872
70.23810718318799,0.8163025619812221
70.24771830896566,0.8162521328865426
70.25732943474333,0.8162016884813748
70.266940560521,0.8161514747474373
70.27655168629866,0.8161011040047922
70.28616281207633,0.8160508451645673
70.295773937854,0.816000637034223
70.30538506363165,0.8159503405253233
70.31499618940934,0.8158999233523361
70.324607315187,0.8158493888835746
70.33421844096466,0.8157987698211141
70.34382956674233,0.8157482343270305
70.35344069252,0.8156975708793927
70.36305181829766,0.8156468811622337
70.37266294407533,0.8155961768833891
70.382274069853,0.8155453103074102
70.39188519563065,0.8154944446645377
70.40149632140835,0.8154436140857196
70.411107447186,0.8153926589749987
70.42071857296366,0.8153416565056427
70.43032969874132,0.8152907380999266
70.439940824519,0.815239692691695
70.44955195029667,0.8151887061303397
70.45916307607433,0.8151376221277136
70.468774201852,0.8150865511898459
70.47838532762965,0.815035399019213
70.48799645340733,0.8149841442492469
70.497607579185,0.8149328918318838
70.50721870496267,0.8148816298350731
70.51682983074032,0.8148303107692959
70.526440956518,0.8147789486175336
70.53605208229567,0.8147275401093691
70.54566320807334,0.8146760467249525
70.555274333851,0.8146246402974148
70.56488545962866,0.8145733642833889
70.57449658540632,0.814521957477995
70.584107711184,0.814470481194735
70.59371883696167,0.8144190469249352
70.60332996273932,0.8143674539144093
70.61294108851699,0.8143158948656203
70.62255221429467,0.8142642630056516
70.63216334007234,0.8142126111486995
70.64177446584999,0.8141610504543387
70.65138559162766,0.8141094770608769
70.66099671740533,0.814057829793232
70.67060784318299,0.8140062255919003
70.68021896896067,0.813954536554418
70.68983009473833,0.813903124695913
70.699441220516,0.8138516793122267
70.70905234629367,0.8138002300399724
70.71866347207134,0.8137488412167283
70.728274597849,0.8136974292121759
70.73788572362666,0.8136458246775379
70.74749684940433,0.8135941564403768
70.757107975182,0.8135426039095471
70.76671910095966,0.8134911254326156
70.77633022673733,0.8134395803109254
70.785941352515,0.8133881315897565
70.79555247829265,0.8133365201246002
70.80516360407034,0.8132848021610555
70.814774729848,0.813233080692575
70.82438585562566,0.8131812514686523
70.83399698140333,0.8131293628854432
70.843608107181,0.8130773909899618
70.85321923295866,0.813025274714425
70.86283035873633,0.8129731456676212
70.872441484514,0.8129209680605581
70.88205261029165,0.8128687651615755
70.89166373606935,0.8128166600056138
70.901274861847,0.8127644195590803
70.91088598762467,0.8127121755113891
70.92049711340232,0.8126597702338653
70.93010823918,0.8126073837510621
70.93971936495767,0.8125549991792139
70.94933049073532,0.8125024505982464
70.958941616513,0.8124497491328795
70.96855274229065,0.8123971463075131
70.97816386806834,0.8123443587719537
70.987774993846,0.8122915224376532
70.99738611962367,0.8122387497134526
71.00699724540132,0.8121859481758346
71.016608371179,0.8121331169213042
71.02621949695667,0.8120801416688553
71.03583062273432,0.8120270585179518
71.045441748512,0.8119738906793688
71.05505287428966,0.8119207194700018
71.06466400006732,0.8118675423687767
71.074275125845,0.8118142670057299
71.08388625162267,0.8117609196258256
71.09349737740033,0.8117075533347242
71.10310850317799,0.8116542118295493
71.11271962895567,0.8116007875166591
71.12233075473333,0.8115472627142324
71.131941880511,0.8114937379122977
71.14155300628866,0.8114401412279263
71.15116413206633,0.8113864666123723
71.160775257844,0.8113326554661892
71.17038638362168,0.8112787934533484
71.17999750939933,0.8112250170373678
71.189608635177,0.8111712862069586
71.19921976095466,0.811117539514981
71.20883088673233,0.8110635894081776
71.21844201251,0.8110095923011319
71.22805313828765,0.8109555016334167
71.23766426406533,0.8109013713906154
71.247275389843,0.8108472446212985
71.25688651562066,0.8107931961670948
71.26649764139833,0.8107400166408343
71.276108767176,0.8106874844100217
71.28571989295365,0.8106350253864204
71.29533101873133,0.8105829746867147
71.304942144509,0.810530918719368
71.31455327028665,0.8104787517763408
71.32416439606433,0.8104266991028694
71.33377552184199,0.8103746044297417
71.34338664761967,0.8103222782048581
71.35299777339733,0.810269887325174
71.362608899175,0.8102173449168754
71.37222002495265,0.8101645207749576
71.38183115073033,0.8101116432945207
71.391442276508,0.8100586643799994
71.40105340228565,0.8100054788014396
71.41066452806332,0.8099521714788307
71.42027565384099,0.8098988245699436
71.42988677961867,0.8098452880824945
71.43949790539632,0.8097918354766453
71.449109031174,0.8097380867592687
71.45872015695166,0.8096841729880153
71.46833128272932,0.8096301777870798
71.477942408507,0.8095759827162786
71.48755353428466,0.8095217513232106
71.49716466006232,0.8094672673231045
71.50677578583999,0.8094125143227997
71.51638691161767,0.8093576291649772
71.52599803739533,0.8093025281473998
71.535609163173,0.8092473177669056
71.54522028895066,0.8091920088187388
71.55483141472833,0.8091365476836484
71.56444254050601,0.8090809833237537
71.57405366628366,0.8090252722164655
71.58366479206133,0.8089695289731829
71.593275917839,0.8089136516903404
71.60288704361666,0.8088576956669622
71.61249816939433,0.8088015605890374
71.622109295172,0.8087452103046877
71.63172042094966,0.8086885238978144
71.64133154672733,0.808631801970527
71.650942672505,0.8085749363538983
71.66055379828266,0.8085178932028129
71.67016492406033,0.8084608486501599
71.679776049838,0.808403679157298
71.68938717561566,0.808346388677464
71.69899830139333,0.8082891611072825
71.708609427171,0.8082318270648332
71.71822055294867,0.8081742672703461
71.72783167872633,0.8081165914411113
71.737442804504,0.8080588816209605
71.74705393028167,0.8080014749218125
71.75666505605933,0.8079435066956945
71.766276181837,0.8078864806643634
71.77588730761465,0.8078298109007278
71.78549843339233,0.80777309412158
71.79510955917,0.8077161694059125
71.80472068494765,0.8076591546826423
71.81433181072534,0.8076020183648792
71.82394293650299,0.8075446437655149
71.83355406228067,0.8074871201022359
71.84316518805834,0.807429410889
71.852776313836,0.8073715787803348
71.86238743961366,0.8073134845033638
71.87199856539134,0.8072553499195388
71.881609691169,0.8071970513212096
71.89122081694666,0.8071386194668936
71.90083194272432,0.8070799959134993
71.91044306850199,0.8070212686687627
71.92005419427967,0.8069623491065298
71.92966532005732,0.8069034007736381
71.939276445835,0.8068442933760279
71.94888757161266,0.8067850450943731
71.95849869739033,0.8067257920153892
71.968109823168,0.8066665346157607
71.97772094894566,0.8066072219860181
71.98733207472333,0.806547823802474
71.996943200501,0.8064886402319528
72.00655432627867,0.8064294583122562
72.01616545205633,0.8063703031948312
72.02577657783401,0.8063114500000891
72.03538770361166,0.8062527917162998
72.04499882938933,0.806194258647293
72.05460995516701,0.806135878950183
72.06422108094466,0.8060774650283706
72.07383220672233,0.8060191994195669
72.08344333249998,0.8059609279356958
72.09305445827766,0.8059025684258546
72.10266558405533,0.8058442088139337
72.112276709833,0.8057858165999098
72.12188783561066,0.8057275388869067
72.13149896138833,0.8056692517146167
72.141110087166,0.8056108907248344
72.15072121294367,0.8055524219688084
72.16033233872133,0.8054940083630489
72.16994346449899,0.8054355636613713
72.17955459027667,0.805377004549317
72.18916571605433,0.8053185425973683
72.198776841832,0.8052600213188167
72.20838796760967,0.8052014777345771
72.21799909338733,0.8051430333839626
72.22761021916499,0.8050845330259588
72.23722134494267,0.805025943307703
72.24683247072034,0.8049673482146843
72.25644359649799,0.8049087272938227
72.26605472227565,0.8048500440311392
72.27566584805334,0.8047914168639689
72.285276973831,0.8047326781189051
72.29488809960866,0.8046738529802653
72.30449922538634,0.8046150731115106
72.31411035116399,0.8045564993899627
72.32372147694167,0.8044977910257499
72.33333260271934,0.8044389519543559
72.34294372849699,0.8043801728003326
72.35255485427466,0.8043213882132406
72.36216598005232,0.8042625867695097
72.37177710583,0.8042037005810251
72.38138823160766,0.804144762144176
72.39099935738533,0.8040857848510493
72.40061048316299,0.8040267093772483
72.41022160894067,0.8039678576152861
72.41983273471833,0.8039089829910198
72.429443860496,0.8038502112742224
72.43905498627366,0.8037914073659441
72.44866611205131,0.8037325584624833
72.45827723782901,0.8036735360768515
72.46788836360666,0.8036145062019965
72.47749948938433,0.8035555545655411
72.487110615162,0.8034966316911408
72.49672174093966,0.8034375668420397
72.50633286671733,0.8033784714427755
72.515943992495,0.8033193762788402
72.52555511827266,0.8032600984016008
72.53516624405032,0.8032007008344733
72.54477736982801,0.8031413921893549
72.55438849560566,0.8030818368716783
72.56399962138333,0.8030223197040388
72.57361074716098,0.8029626857974491
72.58322187293867,0.8029029805692648
72.59283299871633,0.8028432908184915
72.602444124494,0.8027834991674082
72.61205525027167,0.8027236562576023
72.62166637604932,0.8026638696232113
72.63127750182699,0.8026040513604589
72.64088862760467,0.8025442966742752
72.65049975338233,0.802484501056881
72.66011087915999,0.8024246573422436
72.66972200493767,0.8023647916853209
72.67933313071534,0.8023046809665413
72.688944256493,0.8022445641773278
72.69855538227067,0.8021843178886338
72.70816650804832,0.8021241443135755
72.71777763382599,0.8020638835252936
72.72738875960367,0.8020037493676907
72.73699988538134,0.8019435176403987
72.74661101115899,0.8018831516630122
72.75622213693666,0.8018227326473892
72.76583326271434,0.8017623273436091
72.775444388492,0.8017018672952134
72.78505551426966,0.801641437426275
72.79466664004732,0.8015809524384521
72.80427776582499,0.8015204834744536
72.81388889160266,0.8014599979086413
72.82350001738034,0.801399424172433
72.83311114315799,0.8013387495233892
72.84272226893566,0.8012780270203284
72.85233339471333,0.8012172020764906
72.86194452049101,0.801156406612396
72.87155564626866,0.8010954923092648
72.88116677204633,0.8010345397345086
72.890777897824,0.8009734552604528
72.90038902360166,0.8009123903022658
72.91000014937934,0.8008511862105488
72.919611275157,0.8007899058062391
72.92922240093466,0.8007285921694557
72.93883352671232,0.8006671368854195
72.94844465249001,0.8006057989507852
72.95805577826766,0.8005443324535221
72.96766690404533,0.8004827561680025
72.977278029823,0.8004211776454886
72.98688915560066,0.800359553964796
72.99650028137833,0.800297898088258
73.006111407156,0.8002361627765894
73.01572253293367,0.8001742721095626
73.02533365871132,0.8001122581456318
73.03494478448901,0.8000502553932347
73.04455591026667,0.7999882386875334
73.05416703604433,0.7999261049827869
73.06377816182199,0.7998639979622338
73.07338928759967,0.7998016886361071
73.08300041337733,0.7997393263293714
73.09261153915499,0.7996768957614875
73.10222266493267,0.7996146306536979
73.11183379071032,0.799552308244376
73.12144491648799,0.7994900718864006
73.13105604226567,0.7994278154000964
73.14066716804334,0.7993654480374431
73.15027829382099,0.799302959063873
73.15988941959867,0.7992403053548663
73.16950054537634,0.7991777085908532
73.17911167115399,0.7991151676742434
73.18872279693167,0.7990524365401661
73.19833392270932,0.7989895783536389
73.20794504848699,0.7989267902408453
73.21755617426467,0.798863925876862
73.22716730004234,0.7988011293817657
73.23677842581999,0.7987382686784752
73.24638955159766,0.7986751941293037
73.25600067737533,0.798612209017025
73.26561180315299,0.7985492478641437
73.27522292893066,0.7984862185351127
73.28483405470833,0.798423011256039
73.294445180486,0.7983597232886687
73.30405630626366,0.7982962910531181
73.31366743204134,0.7982328935798331
73.323278557819,0.7981693724627135
73.33288968359666,0.7981058727545183
73.34250080937433,0.7980423645578821
73.352111935152,0.7979787559703533
73.36172306092966,0.7979150479018028
73.37133418670733,0.7978512704981227
73.380945312485,0.7977873430842904
73.39055643826265,0.7977233712985097
73.40016756404034,0.7976592445941203
73.409778689818,0.7975950847057862
73.41938981559566,0.7975308682419583
73.42900094137332,0.7974666851983925
73.438612067151,0.7974023469871075
73.44822319292867,0.7973379725666601
73.45783431870633,0.7972733763222097
73.467445444484,0.7972087705432006
73.47705657026165,0.7971441561341174
73.48666769603933,0.7970794922407753
73.496278821817,0.7970147909980367
73.50588994759467,0.7969500177309695
73.51550107337232,0.7968851115295683
73.52511219915,0.7968201735489705
73.53472332492767,0.7967549659397095
73.54433445070534,0.7966899052342142
73.55394557648299,0.7966248357077997
73.56355670226066,0.7965596307728928
73.57316782803834,0.7964942157433276
73.58277895381599,0.7964289462756866
73.59239007959367,0.7963636732565993
73.60200120537132,0.7962982038656247
73.61161233114899,0.7962327488941956
73.62122345692667,0.7961672938081243
73.63083458270434,0.7961018104116366
73.64044570848199,0.7960358480229034
73.65005683425966,0.7959698891716068
73.65966796003732,0.7959038786347439
73.66927908581499,0.7958378923628981
73.67889021159267,0.795771880750269
73.68850133737033,0.7957058568430121
73.698112463148,0.7956398782479029
73.70772358892567,0.7955737015696642
73.71733471470334,0.7955074646512895
73.726945840481,0.7954411555187618
73.73655696625866,0.7953748210446401
73.74616809203633,0.7953083383389717
73.755779217814,0.795241769396259
73.76539034359166,0.7951751570919406
73.77500146936933,0.7951083461814726
73.784612595147,0.7950416113767659
73.79422372092466,0.7949748432368062
73.80383484670234,0.7949080684058121
73.81344597248,0.794841161842871
73.82305709825766,0.7947740969908631
73.83266822403533,0.7947070030894646
73.842279349813,0.794640009189467
73.85189047559066,0.7945728940545398
73.86150160136833,0.7945057018180148
73.871112727146,0.794438441889448
73.88072385292365,0.7943710810199086
73.89033497870135,0.794303765153186
73.899946104479,0.7942363630609645
73.90955723025667,0.7941688500505274
73.91916835603432,0.7941013859123881
73.928779481812,0.7940338452304533
73.93839060758967,0.7939662984936918
73.94800173336732,0.7938986576188922
73.957612859145,0.7938309123128311
73.96722398492265,0.793763102647194
73.97683511070034,0.7936952043482559
73.986446236478,0.7936273241745204
73.99605736225567,0.7935594681997064
74.00566848803332,0.7934915837846005
74.01527961381099,0.7934237768142428
74.02489073958867,0.7933558865592997
74.03450186536632,0.7932878200219345
74.044112991144,0.7932196158063165
74.05372411692166,0.7931511941981787
74.06333524269934,0.7930827476896845
74.072946368477,0.793014238956929
74.08255749425467,0.7929456365777706
74.09216862003233,0.7928769222119307
74.10177974580999,0.7928081000306956
74.11139087158767,0.7927393784108263
74.12100199736533,0.7926705420326023
74.130613123143,0.7926016087609292
74.14022424892066,0.7925327120759846
74.14983537469833,0.792463578067121
74.159446500476,0.7923944161556634
74.16905762625368,0.7923252368076864
74.17866875203133,0.7922559359276963
74.188279877809,0.7921864600485518
74.19789100358668,0.7921169188785632
74.20750212936433,0.7920472841704266
74.217113255142,0.7919775338043051
74.22672438091965,0.7919077829534773
74.23633550669733,0.7918381911242675
74.245946632475,0.7917683790346655
74.25555775825266,0.7916984948590026
74.26516888403033,0.7916285840405869
74.274780009808,0.7915586483465418
74.28439113558565,0.7914886932800534
74.29400226136333,0.7914187217650739
74.303613387141,0.7913486196947936
74.31322451291865,0.7912785125155056
74.32283563869633,0.7912082812690796
74.332446764474,0.7911380751285786
74.34205789025167,0.7910676797892605
74.35166901602933,0.7909971160449508
74.361280141807,0.7909265149403132
74.37089126758465,0.7908558657597463
74.38050239336233,0.7907850969648045
74.39011351914,0.7907142116407971
74.39972464491765,0.790643329663395
74.40933577069532,0.7905724670318607
74.41894689647299,0.7905015662670206
74.42855802225067,0.7904305941256293
74.43816914802832,0.790359423042952
74.447780273806,0.7902881271428305
74.45739139958366,0.7902168592054798
74.46700252536134,0.7901452975621212
74.476613651139,0.7900735896022766
74.48622477691666,0.7900018067853888
74.49583590269432,0.789929880235068
74.50544702847199,0.7898578498616874
74.51505815424967,0.7897858222967613
74.52466928002733,0.7897137757785535
74.534280405805,0.7896418059139726
74.54389153158266,0.7895698274399191
74.55350265736033,0.7894977855533546
74.56311378313801,0.7894255548081754
74.57272490891566,0.7893532902183865
74.58233603469333,0.7892809958421263
74.59194716047098,0.78920863291618
74.60155828624868,0.7891361236205257
74.61116941202633,0.7890636757069909
74.620780537804,0.7889910901110562
74.63039166358166,0.7889185160147715
74.64000278935933,0.7888458674286182
74.649613915137,0.7887730052979349
74.65922504091466,0.7887001058458282
74.66883616669233,0.7886271881209425
74.67844729246998,0.7885540829334441
74.68805841824766,0.7884809348388673
74.69766954402533,0.7884076583113945
74.707280669803,0.7883343254033653
74.71689179558065,0.7882609010977708
74.72650292135833,0.7881873736066632
74.736114047136,0.7881138248111977
74.74572517291367,0.7880402372121377
74.75533629869133,0.7879665100674761
74.764947424469,0.7878926938375097
74.77455855024665,0.7878187382654638
74.78416967602433,0.7877447807958705
74.793780801802,0.7876708262770031
74.80339192757965,0.7875968133615361
74.81300305335733,0.7875228104401205
74.822614179135,0.7874487384970159
74.83222530491267,0.7873744785996084
74.84183643069034,0.7873003166380994
74.851447556468,0.7872260462801273
74.86105868224566,0.7871515048267812
74.87066980802334,0.7870768516487319
74.880280933801,0.7870021733172036
74.88989205957866,0.7869273946166578
74.89950318535632,0.7868525032052656
74.90911431113399,0.786777574726375
74.91872543691167,0.7867027166489584
74.92833656268932,0.7866276619381888
74.937947688467,0.7865525510197956
74.94755881424466,0.7864774276510159
74.95716994002233,0.7864021863675608
74.9667810658,0.7863268300684073
74.97639219157766,0.7862515060479892
74.98600331735533,0.786176058023936
74.995614443133,0.7861004299091283
75.00522556891067,0.7860247208443217
75.01483669468833,0.7859489780048744
75.02444782046601,0.7858732148515162
75.03405894624366,0.7857972620826286
75.04367007202133,0.7857211105034457
75.05328119779901,0.785644898788257
75.06289232357666,0.7855686687861586
75.07250344935433,0.7854922523783477
75.08211457513198,0.7854157610078931
75.09172570090968,0.7853392756107066
75.10133682668733,0.785262718489746
75.110947952465,0.7851860495248308
75.12055907824266,0.7851092385663929
75.13017020402033,0.7850323241986135
75.139781329798,0.7849552774016623
75.14939245557566,0.7848781243165537
75.15900358135333,0.7848010073644751
75.16861470713098,0.7847237934688007
75.17822583290867,0.7846464951569938
75.18783695868633,0.7845690887252096
75.197448084464,0.7844917013689426
75.20705921024167,0.7844141504291681
75.21667033601933,0.7843362730205127
75.226281461797,0.7842583393488378
75.23589258757467,0.784180322243153
75.24550371335233,0.7841022161460484
75.25511483912999,0.7840239912025342
75.26472596490765,0.7839456933506714
75.27433709068534,0.7838671870627844
75.283948216463,0.7837887264789231
75.29355934224066,0.7837100993328605
75.30317046801834,0.7836314926463207
75.31278159379599,0.7835527734908669
75.32239271957366,0.7834739307969482
75.33200384535134,0.7833949579471186
75.34161497112899,0.7833158580294238
75.35122609690666,0.7832365892059848
75.36083722268434,0.7831573819547495
75.370448348462,0.7830780737990066
75.38005947423966,0.7829986943020893
75.38967060001733,0.7829192989669748
75.39928172579499,0.7828397923601528
75.40889285157266,0.7827602068035436
75.41850397735033,0.7826804255075149
75.428115103128,0.7826005366638212
75.43772622890566,0.7825205071932995
75.44733735468331,0.7824404509996422
75.45694848046101,0.7823602185111302
75.46655960623866,0.7822798683773577
75.47617073201633,0.7821994030457503
75.485781857794,0.7821189653525134
75.49539298357166,0.7820383554975923
75.50500410934933,0.7819577478090938
75.514615235127,0.7818770346564357
75.52422636090466,0.7817961569419841
75.53383748668232,0.7817151812848844
75.54344861246001,0.7816341142027461
75.55305973823766,0.7815529406697566
75.56267086401533,0.7814717521614285
75.57228198979298,0.781390394118714
75.58189311557067,0.7813090224234995
75.59150424134833,0.7812276112400887
75.601115367126,0.7811461259470762
75.61072649290367,0.7810646882082217
75.62033761868132,0.7809830243735654
75.629948744459,0.7809012014760285
75.63955987023667,0.7808191396903627
75.64917099601433,0.7807370174445651
75.65878212179199,0.7806548304075538
75.66839324756967,0.780572490775914
75.67800437334733,0.7804899325639201
75.687615499125,0.7804070684418863
75.69722662490267,0.7803243973150397
75.70683775068032,0.780241721373859
75.716448876458,0.7801590058051767
75.72606000223567,0.7800761103085283
75.73567112801334,0.7799930312286752
75.74528225379099,0.7799097477854935
75.75489337956866,0.7798263810114016
75.76450450534634,0.7797429580113644
75.774115631124,0.77965937200287
75.78372675690166,0.7795756219181024
75.79333788267932,0.7794916496427509
75.80294900845699,0.7794075781572122
75.81256013423466,0.7793235803001003
75.82217126001234,0.779239266008342
75.83178238578999,0.7791548516393111
75.84139351156766,0.7790702677688942
75.85100463734534,0.778985733190829
75.86061576312301,0.7789010893546127
75.87022688890066,0.778816153491626
75.87983801467833,0.7787312622904023
75.889449140456,0.7786459690360963
75.89906026623366,0.7785605914768828
75.90867139201133,0.7784750951328098
75.918282517789,0.7783895649541914
75.92789364356666,0.7783040037811341
75.93750476934432,0.7782183514425023
75.94711589512201,0.7781324583077321
75.95672702089966,0.7780465337194349
75.96633814667733,0.7779603800177721
75.975949272455,0.777873962705635
75.98556039823266,0.7777874867845356
75.99517152401033,0.7777008673957617
76.004782649788,0.7776142087714085
76.01439377556567,0.7775274203576086
76.02400490134332,0.7774404949044852
76.03361602712101,0.7773533930990174
76.04322715289867,0.7772662751427221
76.05283827867633,0.7771789976725839
76.06244940445399,0.7770915346914304
76.07206053023167,0.7770039114922851
76.08167165600933,0.7769161975374018
76.09128278178699,0.7768283792517636
76.10089390756467,0.7767404831486587
76.11050503334232,0.7766524328901442
76.12011615912,0.7765640754270898
76.12972728489767,0.776475556055917
76.13933841067534,0.7763868658458356
76.14894953645299,0.7762979516621781
76.15856066223067,0.776208762228665
76.16817178800834,0.776119421324659
76.17778291378599,0.7760298145182362
76.18739403956367,0.7759401048720412
76.19700516534132,0.7758504072283932
76.20661629111899,0.7757606669536113
76.21622741689667,0.7756708328998763
76.22583854267434,0.7755807845718089
76.23544966845199,0.7754905917792467
76.24506079422966,0.7754001751939749
76.25467192000734,0.7753095888938518
76.26428304578499,0.7752189129530033
76.27389417156266,0.7751280051415811
76.28350529734033,0.7750369030327329
76.293116423118,0.7749457353469774
76.30272754889566,0.7748542897781227
76.31233867467334,0.7747628200048682
76.321949800451,0.7746710807723657
76.33156092622866,0.7745790962094732
76.34117205200633,0.7744867918100973
76.350783177784,0.774394325538314
76.36039430356166,0.774301734662532
76.37000542933933,0.7742089888252648
76.379616555117,0.7741160611273379
76.38922768089466,0.7740228093856981
76.39883880667234,0.7739294779317845
76.40844993245,0.7738359029290651
76.41806105822766,0.7737421302417858
76.42767218400532,0.7736482329222888
76.437283309783,0.7735543358200869
76.44689443556067,0.7734601072140824
76.45650556133832,0.7733656825458384
76.466116687116,0.7732711483779299
76.47572781289365,0.7731763731700132
76.48533893867133,0.7730813964187654
76.494950064449,0.7729863413669166
76.50456119022667,0.7728910938759808
76.51417231600432,0.7727956178804224
76.523783441782,0.7726999629844447
76.53339456755967,0.7726041824543401
76.54300569333732,0.7725082534193447
76.55261681911499,0.7724121145925793
76.56222794489265,0.7723157077409774
76.57183907067034,0.7722191464335738
76.58145019644799,0.7721224739169921
76.59106132222567,0.7720255218127531
76.60067244800332,0.7719283669997242
76.61028357378099,0.7718311020876086
76.61989469955867,0.7717335322353303
76.62950582533632,0.7716358146020319
76.63911695111399,0.7715378288490223
76.64872807689166,0.7714396147919644
76.65833920266934,0.7713412823672349
76.66795032844699,0.7712427123414091
76.67756145422467,0.7711440818269537
76.68717258000233,0.7710452675245263
76.69678370577999,0.7709461980042486
76.70639483155767,0.7708470054982258
76.71600595733533,0.7707476212399839
76.725617083113,0.7706480722549551
76.73522820889066,0.7705482420301559
76.74483933466834,0.7704481992222121
76.754450460446,0.7703479505411485
76.76406158622366,0.7702475258354518
76.77367271200133,0.7701467996878553
76.783283837779,0.7700458729880414
76.79289496355666,0.7699448096798192
76.80250608933433,0.7698435402374254
76.812117215112,0.7697421055294923
76.82172834088966,0.7696404802265214
76.83133946666733,0.7695386365635786
76.840950592445,0.7694365235677203
76.85056171822266,0.7693342839043495
76.86017284400033,0.7692317753002361
76.869783969778,0.7691289869235065
76.87939509555567,0.7690259689663321
76.88900622133333,0.7689227170627634
76.898617347111,0.7688193205004765
76.90822847288867,0.7687156064049797
76.91783959866632,0.7686117990325069
76.927450724444,0.7685077411197703
76.93706185022167,0.768403460835211
76.94667297599932,0.7682989623369548
76.956284101777,0.7681941559139833
76.96589522755465,0.7680890937566511
76.97550635333234,0.7679838665107949
76.98511747911,0.7678784758373542
76.99472860488767,0.7677728911771776
77.00433973066532,0.7676671093324962
77.013950856443,0.7675610261301187
77.02356198222067,0.767454745456679
77.03317310799832,0.7673480901278179
77.04278423377599,0.7672412484406512
77.05239535955366,0.7671341803980759
77.06200648533134,0.7670269076702273
77.07161761110899,0.7669194584527647
77.08122873688667,0.7668117562988933
77.09083986266432,0.7667036658541005
77.10045098844199,0.7665953012382022
77.11006211421967,0.7664866294005958
77.11967323999733,0.7663778830537311
77.12928436577499,0.7662688210382805
77.13889549155266,0.766159642695982
77.14850661733034,0.7660500955008733
77.158117743108,0.7659402965815604
77.16772886888567,0.7658303729792753
77.17733999466333,0.7657202389575242
77.186951120441,0.7656097495210075
77.19656224621868,0.7654990500879246
77.20617337199633,0.7653882359659633
77.215784497774,0.7652771820052042
77.22539562355165,0.7651658431573007
77.23500674932933,0.7650541339245492
77.244617875107,0.764942128573744
77.25422900088466,0.7648298712926698
77.26384012666233,0.7647175691888358
77.27345125244,0.764604953176727
77.28306237821766,0.7644922228510305
77.29267350399533,0.7643792773545388
77.302284629773,0.7642660516198995
77.31189575555065,0.7641525358303353
77.32150688132833,0.7640386728218299
77.331118007106,0.7639246135384293
77.34072913288367,0.763810333783335
77.35034025866133,0.7636956745278998
77.359951384439,0.7635807803960964
77.36956251021665,0.7634656280290856
77.37917363599433,0.7633502074627818
77.388784761772,0.7632344282261726
77.39839588754965,0.7631183936810949
77.40800701332732,0.7630022556222372
77.417618139105,0.7628857414403637
77.42722926488267,0.7627688868243506
77.43684039066032,0.7626516796473937
77.446451516438,0.7625343745859756
77.45606264221566,0.7624168368151749
77.46567376799334,0.7622989913910347
77.475284893771,0.7621808951488673
77.48489601954866,0.7620624145221444
77.49450714532632,0.761943686901334
77.50411827110399,0.761824864724972
